time,open,high,low,close,volume
2023-01-01 00:00:00,45000.0,45090.0,44910.0,45000.0,5411
2023-01-01 01:00:00,45180.46,45868.71,44789.61,44948.83,11439
2023-01-01 02:00:00,45096.48,45510.05,45096.48,45186.86,9151
2023-01-01 03:00:00,45185.89,46454.55,45016.59,45749.21,13651
2023-01-01 04:00:00,45677.22,46343.97,45570.45,45661.78,13108
2023-01-01 05:00:00,45646.31,45666.6,45484.3,45575.45,6349
2023-01-01 06:00:00,46050.31,46256.96,46050.31,46164.63,18280
2023-01-01 07:00:00,46337.88,46548.16,46337.88,46455.25,8735
2023-01-01 08:00:00,46564.33,47353.0,45509.07,46278.97,11595
2023-01-01 09:00:00,46393.2,46612.15,46393.2,46486.18,16600
2023-01-01 10:00:00,46936.74,47522.08,46200.62,46313.38,9460
2023-01-01 11:00:00,46228.35,46500.69,46048.28,46140.56,6669
2023-01-01 12:00:00,46143.38,46328.32,46143.38,46235.85,9552
2023-01-01 13:00:00,45609.7,45609.7,45427.62,45518.66,8715
2023-01-01 14:00:00,45179.05,45179.05,44175.34,44883.08,15728
2023-01-01 15:00:00,44921.65,45046.97,44619.24,44683.29,9134
2023-01-01 16:00:00,44720.99,45515.73,43756.19,44321.1,10813
2023-01-01 17:00:00,44354.44,45114.65,44354.44,44443.33,11020
2023-01-01 18:00:00,44160.85,44428.85,42787.13,44122.53,8376
2023-01-01 19:00:00,43709.98,43709.98,42864.08,43622.74,10106
2023-01-01 20:00:00,43614.96,44173.64,43356.88,44154.93,4829
2023-01-01 21:00:00,44130.24,44130.24,43985.36,44084.19,6287
2023-01-01 22:00:00,43940.92,44370.44,43435.34,44119.06,12654
2023-01-01 23:00:00,43974.86,44801.22,43512.22,43616.19,11013
2023-01-02 00:00:00,44053.25,44053.25,43346.66,43433.53,8636
2023-01-02 01:00:00,43691.72,43746.9,43397.86,43484.83,5702
2023-01-02 02:00:00,43215.86,43215.86,43002.16,43088.33,12533
2023-01-02 03:00:00,43320.06,43320.06,42580.32,43233.59,12567
2023-01-02 04:00:00,43120.68,43120.68,42800.59,43034.61,11889
2023-01-02 05:00:00,42750.08,43030.63,42499.39,42944.74,13971
2023-01-02 06:00:00,42832.1,42832.1,42661.12,42746.61,10788
2023-01-02 07:00:00,43377.26,43477.85,43377.26,43406.47,14582
2023-01-02 08:00:00,43588.4,43707.05,43001.0,43414.87,14752
2023-01-02 09:00:00,43139.07,43139.07,42966.86,43052.96,10995
2023-01-02 10:00:00,43217.28,44008.73,42929.92,43354.96,9073
2023-01-02 11:00:00,43021.45,43021.45,42292.7,42935.58,7605
2023-01-02 12:00:00,43164.58,43982.91,42936.56,43022.6,10552
2023-01-02 13:00:00,42606.95,42606.95,41615.19,42348.86,11546
2023-01-02 14:00:00,42246.22,42316.51,41821.71,41905.52,10016
2023-01-02 15:00:00,41874.07,42279.61,41391.74,41989.04,11752
2023-01-02 16:00:00,42173.68,42342.72,42173.68,42258.2,14145
2023-01-02 17:00:00,42101.94,42796.61,41917.75,42333.72,5504
2023-01-02 18:00:00,42324.23,42395.35,42226.1,42310.72,14197
2023-01-02 19:00:00,42189.29,42308.66,42139.76,42224.21,7516
2023-01-02 20:00:00,41803.08,41803.08,41273.34,41731.54,9548
2023-01-02 21:00:00,41681.08,41681.08,41420.55,41503.56,14726
2023-01-02 22:00:00,41299.54,41846.88,41282.48,41365.21,10543
2023-01-02 23:00:00,41657.13,42164.76,41657.13,41740.61,14653
2023-01-03 00:00:00,41812.3,41960.32,41586.91,41876.57,14275
2023-01-03 01:00:00,41344.86,41344.86,41128.21,41292.94,7178
2023-01-03 02:00:00,40976.05,42345.41,40860.9,41422.16,10576
2023-01-03 03:00:00,41546.6,42278.12,41229.56,41312.18,10410
2023-01-03 04:00:00,40938.82,41152.94,40219.44,41104.79,10821
2023-01-03 05:00:00,41248.92,42106.57,41248.92,41331.58,16243
2023-01-03 06:00:00,41514.81,41990.91,41514.81,41701.29,18754
2023-01-03 07:00:00,41505.93,42432.0,41438.1,42040.25,15500
2023-01-03 08:00:00,41690.75,41857.84,41690.75,41774.29,15476
2023-01-03 09:00:00,41744.98,42060.26,41625.85,41691.6,17746
2023-01-03 10:00:00,41404.94,42308.0,41248.79,41827.62,11084
2023-01-03 11:00:00,41818.35,42310.52,41288.58,42184.51,8786
2023-01-03 12:00:00,42174.79,42174.79,41959.88,42043.97,13338
2023-01-03 13:00:00,42054.58,42089.26,41921.24,42005.25,6744
2023-01-03 14:00:00,41974.91,41974.91,41567.61,41650.91,6437
2023-01-03 15:00:00,41408.85,41408.85,40545.16,41270.05,11901
2023-01-03 16:00:00,41279.77,41609.13,41279.77,41569.67,10376
2023-01-03 17:00:00,41759.01,42139.75,41229.12,42055.64,9224
2023-01-03 18:00:00,42109.81,42267.36,41972.77,42056.89,7075
2023-01-03 19:00:00,42123.45,42512.89,42001.02,42428.03,8328
2023-01-03 20:00:00,42494.4,42664.72,42494.4,42579.56,8053
2023-01-03 21:00:00,42459.32,43473.39,42231.85,42381.67,14329
2023-01-03 22:00:00,42414.29,42689.08,42227.91,42533.29,8323
2023-01-03 23:00:00,42906.05,43180.26,42906.05,43094.07,10251
2023-01-04 00:00:00,43288.5,43421.36,43022.48,43108.7,9037
2023-01-04 01:00:00,43599.94,44080.19,43599.94,43687.32,8747
2023-01-04 02:00:00,42866.46,42866.46,42695.34,42780.9,9320
2023-01-04 03:00:00,42630.8,43182.65,42276.04,43096.46,14654
2023-01-04 04:00:00,43222.19,43641.04,42738.91,43155.23,13152
2023-01-04 05:00:00,43119.34,43125.16,42234.09,43078.98,9756
2023-01-04 06:00:00,43127.19,43227.27,43054.71,43140.99,11446
2023-01-04 07:00:00,42740.22,42740.22,42385.71,42470.66,10959
2023-01-04 08:00:00,42509.93,42509.93,42000.24,42425.08,5470
2023-01-04 09:00:00,42297.8,43155.45,42134.92,42579.73,11176
2023-01-04 10:00:00,42573.01,43210.92,42573.01,43124.67,9963
2023-01-04 11:00:00,43059.69,43059.69,42887.8,42973.75,5506
2023-01-04 12:00:00,43067.08,43128.92,42636.25,42721.7,8537
2023-01-04 13:00:00,42581.59,42581.59,42068.51,42578.57,6958
2023-01-04 14:00:00,42544.49,42998.8,42026.19,42929.15,7186
2023-01-04 15:00:00,42979.04,43312.92,42596.35,43076.79,13990
2023-01-04 16:00:00,42933.05,43870.95,41492.58,42923.48,9141
2023-01-04 17:00:00,42754.86,43505.28,42153.86,43137.58,10864
2023-01-04 18:00:00,43214.14,43379.62,43119.58,43205.99,11079
2023-01-04 19:00:00,43479.95,43813.57,43479.95,43581.54,5167
2023-01-04 20:00:00,43393.42,44298.72,42087.73,43364.99,9372
2023-01-04 21:00:00,43360.11,43761.77,41597.01,43282.57,12796
2023-01-04 22:00:00,43230.49,43822.52,42686.85,43177.7,8363
2023-01-04 23:00:00,42781.29,42781.29,42039.16,42695.9,11505
2023-01-05 00:00:00,42748.12,43029.94,42748.12,42833.78,12476
2023-01-05 01:00:00,42687.41,43540.99,41932.63,42959.38,9626
2023-01-05 02:00:00,43112.32,43112.32,42520.32,42995.04,18358
2023-01-05 03:00:00,43141.13,43171.8,42861.65,42947.02,5842
2023-01-05 04:00:00,42627.44,42627.44,42400.5,42485.47,7036
2023-01-05 05:00:00,42331.05,42407.19,42216.57,42374.55,18850
2023-01-05 06:00:00,42358.68,42375.22,41578.3,42290.63,13236
2023-01-05 07:00:00,42143.21,42183.76,41964.73,42048.83,15800
2023-01-05 08:00:00,42110.25,42438.98,41945.53,42029.59,12930
2023-01-05 09:00:00,42255.96,42289.26,41829.36,42204.85,16063
2023-01-05 10:00:00,42891.28,42977.2,42891.28,42891.42,8113
2023-01-05 11:00:00,42968.91,43265.37,42903.48,42989.46,9107
2023-01-05 12:00:00,43060.32,43512.26,42800.92,43116.52,15302
2023-01-05 13:00:00,43041.52,43214.03,43041.52,43127.78,14600
2023-01-05 14:00:00,42574.95,42574.95,41741.63,42489.97,11265
2023-01-05 15:00:00,42458.1,42603.31,41751.41,42518.27,7017
2023-01-05 16:00:00,42508.25,42662.06,42508.25,42576.91,11456
2023-01-05 17:00:00,43263.6,44379.27,43263.6,43471.51,18760
2023-01-05 18:00:00,43528.55,43528.55,43354.78,43441.66,13050
2023-01-05 19:00:00,43500.13,44393.71,43500.13,43587.3,14026
2023-01-05 20:00:00,43595.06,44337.17,43526.22,43613.45,8083
2023-01-05 21:00:00,43465.38,43465.38,43149.91,43236.38,9022
2023-01-05 22:00:00,43406.73,43975.38,42862.01,43679.04,8153
2023-01-05 23:00:00,43859.24,44532.25,43247.21,43985.81,11172
2023-01-06 00:00:00,44220.06,44397.3,44220.06,44308.68,12647
2023-01-06 01:00:00,44107.27,44107.27,42978.06,44019.23,8876
2023-01-06 02:00:00,44474.06,45428.53,44474.06,44563.19,16587
2023-01-06 03:00:00,44182.17,44182.17,43861.97,44093.98,8257
2023-01-06 04:00:00,44205.83,44435.42,44205.83,44346.72,10055
2023-01-06 05:00:00,44770.12,46464.51,44770.12,45181.83,13729
2023-01-06 06:00:00,45116.33,45144.1,44768.93,44858.64,9594
2023-01-06 07:00:00,44604.44,44783.21,44604.44,44693.82,13516
2023-01-06 08:00:00,44683.5,44862.59,44683.5,44773.05,6979
2023-01-06 09:00:00,44694.59,45076.24,44542.82,44632.08,12500
2023-01-06 10:00:00,44198.92,44198.92,43279.34,44110.7,9444
2023-01-06 11:00:00,43947.77,44267.41,43676.02,44179.06,9764
2023-01-06 12:00:00,43927.09,43927.09,43802.03,43839.42,15186
2023-01-06 13:00:00,44043.74,44408.95,43964.26,44052.36,8907
2023-01-06 14:00:00,43853.89,43853.89,43678.82,43766.35,10530
2023-01-06 15:00:00,43914.58,44454.23,43904.0,44365.5,14126
2023-01-06 16:00:00,44466.48,44675.03,44039.33,44127.59,10798
2023-01-06 17:00:00,44061.62,44096.7,43969.14,44057.25,11179
2023-01-06 18:00:00,44015.63,44485.03,43911.8,44396.24,8196
2023-01-06 19:00:00,44413.86,44549.96,43153.04,43996.74,10894
2023-01-06 20:00:00,44041.74,44213.81,43759.66,44125.56,11480
2023-01-06 21:00:00,44554.27,44668.04,44554.27,44643.56,10141
2023-01-06 22:00:00,44370.66,44370.66,44016.94,44105.16,8899
2023-01-06 23:00:00,44307.76,44307.76,43910.39,44219.32,11993
2023-01-07 00:00:00,44285.26,44449.59,43908.15,44360.87,7683
2023-01-07 01:00:00,44603.09,44781.86,44603.09,44692.48,13449
2023-01-07 02:00:00,44533.38,45089.28,43766.56,44289.25,9457
2023-01-07 03:00:00,43948.19,43948.19,43792.59,43860.47,11253
2023-01-07 04:00:00,44008.53,44968.22,44008.53,44096.72,5599
2023-01-07 05:00:00,44164.5,44621.21,44164.5,44253.01,12420
2023-01-07 06:00:00,44394.82,44441.18,43807.02,44392.89,16705
2023-01-07 07:00:00,44235.91,45116.45,44235.91,44568.14,10835
2023-01-07 08:00:00,44516.37,44968.9,44031.67,44370.87,23698
2023-01-07 09:00:00,44416.46,45215.06,44416.46,44505.47,8169
2023-01-07 10:00:00,44790.38,44837.03,43992.46,44663.02,15483
2023-01-07 11:00:00,44543.65,44543.65,44365.83,44454.74,21962
2023-01-07 12:00:00,45093.93,45398.31,45093.93,45184.3,14818
2023-01-07 13:00:00,45277.23,45825.73,45198.03,45411.18,7943
2023-01-07 14:00:00,45087.69,45239.58,44287.93,45022.32,10226
2023-01-07 15:00:00,45226.96,46139.98,45226.96,45317.59,17058
2023-01-07 16:00:00,44922.04,45101.5,43840.55,45011.47,7086
2023-01-07 17:00:00,45094.47,45935.62,44873.53,45355.1,16860
2023-01-07 18:00:00,45747.22,45930.58,45747.22,45838.9,7801
2023-01-07 19:00:00,45768.53,46464.01,45292.3,45586.45,19216
2023-01-07 20:00:00,45908.36,46426.93,45908.36,46000.36,8309
2023-01-07 21:00:00,45900.15,47042.26,45793.63,46210.57,9528
2023-01-07 22:00:00,46483.05,46669.35,46483.05,46576.2,8716
2023-01-07 23:00:00,47054.55,47878.31,47054.55,47352.97,10468
2023-01-08 00:00:00,47284.17,47719.18,47219.47,47314.1,12934
2023-01-08 01:00:00,47036.27,47094.73,46567.86,47079.13,13491
2023-01-08 02:00:00,46941.2,46941.2,46771.89,46793.86,8801
2023-01-08 03:00:00,46632.26,46632.26,46438.53,46539.18,9333
2023-01-08 04:00:00,46747.68,47530.0,45037.8,46566.77,12924
2023-01-08 05:00:00,46805.92,47150.6,44742.2,46754.06,7390
2023-01-08 06:00:00,46830.26,47011.51,46680.87,46917.67,12227
2023-01-08 07:00:00,47197.91,47941.07,47197.91,47292.49,11442
2023-01-08 08:00:00,47451.69,47451.69,46788.11,47356.98,12983
2023-01-08 09:00:00,47539.0,48539.78,47539.0,47979.11,7385
2023-01-08 10:00:00,48302.33,48699.52,47642.11,47935.98,6575
2023-01-08 11:00:00,48702.27,50247.65,48702.27,49062.27,10993
2023-01-08 12:00:00,49185.07,49474.81,49185.07,49376.06,8260
2023-01-08 13:00:00,49224.33,49528.16,48415.62,49094.04,6711
2023-01-08 14:00:00,48826.31,48826.31,48631.39,48728.85,8109
2023-01-08 15:00:00,49163.15,49245.68,48619.82,48984.73,9696
2023-01-08 16:00:00,49165.89,49303.49,48861.75,48959.67,10949
2023-01-08 17:00:00,49211.09,49362.3,49211.09,49309.71,8846
2023-01-08 18:00:00,49471.77,49664.57,48389.67,49565.44,4990
2023-01-08 19:00:00,49747.2,49747.2,49331.06,49601.8,5856
2023-01-08 20:00:00,49424.03,49424.03,49096.85,49325.38,8564
2023-01-08 21:00:00,48881.22,48881.22,47898.61,48782.29,5033
2023-01-08 22:00:00,48802.06,48802.06,48174.44,48671.1,17158
2023-01-08 23:00:00,48979.85,49176.16,48979.85,49078.0,7558
2023-01-09 00:00:00,49132.16,50409.74,49132.16,49230.63,12412
2023-01-09 01:00:00,48969.42,49103.99,48610.1,48797.02,9382
2023-01-09 02:00:00,48973.15,49446.75,48715.07,48933.96,11264
2023-01-09 03:00:00,48903.2,49254.05,48230.13,49155.74,8765
2023-01-09 04:00:00,49034.74,49212.95,48301.37,48869.12,13946
2023-01-09 05:00:00,48872.57,49233.5,48439.17,48999.36,15319
2023-01-09 06:00:00,48993.68,49412.21,48993.68,49091.86,13742
2023-01-09 07:00:00,48859.78,50204.51,48094.92,48703.6,10709
2023-01-09 08:00:00,48715.56,49576.62,48715.56,48915.96,9878
2023-01-09 09:00:00,49034.77,49711.44,48822.63,49210.62,14436
2023-01-09 10:00:00,49551.06,50009.36,49551.06,49716.88,7864
2023-01-09 11:00:00,49905.38,50317.1,49905.38,50216.67,8103
2023-01-09 12:00:00,50145.62,50965.0,49624.17,49723.62,10711
2023-01-09 13:00:00,49451.62,49451.62,49315.93,49414.76,5889
2023-01-09 14:00:00,49762.3,50127.85,48766.51,49694.9,11489
2023-01-09 15:00:00,49681.84,50076.45,49681.84,49976.49,12053
2023-01-09 16:00:00,50344.07,51040.24,49417.74,50261.05,16321
2023-01-09 17:00:00,51806.45,52020.68,51806.45,51916.85,14629
2023-01-09 18:00:00,52339.78,52339.78,52130.84,52235.31,10423
2023-01-09 19:00:00,52747.13,52901.88,52747.13,52796.28,8583
2023-01-09 20:00:00,52655.73,53727.74,52323.54,53285.5,13304
2023-01-09 21:00:00,53540.59,53755.18,53540.59,53647.89,6008
2023-01-09 22:00:00,53696.01,53696.01,53481.66,53588.83,10275
2023-01-09 23:00:00,53892.56,54002.8,53892.56,54000.56,10531
2023-01-10 00:00:00,53847.48,53847.48,53632.04,53740.0,7934
2023-01-10 01:00:00,53984.51,53984.51,53658.03,53716.98,6330
2023-01-10 02:00:00,53697.16,53697.16,52935.68,53585.31,12668
2023-01-10 03:00:00,53775.1,54190.98,53087.9,53702.58,6361
2023-01-10 04:00:00,53796.76,54909.78,53796.76,54800.18,13387
2023-01-10 05:00:00,54156.21,54156.21,53940.02,54048.12,6310
2023-01-10 06:00:00,54326.17,54664.29,54326.17,54435.05,14045
2023-01-10 07:00:00,53910.41,53910.41,53374.1,53802.8,16908
2023-01-10 08:00:00,53702.17,54254.06,53573.79,53681.15,8061
2023-01-10 09:00:00,54135.66,54313.91,54135.66,54244.14,10484
2023-01-10 10:00:00,54221.34,54584.8,54221.34,54358.65,9718
2023-01-10 11:00:00,54012.94,54012.94,53800.87,53967.68,17029
2023-01-10 12:00:00,53789.58,53847.38,53325.89,53739.9,10626
2023-01-10 13:00:00,54120.09,54234.97,54120.09,54126.72,4690
2023-01-10 14:00:00,54226.4,54373.4,53434.38,53893.67,7876
2023-01-10 15:00:00,54016.19,55017.46,53970.76,54078.91,12760
2023-01-10 16:00:00,54241.68,54296.96,53623.1,54188.58,7981
2023-01-10 17:00:00,54297.37,55088.9,53618.7,53990.32,19302
2023-01-10 18:00:00,54906.22,55135.94,54906.22,55025.89,13447
2023-01-10 19:00:00,54974.57,55513.53,54892.97,55402.72,16040
2023-01-10 20:00:00,54689.31,54689.31,54467.58,54580.15,12480
2023-01-10 21:00:00,54368.64,55022.93,53932.86,54756.47,5686
2023-01-10 22:00:00,54663.9,54663.9,54445.68,54554.79,12406
2023-01-10 23:00:00,54780.83,55560.81,54780.83,55029.47,11144
2023-01-11 00:00:00,55325.09,56119.9,54540.63,54769.64,13650
2023-01-11 01:00:00,54973.21,55463.4,53327.62,54815.19,9763
2023-01-11 02:00:00,54813.97,55247.75,53990.9,55137.48,10399
2023-01-11 03:00:00,55244.8,55735.31,54473.79,55624.06,13434
2023-01-11 04:00:00,55467.33,55467.33,55065.46,55175.81,10096
2023-01-11 05:00:00,55232.37,55232.37,53924.71,55122.13,14181
2023-01-11 06:00:00,55100.07,55116.36,54944.14,55006.35,9289
2023-01-11 07:00:00,54921.09,54921.09,54701.84,54811.47,11395
2023-01-11 08:00:00,55428.89,55787.63,55428.89,55701.08,11773
2023-01-11 09:00:00,55793.87,56202.74,55793.87,55985.95,8838
2023-01-11 10:00:00,55893.81,56223.93,54626.97,55510.16,12424
2023-01-11 11:00:00,55524.16,56137.6,54799.93,56025.55,6282
2023-01-11 12:00:00,56982.34,57210.73,56982.34,57096.53,14852
2023-01-11 13:00:00,57440.92,57794.34,57440.92,57678.98,7184
2023-01-11 14:00:00,57307.7,57942.49,56950.64,57064.77,10096
2023-01-11 15:00:00,56726.97,57374.21,56365.68,56939.67,11075
2023-01-11 16:00:00,57297.08,59331.27,57188.69,57629.2,8210
2023-01-11 17:00:00,57627.26,57718.09,57282.64,57397.44,9327
2023-01-11 18:00:00,57591.99,58383.37,57591.99,57707.41,8651
2023-01-11 19:00:00,58058.77,58217.18,58058.77,58175.12,8450
2023-01-11 20:00:00,57954.87,57954.87,56398.37,57839.19,12291
2023-01-11 21:00:00,57731.01,58030.99,57731.01,57915.16,10572
2023-01-11 22:00:00,56983.4,56983.4,55955.33,56487.56,8117
2023-01-11 23:00:00,56470.09,56479.16,56007.66,56119.9,9743
2023-01-12 00:00:00,56081.76,56221.83,55997.39,56109.61,11778
2023-01-12 01:00:00,56065.28,56259.74,55057.16,55643.62,15484
2023-01-12 02:00:00,56378.7,56604.67,56378.7,56491.69,7090
2023-01-12 03:00:00,56059.87,56196.28,55827.76,55939.64,9688
2023-01-12 04:00:00,56025.1,56332.69,55701.0,55845.99,8190
2023-01-12 05:00:00,55745.53,56125.36,55745.53,56013.33,10103
2023-01-12 06:00:00,56290.05,56894.23,56290.05,56780.67,6043
2023-01-12 07:00:00,56238.53,56238.53,56111.97,56224.42,14724
2023-01-12 08:00:00,56285.2,57075.17,56285.2,56867.27,10967
2023-01-12 09:00:00,56848.85,58146.53,56544.69,56981.78,13698
2023-01-12 10:00:00,57004.31,57037.23,55397.19,56635.66,16249
2023-01-12 11:00:00,56723.6,57105.77,54915.39,56960.14,9618
2023-01-12 12:00:00,57182.3,57279.3,55841.57,57164.97,8039
2023-01-12 13:00:00,57017.67,57112.13,56802.76,56998.13,10322
2023-01-12 14:00:00,56881.59,57176.71,56149.98,57144.29,11684
2023-01-12 15:00:00,57278.83,57278.83,56851.52,57078.88,12669
2023-01-12 16:00:00,57129.14,58004.09,56961.0,57246.76,8877
2023-01-12 17:00:00,57422.63,58383.18,57422.63,57672.05,10721
2023-01-12 18:00:00,58417.37,58697.28,58417.37,58534.44,8246
2023-01-12 19:00:00,58466.21,58717.07,57470.47,58059.31,7469
2023-01-12 20:00:00,59067.86,59712.91,59067.86,59186.23,12515
2023-01-12 21:00:00,58477.37,58477.37,57690.53,58360.65,7105
2023-01-12 22:00:00,58522.66,58522.78,58014.95,58405.96,14837
2023-01-12 23:00:00,58686.97,58922.18,58686.97,58804.58,14557
2023-01-13 00:00:00,58821.08,59176.96,57607.06,59058.84,7526
2023-01-13 01:00:00,58978.78,58996.61,58489.39,58878.85,10522
2023-01-13 02:00:00,58972.04,59572.45,58462.16,58898.77,10106
2023-01-13 03:00:00,58880.17,59618.35,58472.74,58782.12,9012
2023-01-13 04:00:00,58574.6,58681.62,57892.9,58619.9,12669
2023-01-13 05:00:00,58857.97,59264.82,58742.59,59146.53,9216
2023-01-13 06:00:00,58897.84,60208.84,58839.5,59439.4,6482
2023-01-13 07:00:00,59617.05,60334.78,58238.54,59224.17,7652
2023-01-13 08:00:00,59660.95,60904.9,59660.95,59780.51,7294
2023-01-13 09:00:00,59966.29,60789.13,59931.74,60051.84,8478
2023-01-13 10:00:00,60477.21,62199.54,60477.21,60573.12,9342
2023-01-13 11:00:00,60886.03,61130.06,60886.03,61008.05,11708
2023-01-13 12:00:00,60541.88,60840.89,60088.9,60719.45,12141
2023-01-13 13:00:00,60344.15,61692.58,59719.21,60566.64,12959
2023-01-13 14:00:00,60938.89,61183.14,60938.89,61061.01,7254
2023-01-13 15:00:00,60888.31,61859.09,60540.77,61491.28,11671
2023-01-13 16:00:00,61502.01,61730.54,61484.11,61607.33,6842
2023-01-13 17:00:00,61755.45,61916.52,61669.35,61792.93,15205
2023-01-13 18:00:00,62440.01,62690.27,62440.01,62565.14,12442
2023-01-13 19:00:00,62536.57,63423.68,61668.3,62392.5,8423
2023-01-13 20:00:00,62676.02,62950.37,62676.02,62801.62,14088
2023-01-13 21:00:00,62955.4,62955.4,62409.5,62829.74,11144
2023-01-13 22:00:00,62567.34,63294.7,61771.1,62850.08,13562
2023-01-13 23:00:00,63092.42,63672.58,62977.46,63545.49,7560
2023-01-14 00:00:00,63947.94,64506.69,63947.94,64107.25,8666
2023-01-14 01:00:00,64231.02,64798.13,63637.95,64668.8,8462
2023-01-14 02:00:00,65122.78,66453.63,65122.78,65495.76,9578
2023-01-14 03:00:00,65514.23,65776.81,65514.23,65645.52,9297
2023-01-14 04:00:00,66082.12,67468.39,66017.16,66149.46,14663
2023-01-14 05:00:00,66252.71,66252.71,65988.23,66120.47,15996
2023-01-14 06:00:00,66300.62,67420.5,66300.62,66433.48,7856
2023-01-14 07:00:00,66634.57,66634.57,64973.53,66501.57,9276
2023-01-14 08:00:00,66789.55,67928.16,65508.88,66694.58,8681
2023-01-14 09:00:00,67025.28,67293.92,67025.28,67159.6,10762
2023-01-14 10:00:00,67080.69,67080.69,66719.19,66852.9,8018
2023-01-14 11:00:00,68002.02,68274.57,68002.02,68138.29,16140
2023-01-14 12:00:00,67920.75,68314.77,67245.31,67722.96,8144
2023-01-14 13:00:00,67332.01,67332.01,67063.22,67197.62,12634
2023-01-14 14:00:00,67844.67,68116.59,67844.67,67980.63,5294
2023-01-14 15:00:00,67760.9,69010.6,67670.21,68568.66,9829
2023-01-14 16:00:00,68831.67,69205.4,68831.67,69067.26,5793
2023-01-14 17:00:00,68804.14,71050.1,68542.46,69572.16,9567
2023-01-14 18:00:00,69647.14,69834.93,69576.98,69716.42,11911
2023-01-14 19:00:00,69793.31,69793.31,69341.32,69356.75,5775
2023-01-14 20:00:00,69552.06,69552.06,69412.89,69551.99,6967
2023-01-14 21:00:00,69881.22,69881.22,68638.32,69321.31,6929
2023-01-14 22:00:00,69232.98,70762.88,68635.03,70027.64,10465
2023-01-14 23:00:00,70213.46,71208.22,68981.75,70098.13,10139
2023-01-15 00:00:00,69738.51,70217.77,69640.44,69780.0,12790
2023-01-15 01:00:00,69873.38,69891.19,69612.18,69751.68,9472
2023-01-15 02:00:00,70103.5,70282.14,70001.58,70141.86,8545
2023-01-15 03:00:00,69834.67,70114.57,69834.67,69974.62,6827
2023-01-15 04:00:00,69600.59,69800.98,69105.38,69661.65,5614
2023-01-15 05:00:00,69818.01,70097.85,69818.01,69957.93,9120
2023-01-15 06:00:00,70053.78,72109.29,70005.06,70257.29,7638
2023-01-15 07:00:00,70193.18,72156.98,69460.13,70126.01,14916
2023-01-15 08:00:00,70047.0,70073.45,69846.28,70016.09,9228
2023-01-15 09:00:00,70168.95,70833.09,70168.95,70309.57,8026
2023-01-15 10:00:00,69779.47,69779.47,68260.27,69640.19,11041
2023-01-15 11:00:00,68976.66,69987.17,68864.97,69002.97,9308
2023-01-15 12:00:00,68887.65,68899.15,68673.94,68761.62,12052
2023-01-15 13:00:00,68495.63,68997.46,67034.94,68806.86,10244
2023-01-15 14:00:00,68383.98,69429.79,67773.75,69147.58,10737
2023-01-15 15:00:00,69024.46,70288.5,68533.15,70148.21,9340
2023-01-15 16:00:00,70152.09,70949.94,69997.93,70808.32,8433
2023-01-15 17:00:00,70855.81,71158.69,70349.6,70885.89,13041
2023-01-15 18:00:00,71123.54,71974.87,70904.13,71046.23,10800
2023-01-15 19:00:00,70779.15,70779.15,70097.28,70637.88,10113
2023-01-15 20:00:00,70627.36,71606.07,69972.22,70801.16,8261
2023-01-15 21:00:00,70591.73,71199.24,70129.68,70808.92,8280
2023-01-15 22:00:00,70875.57,71815.1,70875.57,71171.71,11041
2023-01-15 23:00:00,70894.47,71008.3,70724.83,70866.57,9473
2023-01-16 00:00:00,70830.97,71484.64,70830.97,71341.95,12960
2023-01-16 01:00:00,72266.34,73294.44,72266.34,72411.16,7756
2023-01-16 02:00:00,72669.82,72669.82,72379.73,72524.77,10478
2023-01-16 03:00:00,72795.83,73087.59,72795.83,72941.71,10817
2023-01-16 04:00:00,73183.65,74946.36,72574.22,73532.8,11969
2023-01-16 05:00:00,73319.72,73659.08,72377.19,73473.5,11021
2023-01-16 06:00:00,73683.89,73937.07,73683.89,73789.49,13535
2023-01-16 07:00:00,74127.89,74127.89,73831.97,73979.93,11422
2023-01-16 08:00:00,73965.85,74371.75,73708.39,74223.3,11033
2023-01-16 09:00:00,74182.25,74182.25,73793.04,73940.93,11003
2023-01-16 10:00:00,73770.56,74291.97,73620.35,74143.68,18223
2023-01-16 11:00:00,74536.73,76169.08,74484.82,74634.09,12789
2023-01-16 12:00:00,74555.83,76100.41,74113.65,75708.6,9742
2023-01-16 13:00:00,75857.81,76645.17,74898.55,76492.18,11483
2023-01-16 14:00:00,77095.96,78184.5,77095.96,78028.44,8149
2023-01-16 15:00:00,78125.24,78125.24,77322.5,77732.73,7929
2023-01-16 16:00:00,78404.23,78801.06,78404.23,78480.78,10290
2023-01-16 17:00:00,79284.83,79355.62,78635.82,78793.41,8510
2023-01-16 18:00:00,80238.07,80559.66,80238.07,80398.86,13885
2023-01-16 19:00:00,80580.64,80580.64,79882.82,80066.72,15098
2023-01-16 20:00:00,79875.95,79875.95,78696.2,79716.52,10402
2023-01-16 21:00:00,79548.68,79548.68,79366.71,79525.76,16790
2023-01-16 22:00:00,79125.55,79125.55,77309.88,78346.24,10257
2023-01-16 23:00:00,78926.54,78926.54,78052.5,78208.92,9102
2023-01-17 00:00:00,78025.85,78515.9,77766.52,77922.36,10514
2023-01-17 01:00:00,78058.88,78372.91,78058.88,78216.48,13827
2023-01-17 02:00:00,78479.46,79008.59,77515.13,78633.68,10657
2023-01-17 03:00:00,78749.69,81193.04,78695.4,80037.79,13642
2023-01-17 04:00:00,80024.47,81022.21,79396.26,80860.49,15209
2023-01-17 05:00:00,80445.48,82015.17,80026.14,80682.99,8916
2023-01-17 06:00:00,80455.86,80455.86,80134.68,80295.27,8056
2023-01-17 07:00:00,80716.8,82136.55,80716.8,80823.08,5999
2023-01-17 08:00:00,80318.99,80318.99,78535.42,80158.68,12006
2023-01-17 09:00:00,81400.98,81727.24,81400.98,81564.11,15190
2023-01-17 10:00:00,82392.6,82722.84,82392.6,82557.72,12908
2023-01-17 11:00:00,82467.29,82467.29,82286.35,82451.26,8233
2023-01-17 12:00:00,81990.3,81990.3,79417.78,81508.84,18502
2023-01-17 13:00:00,82283.39,82787.1,82283.39,82621.86,10302
2023-01-17 14:00:00,82480.36,83171.35,82122.53,82759.11,9907
2023-01-17 15:00:00,82737.25,84103.74,82370.77,83810.4,17047
2023-01-17 16:00:00,83101.44,83101.44,81455.42,82935.57,8150
2023-01-17 17:00:00,82699.94,82912.04,82636.5,82746.55,8314
2023-01-17 18:00:00,82170.11,83370.03,81193.01,82968.37,12823
2023-01-17 19:00:00,82371.05,83386.57,81995.11,83220.13,9088
2023-01-17 20:00:00,83811.53,83811.53,82997.75,83135.08,14414
2023-01-17 21:00:00,83945.78,83945.78,82323.44,83778.22,13891
2023-01-17 22:00:00,83869.88,84107.36,83093.63,83268.64,6640
2023-01-17 23:00:00,83214.18,83800.41,83214.18,83393.08,8599
2023-01-18 00:00:00,84083.96,85470.19,83320.49,83697.31,6068
2023-01-18 01:00:00,83292.41,84439.75,82453.71,84271.21,8258
2023-01-18 02:00:00,84814.42,85560.9,84814.42,84984.39,5176
2023-01-18 03:00:00,84604.92,86179.74,83886.52,84429.33,10972
2023-01-18 04:00:00,84052.27,84052.27,83021.91,83596.39,7263
2023-01-18 05:00:00,83426.84,85720.47,83426.84,84694.06,13071
2023-01-18 06:00:00,85051.74,86636.39,84980.42,85150.73,9126
2023-01-18 07:00:00,85029.06,85029.06,84689.62,84859.34,8255
2023-01-18 08:00:00,85561.16,87374.07,85561.16,86163.11,8870
2023-01-18 09:00:00,86782.64,88787.02,86301.41,86474.36,8855
2023-01-18 10:00:00,86766.29,88225.52,86256.66,87537.45,13677
2023-01-18 11:00:00,87790.99,90607.01,87641.91,87817.55,8695
2023-01-18 12:00:00,88850.88,90377.79,88850.88,89527.59,10938
2023-01-18 13:00:00,90840.46,91226.92,90840.46,91044.83,9023
2023-01-18 14:00:00,91171.22,92546.06,91014.29,91095.82,6485
2023-01-18 15:00:00,91871.06,92799.11,91871.06,92055.17,18879
2023-01-18 16:00:00,92592.63,92963.74,92592.63,92778.18,11882
2023-01-18 17:00:00,93864.36,94533.5,93864.36,94052.46,8123
2023-01-18 18:00:00,93640.97,94167.24,93064.27,93550.71,12460
2023-01-18 19:00:00,93348.98,94503.09,92336.28,94314.46,8275
2023-01-18 20:00:00,95261.11,96835.07,95261.11,95371.9,8235
2023-01-18 21:00:00,95507.72,95516.47,94056.61,94245.1,13805
2023-01-18 22:00:00,94465.94,94635.38,91698.3,93575.9,11479
2023-01-18 23:00:00,92444.71,92444.71,91004.67,92260.19,7544
2023-01-19 00:00:00,92149.54,94940.11,92149.54,92299.98,8640
2023-01-19 01:00:00,92897.17,93269.51,92897.17,93083.34,9754
2023-01-19 02:00:00,94278.62,94656.49,94278.62,94467.55,7176
2023-01-19 03:00:00,94243.76,94832.24,94145.24,94770.03,8744
2023-01-19 04:00:00,95619.61,97935.4,95619.61,96277.85,9005
2023-01-19 05:00:00,95788.22,95788.22,93622.95,95439.67,13208
2023-01-19 06:00:00,94640.38,96261.48,94170.28,94359.0,16085
2023-01-19 07:00:00,94418.01,94753.88,93393.45,94564.75,15238
2023-01-19 08:00:00,94920.06,96597.76,94920.06,95110.28,9154
2023-01-19 09:00:00,95448.62,96016.26,94899.69,95334.49,12904
2023-01-19 10:00:00,94924.21,94924.21,90844.96,93975.43,10162
2023-01-19 11:00:00,93477.44,94628.6,93021.52,94156.28,11907
2023-01-19 12:00:00,93588.75,93588.75,93215.14,93401.95,15445
2023-01-19 13:00:00,93974.19,95576.15,93974.19,94162.51,13043
2023-01-19 14:00:00,94680.74,95423.86,94680.74,94693.71,15351
2023-01-19 15:00:00,94398.17,94406.12,92747.45,94217.69,6432
2023-01-19 16:00:00,94209.61,94285.78,93886.24,94074.39,8580
2023-01-19 17:00:00,94203.46,95056.73,93389.34,93512.15,14656
2023-01-19 18:00:00,93527.79,93857.77,93527.79,93715.22,18392
2023-01-19 19:00:00,94509.65,94888.45,94509.65,94699.05,14131
2023-01-19 20:00:00,94380.11,94380.11,94003.34,94191.73,13378
2023-01-19 21:00:00,94644.46,95023.8,94644.46,94834.13,6745
2023-01-19 22:00:00,94831.38,96045.77,93724.36,94680.61,9150
2023-01-19 23:00:00,94515.22,94515.22,93956.44,94326.57,13646
2023-01-20 00:00:00,94314.85,95050.23,94314.85,94503.86,9160
2023-01-20 01:00:00,94410.55,94693.01,93535.86,93964.81,7140
2023-01-20 02:00:00,93987.45,93987.45,93612.25,93799.85,13238
2023-01-20 03:00:00,93329.46,93329.46,92067.06,93143.18,13049
2023-01-20 04:00:00,94708.46,94919.37,94708.46,94898.25,9622
2023-01-20 05:00:00,94998.98,95394.83,94998.98,95189.35,17053
2023-01-20 06:00:00,95098.64,95098.64,94772.06,94908.82,12164
2023-01-20 07:00:00,95146.46,95527.81,95146.46,95337.14,7289
2023-01-20 08:00:00,95781.61,95781.61,94867.97,95513.44,13894
2023-01-20 09:00:00,95876.8,95949.09,95190.08,95605.3,13685
2023-01-20 10:00:00,96156.46,96541.86,96156.46,96349.16,6815
2023-01-20 11:00:00,97014.66,98527.49,97014.66,97209.08,14050
2023-01-20 12:00:00,96486.79,99445.66,95795.23,97053.35,12535
2023-01-20 13:00:00,96865.82,96865.82,94975.18,96863.05,12440
2023-01-20 14:00:00,96776.45,97030.33,95707.05,96912.84,10011
2023-01-20 15:00:00,95550.3,95550.3,94910.12,95359.58,12307
2023-01-20 16:00:00,94636.63,94636.63,94258.84,94447.73,8581
2023-01-20 17:00:00,94553.04,96396.67,94488.35,95770.96,8545
2023-01-20 18:00:00,97132.25,97521.56,97132.25,97326.9,6911
2023-01-20 19:00:00,97392.58,97983.32,97077.34,97400.99,11037
2023-01-20 20:00:00,97934.46,98492.68,97934.46,98130.73,5530
2023-01-20 21:00:00,98454.46,98849.07,98454.46,98651.76,13431
2023-01-20 22:00:00,101028.54,101606.15,101028.54,101403.34,21343
2023-01-20 23:00:00,101638.53,103224.51,101638.53,102604.89,18937
2023-01-21 00:00:00,102880.57,102880.57,102568.07,102773.62,8748
2023-01-21 01:00:00,102366.46,103380.42,101200.57,102248.59,14262
2023-01-21 02:00:00,101295.21,101295.21,100981.37,101183.74,12175
2023-01-21 03:00:00,101052.41,101831.45,100609.52,101628.19,8014
2023-01-21 04:00:00,102102.43,102102.43,101074.66,101277.22,9397
2023-01-21 05:00:00,101031.65,101031.65,100178.07,100378.83,7932
2023-01-21 06:00:00,100761.33,102613.82,99925.74,100125.99,14800
2023-01-21 07:00:00,100070.34,100457.38,97995.49,99520.92,6261
2023-01-21 08:00:00,100660.86,101977.22,100660.86,101169.8,14713
2023-01-21 09:00:00,101561.27,102381.29,101561.27,102176.94,5932
2023-01-21 10:00:00,101937.63,102657.1,99088.74,102452.2,13250
2023-01-21 11:00:00,102918.59,104842.61,102918.59,103972.65,7614
2023-01-21 12:00:00,104630.99,104630.99,104112.32,104320.96,10309
2023-01-21 13:00:00,103986.39,104382.44,102338.61,103871.21,11209
2023-01-21 14:00:00,105236.14,105657.93,105236.14,105447.04,11160
2023-01-21 15:00:00,105762.37,106643.93,103735.2,106195.69,7241
2023-01-21 16:00:00,105792.12,105792.12,105369.79,105580.96,8780
2023-01-21 17:00:00,105075.07,105916.52,104500.94,105705.11,8513
2023-01-21 18:00:00,105448.77,105448.77,105027.81,105238.29,11949
2023-01-21 19:00:00,104546.34,104546.34,102528.36,104337.67,10295
2023-01-21 20:00:00,105051.66,105546.27,104733.87,105416.32,11560
2023-01-21 21:00:00,107136.7,110212.12,107136.7,107351.41,7317
2023-01-21 22:00:00,106637.14,107494.7,105547.33,106417.96,15825
2023-01-21 23:00:00,106241.49,107413.5,105520.23,107199.1,8230
2023-01-22 00:00:00,107137.34,107137.34,106318.39,106923.49,8269
2023-01-22 01:00:00,107092.97,109239.38,106579.04,106792.62,12691
2023-01-22 02:00:00,106906.44,106906.44,106356.13,106569.27,6164
2023-01-22 03:00:00,106446.08,106808.96,105901.16,106113.38,10548
2023-01-22 04:00:00,105455.32,106664.46,104372.39,106451.55,6603
2023-01-22 05:00:00,106167.76,107197.4,102541.51,106028.07,8000
2023-01-22 06:00:00,106199.36,106776.14,103869.4,106563.01,6942
2023-01-22 07:00:00,106522.26,108592.2,105702.71,106820.17,10151
2023-01-22 08:00:00,106641.5,107548.85,106641.5,106914.75,11225
2023-01-22 09:00:00,107097.09,107340.31,105129.28,106425.71,14745
2023-01-22 10:00:00,106498.9,107444.91,106013.96,106226.41,7648
2023-01-22 11:00:00,106969.45,107398.19,106969.45,107183.82,23297
2023-01-22 12:00:00,106854.86,109521.55,106086.57,107926.2,20802
2023-01-22 13:00:00,107415.36,107415.36,107108.59,107369.48,16026
2023-01-22 14:00:00,106942.65,108731.89,106436.65,107761.6,11385
2023-01-22 15:00:00,108512.61,109113.94,108512.61,108730.07,9329
2023-01-22 16:00:00,107771.92,107771.92,107027.7,107556.8,9712
2023-01-22 17:00:00,107828.14,108688.63,106849.8,108342.23,9161
2023-01-22 18:00:00,108282.48,108282.48,107286.18,108066.34,10354
2023-01-22 19:00:00,108663.32,109759.25,108663.32,108881.08,11003
2023-01-22 20:00:00,108443.67,108729.36,107836.37,108512.33,16689
2023-01-22 21:00:00,108884.95,110103.06,107009.77,107224.22,11604
2023-01-22 22:00:00,106895.48,106895.48,103758.61,106111.03,7958
2023-01-22 23:00:00,106937.35,107143.54,106069.14,106464.69,13456
2023-01-23 00:00:00,107178.44,107690.83,106340.71,107004.49,9990
2023-01-23 01:00:00,106831.51,107272.5,106263.34,106528.92,10253
2023-01-23 02:00:00,106677.9,107614.66,105082.98,107399.86,16548
2023-01-23 03:00:00,106780.01,107020.83,105020.73,106258.04,12962
2023-01-23 04:00:00,106423.75,106729.61,106303.55,106516.58,11593
2023-01-23 05:00:00,106142.34,106142.34,105570.78,105782.34,8404
2023-01-23 06:00:00,105705.71,105748.77,102200.58,105537.69,15899
2023-01-23 07:00:00,105868.47,107142.24,105868.47,105896.8,13505
2023-01-23 08:00:00,105481.22,105636.88,105260.53,105471.47,7988
2023-01-23 09:00:00,105076.15,105670.59,103267.64,105459.67,10502
2023-01-23 10:00:00,105912.84,106858.56,101390.17,106645.27,6242
2023-01-23 11:00:00,107536.34,107536.34,106184.66,106464.17,14158
2023-01-23 12:00:00,107104.12,107728.54,106285.2,107513.52,6545
2023-01-23 13:00:00,107365.91,107412.13,106358.2,106846.85,11387
2023-01-23 14:00:00,107417.4,108200.4,107417.4,107632.67,11448
2023-01-23 15:00:00,108033.63,109675.68,108033.63,109225.63,8516
2023-01-23 16:00:00,107565.03,107565.03,106595.25,107350.33,10207
2023-01-23 17:00:00,107434.86,108478.8,106020.57,106981.43,10579
2023-01-23 18:00:00,107588.08,108031.76,107588.08,107816.13,10687
2023-01-23 19:00:00,108587.2,108587.2,106731.96,107969.72,8466
2023-01-23 20:00:00,108414.1,108848.63,108414.1,108631.37,9222
2023-01-23 21:00:00,108650.42,108650.42,108216.69,108433.55,11910
2023-01-23 22:00:00,109040.18,109386.8,108630.16,108847.85,9356
2023-01-23 23:00:00,109064.11,109267.6,108831.4,109049.5,10336
2023-01-24 00:00:00,109607.65,111385.35,109607.65,110430.23,9973
2023-01-24 01:00:00,110780.3,111224.31,110780.3,111002.3,20508
2023-01-24 02:00:00,110902.77,113160.98,108933.44,111650.53,9827
2023-01-24 03:00:00,111664.83,112478.06,109958.26,111618.31,9663
2023-01-24 04:00:00,111740.0,111740.0,110009.15,111516.97,6071
2023-01-24 05:00:00,111419.48,112440.12,111243.58,111466.51,10179
2023-01-24 06:00:00,111198.26,114071.19,110883.34,112168.59,8994
2023-01-24 07:00:00,111902.69,114031.3,111902.69,112126.95,13659
2023-01-24 08:00:00,112511.14,114182.67,112511.14,112736.61,9966
2023-01-24 09:00:00,114762.78,116918.04,114762.78,114992.77,13465
2023-01-24 10:00:00,114725.56,116719.2,114171.67,116156.7,6905
2023-01-24 11:00:00,116154.99,116242.02,115960.91,116193.3,13609
2023-01-24 12:00:00,116757.85,118509.87,116757.85,117680.12,11976
2023-01-24 13:00:00,117495.63,118185.27,117495.63,117635.83,8834
2023-01-24 14:00:00,116942.33,119520.89,115796.21,116028.27,5108
2023-01-24 15:00:00,115786.95,115875.67,115193.02,115423.87,13799
2023-01-24 16:00:00,114436.44,114436.44,113447.66,114012.79,8682
2023-01-24 17:00:00,113998.47,114267.48,113811.33,114039.41,17761
2023-01-24 18:00:00,114182.19,115706.82,114182.19,114411.01,13131
2023-01-24 19:00:00,116099.38,116564.7,116099.38,116332.04,13796
2023-01-24 20:00:00,117445.24,117759.52,116766.51,117000.51,12811
2023-01-24 21:00:00,117423.94,117598.68,115469.59,117151.03,10774
2023-01-24 22:00:00,118068.44,119423.79,118068.44,118305.05,7654
2023-01-24 23:00:00,116551.98,116551.98,116299.93,116533.0,7649
2023-01-25 00:00:00,116142.5,118535.51,115081.25,117120.85,10066
2023-01-25 01:00:00,117986.57,118459.46,117986.57,118223.01,17153
2023-01-25 02:00:00,117166.25,117166.25,116639.0,117162.3,9732
2023-01-25 03:00:00,118385.09,121104.87,118385.09,118622.34,14379
2023-01-25 04:00:00,119079.24,120982.68,119079.24,119317.87,8278
2023-01-25 05:00:00,119522.52,119522.52,117722.11,119283.95,10064
2023-01-25 06:00:00,120031.87,120580.46,120031.87,120272.41,3713
2023-01-25 07:00:00,120465.0,123121.68,120424.13,122875.93,10087
2023-01-25 08:00:00,122723.64,123826.94,119984.83,123433.85,14377
2023-01-25 09:00:00,123812.96,126531.56,123812.96,124061.08,14737
2023-01-25 10:00:00,123428.72,125424.01,123428.72,123974.99,13606
2023-01-25 11:00:00,123742.7,123742.7,123248.72,123495.71,16023
2023-01-25 12:00:00,124317.65,124900.93,124317.65,124714.41,8339
2023-01-25 13:00:00,124214.28,125812.54,123557.19,124225.94,10008
2023-01-25 14:00:00,124958.72,126092.26,124433.92,124683.28,9254
2023-01-25 15:00:00,124094.02,124830.86,123731.44,124581.7,9552
2023-01-25 16:00:00,125203.91,125705.73,125203.91,125454.82,8104
2023-01-25 17:00:00,125928.74,126433.46,125928.74,126181.1,10810
2023-01-25 18:00:00,127381.12,127823.06,127381.12,127636.4,10474
2023-01-25 19:00:00,127748.46,127748.46,124277.05,127493.47,11842
2023-01-25 20:00:00,127622.15,127858.32,125331.22,127603.11,11079
2023-01-25 21:00:00,126665.74,127228.47,125718.9,126974.52,15300
2023-01-25 22:00:00,126956.76,127160.17,126652.54,126906.36,14752
2023-01-25 23:00:00,127403.39,127948.0,127403.39,127692.61,5653
2023-01-26 00:00:00,127576.05,130189.15,125732.95,128880.24,14236
2023-01-26 01:00:00,128061.34,129844.18,126901.37,128309.57,11764
2023-01-26 02:00:00,128202.5,132098.13,128202.5,129621.45,9015
2023-01-26 03:00:00,131196.95,132755.97,131196.95,131459.86,6443
2023-01-26 04:00:00,131628.33,136418.87,131628.33,132306.78,8334
2023-01-26 05:00:00,134468.71,135934.6,134468.71,134738.18,17027
2023-01-26 06:00:00,134562.5,134562.5,133467.39,134293.91,11611
2023-01-26 07:00:00,134103.3,134103.3,130883.39,133338.55,9193
2023-01-26 08:00:00,132076.61,132076.61,131468.92,131812.98,7184
2023-01-26 09:00:00,133565.25,134100.58,133565.25,133832.91,9752
2023-01-26 10:00:00,133442.91,135229.02,129896.46,134959.1,13099
2023-01-26 11:00:00,135044.61,137245.14,135038.78,135309.39,14931
2023-01-26 12:00:00,135759.78,136303.9,135759.78,136031.84,7754
2023-01-26 13:00:00,135465.34,135465.34,133062.4,135194.95,8082
2023-01-26 14:00:00,138031.02,138584.25,138031.02,138307.63,13481
2023-01-26 15:00:00,138349.73,140135.47,137193.13,138864.7,10575
2023-01-26 16:00:00,138486.58,139681.47,137136.6,139402.66,19031
2023-01-26 17:00:00,140361.93,140924.5,140361.93,140643.21,13186
2023-01-26 18:00:00,141328.03,143569.72,141328.03,141611.25,15268
2023-01-26 19:00:00,142002.21,143359.66,142002.21,142286.79,11212
2023-01-26 20:00:00,142616.66,142692.03,139765.86,141784.63,6581
2023-01-26 21:00:00,142668.58,143031.62,138893.54,142746.12,9354
2023-01-26 22:00:00,145064.17,149570.55,145064.17,145354.88,8471
2023-01-26 23:00:00,147071.45,147660.92,147071.45,147366.18,6758
2023-01-27 00:00:00,148439.58,149998.03,147527.33,149698.63,20248
2023-01-27 01:00:00,149497.24,150304.3,149306.83,149488.11,7557
2023-01-27 02:00:00,148953.89,151598.48,148401.14,148698.54,9838
2023-01-27 03:00:00,149265.22,149265.22,147769.16,148967.29,6813
2023-01-27 04:00:00,149159.94,150743.85,149159.94,149458.86,13203
2023-01-27 05:00:00,150916.31,151940.34,150916.31,151218.75,9096
2023-01-27 06:00:00,149876.11,149876.11,144311.91,149556.33,7917
2023-01-27 07:00:00,150109.5,154036.51,150109.5,151853.1,13521
2023-01-27 08:00:00,151633.46,152390.42,147849.9,152086.25,6573
2023-01-27 09:00:00,152290.59,152290.59,151682.64,151986.62,12796
2023-01-27 10:00:00,150861.15,153628.24,150861.15,151163.47,11561
2023-01-27 11:00:00,149855.58,149855.58,147766.41,149556.47,6010
2023-01-27 12:00:00,150696.4,151300.39,150696.4,150998.39,10523
2023-01-27 13:00:00,151409.29,151828.4,151222.3,151525.35,10298
2023-01-27 14:00:00,150668.69,150668.69,149149.52,150367.95,15039
2023-01-27 15:00:00,149517.75,149517.75,148324.58,149219.31,10968
2023-01-27 16:00:00,149551.19,149551.19,143621.35,149252.68,17303
2023-01-27 17:00:00,149330.69,152031.43,149330.69,151727.97,10211
2023-01-27 18:00:00,151491.66,154117.19,151491.66,151847.64,6812
2023-01-27 19:00:00,152441.29,152441.29,150126.57,150427.43,7973
2023-01-27 20:00:00,150854.4,154347.15,146971.22,150573.59,5691
2023-01-27 21:00:00,150987.06,150987.06,150384.32,150685.69,8573
2023-01-27 22:00:00,148111.19,148111.19,147550.59,147815.56,14702
2023-01-27 23:00:00,147908.37,148495.94,144888.56,148199.54,8803
2023-01-28 00:00:00,148076.02,148669.51,148076.02,148372.77,11072
2023-01-28 01:00:00,149370.66,149969.34,149370.66,149670.0,7879
2023-01-28 02:00:00,152078.09,152395.82,152078.09,152382.86,13953
2023-01-28 03:00:00,153930.55,157324.57,153930.55,154239.03,15466
2023-01-28 04:00:00,155333.66,156693.47,154046.03,154354.74,9095
2023-01-28 05:00:00,153720.69,153720.69,153107.03,153413.86,11112
2023-01-28 06:00:00,155718.7,160508.53,155718.7,157091.32,11001
2023-01-28 07:00:00,156726.79,157664.4,153530.21,157623.39,12641
2023-01-28 08:00:00,156892.47,161300.61,155434.19,158099.02,10479
2023-01-28 09:00:00,157204.72,158843.83,157204.72,158526.78,15713
2023-01-28 10:00:00,159232.87,159561.22,158924.25,159242.73,8239
2023-01-28 11:00:00,159176.08,159834.96,158666.9,159515.93,11212
2023-01-28 12:00:00,159549.73,159549.73,158912.8,159231.27,9119
2023-01-28 13:00:00,158710.96,159302.72,158155.07,158984.75,10264
2023-01-28 14:00:00,160050.03,160050.03,159089.55,159408.37,9803
2023-01-28 15:00:00,159256.45,161565.97,159130.66,159169.65,9675
2023-01-28 16:00:00,158558.87,159077.41,158395.88,158713.31,6474
2023-01-28 17:00:00,159186.68,161050.24,159002.71,159321.35,10520
2023-01-28 18:00:00,159823.3,161406.26,159140.87,159459.79,7814
2023-01-28 19:00:00,160645.67,162209.95,160645.67,161886.18,9659
2023-01-28 20:00:00,159171.08,159171.08,158535.67,158853.37,10636
2023-01-28 21:00:00,158528.24,163627.8,155739.36,160744.91,9526
2023-01-28 22:00:00,162027.48,163180.8,162027.48,162855.09,12551
2023-01-28 23:00:00,161943.51,162900.03,160181.38,160572.31,5585
2023-01-29 00:00:00,160592.71,160920.25,160277.85,160599.05,9390
2023-01-29 01:00:00,160270.63,160913.0,160270.63,160591.82,13341
2023-01-29 02:00:00,159706.47,159706.47,158631.03,159225.14,15741
2023-01-29 03:00:00,158714.99,158714.99,158377.7,158695.09,10028
2023-01-29 04:00:00,158500.79,158598.5,155963.13,157738.66,8603
2023-01-29 05:00:00,159816.32,162698.39,159816.32,160481.1,8216
2023-01-29 06:00:00,160743.61,162517.01,160743.61,162192.62,10032
2023-01-29 07:00:00,164030.8,168758.09,164030.8,164359.52,6169
2023-01-29 08:00:00,164344.72,166142.1,164344.72,165810.48,8217
2023-01-29 09:00:00,165092.62,165092.62,161746.24,164763.09,9675
2023-01-29 10:00:00,164870.01,164870.01,164036.62,164540.93,10112
2023-01-29 11:00:00,164133.77,167257.19,163505.44,165685.74,11646
2023-01-29 12:00:00,166072.01,168747.5,164188.42,164517.46,10954
2023-01-29 13:00:00,165629.22,169249.31,165629.22,165961.15,7362
2023-01-29 14:00:00,165365.29,167293.26,162060.24,166120.83,8291
2023-01-29 15:00:00,165928.72,166430.6,165027.21,166098.4,12874
2023-01-29 16:00:00,166275.2,167886.3,166275.2,167551.2,14119
2023-01-29 17:00:00,167694.01,168984.84,165941.7,168647.54,8170
2023-01-29 18:00:00,168427.3,168977.53,168302.97,168640.25,20133
2023-01-29 19:00:00,170385.25,171085.58,170385.25,170726.7,7801
2023-01-29 20:00:00,170049.23,170049.23,167257.07,169709.81,13779
2023-01-29 21:00:00,170078.63,172277.62,170078.63,171057.03,14368
2023-01-29 22:00:00,172140.34,177179.71,172140.34,172378.1,11161
2023-01-29 23:00:00,172041.53,174517.29,169509.62,172436.66,11388
2023-01-30 00:00:00,171169.07,176434.54,171169.07,173391.54,9170
2023-01-30 01:00:00,172575.27,174721.02,168330.56,172118.32,10617
2023-01-30 02:00:00,173569.39,174196.94,173569.39,173917.22,9161
2023-01-30 03:00:00,174944.66,177175.61,171139.91,174155.37,7423
2023-01-30 04:00:00,173357.8,176208.31,172613.84,173913.93,8753
2023-01-30 05:00:00,175364.72,177584.91,175364.72,175906.91,15621
2023-01-30 06:00:00,174988.82,175749.35,172228.19,175398.56,7725
2023-01-30 07:00:00,175016.17,176713.45,173539.9,173887.68,10288
2023-01-30 08:00:00,174068.09,175602.71,171840.19,172184.56,4746
2023-01-30 09:00:00,173201.86,174688.73,173201.86,173548.95,12559
2023-01-30 10:00:00,172933.73,173498.75,169175.34,172243.99,9262
2023-01-30 11:00:00,173086.66,177988.62,173086.66,175222.73,11629
2023-01-30 12:00:00,173992.84,176560.04,172148.86,172753.53,12574
2023-01-30 13:00:00,175308.95,180694.1,175308.95,175660.27,7300
2023-01-30 14:00:00,176125.33,176831.25,176125.33,176478.29,8279
2023-01-30 15:00:00,177046.01,177046.01,175648.59,176851.69,7416
2023-01-30 16:00:00,177705.55,179609.22,176306.75,176577.78,16586
2023-01-30 17:00:00,176624.52,178377.96,176459.48,177664.18,10005
2023-01-30 18:00:00,177838.85,178477.16,177764.68,178120.92,7110
2023-01-30 19:00:00,178669.87,180598.8,174663.33,180238.32,8669
2023-01-30 20:00:00,180559.37,181283.06,180559.37,180921.21,11899
2023-01-30 21:00:00,180930.6,182411.61,180930.6,181658.97,7977
2023-01-30 22:00:00,182534.83,183496.14,179606.42,181637.91,20713
2023-01-30 23:00:00,182161.55,184054.66,181710.16,182074.31,8539
2023-01-31 00:00:00,182686.86,184041.79,182686.86,183052.97,7394
2023-01-31 01:00:00,181377.78,181377.78,180000.19,181015.75,16688
2023-01-31 02:00:00,180551.2,180551.2,179187.32,179546.41,7300
2023-01-31 03:00:00,179796.0,181522.05,178642.35,181159.73,12131
2023-01-31 04:00:00,181159.43,183800.97,178142.25,181938.23,7508
2023-01-31 05:00:00,181826.63,183615.31,181826.63,182191.01,13503
2023-01-31 06:00:00,182382.44,188425.16,182382.44,182747.93,9185
2023-01-31 07:00:00,182932.43,183886.36,181566.84,183796.07,7274
2023-01-31 08:00:00,183811.68,183883.37,183449.4,183516.34,8492
2023-01-31 09:00:00,182789.49,183248.42,182516.89,182882.66,9616
2023-01-31 10:00:00,183342.39,188151.85,183342.39,183709.81,6890
2023-01-31 11:00:00,182238.86,183658.07,179211.9,182776.75,11904
2023-01-31 12:00:00,183555.96,185183.92,183555.96,183923.81,9904
2023-01-31 13:00:00,182267.11,182267.11,181539.5,181903.3,8689
2023-01-31 14:00:00,181272.66,184337.69,180911.91,183969.75,11417
2023-01-31 15:00:00,184848.6,185589.47,184848.6,185219.03,5889
2023-01-31 16:00:00,185766.58,186519.33,185766.58,186147.03,11806
2023-01-31 17:00:00,187805.59,188427.79,187805.59,188181.96,7520
2023-01-31 18:00:00,190901.84,191666.98,190901.84,191284.41,12215
2023-01-31 19:00:00,190412.09,195412.22,188140.88,193409.0,7941
2023-01-31 20:00:00,191425.37,191425.37,189506.48,191043.28,14469
2023-01-31 21:00:00,189973.2,189973.2,188453.54,189594.02,10373
2023-01-31 22:00:00,190199.53,190202.34,188796.72,189175.07,5147
2023-01-31 23:00:00,189389.75,189991.22,189389.75,189769.29,14215
2023-02-01 00:00:00,190955.81,191510.25,190955.81,191128.0,7223
2023-02-01 01:00:00,191148.2,192782.2,190170.52,190551.62,7027
2023-02-01 02:00:00,191880.05,192076.95,191019.33,191402.13,9206
2023-02-01 03:00:00,191162.82,191162.82,190399.69,190781.25,13402
2023-02-01 04:00:00,190825.7,191605.64,187802.71,190392.3,14974
2023-02-01 05:00:00,188995.16,188995.16,185856.38,188766.73,7980
2023-02-01 06:00:00,187920.41,188282.41,187530.78,187906.6,15943
2023-02-01 07:00:00,186772.83,186772.83,186027.23,186400.03,10536
2023-02-01 08:00:00,185855.81,185855.81,184805.02,185484.84,6891
2023-02-01 09:00:00,185235.82,188871.77,185235.82,187653.5,10021
2023-02-01 10:00:00,187142.02,187142.02,186394.94,186768.48,11528
2023-02-01 11:00:00,190975.66,192266.62,190975.66,191358.38,13157
2023-02-01 12:00:00,192645.24,193897.54,192645.24,192703.29,9607
2023-02-01 13:00:00,192889.26,193954.87,192845.65,193567.74,11480
2023-02-01 14:00:00,193523.54,193779.86,191667.16,192784.43,8631
2023-02-01 15:00:00,193365.3,195779.04,193365.3,194464.71,13885
2023-02-01 16:00:00,194490.55,194520.17,193743.64,194131.9,18506
2023-02-01 17:00:00,194520.58,194989.22,194520.58,194910.4,6659
2023-02-01 18:00:00,199175.39,199973.69,199175.39,199574.54,5188
2023-02-01 19:00:00,199679.77,200525.83,196779.57,200001.19,16053
2023-02-01 20:00:00,202055.6,204937.32,202055.6,202460.52,9675
2023-02-01 21:00:00,201709.89,202279.81,199613.32,201876.05,6784
2023-02-01 22:00:00,202982.45,206324.44,196711.7,202399.85,14741
2023-02-01 23:00:00,202537.35,207761.59,202537.35,205908.92,9189
2023-02-02 00:00:00,205049.46,207590.29,204824.2,205432.95,14244
2023-02-02 01:00:00,207859.76,213908.11,207859.76,209055.39,6542
2023-02-02 02:00:00,210421.87,211265.24,210421.87,210843.55,8673
2023-02-02 03:00:00,210608.7,210871.35,208689.71,210450.45,11396
2023-02-02 04:00:00,211288.01,212537.83,211288.01,212113.6,8591
2023-02-02 05:00:00,212572.9,214803.41,212572.9,214374.66,10442
2023-02-02 06:00:00,214934.5,217018.44,209942.36,216035.9,9401
2023-02-02 07:00:00,215286.42,219437.08,210136.23,213835.53,9726
2023-02-02 08:00:00,213126.37,214840.34,207515.03,213143.99,11945
2023-02-02 09:00:00,212865.09,213718.25,212865.09,213291.67,7711
2023-02-02 10:00:00,213646.93,215947.76,213313.84,213741.32,14627
2023-02-02 11:00:00,214543.61,220385.45,212376.26,215405.36,6458
2023-02-02 12:00:00,216476.31,218047.6,215461.86,216295.85,14273
2023-02-02 13:00:00,216627.43,216627.43,214088.1,214517.14,10683
2023-02-02 14:00:00,215858.2,216255.76,215335.38,215766.91,9604
2023-02-02 15:00:00,216989.46,218701.01,216989.46,217428.69,9131
2023-02-02 16:00:00,219267.74,223867.77,216379.11,219006.6,14298
2023-02-02 17:00:00,221080.16,223255.07,221080.16,221523.21,9327
2023-02-02 18:00:00,222463.47,228151.97,221293.49,223613.34,6786
2023-02-02 19:00:00,224579.0,225479.12,224579.0,225029.06,8593
2023-02-02 20:00:00,225857.85,229834.85,225020.39,225471.33,8500
2023-02-02 21:00:00,223432.31,223432.31,222540.37,222986.34,8670
2023-02-02 22:00:00,224134.07,225482.05,223900.64,224349.34,12600
2023-02-02 23:00:00,224056.93,225761.08,224056.93,225310.46,12189
2023-02-03 00:00:00,225986.51,229576.87,225986.51,226389.79,10300
2023-02-03 01:00:00,225286.17,225844.66,222208.66,224607.74,5487
2023-02-03 02:00:00,224933.43,227277.76,222767.45,223213.88,15175
2023-02-03 03:00:00,223556.95,226175.28,220345.38,225723.83,11448
2023-02-03 04:00:00,225786.58,226691.53,225786.58,226239.06,7928
2023-02-03 05:00:00,225703.89,228541.58,220718.63,228085.41,8522
2023-02-03 06:00:00,228668.28,230937.41,227601.73,228722.19,4659
2023-02-03 07:00:00,228902.64,229820.09,228902.64,229361.37,13016
2023-02-03 08:00:00,231237.17,232163.97,231237.17,231700.57,8098
2023-02-03 09:00:00,232659.53,234748.2,230840.89,231303.5,18970
2023-02-03 10:00:00,231434.55,236294.49,229159.05,232070.43,9099
2023-02-03 11:00:00,231895.09,238119.88,231317.32,231780.89,13045
2023-02-03 12:00:00,231084.85,232011.04,231084.85,231547.94,6085
2023-02-03 13:00:00,231971.41,234427.61,231089.91,231553.01,9551
2023-02-03 14:00:00,230655.25,233030.81,228626.91,232565.68,9709
2023-02-03 15:00:00,231789.09,235949.72,231789.09,232253.6,8203
2023-02-03 16:00:00,232779.53,235704.28,227381.94,235233.81,9777
2023-02-03 17:00:00,234492.09,234492.09,233639.4,234107.61,8859
2023-02-03 18:00:00,234385.24,236657.94,233877.43,234346.13,12307
2023-02-03 19:00:00,234393.99,234393.99,233168.36,234100.62,8027
2023-02-03 20:00:00,236983.55,237933.38,236983.55,237458.47,16284
2023-02-03 21:00:00,236327.49,238902.18,233647.69,238425.33,10873
2023-02-03 22:00:00,239767.28,241499.1,238591.08,241017.07,13777
2023-02-03 23:00:00,239144.56,239144.56,236710.09,238667.23,13371
2023-02-04 00:00:00,238378.23,240251.43,238378.23,239771.88,6903
2023-02-04 01:00:00,240508.02,242181.91,240508.02,242094.01,12539
2023-02-04 02:00:00,242345.79,244968.34,242345.79,242831.46,5570
2023-02-04 03:00:00,242828.93,247635.6,242828.93,245522.15,7238
2023-02-04 04:00:00,245025.75,245543.73,244563.51,245053.62,7215
2023-02-04 05:00:00,248211.62,251130.67,248211.62,248441.74,12254
2023-02-04 06:00:00,247213.73,260905.22,244988.22,253665.2,4809
2023-02-04 07:00:00,253772.25,253992.51,252954.25,253461.17,15276
2023-02-04 08:00:00,254637.45,256367.16,252579.33,253085.5,9131
2023-02-04 09:00:00,253194.41,257614.99,253194.41,256639.57,10880
2023-02-04 10:00:00,259970.35,261007.39,259970.35,260491.33,7636
2023-02-04 11:00:00,259383.93,260423.55,259383.93,259903.74,9508
2023-02-04 12:00:00,259826.18,264456.14,259023.91,259542.99,9946
2023-02-04 13:00:00,259340.36,260001.53,256035.18,259482.56,10877
2023-02-04 14:00:00,260869.99,260869.99,256686.54,257172.41,17333
2023-02-04 15:00:00,256153.28,259003.99,255283.9,255795.49,7133
2023-02-04 16:00:00,255498.39,256603.44,249405.28,254260.26,12908
2023-02-04 17:00:00,253599.24,258290.66,251703.72,253235.95,11087
2023-02-04 18:00:00,253227.84,254245.8,252449.5,253738.32,10016
2023-02-04 19:00:00,253000.46,255830.6,251479.65,254795.61,8275
2023-02-04 20:00:00,258074.55,259108.92,258074.55,258591.74,12825
2023-02-04 21:00:00,257558.69,257558.69,253771.9,257044.6,12233
2023-02-04 22:00:00,259158.68,261134.58,259158.68,259678.04,9351
2023-02-04 23:00:00,260298.53,260298.53,254133.84,259778.98,9785
2023-02-05 00:00:00,259713.34,262606.92,259713.34,260233.8,5008
2023-02-05 01:00:00,261966.8,264528.91,261966.8,262228.42,11321
2023-02-05 02:00:00,261912.35,263616.53,256640.33,260379.2,16029
2023-02-05 03:00:00,261182.15,262281.53,261182.15,261758.01,6481
2023-02-05 04:00:00,262155.36,263965.28,262155.36,262680.72,10328
2023-02-05 05:00:00,263766.73,264823.91,263766.73,264295.32,11491
2023-02-05 06:00:00,265389.15,266005.99,265389.15,265475.04,9287
2023-02-05 07:00:00,270674.88,273716.66,270674.88,271346.78,9097
2023-02-05 08:00:00,270373.13,271527.1,270373.13,270463.86,9019
2023-02-05 09:00:00,269823.04,270367.1,268888.94,269827.44,12602
2023-02-05 10:00:00,269824.95,271975.83,265211.7,268997.3,12297
2023-02-05 11:00:00,267821.88,268564.68,265174.43,268324.18,13042
2023-02-05 12:00:00,269146.47,271174.37,266004.64,267474.51,4235
2023-02-05 13:00:00,269300.8,275745.39,269300.8,270622.34,9306
2023-02-05 14:00:00,272218.42,279720.2,269988.68,274303.13,11693
2023-02-05 15:00:00,272867.74,276421.54,271655.52,273556.87,13387
2023-02-05 16:00:00,273344.83,274065.92,271687.45,272231.92,8997
2023-02-05 17:00:00,273276.79,279207.02,273276.79,273824.44,8058
2023-02-05 18:00:00,274480.81,276604.41,271476.53,273128.48,9479
2023-02-05 19:00:00,273653.46,281072.87,271950.49,275084.77,8862
2023-02-05 20:00:00,275897.49,276630.34,273884.84,276078.19,13215
2023-02-05 21:00:00,275845.8,275845.8,272024.13,273197.73,13719
2023-02-05 22:00:00,272900.25,281125.46,267421.94,277202.56,10086
2023-02-05 23:00:00,280731.3,284911.07,280731.3,281802.5,7373
2023-02-06 00:00:00,280346.45,282627.61,280346.45,280908.27,21469
2023-02-06 01:00:00,279977.44,285392.33,279704.52,280541.59,9583
2023-02-06 02:00:00,282225.58,282858.12,281166.16,281729.62,8745
2023-02-06 03:00:00,281263.53,285787.17,277788.35,283026.94,11547
2023-02-06 04:00:00,282527.92,288299.15,281647.13,285079.14,16198
2023-02-06 05:00:00,290142.81,295205.84,290142.81,290287.52,21293
2023-02-06 06:00:00,289680.98,291177.31,288415.37,290375.64,11329
2023-02-06 07:00:00,289300.01,291199.2,288413.62,288991.6,9153
2023-02-06 08:00:00,288792.17,294086.21,286165.19,286252.47,7870
2023-02-06 09:00:00,287253.88,287660.33,284504.22,285074.36,9604
2023-02-06 10:00:00,286295.49,287625.53,284960.09,285531.16,8009
2023-02-06 11:00:00,289668.42,290829.42,289668.42,290248.92,7284
2023-02-06 12:00:00,290369.99,290379.51,287756.57,289541.42,8613
2023-02-06 13:00:00,290237.79,295965.53,290237.79,290593.58,13249
2023-02-06 14:00:00,291656.7,291656.7,290492.4,291074.55,15324
2023-02-06 15:00:00,291778.06,294738.22,291778.06,294414.06,10190
2023-02-06 16:00:00,298088.67,301593.26,298088.67,300991.27,7382
2023-02-06 17:00:00,300620.0,303502.38,299071.09,300159.94,7221
2023-02-06 18:00:00,299406.83,300039.55,298841.79,299440.67,12016
2023-02-06 19:00:00,301587.6,303977.05,291498.61,302479.29,12459
2023-02-06 20:00:00,303617.64,305244.52,303617.64,304635.25,17585
2023-02-06 21:00:00,306820.3,310312.72,306820.3,309693.33,10723
2023-02-06 22:00:00,310986.75,317668.85,310986.75,311609.97,11313
2023-02-06 23:00:00,312368.15,312368.15,306530.69,311128.96,15349
2023-02-07 00:00:00,312637.45,314718.17,312442.35,313068.49,10319
2023-02-07 01:00:00,315704.29,318523.35,315704.29,316336.96,16687
2023-02-07 02:00:00,318239.17,318972.16,318239.17,318876.93,11176
2023-02-07 03:00:00,318532.47,321436.91,317599.11,320607.08,15617
2023-02-07 04:00:00,319676.72,324453.82,318020.57,323806.21,7703
2023-02-07 05:00:00,326635.03,334201.89,326635.03,327289.61,8341
2023-02-07 06:00:00,330093.81,337663.68,324051.97,331360.99,8299
2023-02-07 07:00:00,330754.9,334140.36,330754.9,333473.42,18548
2023-02-07 08:00:00,332692.24,337514.86,332692.24,333358.96,10663
2023-02-07 09:00:00,333438.52,337198.0,333438.52,334106.73,13946
2023-02-07 10:00:00,332861.3,339250.82,332861.3,337744.95,12876
2023-02-07 11:00:00,337975.22,346700.45,330719.37,335818.11,14398
2023-02-07 12:00:00,334662.68,337845.6,334217.82,337171.26,13940
2023-02-07 13:00:00,336056.33,342784.08,336056.33,336423.56,8803
2023-02-07 14:00:00,336286.25,337519.78,331885.28,336846.09,11981
2023-02-07 15:00:00,339648.15,343730.42,339648.15,340703.92,9909
2023-02-07 16:00:00,341190.73,342242.18,341190.73,341559.06,6711
2023-02-07 17:00:00,341870.23,344556.33,338472.25,342008.88,12921
2023-02-07 18:00:00,339207.42,339207.42,337889.0,338530.36,15994
2023-02-07 19:00:00,340342.69,341616.42,337805.51,340934.55,9401
2023-02-07 20:00:00,342374.72,343746.97,342374.72,343060.84,8352
2023-02-07 21:00:00,346564.98,350137.96,346564.98,349439.09,5902
2023-02-07 22:00:00,348186.74,349127.47,348142.72,348840.4,8472
2023-02-07 23:00:00,350447.04,350447.04,349048.05,349747.55,14391
2023-02-08 00:00:00,351435.12,351435.12,350032.18,350733.65,11768
2023-02-08 01:00:00,352444.47,358630.8,352444.47,355523.2,15123
2023-02-08 02:00:00,354874.66,357959.43,349101.32,355492.84,14498
2023-02-08 03:00:00,355988.29,359007.6,355988.29,356548.52,14396
2023-02-08 04:00:00,358605.93,366793.72,357847.9,358565.03,8984
2023-02-08 05:00:00,358620.36,360066.19,357595.27,359347.5,15517
2023-02-08 06:00:00,357554.46,364358.26,357554.46,358271.01,6086
2023-02-08 07:00:00,358363.41,361194.97,358363.41,359081.58,17939
2023-02-08 08:00:00,358127.45,363189.18,356121.05,362464.25,8590
2023-02-08 09:00:00,360220.11,362992.97,356743.83,359642.75,13171
2023-02-08 10:00:00,357308.37,360991.3,354558.8,360270.75,11082
2023-02-08 11:00:00,360319.99,360319.99,357727.52,358444.41,15812
2023-02-08 12:00:00,358628.08,364535.95,356862.3,362194.97,12539
2023-02-08 13:00:00,362008.67,362008.67,354809.4,357912.12,7986
2023-02-08 14:00:00,357242.49,357242.49,350686.12,356529.43,7093
2023-02-08 15:00:00,357175.29,358606.85,357175.29,357891.07,8682
2023-02-08 16:00:00,362710.01,364123.52,362710.01,362723.56,12664
2023-02-08 17:00:00,362605.16,366414.46,362030.4,362755.91,8591
2023-02-08 18:00:00,362062.91,362062.91,360617.55,361340.23,8514
2023-02-08 19:00:00,363028.1,367875.94,363028.1,367141.66,6916
2023-02-08 20:00:00,365420.28,365420.28,362285.25,363011.27,18386
2023-02-08 21:00:00,357883.17,357883.17,348983.44,356737.53,10352
2023-02-08 22:00:00,356126.5,361313.65,356126.5,358308.3,7420
2023-02-08 23:00:00,356681.61,357835.05,353659.13,357120.81,8075
2023-02-09 00:00:00,358199.98,358306.16,353729.12,354438.0,15572
2023-02-09 01:00:00,356095.46,362050.39,356095.46,356809.07,10536
2023-02-09 02:00:00,356906.37,358537.11,355807.19,357821.47,12545
2023-02-09 03:00:00,357900.96,359350.72,354708.82,356470.48,11616
2023-02-09 04:00:00,354934.25,356941.93,345560.6,353055.24,14309
2023-02-09 05:00:00,353031.33,356718.02,353031.33,355910.26,9616
2023-02-09 06:00:00,355945.53,361594.99,352286.85,358122.9,11095
2023-02-09 07:00:00,358861.93,360922.88,358028.76,358145.38,8505
2023-02-09 08:00:00,363130.1,364585.53,363130.1,363857.81,9556
2023-02-09 09:00:00,363065.29,364977.56,360236.7,360958.62,7625
2023-02-09 10:00:00,357483.63,357483.63,356056.55,356770.09,10016
2023-02-09 11:00:00,355800.07,355800.07,347853.06,355089.89,7623
2023-02-09 12:00:00,355693.4,356014.49,354593.27,355303.88,13296
2023-02-09 13:00:00,354853.37,360949.24,354853.37,356353.74,11003
2023-02-09 14:00:00,356538.82,357781.43,352495.96,355993.84,8152
2023-02-09 15:00:00,354850.17,357696.86,354850.17,357360.05,5114
2023-02-09 16:00:00,354751.52,354751.52,353335.34,354043.43,12747
2023-02-09 17:00:00,353165.35,359296.86,353165.35,358579.7,10132
2023-02-09 18:00:00,361011.75,370173.44,357955.79,358673.14,9565
2023-02-09 19:00:00,361557.85,369302.88,361557.85,362282.41,8591
2023-02-09 20:00:00,362401.09,364334.13,361167.58,363606.91,18697
2023-02-09 21:00:00,364434.98,365999.82,364434.98,365269.28,8898
2023-02-09 22:00:00,366529.08,369737.77,366529.08,367263.6,11379
2023-02-09 23:00:00,367984.2,372564.39,367984.2,368888.4,5808
2023-02-10 00:00:00,370738.64,371840.58,369385.62,371098.38,9749
2023-02-10 01:00:00,374635.97,375627.43,374635.97,375386.75,12880
2023-02-10 02:00:00,375532.46,386285.23,375468.13,376220.57,11164
2023-02-10 03:00:00,377242.68,386933.23,376806.63,378623.85,7244
2023-02-10 04:00:00,377797.91,379312.13,377797.91,378555.02,9719
2023-02-10 05:00:00,382452.1,383984.98,382452.1,383218.54,10686
2023-02-10 06:00:00,384741.09,384741.09,380512.69,381275.24,8944
2023-02-10 07:00:00,386297.71,391634.35,386297.71,387071.85,5128
2023-02-10 08:00:00,387303.46,387866.99,381197.36,387092.8,5476
2023-02-10 09:00:00,383482.1,383482.1,381951.24,382716.67,10473
2023-02-10 10:00:00,384243.48,386128.83,382829.34,383306.14,8372
2023-02-10 11:00:00,381701.07,383365.28,381263.82,381367.15,14732
2023-02-10 12:00:00,383422.78,384959.55,383422.78,384191.16,16487
2023-02-10 13:00:00,382799.32,383100.83,376212.24,382336.15,10470
2023-02-10 14:00:00,380390.65,389346.84,380390.65,381152.96,10885
2023-02-10 15:00:00,376247.34,376247.34,374745.35,375496.34,9978
2023-02-10 16:00:00,374318.12,375879.01,373586.27,374378.58,11391
2023-02-10 17:00:00,367335.27,367335.27,366518.83,367253.34,7732
2023-02-10 18:00:00,363570.86,363570.86,353640.23,362845.17,8803
2023-02-10 19:00:00,364739.9,368052.12,364739.9,365470.84,8367
2023-02-10 20:00:00,368230.22,368689.35,367194.26,368168.73,16009
2023-02-10 21:00:00,369039.38,373643.31,369039.38,369778.94,11048
2023-02-10 22:00:00,367917.01,367917.01,360395.49,367182.65,11846
2023-02-10 23:00:00,366273.88,368568.76,366273.88,367386.92,7571
2023-02-11 00:00:00,367066.98,370313.94,364289.39,367727.4,9778
2023-02-11 01:00:00,365330.1,365330.1,359272.25,364600.9,9665
2023-02-11 02:00:00,364565.83,373299.96,361053.86,369449.08,11608
2023-02-11 03:00:00,371689.14,373178.88,371689.14,372434.01,9797
2023-02-11 04:00:00,372482.03,372482.03,363063.02,372085.84,7547
2023-02-11 05:00:00,372555.41,372555.41,371750.17,372495.16,7238
2023-02-11 06:00:00,373186.09,374204.1,372710.27,373457.19,12274
2023-02-11 07:00:00,368286.71,368286.71,364776.4,367551.6,7807
2023-02-11 08:00:00,367911.85,367911.85,363826.63,367177.49,10280
2023-02-11 09:00:00,366054.36,372628.87,365193.33,365504.64,14781
2023-02-11 10:00:00,363942.73,364919.35,362180.17,362905.98,13850
2023-02-11 11:00:00,361762.58,368224.53,361762.58,362487.56,9961
2023-02-11 12:00:00,368158.62,372032.61,368158.62,368226.8,13560
2023-02-11 13:00:00,368171.51,371275.5,364286.88,370534.43,9348
2023-02-11 14:00:00,372046.78,373760.58,363304.11,369171.71,15589
2023-02-11 15:00:00,370427.42,372385.81,370427.42,371270.64,8594
2023-02-11 16:00:00,375118.63,376622.12,375118.63,375870.37,6793
2023-02-11 17:00:00,378277.58,381334.22,378277.58,379035.65,15694
2023-02-11 18:00:00,378199.6,384207.91,373611.62,379528.29,10890
2023-02-11 19:00:00,377075.94,378587.27,377075.94,377831.6,13730
2023-02-11 20:00:00,379547.94,385590.01,379547.94,380308.55,10629
2023-02-11 21:00:00,379793.25,382604.93,375972.43,381841.25,12662
2023-02-11 22:00:00,384164.86,386291.92,384164.86,384934.73,12306
2023-02-11 23:00:00,384728.82,387989.91,384728.82,387215.48,9771
2023-02-12 00:00:00,388859.08,391578.18,387853.4,390796.59,11819
2023-02-12 01:00:00,390887.21,395183.73,380664.94,389310.83,13633
2023-02-12 02:00:00,388763.49,402035.12,385241.22,393736.9,14510
2023-02-12 03:00:00,391295.73,394845.57,389077.84,394572.27,7838
2023-02-12 04:00:00,400531.0,402256.64,400531.0,401453.73,6929
2023-02-12 05:00:00,401449.38,401767.54,398535.82,399334.49,6330
2023-02-12 06:00:00,403681.06,408255.47,403681.06,405162.24,8642
2023-02-12 07:00:00,407580.06,407580.06,405127.6,405939.48,10550
2023-02-12 08:00:00,405777.87,412436.07,403092.36,403900.16,10697
2023-02-12 09:00:00,401643.74,403253.54,401643.74,402448.64,7797
2023-02-12 10:00:00,403291.51,403291.51,400754.42,401557.54,9515
2023-02-12 11:00:00,402312.66,405081.53,402312.66,403118.9,11404
2023-02-12 12:00:00,402954.7,405814.81,402954.7,405004.8,11685
2023-02-12 13:00:00,405568.89,407128.07,402448.83,403255.34,10828
2023-02-12 14:00:00,405990.4,413526.25,394754.45,403342.55,9466
2023-02-12 15:00:00,407725.28,414605.72,407725.28,410561.4,11966
2023-02-12 16:00:00,415624.68,422915.0,415624.68,416457.6,29843
2023-02-12 17:00:00,417161.57,425263.57,417161.57,417997.56,8372
2023-02-12 18:00:00,417343.61,419016.33,417343.61,418179.97,7330
2023-02-12 19:00:00,417800.5,422604.19,417800.5,418637.78,7280
2023-02-12 20:00:00,419938.06,429302.41,419938.06,420779.62,6851
2023-02-12 21:00:00,418132.16,418132.16,416462.97,417297.57,14182
2023-02-12 22:00:00,417322.42,417322.42,416358.73,416489.44,15064
2023-02-12 23:00:00,413897.97,413897.97,410073.8,410895.59,14168
2023-02-13 00:00:00,409457.12,413821.88,407263.18,412364.84,10934
2023-02-13 01:00:00,410672.83,414853.35,404617.42,414661.78,9530
2023-02-13 02:00:00,414542.25,417976.78,411812.76,413131.84,7563
2023-02-13 03:00:00,417726.96,419936.14,417726.96,418564.09,6426
2023-02-13 04:00:00,415282.88,415282.88,413625.06,414453.97,9876
2023-02-13 05:00:00,410436.83,410436.83,408798.36,409617.59,9549
2023-02-13 06:00:00,409707.49,411349.6,409707.49,410528.54,12120
2023-02-13 07:00:00,413369.54,415026.33,413369.54,414197.94,5695
2023-02-13 08:00:00,419185.54,420865.64,419185.54,420025.59,9709
2023-02-13 09:00:00,420930.89,421943.68,416361.83,418545.26,8352
2023-02-13 10:00:00,421492.97,423182.32,421492.97,422337.65,21405
2023-02-13 11:00:00,421438.74,423127.88,421438.74,422283.31,17107
2023-02-13 12:00:00,423601.21,425499.51,415681.86,421765.04,8654
2023-02-13 13:00:00,424707.55,427700.39,424669.43,424893.97,17274
2023-02-13 14:00:00,426367.25,428076.14,426367.25,427221.7,6611
2023-02-13 15:00:00,422603.99,422603.99,420916.95,421760.47,13632
2023-02-13 16:00:00,422889.09,427130.6,422889.09,426936.15,9674
2023-02-13 17:00:00,428145.03,432654.76,425297.08,431791.18,9300
2023-02-13 18:00:00,431005.61,431005.61,429506.62,429584.34,14337
2023-02-13 19:00:00,430881.74,431859.57,430135.58,430997.58,13459
2023-02-13 20:00:00,433621.52,433621.52,431890.5,432756.01,9803
2023-02-13 21:00:00,432815.82,437500.44,432815.82,433683.19,17508
2023-02-13 22:00:00,430872.77,435619.28,430872.77,431736.24,12818
2023-02-13 23:00:00,431198.7,433290.71,428534.35,429393.14,7591
2023-02-14 00:00:00,427471.44,430212.51,425463.97,429353.81,15050
2023-02-14 01:00:00,431195.44,441721.99,431195.44,433514.53,5956
2023-02-14 02:00:00,434586.1,440400.12,434586.1,435457.02,9752
2023-02-14 03:00:00,435804.99,437708.82,433275.56,434143.85,10805
2023-02-14 04:00:00,431631.39,439152.72,428119.98,436901.87,8326
2023-02-14 05:00:00,433203.37,433203.37,423738.8,426736.32,9119
2023-02-14 06:00:00,429971.39,431413.87,429971.39,430833.05,7977
2023-02-14 07:00:00,426174.81,426174.81,423922.27,424771.81,7132
2023-02-14 08:00:00,424474.06,424474.06,423010.5,423626.81,13661
2023-02-14 09:00:00,420712.62,420712.62,413822.44,419872.87,12402
2023-02-14 10:00:00,416419.4,416419.4,411312.68,415588.22,13397
2023-02-14 11:00:00,418885.23,423644.55,418885.23,419724.68,9215
2023-02-14 12:00:00,416638.69,419120.03,411100.88,418283.47,8886
2023-02-14 13:00:00,418801.27,420479.83,418801.27,419640.55,8718
2023-02-14 14:00:00,420316.23,420316.23,413150.56,419641.44,7962
2023-02-14 15:00:00,420605.22,422282.08,420596.32,421439.2,6021
2023-02-14 16:00:00,420808.55,427446.45,416833.0,421852.67,10708
2023-02-14 17:00:00,421768.61,421783.97,416756.38,417591.56,9239
2023-02-14 18:00:00,420607.17,424539.4,419330.38,421192.33,12006
2023-02-14 19:00:00,420513.4,420513.4,416009.79,419674.05,14914
2023-02-14 20:00:00,418106.76,422805.07,411327.7,414541.9,7582
2023-02-14 21:00:00,415435.81,415830.72,412511.97,413338.64,6355
2023-02-14 22:00:00,414267.62,419495.4,414267.62,418658.08,9373
2023-02-14 23:00:00,420928.04,424906.5,420928.04,421771.58,11820
2023-02-15 00:00:00,421504.87,421601.1,414158.85,420759.58,10544
2023-02-15 01:00:00,420844.93,425356.93,418716.84,419758.6,10878
2023-02-15 02:00:00,419699.97,419699.97,418042.37,418862.24,9848
2023-02-15 03:00:00,424729.99,427304.32,424729.99,426180.3,7294
2023-02-15 04:00:00,425065.03,438058.44,420341.8,427661.91,12885
2023-02-15 05:00:00,425792.68,435903.08,420788.98,429307.29,11317
2023-02-15 06:00:00,432185.86,446534.19,432185.86,433051.97,4888
2023-02-15 07:00:00,433126.7,435721.86,433126.7,433994.69,7825
2023-02-15 08:00:00,435299.74,435299.74,426975.41,433172.87,16147
2023-02-15 09:00:00,432029.01,437296.06,431751.03,432583.09,10001
2023-02-15 10:00:00,432935.55,442247.5,431578.44,432443.33,13269
2023-02-15 11:00:00,434139.48,436561.5,431568.05,432432.92,11907
2023-02-15 12:00:00,434661.28,440912.26,434661.28,435123.98,8528
2023-02-15 13:00:00,433536.75,436277.17,425713.32,435406.36,7703
2023-02-15 14:00:00,437236.09,438988.54,437236.09,438112.31,10859
2023-02-15 15:00:00,437103.63,440649.05,437023.32,437899.12,9439
2023-02-15 16:00:00,439016.08,439016.08,437383.3,438259.82,11629
2023-02-15 17:00:00,437957.24,438864.71,430817.38,431191.69,15342
2023-02-15 18:00:00,432912.01,438425.44,429439.32,434578.81,9574
2023-02-15 19:00:00,435072.22,436815.99,435072.22,435944.11,11350
2023-02-15 20:00:00,436615.2,444436.17,434175.93,439625.23,15507
2023-02-15 21:00:00,430187.56,430187.56,428470.25,429328.91,13721
2023-02-15 22:00:00,433676.4,443459.41,433676.4,436844.34,14446
2023-02-15 23:00:00,438563.63,441487.88,435602.81,436475.77,7594
2023-02-16 00:00:00,439680.29,442911.94,439680.29,440561.41,11611
2023-02-16 01:00:00,440465.5,444692.0,433401.22,436923.35,8132
2023-02-16 02:00:00,438372.19,440129.19,438372.19,439250.69,10245
2023-02-16 03:00:00,436468.49,436468.49,433320.85,435597.3,10102
2023-02-16 04:00:00,433443.04,434992.47,433319.07,433540.02,12075
2023-02-16 05:00:00,434211.26,441380.56,434211.26,440499.56,10174
2023-02-16 06:00:00,438904.5,440810.87,438604.75,439931.01,13678
2023-02-16 07:00:00,439089.22,446571.52,438594.97,440836.97,8571
2023-02-16 08:00:00,439144.84,444983.01,435300.44,444094.82,13673
2023-02-16 09:00:00,445100.21,448945.44,445100.21,445992.19,9062
2023-02-16 10:00:00,444814.86,447518.46,443574.77,446625.21,11067
2023-02-16 11:00:00,448860.39,449548.02,443961.66,448047.4,17824
2023-02-16 12:00:00,456001.02,464681.91,456001.02,456914.85,17627
2023-02-16 13:00:00,457631.79,462221.91,452108.14,456685.14,12191
2023-02-16 14:00:00,458349.08,458349.08,454497.87,457434.21,5844
2023-02-16 15:00:00,458993.26,462276.67,458993.26,461353.96,6825
2023-02-16 16:00:00,464545.57,466164.75,464545.57,465476.53,13386
2023-02-16 17:00:00,467057.05,470841.16,463924.68,469901.35,11511
2023-02-16 18:00:00,472842.15,473168.83,466269.59,472224.38,7627
2023-02-16 19:00:00,472218.38,474317.7,463584.56,467671.19,11449
2023-02-16 20:00:00,467832.69,474757.49,464071.84,473809.87,8560
2023-02-16 21:00:00,474881.17,476232.78,458762.81,469213.82,7012
2023-02-16 22:00:00,471204.35,471204.35,462846.58,470263.83,6757
2023-02-16 23:00:00,467969.49,467969.49,456167.95,467252.12,11365
2023-02-17 00:00:00,467527.66,469090.82,465988.74,466922.58,10750
2023-02-17 01:00:00,467168.12,470248.57,467168.12,468104.33,9471
2023-02-17 02:00:00,468318.14,475227.48,468318.14,469256.65,6635
2023-02-17 03:00:00,471109.73,480662.83,465638.1,470787.31,10577
2023-02-17 04:00:00,475937.27,477844.84,475937.27,476891.06,15076
2023-02-17 05:00:00,477538.09,478883.18,477538.09,478495.08,8692
2023-02-17 06:00:00,478316.62,478316.62,473782.92,477361.89,8424
2023-02-17 07:00:00,479052.2,487383.07,474567.81,480954.58,15107
2023-02-17 08:00:00,481962.48,492783.83,481962.48,485423.69,12335
2023-02-17 09:00:00,481037.1,481037.1,473237.75,480317.98,15492
2023-02-17 10:00:00,481521.32,483451.27,481521.32,482486.29,9073
2023-02-17 11:00:00,484088.38,490265.3,484088.38,485058.49,9389
2023-02-17 12:00:00,484810.71,488728.5,482699.7,483667.03,9232
2023-02-17 13:00:00,482869.97,489878.9,482869.97,488901.1,13046
2023-02-17 14:00:00,488083.89,488083.89,484926.5,488048.19,7705
2023-02-17 15:00:00,491207.04,498879.77,487336.55,488313.18,12637
2023-02-17 16:00:00,486983.08,488672.38,486407.87,487382.63,7731
2023-02-17 17:00:00,486247.39,488196.28,486247.39,487221.84,9640
2023-02-17 18:00:00,483620.39,483620.39,481689.77,482655.08,7635
2023-02-17 19:00:00,483377.74,485229.64,475880.82,476834.49,11597
2023-02-17 20:00:00,477042.64,483936.98,477042.64,482971.04,6744
2023-02-17 21:00:00,481167.78,482389.07,478340.47,479497.99,16287
2023-02-17 22:00:00,478563.28,480419.97,474579.05,475530.11,10312
2023-02-17 23:00:00,472043.98,472043.98,466580.91,467125.86,9896
2023-02-18 00:00:00,464762.86,465670.61,463811.65,464741.13,13198
2023-02-18 01:00:00,460723.74,460723.74,458884.52,459804.13,11652
2023-02-18 02:00:00,465566.84,472580.38,465566.84,466107.03,7685
2023-02-18 03:00:00,468209.13,470975.15,457936.33,470035.08,10537
2023-02-18 04:00:00,468374.97,468374.97,466505.21,467440.09,10888
2023-02-18 05:00:00,464888.91,477064.76,463153.17,476112.54,9796
2023-02-18 06:00:00,478959.06,486531.97,478959.06,479918.9,5526
2023-02-18 07:00:00,479689.65,487324.28,478443.06,478594.22,14206
2023-02-18 08:00:00,477218.99,477218.99,467857.18,468794.77,8053
2023-02-18 09:00:00,472446.23,484730.85,468373.11,477629.89,10637
2023-02-18 10:00:00,473137.72,473137.72,463796.59,472193.33,10534
2023-02-18 11:00:00,467255.48,467255.48,457586.15,465893.53,6730
2023-02-18 12:00:00,468175.91,474626.02,468175.91,469893.43,6919
2023-02-18 13:00:00,475499.71,480281.79,475499.71,479323.15,10936
2023-02-18 14:00:00,480441.03,490774.95,480441.03,484713.74,14061
2023-02-18 15:00:00,484630.14,487841.27,478939.87,486867.54,11201
2023-02-18 16:00:00,486106.03,490115.22,484507.6,489136.95,15772
2023-02-18 17:00:00,487263.0,493887.38,485228.85,492425.93,9766
2023-02-18 18:00:00,494330.43,498220.83,494330.43,495321.07,7845
2023-02-18 19:00:00,495284.1,497269.21,495284.1,496276.65,8783
2023-02-18 20:00:00,495893.7,501556.16,495513.89,496506.91,8894
2023-02-18 21:00:00,497055.11,497055.11,495070.86,496062.99,21803
2023-02-18 22:00:00,494237.85,496592.72,491049.43,492828.82,5772
2023-02-18 23:00:00,494079.8,494079.8,490578.16,491561.28,14335
2023-02-19 00:00:00,486795.6,487533.19,483681.56,484650.86,12847
2023-02-19 01:00:00,484024.19,485188.52,478689.93,484220.08,9002
2023-02-19 02:00:00,481229.9,481229.9,478908.5,480269.36,10408
2023-02-19 03:00:00,476895.26,476895.26,473292.99,475943.37,8331
2023-02-19 04:00:00,474377.7,478952.75,466096.68,476702.34,12151
2023-02-19 05:00:00,481221.55,483150.29,481221.55,482185.92,8707
2023-02-19 06:00:00,485541.58,486793.4,485541.58,485821.76,5500
2023-02-19 07:00:00,480535.59,480535.59,477366.27,479576.44,8398
2023-02-19 08:00:00,477392.9,484448.12,465784.98,475747.94,11771
2023-02-19 09:00:00,475982.68,480440.84,471137.04,479481.87,7558
2023-02-19 10:00:00,476344.28,476344.28,470255.01,475676.91,5359
2023-02-19 11:00:00,475356.79,477108.79,466356.82,474888.8,8618
2023-02-19 12:00:00,475256.61,477373.27,474835.92,477124.25,8196
2023-02-19 13:00:00,476691.81,481919.84,461523.52,473439.42,13289
2023-02-19 14:00:00,471908.8,478111.11,467010.89,473977.43,7555
2023-02-19 15:00:00,473718.45,473718.45,463369.04,468939.61,11371
2023-02-19 16:00:00,467418.1,481480.09,465878.88,466812.5,6494
2023-02-19 17:00:00,466159.33,469169.62,466159.33,468233.15,8251
2023-02-19 18:00:00,465374.5,465374.5,457997.21,462337.76,6470
2023-02-19 19:00:00,464106.66,469422.89,463330.6,464259.12,6261
2023-02-19 20:00:00,461647.86,467569.88,459303.28,464423.58,9097
2023-02-19 21:00:00,465829.27,467696.32,465829.27,466762.8,7147
2023-02-19 22:00:00,466627.61,468778.86,464302.36,467843.17,13700
2023-02-19 23:00:00,472141.35,478612.21,472141.35,473269.29,5944
2023-02-20 00:00:00,476212.72,482683.34,469949.68,473914.05,10861
2023-02-20 01:00:00,471469.14,485312.48,471469.14,472413.97,8399
2023-02-20 02:00:00,471701.46,473524.33,466685.8,473065.27,6731
2023-02-20 03:00:00,475276.42,476806.9,475276.42,475348.22,17911
2023-02-20 04:00:00,472249.83,477495.09,469615.96,475705.41,10553
2023-02-20 05:00:00,475432.6,476980.68,475076.56,476028.62,7033
2023-02-20 06:00:00,475544.77,484379.05,472519.38,473466.31,10735
2023-02-20 07:00:00,473764.96,475193.27,461609.2,471100.11,8982
2023-02-20 08:00:00,469960.61,470159.87,460389.51,465925.72,17175
2023-02-20 09:00:00,468081.58,481256.16,452734.76,472853.11,10280
2023-02-20 10:00:00,469197.33,469197.33,461196.58,468260.81,8236
2023-02-20 11:00:00,466312.13,466807.0,456904.73,465875.25,11070
2023-02-20 12:00:00,465105.09,465105.09,462509.35,463436.22,6878
2023-02-20 13:00:00,464634.88,471323.91,460117.17,467150.72,7239
2023-02-20 14:00:00,467251.93,467251.93,462898.05,466319.29,10647
2023-02-20 15:00:00,470440.66,472910.72,470440.66,471383.43,7396
2023-02-20 16:00:00,469992.8,469992.8,457681.13,469054.69,12414
2023-02-20 17:00:00,467117.73,471349.55,467117.73,470408.73,8151
2023-02-20 18:00:00,467257.15,468403.06,466533.19,467468.13,8743
2023-02-20 19:00:00,471984.47,483589.58,471984.47,475954.4,15295
2023-02-20 20:00:00,472634.56,477128.18,470611.88,471554.99,15921
2023-02-20 21:00:00,470229.4,473960.19,468703.45,473014.16,13678
2023-02-20 22:00:00,474767.33,476119.52,474767.33,475718.77,9816
2023-02-20 23:00:00,476598.98,478509.2,476598.98,477554.09,11429
2023-02-21 00:00:00,480205.64,480630.46,476089.07,477043.16,9912
2023-02-21 01:00:00,476918.79,481221.13,475802.92,476756.44,7274
2023-02-21 02:00:00,477465.5,478098.62,468242.84,477144.33,13808
2023-02-21 03:00:00,477522.16,477522.16,466079.8,476784.34,5914
2023-02-21 04:00:00,478282.21,481714.82,478282.21,480753.31,11643
2023-02-21 05:00:00,488638.08,490697.57,488638.08,489617.31,13776
2023-02-21 06:00:00,489284.9,493553.63,478462.02,487487.6,19255
2023-02-21 07:00:00,483128.59,483128.59,476814.43,482164.26,8775
2023-02-21 08:00:00,482962.04,482962.04,477756.75,481998.04,9694
2023-02-21 09:00:00,486252.74,493327.99,481934.69,492343.3,9937
2023-02-21 10:00:00,492975.44,493225.65,483210.87,489206.84,16085
2023-02-21 11:00:00,494884.39,496867.9,494884.39,495876.14,18530
2023-02-21 12:00:00,498721.33,505847.87,498721.33,502719.73,8925
2023-02-21 13:00:00,501430.1,501430.1,484230.38,500429.24,9684
2023-02-21 14:00:00,498885.84,507225.38,498104.32,502768.87,10364
2023-02-21 15:00:00,508791.52,510461.95,508791.52,509443.06,14086
2023-02-21 16:00:00,510790.31,513475.39,500615.56,507782.52,10644
2023-02-21 17:00:00,507888.89,507888.89,493050.37,506875.14,7958
2023-02-21 18:00:00,505456.74,512560.73,502991.27,504419.58,17324
2023-02-21 19:00:00,503438.2,505190.99,476788.73,500230.03,6812
2023-02-21 20:00:00,498610.14,498610.14,495257.81,497614.91,10923
2023-02-21 21:00:00,498758.92,500567.83,491731.21,492716.64,11266
2023-02-21 22:00:00,492144.5,502072.89,489631.57,492981.53,5693
2023-02-21 23:00:00,497687.47,497687.47,488084.77,490007.12,9537
2023-02-22 00:00:00,490124.85,493102.4,490124.85,491107.06,11247
2023-02-22 01:00:00,486686.53,486686.53,481807.04,485029.7,7755
2023-02-22 02:00:00,485600.18,489638.17,485600.18,486573.33,9239
2023-02-22 03:00:00,489119.58,505363.28,489119.58,490099.78,12849
2023-02-22 04:00:00,483266.06,483266.06,471797.42,482301.46,7254
2023-02-22 05:00:00,486416.97,499736.05,479748.68,484043.1,6794
2023-02-22 06:00:00,488171.88,496637.08,488171.88,489150.18,13503
2023-02-22 07:00:00,485489.13,485489.13,475456.6,484520.09,10798
2023-02-22 08:00:00,490409.46,492375.02,490409.46,491392.24,7687
2023-02-22 09:00:00,490196.46,497075.53,490196.46,493257.89,13059
2023-02-22 10:00:00,491577.36,491577.36,486435.91,490596.17,15253
2023-02-22 11:00:00,490012.08,493196.88,489609.0,490590.18,9824
2023-02-22 12:00:00,492065.05,494241.12,492065.05,493051.15,15097
2023-02-22 13:00:00,494553.76,494553.76,481974.28,493566.63,9155
2023-02-22 14:00:00,495432.73,505249.26,494954.39,495946.28,9472
2023-02-22 15:00:00,495580.54,495580.54,483401.13,492409.32,7992
2023-02-22 16:00:00,492436.16,494316.82,492436.16,493330.16,8285
2023-02-22 17:00:00,493965.66,497497.99,486895.54,487871.28,9417
2023-02-22 18:00:00,490935.87,495415.24,483541.65,487723.21,10677
2023-02-22 19:00:00,487862.76,493017.84,482301.0,484415.89,14953
2023-02-22 20:00:00,486115.48,495967.06,480872.53,481836.2,12459
2023-02-22 21:00:00,486088.45,488036.7,486088.45,487062.57,11305
2023-02-22 22:00:00,487138.05,495793.71,478676.5,491721.95,11858
2023-02-22 23:00:00,493456.8,495432.35,493456.8,494445.69,8002
2023-02-23 00:00:00,495117.9,497846.92,488819.56,490287.06,8901
2023-02-23 01:00:00,490891.58,490891.58,474324.51,489309.19,17478
2023-02-23 02:00:00,490172.1,495445.14,487393.42,494456.23,16240
2023-02-23 03:00:00,494043.62,496751.44,486485.99,495278.07,7433
2023-02-23 04:00:00,501544.09,505910.72,501544.09,504900.92,8183
2023-02-23 05:00:00,506457.53,508643.3,506457.53,506670.12,11286
2023-02-23 06:00:00,508251.94,508622.45,506592.02,507607.24,8546
2023-02-23 07:00:00,510295.04,511715.16,499857.21,506463.25,8163
2023-02-23 08:00:00,504505.04,510836.68,504505.04,507168.34,13449
2023-02-23 09:00:00,501321.67,507698.37,494828.13,506685.0,8102
2023-02-23 10:00:00,508753.14,519718.81,508753.14,509772.69,9026
2023-02-23 11:00:00,507837.93,514906.71,504114.64,513878.95,14220
2023-02-23 12:00:00,511134.54,515284.11,509642.98,510664.31,10354
2023-02-23 13:00:00,506249.87,506249.87,504228.91,505239.39,6745
2023-02-23 14:00:00,506311.12,509005.65,485630.81,497855.14,12798
2023-02-23 15:00:00,498468.24,501196.41,498468.24,500196.02,4331
2023-02-23 16:00:00,496939.2,496939.2,490789.7,495947.3,10306
2023-02-23 17:00:00,489536.77,489536.77,480129.64,487526.92,7720
2023-02-23 18:00:00,487672.22,490443.49,484509.03,489464.56,8576
2023-02-23 19:00:00,498800.26,500799.46,498800.26,499799.86,6769
2023-02-23 20:00:00,500456.92,504920.07,499038.89,500038.97,12115
2023-02-23 21:00:00,504822.24,507993.76,502384.84,503722.35,6875
2023-02-23 22:00:00,504009.64,505294.53,503277.39,504285.96,12587
2023-02-23 23:00:00,503094.66,506642.07,503094.66,504102.86,15109
2023-02-24 00:00:00,505374.54,516771.76,499203.73,508107.53,10138
2023-02-24 01:00:00,506053.13,508102.43,494074.63,507088.25,12493
2023-02-24 02:00:00,508745.39,514878.5,505577.73,508388.37,13325
2023-02-24 03:00:00,509285.28,512383.44,503957.89,509907.5,11643
2023-02-24 04:00:00,507129.19,512923.14,506283.96,507298.56,8595
2023-02-24 05:00:00,510594.25,512640.72,510594.25,511617.49,11493
2023-02-24 06:00:00,510040.38,512084.63,510040.38,511062.5,12742
2023-02-24 07:00:00,510331.62,510331.62,505408.89,508088.2,8439
2023-02-24 08:00:00,509075.39,519996.13,509075.39,510529.71,9039
2023-02-24 09:00:00,509278.16,509278.16,505962.5,506976.45,8702
2023-02-24 10:00:00,506315.53,508994.83,506315.53,507330.19,11753
2023-02-24 11:00:00,508546.06,508546.06,504032.49,507531.0,9521
2023-02-24 12:00:00,511245.24,518445.87,511245.24,512269.78,5806
2023-02-24 13:00:00,508859.73,521055.96,506212.0,514444.43,14351
2023-02-24 14:00:00,515531.95,515531.95,508189.88,514502.94,6138
2023-02-24 15:00:00,514008.49,519146.87,513698.22,518110.65,7953
2023-02-24 16:00:00,523082.18,525178.71,523082.18,524130.44,12038
2023-02-24 17:00:00,526086.29,527309.64,525543.8,526597.0,7452
2023-02-24 18:00:00,529850.94,529949.11,525641.78,526695.17,18472
2023-02-24 19:00:00,521069.71,523107.31,520064.92,521107.14,15936
2023-02-24 20:00:00,517724.97,517724.97,513646.64,516691.59,9645
2023-02-24 21:00:00,515897.49,518338.27,514544.95,515576.11,7239
2023-02-24 22:00:00,519540.35,525901.29,512167.42,513193.8,13748
2023-02-24 23:00:00,511608.71,513659.24,511608.71,512633.98,10122
2023-02-25 00:00:00,510967.28,514171.52,501598.87,513098.41,19782
2023-02-25 01:00:00,516819.18,518566.81,512912.47,515545.44,8988
2023-02-25 02:00:00,514719.05,516442.92,514431.1,515462.02,8051
2023-02-25 03:00:00,513511.45,518766.68,510359.77,517731.22,10918
2023-02-25 04:00:00,517169.09,519241.92,517169.09,518205.51,15375
2023-02-25 05:00:00,512917.94,512917.94,509022.72,510042.81,5284
2023-02-25 06:00:00,507731.34,507862.39,503300.57,506413.36,11627
2023-02-25 07:00:00,505330.71,518091.23,488393.3,506146.93,6937
2023-02-25 08:00:00,503428.1,503428.1,498027.64,501491.68,12534
2023-02-25 09:00:00,503334.2,515758.28,503334.2,504342.89,5849
2023-02-25 10:00:00,509987.87,515971.98,509987.87,511009.89,16353
2023-02-25 11:00:00,511245.85,516531.17,511052.88,516379.28,9510
2023-02-25 12:00:00,518544.11,521354.85,514672.81,515704.21,11974
2023-02-25 13:00:00,521172.81,525324.36,521172.81,522217.24,10758
2023-02-25 14:00:00,522795.54,524925.71,522795.54,523027.26,11408
2023-02-25 15:00:00,522806.11,522806.11,520719.06,521762.58,10566
2023-02-25 16:00:00,520383.1,520383.1,518305.73,519344.41,8051
2023-02-25 17:00:00,519488.56,519488.56,517249.53,518286.1,11707
2023-02-25 18:00:00,519005.31,519005.31,515846.97,516880.73,12731
2023-02-25 19:00:00,515756.13,518900.06,509735.55,517864.33,18336
2023-02-25 20:00:00,517764.62,522112.36,517764.62,518802.22,9345
2023-02-25 21:00:00,517196.73,520153.02,516925.83,519057.12,7212
2023-02-25 22:00:00,524133.46,525847.61,520106.61,521148.91,9029
2023-02-25 23:00:00,523495.59,527484.78,519980.63,526431.92,13127
2023-02-26 00:00:00,528437.66,531733.25,523334.64,530671.91,11455
2023-02-26 01:00:00,526686.09,530700.22,517227.5,524355.18,7861
2023-02-26 02:00:00,519393.99,519393.99,512586.96,513614.19,20894
2023-02-26 03:00:00,514053.91,524558.33,507638.04,517848.14,13437
2023-02-26 04:00:00,513374.12,513374.12,511324.73,512349.42,11383
2023-02-26 05:00:00,511875.35,512906.45,509153.03,511750.23,7035
2023-02-26 06:00:00,508236.73,508236.73,503164.95,507222.29,8546
2023-02-26 07:00:00,501169.76,501169.76,499169.08,500169.42,8591
2023-02-26 08:00:00,500295.59,507431.63,498624.79,502867.94,13742
2023-02-26 09:00:00,502576.0,507460.35,497802.94,506447.46,6898
2023-02-26 10:00:00,501456.55,505502.86,501281.43,504493.87,12080
2023-02-26 11:00:00,494677.2,494677.2,493289.4,494277.96,12519
2023-02-26 12:00:00,494276.33,501152.75,490383.12,492639.71,6340
2023-02-26 13:00:00,492448.93,503642.67,492448.93,494798.42,12782
2023-02-26 14:00:00,490362.47,490362.47,485394.59,489383.7,8856
2023-02-26 15:00:00,486822.61,491727.05,486822.61,490745.56,12893
2023-02-26 16:00:00,490218.17,492051.43,488222.58,491302.01,10153
2023-02-26 17:00:00,492454.25,499604.02,492454.25,494245.78,12100
2023-02-26 18:00:00,496371.51,499765.2,495051.52,495315.86,10198
2023-02-26 19:00:00,496469.57,499997.2,490976.36,491960.28,8352
2023-02-26 20:00:00,496387.93,498094.24,496387.93,497382.7,8979
2023-02-26 21:00:00,498302.84,498302.84,490652.98,497308.22,11308
2023-02-26 22:00:00,496993.09,498753.54,496762.51,497758.03,7715
2023-02-26 23:00:00,495515.29,495515.29,493537.19,494526.24,8727
2023-02-27 00:00:00,492341.19,498030.89,492341.19,493327.85,11237
2023-02-27 01:00:00,495771.37,496731.85,488341.74,490372.76,20394
2023-02-27 02:00:00,492289.11,493807.96,487471.42,490316.77,13131
2023-02-27 03:00:00,496296.59,498801.96,496296.59,497806.35,11435
2023-02-27 04:00:00,493129.89,493129.89,490814.63,492796.71,12507
2023-02-27 05:00:00,490042.86,498050.13,480505.19,486918.91,10380
2023-02-27 06:00:00,492453.57,494751.1,492453.57,493440.45,8594
2023-02-27 07:00:00,493934.97,494191.88,492219.06,493205.47,8766
2023-02-27 08:00:00,492099.07,492099.07,482391.79,491116.83,7244
2023-02-27 09:00:00,494930.0,498028.55,494930.0,495921.85,7569
2023-02-27 10:00:00,497802.57,497802.57,485306.13,494055.61,15809
2023-02-27 11:00:00,495117.46,502546.22,495117.46,502029.16,9789
2023-02-27 12:00:00,504333.66,509186.39,504333.66,505344.35,13678
2023-02-27 13:00:00,503147.7,509080.97,499253.32,503834.93,10425
2023-02-27 14:00:00,512202.39,514255.3,512202.39,513228.85,11903
2023-02-27 15:00:00,512156.67,512156.67,506145.88,511117.77,13966
2023-02-27 16:00:00,510584.56,515703.44,510584.56,514674.1,10280
2023-02-27 17:00:00,512501.89,517384.68,503847.49,516351.97,16958
2023-02-27 18:00:00,522010.04,525358.88,522010.04,522245.91,9868
2023-02-27 19:00:00,528183.24,530300.21,528183.24,529241.72,7107
2023-02-27 20:00:00,530117.85,532843.45,512425.97,529641.93,6581
2023-02-27 21:00:00,527618.65,527618.65,517516.08,526645.76,12004
2023-02-27 22:00:00,528700.68,540044.37,517549.32,528919.12,10422
2023-02-27 23:00:00,527316.88,527316.88,525211.82,526264.35,12525
2023-02-28 00:00:00,529543.28,536284.83,529543.28,535214.4,16450
2023-02-28 01:00:00,534788.26,537395.93,516476.9,536013.22,10213
2023-02-28 02:00:00,534727.98,534727.98,533548.23,534617.46,12874
2023-02-28 03:00:00,536712.62,536712.62,534570.06,535641.34,7679
2023-02-28 04:00:00,531016.69,531016.69,528896.86,529956.77,8712
2023-02-28 05:00:00,534154.45,534569.09,524979.37,526031.43,11326
2023-02-28 06:00:00,530253.01,532583.77,530253.01,531520.73,9713
2023-02-28 07:00:00,530374.26,530374.26,521437.55,528938.54,6642
2023-02-28 08:00:00,524157.88,525767.79,522395.67,524718.36,12662
2023-02-28 09:00:00,526316.65,528426.14,526316.65,527371.39,8944
2023-02-28 10:00:00,531739.79,537722.97,531739.79,532805.4,5572
2023-02-28 11:00:00,533090.98,543936.72,533090.98,536191.78,12165
2023-02-28 12:00:00,539199.69,541861.17,539199.69,540779.61,14638
2023-02-28 13:00:00,543510.82,543928.54,525515.22,537624.69,12063
2023-02-28 14:00:00,532675.0,532675.0,530372.61,531611.77,7016
2023-02-28 15:00:00,529929.27,548940.19,527035.76,538424.26,8140
2023-02-28 16:00:00,535919.91,547713.87,532448.4,537225.51,11568
2023-02-28 17:00:00,536642.43,542237.67,535300.13,536372.87,10820
2023-02-28 18:00:00,541371.49,543541.31,541371.49,542456.4,13977
2023-02-28 19:00:00,544034.2,551954.52,544034.2,545124.44,12213
2023-02-28 20:00:00,546885.02,549725.66,546238.5,547333.16,11843
2023-02-28 21:00:00,554896.33,558277.19,554896.33,557162.87,11006
2023-02-28 22:00:00,555382.91,555382.91,550776.14,554274.36,8871
2023-02-28 23:00:00,552428.85,561042.62,546692.28,558551.98,12849
2023-03-01 00:00:00,559963.48,559963.48,557728.1,558845.79,9318
2023-03-01 01:00:00,558994.39,581950.58,558994.39,560114.62,12634
2023-03-01 02:00:00,560155.77,569292.96,560155.77,567143.28,14318
2023-03-01 03:00:00,567037.51,570580.87,567037.51,569441.99,8158
2023-03-01 04:00:00,570724.83,572713.13,570724.83,571868.56,10151
2023-03-01 05:00:00,577931.57,577931.57,575624.45,576778.01,9067
2023-03-01 06:00:00,576055.33,576055.33,573987.12,574905.52,18245
2023-03-01 07:00:00,573556.34,583966.74,569696.32,570838.0,12545
2023-03-01 08:00:00,567280.01,569411.37,565855.05,565913.97,13916
2023-03-01 09:00:00,559224.55,559224.55,554489.35,556833.67,8049
2023-03-01 10:00:00,558592.15,570153.59,552713.25,566298.73,7791
2023-03-01 11:00:00,562325.48,562325.48,560080.67,561203.08,8132
2023-03-01 12:00:00,559154.12,569583.33,559154.12,560274.67,7581
2023-03-01 13:00:00,560223.39,560223.39,557986.97,559105.18,7304
2023-03-01 14:00:00,559856.89,571822.38,554170.97,560622.84,6875
2023-03-01 15:00:00,562017.28,565330.78,562017.28,564463.3,11468
2023-03-01 16:00:00,565451.95,569629.65,560758.51,568492.67,15359
2023-03-01 17:00:00,567344.68,567344.68,564670.57,565802.17,13003
2023-03-01 18:00:00,564240.39,566217.94,558123.55,565087.76,17969
2023-03-01 19:00:00,565915.58,571618.24,565331.44,566464.37,6761
2023-03-01 20:00:00,568102.95,580226.26,564249.58,565380.34,6029
2023-03-01 21:00:00,568724.53,579970.56,568724.53,572892.06,7786
2023-03-01 22:00:00,573030.81,576342.89,564619.65,575192.5,9072
2023-03-01 23:00:00,577467.47,582680.2,577467.47,578624.72,5150
2023-03-02 00:00:00,580535.8,581755.34,580535.8,581699.2,15980
2023-03-02 01:00:00,581954.18,592136.12,572468.7,587183.06,11423
2023-03-02 02:00:00,589315.06,597279.43,586718.34,587894.13,11550
2023-03-02 03:00:00,584454.06,587970.8,578590.88,581507.77,10380
2023-03-02 04:00:00,584593.53,587647.26,573164.45,583340.18,13665
2023-03-02 05:00:00,581322.56,581322.56,579001.91,580162.23,7996
2023-03-02 06:00:00,584569.58,586833.9,575533.34,577620.09,8202
2023-03-02 07:00:00,579443.57,581545.88,576690.8,580385.1,7633
2023-03-02 08:00:00,586069.63,587390.3,586069.63,586217.87,10977
2023-03-02 09:00:00,585038.74,587383.59,585038.74,586211.16,14909
2023-03-02 10:00:00,588060.35,588060.35,586413.0,587588.17,7094
2023-03-02 11:00:00,584367.87,603737.28,583671.28,595644.21,19764
2023-03-02 12:00:00,595407.46,606350.46,595407.46,596600.66,10415
2023-03-02 13:00:00,607123.9,614721.43,607123.9,609040.15,7763
2023-03-02 14:00:00,606372.89,614847.89,601782.14,611444.38,11723
2023-03-02 15:00:00,603341.25,603341.25,601017.83,602222.27,8477
2023-03-02 16:00:00,600636.91,610508.31,597895.23,605613.35,8650
2023-03-02 17:00:00,605935.45,607443.35,605935.45,607149.75,14897
2023-03-02 18:00:00,614767.51,620450.09,611955.41,613181.77,15562
2023-03-02 19:00:00,610272.29,624809.97,604565.59,616117.78,11674
2023-03-02 20:00:00,613718.64,616178.44,613718.64,614948.54,14270
2023-03-02 21:00:00,609554.58,609554.58,607437.05,608337.9,5714
2023-03-02 22:00:00,607482.61,617751.73,605724.43,606938.31,12251
2023-03-02 23:00:00,603599.38,603599.38,601189.8,602394.59,11929
2023-03-03 00:00:00,602462.26,610725.6,598085.72,599284.28,8167
2023-03-03 01:00:00,600749.15,603156.96,600749.15,601953.06,14073
2023-03-03 02:00:00,602097.05,611138.03,602097.05,609918.19,13037
2023-03-03 03:00:00,610308.92,613259.14,610308.92,611531.99,8491
2023-03-03 04:00:00,606332.18,606332.18,597910.63,605186.35,11109
2023-03-03 05:00:00,605894.68,612459.84,605894.68,607108.9,11177
2023-03-03 06:00:00,611511.76,613962.71,611511.76,612737.23,7511
2023-03-03 07:00:00,610521.89,610521.89,608084.67,609303.28,9455
2023-03-03 08:00:00,608012.46,614928.27,607083.73,608300.33,7762
2023-03-03 09:00:00,606467.13,609263.26,606467.13,608047.17,10436
2023-03-03 10:00:00,606743.02,614462.51,599461.13,603833.8,18645
2023-03-03 11:00:00,604169.56,619597.3,599396.48,606784.19,11275
2023-03-03 12:00:00,606995.91,609200.58,604690.29,605902.1,10834
2023-03-03 13:00:00,608172.77,614548.07,606487.53,607702.94,11797
2023-03-03 14:00:00,604215.71,604215.71,597668.44,603009.69,10887
2023-03-03 15:00:00,600170.81,608403.01,599445.24,600646.54,14124
2023-03-03 16:00:00,602805.44,605221.49,602805.44,604013.46,19118
2023-03-03 17:00:00,604700.43,604700.43,595522.3,601954.89,11270
2023-03-03 18:00:00,609038.85,620424.56,609038.85,610259.37,9768
2023-03-03 19:00:00,609081.61,609081.61,601754.67,607984.47,10814
2023-03-03 20:00:00,607514.26,612731.05,607514.26,608849.92,7760
2023-03-03 21:00:00,612154.27,614447.48,611994.59,613221.04,9856
2023-03-03 22:00:00,607013.48,607013.48,603394.37,605801.87,13629
2023-03-03 23:00:00,602623.85,602623.85,595694.62,596888.4,7412
2023-03-04 00:00:00,590554.09,590554.09,583867.83,589375.34,10596
2023-03-04 01:00:00,592609.72,602665.32,590066.05,595474.53,10030
2023-03-04 02:00:00,598130.64,599463.64,591559.65,592745.14,11644
2023-03-04 03:00:00,603913.91,612889.21,603913.91,605124.16,8114
2023-03-04 04:00:00,600092.3,608187.84,600092.3,602168.2,11685
2023-03-04 05:00:00,601747.24,605606.03,601747.24,602953.15,6429
2023-03-04 06:00:00,609188.05,613475.66,609188.05,610408.86,10163
2023-03-04 07:00:00,617283.02,621417.74,617283.02,620177.39,14119
2023-03-04 08:00:00,626258.49,635011.34,626258.49,630251.74,9519
2023-03-04 09:00:00,634363.89,642125.57,632779.17,635960.92,10393
2023-03-04 10:00:00,637691.78,643506.3,637691.78,640689.21,14668
2023-03-04 11:00:00,645049.29,651590.76,641420.76,643133.48,13186
2023-03-04 12:00:00,642065.84,647832.18,633890.09,646539.1,11714
2023-03-04 13:00:00,643708.43,649440.42,641618.59,642904.4,8820
2023-03-04 14:00:00,639220.67,639220.67,625781.98,637944.78,11274
2023-03-04 15:00:00,635879.68,645159.98,628182.95,637348.17,5930
2023-03-04 16:00:00,639443.75,639443.75,628405.86,635900.37,11621
2023-03-04 17:00:00,632098.53,633606.02,626240.32,633009.31,6681
2023-03-04 18:00:00,630479.37,637390.58,628874.97,636118.34,11698
2023-03-04 19:00:00,641042.28,646422.42,635100.88,640547.84,5944
2023-03-04 20:00:00,639136.84,642788.03,636818.72,640419.78,8192
2023-03-04 21:00:00,643865.09,649448.88,643865.09,647560.28,6967
2023-03-04 22:00:00,642113.57,642113.57,636690.72,640831.9,9520
2023-03-04 23:00:00,640287.43,640332.16,633321.81,639247.65,7803
2023-03-05 00:00:00,638299.06,648487.38,626971.89,634970.54,8258
2023-03-05 01:00:00,626071.79,626071.79,623132.44,624822.15,8799
2023-03-05 02:00:00,625334.42,625334.42,616823.28,624086.25,18710
2023-03-05 03:00:00,624198.46,624414.63,621921.96,623168.29,12322
2023-03-05 04:00:00,630254.76,637756.64,630254.76,630592.16,8801
2023-03-05 05:00:00,630825.49,634728.98,630825.49,633462.05,8542
2023-03-05 06:00:00,635723.93,637978.75,626616.28,627757.45,16514
2023-03-05 07:00:00,636618.0,637501.91,636618.0,636944.17,7856
2023-03-05 08:00:00,641562.2,644133.6,641562.2,642847.9,17576
2023-03-05 09:00:00,645008.75,654844.66,637781.34,645380.4,9151
2023-03-05 10:00:00,642663.54,654962.04,637945.48,643632.62,7935
2023-03-05 11:00:00,639344.99,639344.99,629720.99,638068.86,13059
2023-03-05 12:00:00,641293.69,651306.78,623644.48,635698.77,9042
2023-03-05 13:00:00,637031.28,645557.32,626312.95,640958.7,5648
2023-03-05 14:00:00,649056.86,654758.69,649056.86,650357.58,8101
2023-03-05 15:00:00,656631.56,664260.02,656631.56,657947.46,12355
2023-03-05 16:00:00,655811.65,655811.65,653289.65,654598.85,10770
2023-03-05 17:00:00,651368.17,654356.08,642905.86,647943.59,11149
2023-03-05 18:00:00,648768.14,659311.54,646820.58,648116.82,9923
2023-03-05 19:00:00,645758.3,645758.3,634844.95,638183.43,14748
2023-03-05 20:00:00,640725.09,640725.09,638167.31,639446.2,11971
2023-03-05 21:00:00,638929.53,639518.08,636534.85,638241.6,8663
2023-03-05 22:00:00,637070.93,638395.16,634129.7,635400.5,9623
2023-03-05 23:00:00,626814.2,626814.2,625493.46,626746.95,6908
2023-03-06 00:00:00,627877.56,630394.1,627877.56,629135.83,12344
2023-03-06 01:00:00,625787.39,627390.05,620210.17,626137.78,11424
2023-03-06 02:00:00,623418.0,626632.88,618706.15,619946.04,8217
2023-03-06 03:00:00,608818.69,608818.69,591225.83,605300.83,16218
2023-03-06 04:00:00,603830.17,605765.93,592629.99,605257.19,8373
2023-03-06 05:00:00,612896.63,631740.26,612896.63,614124.88,9112
2023-03-06 06:00:00,616769.49,633279.35,612110.6,622444.12,13817
2023-03-06 07:00:00,620735.66,620735.66,618761.66,620001.67,6882
2023-03-06 08:00:00,621494.09,625954.97,614383.51,616865.11,17911
2023-03-06 09:00:00,620425.23,620425.23,616263.95,619186.86,12343
2023-03-06 10:00:00,615303.67,615303.67,605195.86,614075.52,8092
2023-03-06 11:00:00,614761.41,619199.4,614331.88,615599.26,7823
2023-03-06 12:00:00,615956.33,620780.95,602309.98,619449.14,14631
2023-03-06 13:00:00,624355.55,626857.98,624355.55,625606.77,12849
2023-03-06 14:00:00,625768.98,628027.78,623713.18,624963.1,14991
2023-03-06 15:00:00,625209.88,628274.46,616650.52,623802.47,9053
2023-03-06 16:00:00,622113.68,622300.33,614258.91,619235.86,10861
2023-03-06 17:00:00,617281.83,617281.83,613794.96,615025.01,5620
2023-03-06 18:00:00,615153.96,615153.96,600102.23,613926.1,6112
2023-03-06 19:00:00,617065.2,617065.2,611308.38,615833.54,7320
2023-03-06 20:00:00,619489.27,622415.93,619221.26,620462.18,12727
2023-03-06 21:00:00,617461.32,626317.01,615144.02,616376.78,11237
2023-03-06 22:00:00,614947.37,632172.54,614912.97,623946.47,8433
2023-03-06 23:00:00,623145.71,630164.5,620140.07,622525.2,6841
2023-03-07 00:00:00,623131.14,623769.08,616298.77,622405.23,7138
2023-03-07 01:00:00,619294.95,621786.38,613495.6,618609.9,6752
2023-03-07 02:00:00,607635.63,607635.63,603101.54,606422.79,10951
2023-03-07 03:00:00,608990.15,615115.04,603632.06,611026.88,8904
2023-03-07 04:00:00,611944.94,620032.07,611810.28,614866.09,9601
2023-03-07 05:00:00,616867.7,618310.33,611676.23,613571.34,8031
2023-03-07 06:00:00,615278.25,615278.25,605035.72,614050.15,9642
2023-03-07 07:00:00,614211.16,619313.71,607133.26,616781.98,7511
2023-03-07 08:00:00,610251.03,610251.03,604264.36,609032.97,11918
2023-03-07 09:00:00,609016.73,612660.87,593245.48,606625.83,9611
2023-03-07 10:00:00,609101.68,612038.61,609101.68,610816.98,11822
2023-03-07 11:00:00,607184.09,607184.09,598979.15,604780.11,5237
2023-03-07 12:00:00,602573.4,607883.3,591878.25,606531.45,12089
2023-03-07 13:00:00,601298.72,601298.72,588045.77,600098.52,6717
2023-03-07 14:00:00,599702.75,616503.19,599702.75,602756.57,12155
2023-03-07 15:00:00,601526.35,614398.99,592819.32,602919.92,13041
2023-03-07 16:00:00,599163.75,599163.75,594129.76,595320.4,17754
2023-03-07 17:00:00,601227.89,604524.53,601227.89,601431.33,9597
2023-03-07 18:00:00,603327.48,606077.01,598101.55,598194.57,13840
2023-03-07 19:00:00,595777.08,599492.33,593461.7,594651.0,8558
2023-03-07 20:00:00,594884.0,603897.03,594884.0,596076.15,8518
2023-03-07 21:00:00,594115.01,604078.08,593941.87,602101.12,12306
2023-03-07 22:00:00,601690.54,610594.97,581105.07,597464.78,11894
2023-03-07 23:00:00,601674.28,605585.89,596994.34,598190.72,10379
2023-03-08 00:00:00,598329.46,611961.53,594240.62,600702.02,7087
2023-03-08 01:00:00,601809.77,612845.27,601809.77,604496.95,9305
2023-03-08 02:00:00,604516.8,611808.04,604516.8,605728.26,7625
2023-03-08 03:00:00,605878.87,605878.87,603058.89,604267.42,11097
2023-03-08 04:00:00,609132.87,609623.82,587136.05,600561.12,12836
2023-03-08 05:00:00,598420.58,602859.67,598420.58,601413.42,8011
2023-03-08 06:00:00,598987.88,612029.66,587693.87,596563.61,8264
2023-03-08 07:00:00,583979.64,583979.64,581172.62,582814.02,8409
2023-03-08 08:00:00,584367.3,586709.46,584367.3,585538.38,13644
2023-03-08 09:00:00,586868.58,591664.41,586868.58,590483.45,10586
2023-03-08 10:00:00,580834.38,580834.38,574077.84,579675.03,8524
2023-03-08 11:00:00,578582.66,582283.33,574464.92,575616.15,15146
2023-03-08 12:00:00,571811.59,580824.84,568248.7,579286.52,15354
2023-03-08 13:00:00,579377.93,590918.4,579377.93,589738.92,9674
2023-03-08 14:00:00,587254.36,595080.56,583726.78,590441.46,8710
2023-03-08 15:00:00,588925.91,598058.71,575947.51,587531.15,14549
2023-03-08 16:00:00,586789.29,592533.31,586789.29,587288.75,10134
2023-03-08 17:00:00,586611.08,595714.83,586611.08,594525.78,13505
2023-03-08 18:00:00,593290.96,593290.96,590760.32,591944.21,11543
2023-03-08 19:00:00,589843.89,589843.89,583498.13,588666.56,6608
2023-03-08 20:00:00,584891.94,588153.6,582644.79,586979.64,6723
2023-03-08 21:00:00,585918.76,592103.92,582882.47,583063.13,20249
2023-03-08 22:00:00,583185.28,585522.7,583185.28,584353.99,12782
2023-03-08 23:00:00,584577.12,595347.67,577697.58,592794.24,11836
2023-03-09 00:00:00,593770.76,596150.61,593770.76,594960.69,12356
2023-03-09 01:00:00,595500.02,595500.02,593122.78,594311.4,10898
2023-03-09 02:00:00,593797.42,595197.26,585339.14,593483.55,8598
2023-03-09 03:00:00,592299.21,592299.21,578772.76,586513.87,8154
2023-03-09 04:00:00,590250.58,592616.32,590250.58,591433.45,12276
2023-03-09 05:00:00,594181.92,597396.5,587996.04,591694.97,10450
2023-03-09 06:00:00,591123.86,601063.52,590282.69,591465.62,12169
2023-03-09 07:00:00,598189.67,608757.12,598189.67,607542.03,7164
2023-03-09 08:00:00,608271.64,610709.6,608271.64,609490.62,12499
2023-03-09 09:00:00,610191.71,610191.71,604982.71,606195.1,14426
2023-03-09 10:00:00,609019.32,609306.08,603367.55,604576.71,12667
2023-03-09 11:00:00,610452.37,614149.35,610452.37,610777.39,8197
2023-03-09 12:00:00,613029.63,613029.63,610582.4,611806.01,7643
2023-03-09 13:00:00,606281.42,606281.42,603861.13,605071.27,12372
2023-03-09 14:00:00,606560.8,618549.1,606560.8,610153.87,11105
2023-03-09 15:00:00,608519.78,608519.78,606090.56,607305.17,9136
2023-03-09 16:00:00,616793.92,620095.69,616793.92,617114.51,12283
2023-03-09 17:00:00,621702.47,624194.27,621702.47,622948.37,7625
2023-03-09 18:00:00,621146.93,635506.85,620380.2,620990.5,13946
2023-03-09 19:00:00,619684.78,633456.0,612611.8,627845.54,11589
2023-03-09 20:00:00,628242.28,629727.34,627226.56,628470.4,7024
2023-03-09 21:00:00,631261.89,637059.97,631261.89,633104.5,13369
2023-03-09 22:00:00,632601.61,644118.17,631699.95,635818.04,12750
2023-03-09 23:00:00,631980.78,631980.78,615077.12,631606.84,7858
2023-03-10 00:00:00,629788.58,629788.58,627274.46,628531.52,10105
2023-03-10 01:00:00,632844.0,639892.8,632844.0,634112.23,9919
2023-03-10 02:00:00,634769.98,634769.98,631332.55,632597.75,22104
2023-03-10 03:00:00,632016.25,632016.25,629493.23,630754.74,11708
2023-03-10 04:00:00,625224.32,627369.73,624865.26,626117.5,8204
2023-03-10 05:00:00,630115.79,639355.28,623952.87,628630.72,6428
2023-03-10 06:00:00,633526.08,640803.66,633526.08,639524.61,9798
2023-03-10 07:00:00,635381.4,635381.4,632844.94,634113.17,8919
2023-03-10 08:00:00,634720.12,635750.09,616151.09,634481.13,12197
2023-03-10 09:00:00,639575.1,644459.07,639575.1,642047.56,12406
2023-03-10 10:00:00,641848.52,656630.6,622782.59,641780.93,7478
2023-03-10 11:00:00,642755.6,645597.29,633639.1,644308.67,11428
2023-03-10 12:00:00,639777.32,651964.94,637004.22,638853.46,9377
2023-03-10 13:00:00,640337.03,642586.41,630092.82,641303.8,10679
2023-03-10 14:00:00,643331.68,646944.1,635837.27,640506.51,9027
2023-03-10 15:00:00,644576.36,656460.45,644576.36,645868.09,10763
2023-03-10 16:00:00,650963.13,654084.67,650963.13,652267.67,10095
2023-03-10 17:00:00,664778.76,666202.98,664778.76,666110.98,9303
2023-03-10 18:00:00,665620.29,670456.6,659868.73,669118.36,15382
2023-03-10 19:00:00,664405.85,672047.64,663912.32,670706.22,16493
2023-03-10 20:00:00,673286.26,678156.87,670213.47,671556.58,9640
2023-03-10 21:00:00,672038.98,672086.3,668059.81,669398.6,12161
2023-03-10 22:00:00,669722.1,680087.77,669722.1,671064.23,9998
2023-03-10 23:00:00,674200.07,677503.08,667911.6,669250.1,12230
2023-03-11 00:00:00,667694.36,676816.42,664411.82,670009.61,12857
2023-03-11 01:00:00,674857.11,678410.58,674857.11,677056.47,14657
2023-03-11 02:00:00,675673.46,675673.46,666829.92,671228.94,13399
2023-03-11 03:00:00,674493.19,679050.05,670745.23,677314.77,10780
2023-03-11 04:00:00,682983.97,685721.38,682983.97,684352.68,7465
2023-03-11 05:00:00,683749.36,683749.36,679270.22,683343.08,12123
2023-03-11 06:00:00,672518.19,672518.19,657139.52,671175.83,7217
2023-03-11 07:00:00,671611.95,671878.94,664642.39,667702.99,16888
2023-03-11 08:00:00,670330.82,701316.19,659444.31,674693.22,9852
2023-03-11 09:00:00,678497.8,684889.31,673037.48,674386.25,11222
2023-03-11 10:00:00,670047.1,670047.1,667372.26,668709.68,9415
2023-03-11 11:00:00,667210.09,667210.09,664546.57,665878.33,7056
2023-03-11 12:00:00,665405.76,677427.65,665405.76,670412.83,10846
2023-03-11 13:00:00,668316.48,674651.32,658537.09,673304.71,7620
2023-03-11 14:00:00,672240.51,673202.84,659153.85,671859.12,8096
2023-03-11 15:00:00,672558.25,674772.37,668404.86,669744.35,9512
2023-03-11 16:00:00,667566.36,668871.7,658828.68,667536.63,12352
2023-03-11 17:00:00,663808.86,663808.86,659854.7,662483.9,12088
2023-03-11 18:00:00,669364.49,672620.35,669364.49,671277.79,5727
2023-03-11 19:00:00,670771.08,670771.08,666686.55,669432.21,10668
2023-03-11 20:00:00,665252.57,682611.79,665252.57,676037.03,11088
2023-03-11 21:00:00,678558.05,685671.85,675144.62,684303.24,11031
2023-03-11 22:00:00,686002.84,691003.07,681778.4,689623.83,10937
2023-03-11 23:00:00,688229.91,688229.91,668741.13,686856.2,6999
2023-03-12 00:00:00,687451.05,695257.1,687451.05,688828.71,8435
2023-03-12 01:00:00,689751.81,689751.81,674414.72,688375.06,15608
2023-03-12 02:00:00,684353.02,684353.02,676383.49,682987.05,8221
2023-03-12 03:00:00,682870.03,688888.98,682870.03,684580.37,10078
2023-03-12 04:00:00,687571.99,694130.0,676401.35,677756.87,8132
2023-03-12 05:00:00,682843.71,695263.0,682843.71,684212.13,11875
2023-03-12 06:00:00,682761.37,682761.37,666714.68,681398.57,11872
2023-03-12 07:00:00,680497.53,685635.09,679405.97,682346.66,21243
2023-03-12 08:00:00,682388.75,685110.88,682375.91,683743.4,7815
2023-03-12 09:00:00,682114.75,683753.82,668655.86,682103.66,9860
2023-03-12 10:00:00,683832.02,686572.83,683832.02,685202.43,6534
2023-03-12 11:00:00,680976.12,683705.48,680976.12,682340.8,11512
2023-03-12 12:00:00,683989.15,688422.47,682100.57,687048.37,12075
2023-03-12 13:00:00,680635.72,680635.72,666171.27,679277.16,11920
2023-03-12 14:00:00,678519.84,681239.35,678519.84,679879.59,7880
2023-03-12 15:00:00,689156.25,692641.77,689156.25,690537.32,11767
2023-03-12 16:00:00,686019.63,686019.63,683281.02,684650.33,9745
2023-03-12 17:00:00,682070.57,682070.57,677083.52,680709.15,12695
2023-03-12 18:00:00,682123.56,698351.88,682123.56,683490.54,8834
2023-03-12 19:00:00,685741.07,685741.07,683003.58,684372.33,7311
2023-03-12 20:00:00,684824.17,694209.38,684824.17,686196.56,11878
2023-03-12 21:00:00,685757.12,690152.71,666629.99,688775.16,11041
2023-03-12 22:00:00,690758.06,693263.03,690758.06,692142.35,10556
2023-03-12 23:00:00,694715.67,703855.95,692370.54,698162.37,11420
2023-03-13 00:00:00,693793.75,704901.06,692808.37,700152.58,8997
2023-03-13 01:00:00,700969.59,702859.44,692573.47,698395.57,9497
2023-03-13 02:00:00,698934.42,707627.5,691561.93,701895.15,8425
2023-03-13 03:00:00,708856.67,713830.58,708856.67,712405.77,6617
2023-03-13 04:00:00,714249.5,714249.5,709675.22,711097.41,8815
2023-03-13 05:00:00,706343.53,706343.53,692949.58,704933.67,7785
2023-03-13 06:00:00,707426.23,712329.49,693001.86,710907.68,14503
2023-03-13 07:00:00,712634.19,719047.74,693914.44,709715.48,6178
2023-03-13 08:00:00,699225.79,699225.79,696275.09,696650.63,11955
2023-03-13 09:00:00,698141.8,703251.59,682598.86,701215.54,10523
2023-03-13 10:00:00,699215.69,699215.69,682584.71,697820.05,14612
2023-03-13 11:00:00,690794.41,705022.77,689278.97,697026.84,13145
2023-03-13 12:00:00,700162.92,703835.55,693428.1,698665.26,13034
2023-03-13 13:00:00,698807.7,703070.73,697689.91,699494.11,12322
2023-03-13 14:00:00,701876.99,704690.13,701876.99,703283.56,15082
2023-03-13 15:00:00,703510.29,707047.72,692586.95,700473.39,7907
2023-03-13 16:00:00,702424.14,717948.44,701741.34,703147.64,16034
2023-03-13 17:00:00,704732.42,704732.42,699948.12,701350.82,10222
2023-03-13 18:00:00,703903.21,708031.58,703903.21,705313.84,8051
2023-03-13 19:00:00,704918.11,709953.21,704918.11,708536.13,7618
2023-03-13 20:00:00,704162.66,704162.66,695853.46,702757.14,13788
2023-03-13 21:00:00,707301.14,715171.39,707301.14,708718.58,4775
2023-03-13 22:00:00,707465.87,707465.87,687944.26,705263.77,5420
2023-03-13 23:00:00,708199.13,710210.71,708199.13,709618.36,13478
2023-03-14 00:00:00,711599.62,717836.7,709955.01,711377.77,8992
2023-03-14 01:00:00,719578.07,725136.56,719578.07,721655.99,8292
2023-03-14 02:00:00,720524.58,721216.22,714707.78,719776.67,8058
2023-03-14 03:00:00,719282.87,726675.44,704950.92,717190.84,14395
2023-03-14 04:00:00,715496.03,726555.84,715155.24,716588.42,12749
2023-03-14 05:00:00,715765.42,715765.42,709828.93,714336.74,8497
2023-03-14 06:00:00,712156.0,720003.11,712156.0,718565.98,13511
2023-03-14 07:00:00,709146.07,709146.07,708158.77,708571.7,10206
2023-03-14 08:00:00,705023.74,705023.74,697455.66,702135.39,12821
2023-03-14 09:00:00,698032.49,698032.49,689971.58,695791.63,11516
2023-03-14 10:00:00,697627.89,715797.2,687420.59,701075.13,14368
2023-03-14 11:00:00,707008.32,712106.64,707008.32,710685.27,11674
2023-03-14 12:00:00,709516.74,711177.98,706520.78,709758.47,12432
2023-03-14 13:00:00,710214.48,712558.54,708323.72,708485.88,12018
2023-03-14 14:00:00,707206.62,710041.12,707206.62,708623.87,6018
2023-03-14 15:00:00,710531.97,716513.13,695092.78,715082.97,12176
2023-03-14 16:00:00,717215.23,721719.68,698189.71,709311.47,10732
2023-03-14 17:00:00,709011.09,713983.43,709011.09,710431.95,21949
2023-03-14 18:00:00,709088.57,729390.92,709088.57,715803.14,10200
2023-03-14 19:00:00,716931.35,722094.34,716931.35,718368.09,11003
2023-03-14 20:00:00,718059.18,720510.12,717633.84,719071.98,18004
2023-03-14 21:00:00,723079.6,725977.71,723079.6,724528.66,6782
2023-03-14 22:00:00,709447.4,709447.4,706615.27,708031.33,6739
2023-03-14 23:00:00,710297.36,715587.73,710297.36,711720.8,9620
2023-03-15 00:00:00,714014.51,725279.93,706742.32,707626.83,10904
2023-03-15 01:00:00,698223.65,698223.65,695436.33,696829.99,9827
2023-03-15 02:00:00,692343.79,704365.11,681301.65,699701.71,13834
2023-03-15 03:00:00,700167.54,708880.73,700111.08,707465.8,9371
2023-03-15 04:00:00,708027.82,712139.72,703927.22,706480.06,8189
2023-03-15 05:00:00,710371.85,715584.43,710371.85,711795.44,13291
2023-03-15 06:00:00,719478.22,722636.76,719478.22,720920.06,9999
2023-03-15 07:00:00,726811.59,733509.3,726811.59,728268.13,11659
2023-03-15 08:00:00,736037.13,738987.18,736037.13,737512.15,10338
2023-03-15 09:00:00,739825.02,742440.47,739825.02,741307.64,5916
2023-03-15 10:00:00,743897.41,743897.41,739548.46,741030.52,9869
2023-03-15 11:00:00,733190.85,733190.85,729155.61,730616.85,11880
2023-03-15 12:00:00,730051.78,730051.78,727155.42,728612.64,12877
2023-03-15 13:00:00,723483.36,723483.36,721649.46,723095.65,10798
2023-03-15 14:00:00,732440.91,736975.2,732440.91,735504.19,8060
2023-03-15 15:00:00,735311.42,735311.42,730182.14,733843.73,5951
2023-03-15 16:00:00,733782.43,735023.09,728486.78,734012.53,13663
2023-03-15 17:00:00,735289.29,757118.65,735289.29,736762.82,9105
2023-03-15 18:00:00,739672.52,743901.26,734952.54,736425.39,9925
2023-03-15 19:00:00,744534.5,747518.61,744534.5,746026.56,7445
2023-03-15 20:00:00,735596.97,756838.26,725951.75,741488.26,13100
2023-03-15 21:00:00,740510.36,752329.16,740510.36,741994.35,9923
2023-03-15 22:00:00,738286.1,738286.1,729851.46,736812.47,7378
2023-03-15 23:00:00,733238.74,733238.74,726834.69,728291.27,15000
2023-03-16 00:00:00,729359.92,731287.33,722767.24,724215.67,12444
2023-03-16 01:00:00,725067.08,725067.08,710144.24,723619.84,14311
2023-03-16 02:00:00,719111.06,725077.52,713830.97,720735.99,10376
2023-03-16 03:00:00,717790.1,717790.1,701408.55,716357.39,8031
2023-03-16 04:00:00,712963.86,712963.86,704429.86,707906.78,6208
2023-03-16 05:00:00,704437.16,708758.08,698293.89,707343.39,9246
2023-03-16 06:00:00,699962.01,699962.01,695096.56,698564.88,7882
2023-03-16 07:00:00,695457.16,708650.64,689360.76,702953.28,10186
2023-03-16 08:00:00,707487.02,711330.07,702013.62,703420.46,9188
2023-03-16 09:00:00,696065.92,696065.92,684346.02,695044.22,10788
2023-03-16 10:00:00,692039.17,694812.88,692039.17,693426.02,11686
2023-03-16 11:00:00,690710.41,690710.41,680477.01,689331.74,8246
2023-03-16 12:00:00,692747.59,692747.59,682552.79,691364.86,8391
2023-03-16 13:00:00,695347.4,701668.72,695347.4,699138.8,8542
2023-03-16 14:00:00,688925.5,688925.5,687142.1,688519.14,13906
2023-03-16 15:00:00,688711.58,701284.03,688029.62,689408.44,4097
2023-03-16 16:00:00,688729.31,694304.94,683431.61,688732.06,5659
2023-03-16 17:00:00,689058.32,698936.66,678634.75,692755.16,13469
2023-03-16 18:00:00,692755.41,695531.99,692755.41,694143.7,12093
2023-03-16 19:00:00,691431.16,691431.16,688670.96,690051.06,11623
2023-03-16 20:00:00,688972.81,689865.35,674839.77,688488.37,14001
2023-03-16 21:00:00,685390.92,687396.86,669471.55,684276.87,14682
2023-03-16 22:00:00,679443.6,696744.93,678330.71,690629.44,8972
2023-03-16 23:00:00,692380.82,692380.82,687633.65,690998.82,6255
2023-03-17 00:00:00,700575.0,702517.86,700575.0,701978.96,9659
2023-03-17 01:00:00,701227.4,702596.6,689885.06,701723.78,10795
2023-03-17 02:00:00,701190.93,709112.8,690480.02,697766.17,7705
2023-03-17 03:00:00,693257.92,693257.92,687947.42,689326.07,7239
2023-03-17 04:00:00,682720.14,682720.14,671923.06,679484.19,9753
2023-03-17 05:00:00,672503.2,672503.2,667377.12,671160.88,10866
2023-03-17 06:00:00,668509.78,674565.03,666470.73,673218.59,9196
2023-03-17 07:00:00,675229.06,677935.39,675229.06,676582.23,10477
2023-03-17 08:00:00,670824.2,670824.2,667046.74,668383.5,12546
2023-03-17 09:00:00,665525.84,678788.57,663410.62,673912.71,8248
2023-03-17 10:00:00,676254.31,679901.38,670399.71,671824.01,13952
2023-03-17 11:00:00,671789.09,674571.9,671464.89,673225.45,9160
2023-03-17 12:00:00,681307.14,684037.83,681307.14,682672.49,10140
2023-03-17 13:00:00,686743.09,689495.57,686743.09,688119.33,11577
2023-03-17 14:00:00,688993.66,693023.85,681525.79,686987.46,10726
2023-03-17 15:00:00,684111.37,684111.37,680445.36,682386.52,10528
2023-03-17 16:00:00,673362.38,673362.38,659965.7,670864.82,11028
2023-03-17 17:00:00,670347.2,670347.2,666230.02,667565.15,7861
2023-03-17 18:00:00,667553.54,667770.9,662609.85,667103.48,10024
2023-03-17 19:00:00,669268.5,669268.5,661842.56,662420.23,11299
2023-03-17 20:00:00,663817.23,663817.23,656789.93,662492.25,6223
2023-03-17 21:00:00,665012.16,665018.6,661785.34,663691.22,14948
2023-03-17 22:00:00,663492.32,663492.32,661904.06,663230.52,6328
2023-03-17 23:00:00,662392.02,662392.02,653587.9,660474.6,10066
2023-03-18 00:00:00,660419.18,663506.9,648278.97,662182.54,4902
2023-03-18 01:00:00,665206.86,666689.03,665206.86,665358.32,13489
2023-03-18 02:00:00,664565.09,671601.4,650150.33,660185.42,13921
2023-03-18 03:00:00,659806.95,670615.3,655425.55,668619.93,8259
2023-03-18 04:00:00,667780.79,679699.44,667461.51,668799.1,10515
2023-03-18 05:00:00,670959.91,670959.91,661554.86,669620.67,10263
2023-03-18 06:00:00,674057.64,683750.57,674057.64,674203.16,5495
2023-03-18 07:00:00,676639.92,676639.92,674786.36,676138.64,14937
2023-03-18 08:00:00,675594.28,684027.05,675594.28,682036.3,7538
2023-03-18 09:00:00,682826.71,692873.93,682826.71,684195.1,11763
2023-03-18 10:00:00,684520.29,684520.29,679949.08,681311.7,7433
2023-03-18 11:00:00,681674.22,688208.64,668163.1,683911.11,12184
2023-03-18 12:00:00,679443.49,679443.49,672664.27,678087.31,10834
2023-03-18 13:00:00,677940.83,680700.5,667747.18,679341.82,6154
2023-03-18 14:00:00,678976.97,679942.94,674161.37,679801.33,8506
2023-03-18 15:00:00,680655.83,680655.83,674273.08,679297.24,14745
2023-03-18 16:00:00,677885.17,701164.21,677885.17,679243.65,8935
2023-03-18 17:00:00,671292.21,671292.21,666771.11,669466.86,20871
2023-03-18 18:00:00,668595.5,668595.5,659545.85,667260.97,8395
2023-03-18 19:00:00,668559.46,673760.77,667260.02,668597.22,10595
2023-03-18 20:00:00,667269.75,679835.64,661081.24,670275.29,12007
2023-03-18 21:00:00,666773.04,666773.04,664111.27,665442.16,10574
2023-03-18 22:00:00,664381.22,674527.2,660767.85,673180.84,13584
2023-03-18 23:00:00,670527.48,670527.48,667850.73,669189.1,9445
2023-03-19 00:00:00,673960.58,679392.18,673960.58,675311.2,12182
2023-03-19 01:00:00,675726.33,679768.53,672709.64,678411.71,9196
2023-03-19 02:00:00,675024.02,676898.16,674195.97,675547.07,9837
2023-03-19 03:00:00,684214.18,689427.58,684214.18,686109.27,9977
2023-03-19 04:00:00,685572.8,685572.8,677548.06,680044.4,15802
2023-03-19 05:00:00,684491.32,689052.66,684491.32,685863.05,15175
2023-03-19 06:00:00,690722.33,693490.75,690722.33,692106.54,14121
2023-03-19 07:00:00,693307.96,695642.43,687497.44,688875.19,11140
2023-03-19 08:00:00,693895.41,701871.3,693895.41,697316.43,17389
2023-03-19 09:00:00,696542.64,702473.06,689513.18,696393.31,13743
2023-03-19 10:00:00,692469.97,699938.71,684022.91,698541.63,6213
2023-03-19 11:00:00,701905.3,701905.3,688476.36,700504.29,9960
2023-03-19 12:00:00,700103.25,701594.14,685965.15,700193.76,5941
2023-03-19 13:00:00,703889.92,706711.12,703889.92,705300.52,9484
2023-03-19 14:00:00,703704.03,718361.37,703704.03,710280.17,17452
2023-03-19 15:00:00,701889.55,701889.55,695410.42,700488.58,7626
2023-03-19 16:00:00,703717.2,716105.42,703717.2,708449.02,12322
2023-03-19 17:00:00,699286.82,699286.82,697829.74,699228.19,14994
2023-03-19 18:00:00,704246.61,717724.11,704246.61,705657.93,7972
2023-03-19 19:00:00,707601.02,732497.85,707601.02,712600.92,9780
2023-03-19 20:00:00,708031.15,708031.15,705204.68,706617.91,9265
2023-03-19 21:00:00,706661.96,715015.98,703308.26,704717.7,10670
2023-03-19 22:00:00,701059.94,701059.94,693148.19,698860.58,11768
2023-03-19 23:00:00,696833.11,699267.18,696833.11,698229.57,8426
2023-03-20 00:00:00,698467.37,698467.37,690254.75,697073.22,12557
2023-03-20 01:00:00,700731.11,703539.65,700731.11,702135.38,8230
2023-03-20 02:00:00,708775.11,711615.89,708775.11,710195.5,9943
2023-03-20 03:00:00,717278.85,720153.72,717278.85,718716.28,9700
2023-03-20 04:00:00,716993.37,716993.37,714279.97,715711.39,9959
2023-03-20 05:00:00,712509.16,716261.72,699179.56,714832.06,12607
2023-03-20 06:00:00,706779.89,706779.89,697632.58,705369.15,6029
2023-03-20 07:00:00,702644.32,702644.32,699839.36,701241.84,11389
2023-03-20 08:00:00,705928.41,708757.79,705928.41,707343.1,6979
2023-03-20 09:00:00,715738.91,718607.6,715738.91,717173.25,11687
2023-03-20 10:00:00,711262.17,711262.17,708878.91,710299.51,9947
2023-03-20 11:00:00,709401.77,713187.77,706968.55,707323.12,7089
2023-03-20 12:00:00,707234.1,709097.99,706267.26,707682.62,10977
2023-03-20 13:00:00,707007.13,711247.51,698672.79,709827.85,7505
2023-03-20 14:00:00,707049.35,707049.35,704226.8,705638.07,8085
2023-03-20 15:00:00,707232.51,724534.56,707232.51,708649.81,11482
2023-03-20 16:00:00,706547.19,706547.19,698435.51,706426.72,9080
2023-03-20 17:00:00,709001.54,709660.69,705485.76,706899.55,8604
2023-03-20 18:00:00,708173.14,716885.67,698859.89,710609.3,10635
2023-03-20 19:00:00,716518.35,716518.35,706478.97,711150.76,7916
2023-03-20 20:00:00,712585.42,719501.51,698200.65,709106.98,12175
2023-03-20 21:00:00,709507.3,711587.86,702651.99,708993.15,10873
2023-03-20 22:00:00,707416.59,726376.61,699471.19,709020.34,11015
2023-03-20 23:00:00,708847.54,708847.54,704461.11,707432.68,4333
2023-03-21 00:00:00,704048.84,707928.59,689623.88,706515.56,20933
2023-03-21 01:00:00,714906.97,723630.56,714906.97,716339.65,12681
2023-03-21 02:00:00,718631.79,721512.07,718631.79,720071.93,8612
2023-03-21 03:00:00,720315.66,725258.09,717307.47,718744.96,6716
2023-03-21 04:00:00,721826.97,726309.65,721826.97,723273.52,14984
2023-03-21 05:00:00,723126.85,723126.85,719575.13,721683.48,8232
2023-03-21 06:00:00,727537.78,740402.97,727537.78,728995.77,8623
2023-03-21 07:00:00,732718.59,732955.19,730029.22,731492.2,15575
2023-03-21 08:00:00,731349.3,733019.28,729651.81,731114.04,7685
2023-03-21 09:00:00,732599.6,746172.6,732599.6,734067.73,7394
2023-03-21 10:00:00,727421.79,727421.79,723449.49,724899.29,10890
2023-03-21 11:00:00,720065.42,720065.42,717190.9,718628.16,12731
2023-03-21 12:00:00,712903.39,712903.39,701974.42,712119.04,5621
2023-03-21 13:00:00,712129.39,714983.61,712129.39,713556.5,4670
2023-03-21 14:00:00,722792.21,725689.17,722792.21,724240.69,8609
2023-03-21 15:00:00,732067.41,748444.45,732067.41,737862.13,10476
2023-03-21 16:00:00,740433.22,743400.89,740433.22,741917.06,9555
2023-03-21 17:00:00,739793.76,746581.66,739793.76,745091.48,11276
2023-03-21 18:00:00,735693.81,735693.81,732756.91,734225.36,10423
2023-03-21 19:00:00,735309.81,739592.32,720929.1,731253.14,11134
2023-03-21 20:00:00,727454.06,727454.06,716608.3,726885.18,12397
2023-03-21 21:00:00,725351.6,726764.09,712142.27,723606.83,9938
2023-03-21 22:00:00,721974.94,731225.82,707173.35,723082.52,8930
2023-03-21 23:00:00,722215.04,722215.04,707354.7,720772.53,9201
2023-03-22 00:00:00,711062.85,711062.85,706510.05,709643.56,11718
2023-03-22 01:00:00,713295.03,716097.95,713295.03,714668.61,8433
2023-03-22 02:00:00,713476.48,713693.61,708906.98,709037.01,9510
2023-03-22 03:00:00,710986.74,712550.95,709706.44,711128.7,12170
2023-03-22 04:00:00,716503.0,725294.76,716503.0,723847.06,5889
2023-03-22 05:00:00,728724.53,728724.53,717452.76,718890.54,7799
2023-03-22 06:00:00,707701.49,707701.49,703186.52,704595.71,8620
2023-03-22 07:00:00,704541.43,705142.2,702327.26,703734.73,8080
2023-03-22 08:00:00,710032.63,715413.99,710032.63,710860.02,9424
2023-03-22 09:00:00,719595.32,739166.46,719595.32,722923.6,12117
2023-03-22 10:00:00,721360.04,721360.04,713071.29,716193.39,10715
2023-03-22 11:00:00,717403.72,721180.64,709243.08,719741.16,7741
2023-03-22 12:00:00,719218.63,719218.63,716166.5,717601.71,8142
2023-03-22 13:00:00,720523.19,731914.07,716183.96,717619.2,5166
2023-03-22 14:00:00,732282.05,738863.95,732282.05,733749.55,6510
2023-03-22 15:00:00,727828.81,737819.76,723698.66,725148.96,11756
2023-03-22 16:00:00,723727.39,734781.87,722175.28,727210.55,12512
2023-03-22 17:00:00,729573.8,731985.97,726428.88,730524.92,17035
2023-03-22 18:00:00,736447.07,744451.66,736447.07,737478.21,7436
2023-03-22 19:00:00,740872.68,750485.27,734862.63,738437.7,9207
2023-03-22 20:00:00,739178.63,742141.27,739178.63,740659.95,7034
2023-03-22 21:00:00,743408.07,756948.04,730850.81,738623.95,13287
2023-03-22 22:00:00,737733.14,742108.8,729496.91,740627.55,7864
2023-03-22 23:00:00,743263.44,756436.43,734919.64,738911.32,12007
2023-03-23 00:00:00,742567.84,747632.11,741179.16,743048.78,7832
2023-03-23 01:00:00,745371.59,758710.81,727462.6,741134.06,6746
2023-03-23 02:00:00,742375.45,745261.5,742375.45,743773.95,9558
2023-03-23 03:00:00,745256.34,745404.49,732869.94,743916.66,10180
2023-03-23 04:00:00,749574.38,752578.69,749574.38,751076.54,9061
2023-03-23 05:00:00,751221.24,752482.18,749478.26,750980.22,9696
2023-03-23 06:00:00,741831.75,741831.75,738870.34,740351.04,10456
2023-03-23 07:00:00,744791.04,749885.66,738008.77,748388.88,6016
2023-03-23 08:00:00,744612.8,744612.8,741640.29,743126.55,9160
2023-03-23 09:00:00,743818.13,752802.5,738042.28,739521.32,11009
2023-03-23 10:00:00,742658.5,742658.5,734865.94,736338.61,9833
2023-03-23 11:00:00,736185.76,745841.24,731778.63,745072.75,18542
2023-03-23 12:00:00,743273.91,743273.91,725448.3,732423.92,7272
2023-03-23 13:00:00,750841.81,753252.45,750841.81,751748.95,7353
2023-03-23 14:00:00,755467.28,765225.34,755467.28,758491.38,5473
2023-03-23 15:00:00,752821.17,761547.87,743262.22,760027.81,14702
2023-03-23 16:00:00,759455.04,761195.24,755107.04,759806.72,7124
2023-03-23 17:00:00,758228.23,767749.67,758228.23,761708.02,8524
2023-03-23 18:00:00,760977.91,766583.97,759029.13,765053.87,9018
2023-03-23 19:00:00,766111.88,771960.45,766111.88,769143.95,13532
2023-03-23 20:00:00,771078.95,780440.28,771078.95,772624.2,8670
2023-03-23 21:00:00,771577.38,781506.73,771577.38,773123.62,12134
2023-03-23 22:00:00,773042.3,773342.22,770255.03,771798.63,6654
2023-03-23 23:00:00,772319.21,772319.21,769236.1,770777.66,20138
2023-03-24 00:00:00,767959.8,771037.8,767959.8,769498.8,10099
2023-03-24 01:00:00,775033.08,784798.35,775033.08,776586.25,13794
2023-03-24 02:00:00,776323.43,781760.78,776323.43,780200.38,7288
2023-03-24 03:00:00,777882.12,777882.12,759413.66,761258.79,15142
2023-03-24 04:00:00,763922.12,766983.93,763922.12,765453.03,7391
2023-03-24 05:00:00,770371.7,773145.48,755003.59,766715.64,13068
2023-03-24 06:00:00,765071.01,768249.52,765071.01,766604.22,8066
2023-03-24 07:00:00,763321.68,765726.31,762669.52,764197.92,6026
2023-03-24 08:00:00,769734.49,772819.6,769734.49,771277.05,9629
2023-03-24 09:00:00,773385.7,786637.6,773385.7,777191.62,12030
2023-03-24 10:00:00,773671.58,773671.58,768269.93,772127.33,13104
2023-03-24 11:00:00,774226.23,776184.88,744233.56,774635.61,13243
2023-03-24 12:00:00,772545.93,772545.93,766859.48,768396.27,11931
2023-03-24 13:00:00,769811.89,769811.89,757990.08,759754.26,6664
2023-03-24 14:00:00,759775.76,759775.76,743106.99,756029.22,6375
2023-03-24 15:00:00,756833.13,763119.42,753524.65,761596.23,8627
2023-03-24 16:00:00,763710.57,769215.37,763710.57,767680.01,16030
2023-03-24 17:00:00,774119.34,779613.94,765639.72,770955.39,11826
2023-03-24 18:00:00,773971.33,777073.42,773971.33,775522.38,8217
2023-03-24 19:00:00,777178.38,780264.0,777178.38,778706.59,15738
2023-03-24 20:00:00,780033.31,783705.21,766214.69,774493.48,15144
2023-03-24 21:00:00,774458.88,778726.9,765302.54,777172.56,10284
2023-03-24 22:00:00,776904.45,784024.49,776904.45,782167.92,11601
2023-03-24 23:00:00,789796.87,799869.64,779901.57,786802.96,18348
2023-03-25 00:00:00,793122.53,809224.7,792585.9,794174.25,9227
2023-03-25 01:00:00,790988.2,799966.78,790935.88,798370.04,10856
2023-03-25 02:00:00,799721.9,805473.61,799721.9,800193.96,10438
2023-03-25 03:00:00,805077.42,825918.99,805077.42,806690.8,10695
2023-03-25 04:00:00,807518.14,807518.14,785946.77,805906.32,8610
2023-03-25 05:00:00,801117.31,801117.31,799476.67,799518.27,12373
2023-03-25 06:00:00,796924.85,817371.7,796390.23,797986.2,13461
2023-03-25 07:00:00,794292.78,794292.78,789021.19,792707.37,6077
2023-03-25 08:00:00,790083.37,790083.37,776613.75,788017.77,9311
2023-03-25 09:00:00,785282.71,792130.79,785282.71,786856.43,8126
2023-03-25 10:00:00,785614.92,785614.92,780010.56,781573.71,13304
2023-03-25 11:00:00,782608.75,782773.81,777969.42,779528.48,6561
2023-03-25 12:00:00,768307.61,768307.61,767431.32,767445.39,7620
2023-03-25 13:00:00,770479.01,770479.01,764470.2,768941.12,7899
2023-03-25 14:00:00,769080.97,782242.94,767563.0,769101.2,8156
2023-03-25 15:00:00,766458.25,771127.21,763628.05,764132.46,8331
2023-03-25 16:00:00,766975.9,775001.44,766975.9,768512.92,9892
2023-03-25 17:00:00,770678.92,783145.04,770678.92,774606.05,8175
2023-03-25 18:00:00,766093.4,766093.4,763035.14,764564.27,15211
2023-03-25 19:00:00,765691.02,777750.96,756155.53,760110.38,10688
2023-03-25 20:00:00,757245.88,757245.88,739392.66,755734.42,8891
2023-03-25 21:00:00,761631.95,769709.96,746043.18,750424.82,9306
2023-03-25 22:00:00,754578.09,775708.09,754578.09,756090.27,8662
2023-03-25 23:00:00,755652.26,762876.06,753869.65,755380.42,9048
2023-03-26 00:00:00,754280.43,754280.43,752742.63,754251.13,15441
2023-03-26 01:00:00,747461.51,747461.51,740563.02,742440.03,14248
2023-03-26 02:00:00,745520.78,747040.64,745520.78,747014.81,4907
2023-03-26 03:00:00,749582.07,750171.28,726584.46,740104.44,13934
2023-03-26 04:00:00,743357.56,746374.57,739734.23,741216.66,8742
2023-03-26 05:00:00,746435.07,752939.98,742141.63,743628.89,7311
2023-03-26 06:00:00,741657.49,758545.86,741657.49,752598.68,11958
2023-03-26 07:00:00,748069.02,748069.02,743650.73,745141.01,9793
2023-03-26 08:00:00,731514.7,731514.7,717779.77,727485.85,14361
2023-03-26 09:00:00,729253.09,731034.96,728116.65,729575.81,6299
2023-03-26 10:00:00,739791.22,748215.46,739791.22,741273.77,9679
2023-03-26 11:00:00,748061.88,751060.13,748061.88,749561.0,7748
2023-03-26 12:00:00,746715.41,757886.31,742553.34,751506.3,9221
2023-03-26 13:00:00,750623.57,750623.57,738677.33,749125.31,9760
2023-03-26 14:00:00,744734.61,768343.93,744734.61,754737.99,11158
2023-03-26 15:00:00,764445.05,768269.01,747833.41,749332.08,12139
2023-03-26 16:00:00,750614.78,757322.43,731202.37,752935.36,10681
2023-03-26 17:00:00,753175.3,758200.72,753175.3,756687.35,9695
2023-03-26 18:00:00,758135.74,785272.14,758135.74,763826.51,9191
2023-03-26 19:00:00,780815.68,791194.04,780815.68,781502.49,5636
2023-03-26 20:00:00,781312.61,788820.13,778912.35,784178.03,7142
2023-03-26 21:00:00,788665.75,796828.42,779489.55,781051.65,14788
2023-03-26 22:00:00,786810.77,788985.87,768040.77,781090.76,7845
2023-03-26 23:00:00,771551.96,771551.96,768471.92,770011.94,11991
2023-03-27 00:00:00,767576.94,767576.94,758167.47,766044.85,9981
2023-03-27 01:00:00,764768.46,764768.46,755126.21,763959.63,10668
2023-03-27 02:00:00,763341.46,763341.46,759683.64,761206.06,8482
2023-03-27 03:00:00,762103.36,765409.17,754508.9,762726.66,8466
2023-03-27 04:00:00,759671.61,759671.61,742602.29,758155.3,11489
2023-03-27 05:00:00,764189.44,785113.31,764189.44,765720.88,6717
2023-03-27 06:00:00,767764.49,767764.49,752020.31,766232.03,11010
2023-03-27 07:00:00,763608.12,768210.16,755545.95,766676.81,8496
2023-03-27 08:00:00,762559.87,779510.86,762559.87,765130.19,20336
2023-03-27 09:00:00,768165.13,768165.13,758896.53,766631.87,11439
2023-03-27 10:00:00,763667.49,773856.96,758583.4,772312.34,8050
2023-03-27 11:00:00,769638.6,769638.6,766729.38,767272.04,10034
2023-03-27 12:00:00,765195.37,765195.37,762140.7,763668.03,9618
2023-03-27 13:00:00,762974.17,762974.17,760826.96,762354.71,7676
2023-03-27 14:00:00,762442.17,769983.89,753073.56,754582.73,15132
2023-03-27 15:00:00,751772.4,751772.4,748771.31,750271.85,7628
2023-03-27 16:00:00,749735.44,754546.78,746670.34,748166.67,13089
2023-03-27 17:00:00,752850.43,755867.87,752850.43,754359.15,8399
2023-03-27 18:00:00,752593.09,763586.73,752593.09,756749.79,5986
2023-03-27 19:00:00,757595.48,768140.19,745291.85,758680.44,10239
2023-03-27 20:00:00,763131.74,766190.39,763131.74,764661.06,12670
2023-03-27 21:00:00,764602.68,769317.19,759994.22,764411.35,15508
2023-03-27 22:00:00,765934.68,779793.08,765934.68,767469.62,7763
2023-03-27 23:00:00,768926.96,768926.96,754152.1,767392.17,8471
2023-03-28 00:00:00,768090.51,771169.03,768090.51,769629.77,8495
2023-03-28 01:00:00,773128.83,784184.78,753096.41,766509.57,8743
2023-03-28 02:00:00,753351.22,753351.22,750343.83,751847.53,13310
2023-03-28 03:00:00,750356.42,757432.83,750356.42,751860.14,10444
2023-03-28 04:00:00,753096.06,762955.65,746457.47,761432.79,14937
2023-03-28 05:00:00,763638.3,769431.43,763638.3,767895.64,10301
2023-03-28 06:00:00,773008.19,783945.65,773008.19,774557.31,8389
2023-03-28 07:00:00,781310.64,784442.14,781310.64,782876.39,9592
2023-03-28 08:00:00,782242.21,785377.45,782242.21,783809.83,12633
2023-03-28 09:00:00,786509.48,786509.48,773213.28,785442.94,10437
2023-03-28 10:00:00,781390.05,783392.82,766435.2,781829.16,8966
2023-03-28 11:00:00,786355.81,800586.06,772406.43,780221.08,9990
2023-03-28 12:00:00,777772.63,786150.81,777772.63,784581.65,8073
2023-03-28 13:00:00,789329.29,794245.61,772173.47,792660.29,10878
2023-03-28 14:00:00,791719.19,793571.58,791719.19,791987.6,4494
2023-03-28 15:00:00,790121.64,819687.41,788742.26,789314.36,5626
2023-03-28 16:00:00,791178.68,791178.68,788020.28,789599.48,12660
2023-03-28 17:00:00,792164.84,795339.85,792164.84,793752.34,12293
2023-03-28 18:00:00,789948.17,791165.82,768068.52,784611.14,8870
2023-03-28 19:00:00,778538.08,778538.08,755207.24,770277.87,9987
2023-03-28 20:00:00,767165.25,777038.29,765900.6,767435.47,15461
2023-03-28 21:00:00,761989.74,761989.74,758947.86,760468.8,10608
2023-03-28 22:00:00,762454.09,762454.09,757648.07,758123.8,11565
2023-03-28 23:00:00,756544.24,767463.18,756544.24,758060.36,10951
2023-03-29 00:00:00,757181.49,757621.04,743775.82,756108.82,10639
2023-03-29 01:00:00,764428.08,770552.77,764428.08,765960.0,11172
2023-03-29 02:00:00,768310.65,775819.71,767316.21,768743.22,11605
2023-03-29 03:00:00,769786.29,773138.59,769786.29,771328.95,15625
2023-03-29 04:00:00,775761.21,777460.55,774356.91,775908.73,5648
2023-03-29 05:00:00,772870.77,772870.77,767741.67,769280.23,11461
2023-03-29 06:00:00,776566.99,780100.99,763976.42,776502.15,8601
2023-03-29 07:00:00,769433.3,782983.67,768249.86,776607.77,7931
2023-03-29 08:00:00,779876.88,783002.64,779876.88,781439.76,8656
2023-03-29 09:00:00,776665.55,776665.55,773664.63,775115.32,13602
2023-03-29 10:00:00,770977.18,770977.18,758350.21,765903.48,10353
2023-03-29 11:00:00,765685.7,774308.89,755932.79,771794.42,11451
2023-03-29 12:00:00,778827.34,789567.88,765527.95,774843.68,12120
2023-03-29 13:00:00,771310.11,771310.11,759653.95,769770.57,14665
2023-03-29 14:00:00,766184.64,767486.09,764106.12,765024.91,14977
2023-03-29 15:00:00,771311.65,774403.08,771311.65,772857.36,10247
2023-03-29 16:00:00,773685.77,777238.75,764513.7,766045.8,9956
2023-03-29 17:00:00,767871.72,778839.87,767871.72,777131.91,12107
2023-03-29 18:00:00,772500.4,772846.69,770505.37,772049.47,9754
2023-03-29 19:00:00,772100.5,788722.55,764029.56,776789.96,5906
2023-03-29 20:00:00,775828.96,776906.31,773804.89,775355.6,17326
2023-03-29 21:00:00,778304.44,786250.72,778304.44,779864.16,8998
2023-03-29 22:00:00,778578.04,778578.04,764758.44,777023.99,13090
2023-03-29 23:00:00,778051.93,782722.43,766626.59,776674.28,5683
2023-03-30 00:00:00,773193.35,792312.51,763187.08,777633.81,10649
2023-03-30 01:00:00,774180.72,776179.59,768982.57,771972.4,14249
2023-03-30 02:00:00,771642.05,778982.0,761257.26,777427.15,7100
2023-03-30 03:00:00,782269.05,788570.9,761597.35,774877.65,14286
2023-03-30 04:00:00,775129.42,787991.88,772646.81,774195.2,7423
2023-03-30 05:00:00,770036.55,770036.55,761147.61,768680.67,10555
2023-03-30 06:00:00,754965.06,754965.06,744396.67,753458.15,11907
2023-03-30 07:00:00,752544.35,764286.7,736628.54,753380.01,9638
2023-03-30 08:00:00,765906.76,770858.46,765906.76,769319.82,11944
2023-03-30 09:00:00,775511.4,778143.75,764581.59,775100.78,12858
2023-03-30 10:00:00,775859.17,783219.04,774195.06,775746.55,14719
2023-03-30 11:00:00,777705.13,777705.13,772543.46,774851.77,16340
2023-03-30 12:00:00,776452.96,792197.44,774242.02,775793.6,12374
2023-03-30 13:00:00,778483.55,791609.7,778483.55,780043.64,14998
2023-03-30 14:00:00,778740.27,778740.27,771691.47,773237.95,12954
2023-03-30 15:00:00,777872.16,792044.77,775121.93,781115.44,12577
2023-03-30 16:00:00,789201.02,789952.53,784830.85,786403.66,7166
2023-03-30 17:00:00,790077.15,793243.79,790077.15,791660.47,10695
2023-03-30 18:00:00,796346.59,796346.59,793472.15,795062.27,8256
2023-03-30 19:00:00,797167.98,797167.98,789969.86,795705.89,14562
2023-03-30 20:00:00,803724.48,818567.8,798992.34,800593.52,8580
2023-03-30 21:00:00,803288.62,806508.21,803288.62,804898.42,6684
2023-03-30 22:00:00,802817.76,804548.09,801336.32,802942.2,7381
2023-03-30 23:00:00,799987.31,799987.31,786967.86,799580.77,5595
2023-03-31 00:00:00,799291.19,803975.01,799102.65,800704.05,14004
2023-03-31 01:00:00,802012.24,812893.88,802012.24,811271.34,13098
2023-03-31 02:00:00,807839.09,807839.09,801716.09,803322.74,6764
2023-03-31 03:00:00,805517.62,813525.71,778077.81,794094.94,7984
2023-03-31 04:00:00,796952.1,797313.16,789755.87,795721.72,6984
2023-03-31 05:00:00,794984.64,804474.38,794984.64,796577.8,9433
2023-03-31 06:00:00,796630.65,815728.15,796630.65,798227.1,11440
2023-03-31 07:00:00,801781.64,801917.4,798716.13,800316.77,10464
2023-03-31 08:00:00,795988.54,803925.93,787336.92,799315.1,9118
2023-03-31 09:00:00,807893.57,811092.1,807893.57,809512.6,10676
2023-03-31 10:00:00,813001.07,813053.33,787790.8,799237.34,8556
2023-03-31 11:00:00,792848.92,808517.35,791807.69,794317.86,12564
2023-03-31 12:00:00,793138.27,804318.35,787486.03,794220.2,9597
2023-03-31 13:00:00,785712.45,785712.45,759540.27,784144.16,7887
2023-03-31 14:00:00,789059.79,803576.04,782207.83,783775.38,8503
2023-03-31 15:00:00,782409.91,796756.77,782409.91,795166.44,5306
2023-03-31 16:00:00,791567.48,797473.02,791567.48,795881.26,7518
2023-03-31 17:00:00,796351.9,798229.32,796351.9,797947.79,11025
2023-03-31 18:00:00,793944.82,793944.82,788350.04,790276.24,6857
2023-03-31 19:00:00,793455.46,805355.34,785399.72,786973.66,10150
2023-03-31 20:00:00,783724.1,786104.87,783724.1,785294.69,7229
2023-03-31 21:00:00,782531.41,785583.7,777386.97,784015.67,11154
2023-03-31 22:00:00,791773.53,796157.6,791417.53,793003.54,6899
2023-03-31 23:00:00,796268.55,801069.18,796268.55,797268.07,7267
2023-04-01 00:00:00,792191.39,792191.39,790519.15,790610.17,10594
2023-04-01 01:00:00,791880.01,792949.41,791880.01,792910.87,10551
2023-04-01 02:00:00,797158.96,798405.54,795958.01,796811.92,10837
2023-04-01 03:00:00,803236.65,810369.56,803236.65,804846.35,16915
2023-04-01 04:00:00,814078.68,817341.52,814078.68,815710.1,7705
2023-04-01 05:00:00,821461.34,821461.34,807618.03,809236.51,11385
2023-04-01 06:00:00,803593.36,805648.1,796901.82,804282.85,9128
2023-04-01 07:00:00,798105.78,798105.78,794919.73,796512.75,9400
2023-04-01 08:00:00,794025.71,803505.5,794025.71,795616.94,12484
2023-04-01 09:00:00,795118.75,799324.02,795118.75,799291.16,16063
2023-04-01 10:00:00,800490.74,810468.25,789100.99,806338.52,11493
2023-04-01 11:00:00,806377.21,820566.75,800903.22,806318.67,8249
2023-04-01 12:00:00,803438.53,812889.16,794721.21,804701.02,9875
2023-04-01 13:00:00,807835.3,807835.3,804610.41,806222.86,8814
2023-04-01 14:00:00,802824.29,802824.29,799619.4,801221.84,14366
2023-04-01 15:00:00,813855.22,817117.16,813855.22,815486.19,8245
2023-04-01 16:00:00,809866.7,809866.7,803521.78,805132.04,10597
2023-04-01 17:00:00,808478.01,808478.01,805250.56,806864.29,8929
2023-04-01 18:00:00,819054.33,821933.78,819054.33,820695.72,12107
2023-04-01 19:00:00,820904.01,822637.15,819353.17,820995.16,14603
2023-04-01 20:00:00,820225.86,821607.93,805223.04,819967.99,10836
2023-04-01 21:00:00,819279.37,819488.22,816216.81,817852.51,5402
2023-04-01 22:00:00,816669.58,824837.68,805864.28,816967.23,15964
2023-04-01 23:00:00,818855.36,846535.81,818287.2,826474.19,8867
2023-04-02 00:00:00,813367.45,813367.45,803407.91,811743.96,10391
2023-04-02 01:00:00,815275.99,827677.64,813278.0,822366.81,9155
2023-04-02 02:00:00,814716.42,814716.42,811464.06,813090.24,13256
2023-04-02 03:00:00,813393.27,813393.27,810146.19,811769.73,12238
2023-04-02 04:00:00,807113.18,811041.26,794844.73,809422.41,14120
2023-04-02 05:00:00,808994.77,814976.84,805558.08,813851.77,14244
2023-04-02 06:00:00,813631.46,813631.46,802102.34,803709.76,11198
2023-04-02 07:00:00,807128.23,812758.34,807128.23,807408.96,12557
2023-04-02 08:00:00,810221.66,827391.48,810221.66,821366.44,11510
2023-04-02 09:00:00,820993.6,820993.6,809139.94,812593.85,10319
2023-04-02 10:00:00,811335.13,823899.29,807477.91,814381.97,12204
2023-04-02 11:00:00,812088.62,812088.62,808846.75,810467.68,10175
2023-04-02 12:00:00,813459.98,824299.07,806714.23,813850.2,13112
2023-04-02 13:00:00,809869.71,829187.88,807740.56,814492.47,8564
2023-04-02 14:00:00,812359.56,812359.56,809116.61,810738.09,11200
2023-04-02 15:00:00,813412.52,817062.63,808663.56,814527.26,19413
2023-04-02 16:00:00,825363.33,847221.57,825363.33,827017.37,12964
2023-04-02 17:00:00,826948.51,828006.33,816218.45,825997.09,11416
2023-04-02 18:00:00,827128.86,832810.1,827128.86,831147.8,13884
2023-04-02 19:00:00,824228.99,824228.99,820938.65,822583.82,16310
2023-04-02 20:00:00,818165.46,818165.46,814899.33,816532.4,8668
2023-04-02 21:00:00,818532.98,824663.15,818532.98,820173.32,10570
2023-04-02 22:00:00,826411.0,832198.72,826411.0,830537.64,10868
2023-04-02 23:00:00,831534.51,835043.81,831534.51,833200.91,10729
2023-04-03 00:00:00,832947.87,832947.87,818292.89,831285.3,14508
2023-04-03 01:00:00,833994.42,838463.26,820887.62,831539.58,9176
2023-04-03 02:00:00,832714.74,832840.35,817196.32,823309.84,9042
2023-04-03 03:00:00,824996.23,829459.01,809761.27,827803.4,11364
2023-04-03 04:00:00,832459.31,840898.44,832459.31,834127.57,13495
2023-04-03 05:00:00,835903.0,843690.81,820936.48,831293.44,13360
2023-04-03 06:00:00,830065.26,830065.26,822980.36,828408.45,6419
2023-04-03 07:00:00,822456.11,832238.57,818220.67,830577.42,14530
2023-04-03 08:00:00,829605.21,829605.21,826293.41,827949.31,9248
2023-04-03 09:00:00,827955.38,829554.83,827728.57,827899.03,13517
2023-04-03 10:00:00,830684.77,844185.41,830684.77,842500.41,10874
2023-04-03 11:00:00,842046.34,851041.66,839248.11,840929.97,9193
2023-04-03 12:00:00,842596.72,864551.48,836959.77,838637.04,10478
2023-04-03 13:00:00,840042.02,842307.95,832747.55,834416.38,8249
2023-04-03 14:00:00,841138.21,860291.23,839750.31,839788.52,10662
2023-04-03 15:00:00,838808.23,838808.23,837086.95,838764.48,10411
2023-04-03 16:00:00,836232.43,836232.43,832894.17,834563.3,8830
2023-04-03 17:00:00,842222.65,845598.29,842222.65,843910.47,9481
2023-04-03 18:00:00,844494.05,866475.88,838544.62,853869.9,8733
2023-04-03 19:00:00,848232.69,851386.45,847987.7,849687.07,12689
2023-04-03 20:00:00,838507.41,838507.41,829024.44,836833.74,12663
2023-04-03 21:00:00,838307.89,844651.13,838307.89,844057.63,9827
2023-04-03 22:00:00,841239.37,841239.37,832096.65,839560.25,6427
2023-04-03 23:00:00,838420.59,846976.15,838420.59,845285.58,10322
2023-04-04 00:00:00,833555.86,833555.86,825524.57,831892.08,12270
2023-04-04 01:00:00,838174.73,853437.7,833252.37,838398.94,9475
2023-04-04 02:00:00,838866.12,841194.46,828782.24,830443.12,6955
2023-04-04 03:00:00,829531.52,839306.1,827243.79,835886.62,18834
2023-04-04 04:00:00,834718.68,838064.24,834718.68,836391.46,9209
2023-04-04 05:00:00,835638.6,840200.86,828628.21,830288.79,8492
2023-04-04 06:00:00,827295.26,833680.33,826399.29,828055.4,17826
2023-04-04 07:00:00,831591.97,847752.16,831591.97,833258.49,14352
2023-04-04 08:00:00,835810.97,836128.46,825266.7,834459.54,11016
2023-04-04 09:00:00,833006.0,839939.6,811206.07,838916.58,7280
2023-04-04 10:00:00,848347.6,860472.27,848347.6,852862.67,22685
2023-04-04 11:00:00,855154.6,855154.6,840452.5,842136.77,13689
2023-04-04 12:00:00,845387.09,855334.71,841971.38,853627.46,5654
2023-04-04 13:00:00,853964.96,856281.7,829689.05,854515.72,12962
2023-04-04 14:00:00,853779.67,853779.67,846693.08,848389.86,9880
2023-04-04 15:00:00,851610.91,870241.37,839064.74,839440.77,8919
2023-04-04 16:00:00,844381.56,857391.95,836903.94,838581.1,10513
2023-04-04 17:00:00,843661.77,847043.18,843661.77,845352.47,9131
2023-04-04 18:00:00,846429.62,849286.99,843125.79,844815.42,10526
2023-04-04 19:00:00,845105.44,857517.92,839252.01,855598.29,10953
2023-04-04 20:00:00,847310.86,847310.86,831040.34,845619.62,10298
2023-04-04 21:00:00,846598.08,847587.76,832691.11,845895.97,11803
2023-04-04 22:00:00,841340.51,841340.51,829436.95,837608.48,9653
2023-04-04 23:00:00,838932.81,842295.27,838932.81,840614.04,9745
2023-04-05 00:00:00,847401.38,848860.7,837052.62,847166.36,6369
2023-04-05 01:00:00,846286.26,846286.26,841897.71,844597.07,6445
2023-04-05 02:00:00,831254.3,831254.3,807829.6,827044.55,8430
2023-04-05 03:00:00,827461.81,830778.29,827461.81,829120.05,11642
2023-04-05 04:00:00,831100.21,840328.86,831100.21,832765.75,13306
2023-04-05 05:00:00,829850.2,838826.33,829850.2,836152.69,12451
2023-04-05 06:00:00,843491.5,846872.23,843491.5,845181.86,13552
2023-04-05 07:00:00,847760.46,854738.6,828480.88,838227.84,7493
2023-04-05 08:00:00,841779.89,843634.0,841779.89,843466.83,14097
2023-04-05 09:00:00,850472.94,865119.96,850472.94,852177.3,11823
2023-04-05 10:00:00,841076.56,841076.56,838454.65,840134.92,11229
2023-04-05 11:00:00,837159.43,847709.24,820232.77,842890.85,5972
2023-04-05 12:00:00,841623.43,841623.43,838263.65,839943.54,10626
2023-04-05 13:00:00,839880.31,841642.03,838282.18,839962.11,10106
2023-04-05 14:00:00,840729.99,854976.87,830379.21,842935.7,11503
2023-04-05 15:00:00,841791.05,841791.05,838430.6,840110.82,9797
2023-04-05 16:00:00,837252.97,837252.97,834398.46,836070.6,10262
2023-04-05 17:00:00,835296.42,850732.05,835296.42,836970.36,6626
2023-04-05 18:00:00,837520.0,844457.94,825240.63,830189.62,14690
2023-04-05 19:00:00,826011.97,826011.97,821502.04,823604.52,11336
2023-04-05 20:00:00,820836.55,837395.4,820836.55,829073.04,23090
2023-04-05 21:00:00,823659.64,823659.64,812898.71,822109.88,9941
2023-04-05 22:00:00,825862.02,829172.09,825862.02,827517.06,16207
2023-04-05 23:00:00,827879.0,838915.15,826229.47,831486.6,13398
2023-04-06 00:00:00,824834.87,824834.87,818901.09,820542.18,11876
2023-04-06 01:00:00,818603.22,818603.22,813078.33,816969.28,7890
2023-04-06 02:00:00,814886.9,841275.47,813843.92,825977.44,9022
2023-04-06 03:00:00,820030.48,830038.5,809872.39,820256.21,13878
2023-04-06 04:00:00,817779.5,819790.03,805208.82,818153.72,16775
2023-04-06 05:00:00,818618.28,823947.14,818618.28,822302.54,7064
2023-04-06 06:00:00,825446.63,830213.14,813133.87,828556.03,10501
2023-04-06 07:00:00,825709.57,854889.41,818221.05,827745.86,16038
2023-04-06 08:00:00,824058.45,837581.29,822988.73,824638.0,16938
2023-04-06 09:00:00,828408.12,837000.68,828395.55,835217.69,10341
2023-04-06 10:00:00,845754.72,849584.09,845754.72,847888.32,4105
2023-04-06 11:00:00,847279.02,856971.54,847279.02,855261.02,12443
2023-04-06 12:00:00,854612.44,858037.74,854612.44,856325.09,13267
2023-04-06 13:00:00,852838.91,852838.91,824667.68,851136.64,7812
2023-04-06 14:00:00,853827.12,866296.89,844232.52,845924.37,14317
2023-04-06 15:00:00,850260.04,853886.91,848901.85,850186.76,10344
2023-04-06 16:00:00,851961.36,855376.03,851961.36,853668.7,15005
2023-04-06 17:00:00,862226.24,880442.94,862226.24,863954.14,9848
2023-04-06 18:00:00,869995.05,870375.88,853453.99,868881.57,8701
2023-04-06 19:00:00,864222.91,864537.68,856744.04,858460.96,6122
2023-04-06 20:00:00,858959.13,868931.79,858959.13,866274.89,14352
2023-04-06 21:00:00,864399.9,864399.9,857782.32,859501.32,9352
2023-04-06 22:00:00,858949.94,858949.94,855521.0,857235.47,13290
2023-04-06 23:00:00,856448.53,860497.63,853830.42,859475.54,7725
2023-04-07 00:00:00,872184.15,891727.82,872184.15,873932.01,12855
2023-04-07 01:00:00,894513.83,898099.06,894513.83,896306.44,11251
2023-04-07 02:00:00,897986.85,902301.42,884845.71,900500.42,8217
2023-04-07 03:00:00,900640.63,900640.63,897045.26,898842.95,13378
2023-04-07 04:00:00,900695.03,904305.03,900695.03,902500.03,9218
2023-04-07 05:00:00,906884.78,912025.61,906884.78,908702.19,8788
2023-04-07 06:00:00,906763.53,907661.11,904037.71,905849.41,10725
2023-04-07 07:00:00,916872.57,920547.41,916872.57,918709.99,6959
2023-04-07 08:00:00,921429.46,933903.84,917918.92,919758.43,9007
2023-04-07 09:00:00,920731.88,927548.53,920731.88,922798.45,10642
2023-04-07 10:00:00,925208.72,943821.65,925208.72,927062.84,13574
2023-04-07 11:00:00,928948.29,945485.18,924937.87,929412.19,11626
2023-04-07 12:00:00,932203.44,936753.78,927794.35,934884.02,8741
2023-04-07 13:00:00,939160.82,942819.77,927297.3,929155.61,19075
2023-04-07 14:00:00,925816.14,925816.14,923242.84,924050.08,9914
2023-04-07 15:00:00,923703.34,923703.34,893471.03,915005.17,6926
2023-04-07 16:00:00,915923.39,919594.43,915923.39,917758.91,12451
2023-04-07 17:00:00,921174.89,923344.62,921174.89,923020.93,5618
2023-04-07 18:00:00,917657.36,931069.84,898916.25,925788.48,8012
2023-04-07 19:00:00,928778.12,939600.03,928778.12,937724.58,6874
2023-04-07 20:00:00,929357.2,956850.93,926276.95,936709.77,9328
2023-04-07 21:00:00,939371.31,942766.3,928070.05,940884.53,8812
2023-04-07 22:00:00,933336.76,933336.76,929610.86,931473.81,11864
2023-04-07 23:00:00,929546.52,929546.52,912495.67,927691.14,9386
2023-04-08 00:00:00,922475.35,934089.39,918434.46,932224.94,19228
2023-04-08 01:00:00,935992.44,940986.9,935992.44,937868.18,10241
2023-04-08 02:00:00,932186.62,936793.14,919314.41,934685.65,11378
2023-04-08 03:00:00,937434.97,938187.84,931417.7,933284.27,8019
2023-04-08 04:00:00,935863.27,936181.18,919060.6,920902.4,21205
2023-04-08 05:00:00,922984.37,942930.06,915833.58,917668.92,14231
2023-04-08 06:00:00,920140.83,925720.31,914783.56,923872.57,7890
2023-04-08 07:00:00,926571.82,936990.03,926571.82,927608.9,10134
2023-04-08 08:00:00,928856.02,948096.53,928856.02,930728.23,11148
2023-04-08 09:00:00,932032.22,938297.8,923895.19,930380.02,7364
2023-04-08 10:00:00,931580.04,931580.04,919443.66,929720.59,10597
2023-04-08 11:00:00,925302.5,925302.5,922172.21,924020.25,9230
2023-04-08 12:00:00,918598.8,930582.13,916803.1,928724.68,11005
2023-04-08 13:00:00,928250.69,933110.25,922918.79,931247.75,13898
2023-04-08 14:00:00,935961.74,947491.42,930859.46,934275.64,5517
2023-04-08 15:00:00,934659.83,953225.57,927639.59,929498.59,7864
2023-04-08 16:00:00,914309.75,914309.75,910659.81,912484.78,12342
2023-04-08 17:00:00,913197.27,922197.99,907326.7,920357.28,13091
2023-04-08 18:00:00,919080.19,919080.19,914463.69,916296.28,10149
2023-04-08 19:00:00,911351.01,919515.98,907650.39,909469.33,7224
2023-04-08 20:00:00,912554.25,916211.78,912554.25,914383.02,9737
2023-04-08 21:00:00,915004.01,920613.13,909296.83,911119.07,14481
2023-04-08 22:00:00,915355.72,920588.17,907548.29,918750.67,10218
2023-04-08 23:00:00,915770.46,924821.62,905558.7,922975.67,10400
2023-04-09 00:00:00,924397.05,935624.85,921193.32,927639.22,8924
2023-04-09 01:00:00,926182.41,932927.41,914880.03,916713.46,12138
2023-04-09 02:00:00,924210.41,932647.32,924210.41,925446.49,11621
2023-04-09 03:00:00,926193.01,928765.06,925057.41,926911.23,8944
2023-04-09 04:00:00,927856.48,953431.96,919524.46,923583.2,10783
2023-04-09 05:00:00,922370.79,925551.28,922370.79,924219.23,12079
2023-04-09 06:00:00,912194.16,912194.16,893461.55,910373.41,6928
2023-04-09 07:00:00,915093.65,915093.65,897031.97,913267.11,5900
2023-04-09 08:00:00,907207.13,907207.13,886837.25,905396.34,8861
2023-04-09 09:00:00,897166.01,897166.01,893584.51,895375.26,9794
2023-04-09 10:00:00,890681.17,890681.17,871377.75,884434.22,9180
2023-04-09 11:00:00,889051.49,899576.58,889051.49,892887.33,15116
2023-04-09 12:00:00,889680.25,913312.12,884019.05,888569.46,15809
2023-04-09 13:00:00,895525.65,923166.28,895525.65,900048.89,10009
2023-04-09 14:00:00,898028.52,898028.52,890416.33,896236.05,9601
2023-04-09 15:00:00,885711.23,885711.23,882175.46,883943.34,9900
2023-04-09 16:00:00,878093.65,878093.65,862810.71,876340.97,10457
2023-04-09 17:00:00,884390.42,887548.72,884390.42,885777.17,7966
2023-04-09 18:00:00,885701.8,900093.11,883304.65,885074.8,10479
2023-04-09 19:00:00,882244.32,884117.58,879798.62,881561.74,13003
2023-04-09 20:00:00,879841.71,889644.55,877809.5,883247.37,13119
2023-04-09 21:00:00,881888.69,888436.46,877272.48,887376.79,12987
2023-04-09 22:00:00,891176.83,897691.75,889391.32,895899.95,9759
2023-04-09 23:00:00,904942.64,912444.96,904942.64,906756.15,8851
2023-04-10 00:00:00,905431.92,905431.92,902325.97,904134.24,9809
2023-04-10 01:00:00,896550.57,896550.57,892653.08,894441.97,13936
2023-04-10 02:00:00,893458.68,901811.54,877499.17,891716.73,9446
2023-04-10 03:00:00,896187.6,911854.91,888712.0,893956.28,8531
2023-04-10 04:00:00,889017.62,889017.62,885468.65,887243.14,9478
2023-04-10 05:00:00,882517.79,882517.79,861582.03,880756.28,6488
2023-04-10 06:00:00,881297.94,885586.14,881297.94,883818.5,9050
2023-04-10 07:00:00,880982.56,885785.12,865461.42,884017.08,7380
2023-04-10 08:00:00,883045.38,892454.3,883045.38,884815.01,8446
2023-04-10 09:00:00,880253.82,881642.3,865541.99,879882.53,6116
2023-04-10 10:00:00,877452.57,880636.04,877120.52,878878.28,4171
2023-04-10 11:00:00,874657.76,874657.76,853633.7,872911.94,9954
2023-04-10 12:00:00,876978.81,883279.38,876978.81,880049.05,6574
2023-04-10 13:00:00,886433.53,890022.7,886377.59,888153.89,9401
2023-04-10 14:00:00,876546.23,876546.23,873531.17,875281.73,8704
2023-04-10 15:00:00,876436.58,879228.68,858201.81,869394.25,13917
2023-04-10 16:00:00,861340.04,861340.04,851624.83,859620.8,12150
2023-04-10 17:00:00,858447.92,869294.11,854371.41,856083.58,19609
2023-04-10 18:00:00,855116.73,860582.4,822624.99,856605.25,8762
2023-04-10 19:00:00,858196.53,858196.53,840433.92,847565.53,12554
2023-04-10 20:00:00,844134.44,844134.44,838503.11,842449.55,10675
2023-04-10 21:00:00,838581.87,838581.87,835144.87,836908.05,9648
2023-04-10 22:00:00,833652.59,862992.94,833652.59,839804.85,14063
2023-04-10 23:00:00,837450.37,854436.31,819216.01,841730.0,11687
2023-04-11 00:00:00,841790.02,845972.64,835623.46,838185.53,7707
2023-04-11 01:00:00,839180.49,842543.93,839180.49,840862.21,10649
2023-04-11 02:00:00,839474.23,839474.23,836879.88,838557.0,10528
2023-04-11 03:00:00,839886.54,839886.54,827313.33,838210.12,12291
2023-04-11 04:00:00,838634.52,852893.01,832518.62,851190.63,4494
2023-04-11 05:00:00,860085.03,863532.26,860085.03,861808.65,11689
2023-04-11 06:00:00,859255.39,859504.43,831252.3,853794.22,9443
2023-04-11 07:00:00,858231.3,862578.17,854655.77,860856.45,8629
2023-04-11 08:00:00,865983.88,869454.76,865983.88,867719.32,7849
2023-04-11 09:00:00,862356.84,862356.84,858627.8,860635.57,9193
2023-04-11 10:00:00,862732.57,869312.84,853826.61,867577.69,9289
2023-04-11 11:00:00,865269.09,888705.18,865162.05,879533.21,10129
2023-04-11 12:00:00,873596.91,873596.91,870573.8,872318.44,12602
2023-04-11 13:00:00,868999.1,873276.39,863064.42,866776.15,12709
2023-04-11 14:00:00,872234.3,876833.18,872234.3,875083.02,9551
2023-04-11 15:00:00,869423.2,879742.14,866690.94,877986.17,15987
2023-04-11 16:00:00,878859.06,884630.65,878859.06,882864.92,14207
2023-04-11 17:00:00,885200.37,909374.93,885200.37,886159.04,7177
2023-04-11 18:00:00,883338.06,891551.64,868161.58,889772.1,5535
2023-04-11 19:00:00,888876.48,894876.36,879069.0,880830.67,14580
2023-04-11 20:00:00,877812.16,891008.13,877812.16,889229.67,13435
2023-04-11 21:00:00,895918.65,900241.65,895918.65,898444.76,15299
2023-04-11 22:00:00,895518.11,899690.84,895518.11,897312.74,16736
2023-04-11 23:00:00,895852.44,898473.24,895742.14,897570.11,14467
2023-04-12 00:00:00,891703.3,891703.3,885144.43,886918.27,9611
2023-04-12 01:00:00,889648.01,904047.85,889648.01,891430.87,7506
2023-04-12 02:00:00,897276.59,900599.75,894517.46,896310.08,5899
2023-04-12 03:00:00,897370.13,899457.56,894699.05,896492.03,13602
2023-04-12 04:00:00,892853.02,915185.57,891925.01,905347.69,11751
2023-04-12 05:00:00,902182.48,916784.99,902182.48,903337.84,7350
2023-04-12 06:00:00,903764.06,918265.06,901483.35,908006.23,14089
2023-04-12 07:00:00,902665.78,902665.78,893683.34,900864.05,11236
2023-04-12 08:00:00,900844.1,912312.44,882537.06,901249.91,13008
2023-04-12 09:00:00,897125.48,902323.93,897125.48,900522.89,8405
2023-04-12 10:00:00,900959.24,904570.3,900959.24,902764.77,7927
2023-04-12 11:00:00,898658.12,906822.22,886607.13,900572.96,15899
2023-04-12 12:00:00,904417.89,922442.91,891107.95,900204.3,11386
2023-04-12 13:00:00,905789.53,908706.71,894071.65,906892.92,6557
2023-04-12 14:00:00,912627.44,931613.74,895241.17,904152.82,9547
2023-04-12 15:00:00,904104.73,904104.73,891070.06,892855.78,8914
2023-04-12 16:00:00,902782.92,908198.16,902782.92,906385.39,10958
2023-04-12 17:00:00,915290.4,918958.9,915290.4,917124.65,5988
2023-04-12 18:00:00,917231.53,925740.8,907031.41,907757.24,14603
2023-04-12 19:00:00,906124.07,925677.59,902293.89,913384.42,7448
2023-04-12 20:00:00,911864.81,911864.81,908224.63,910044.72,12689
2023-04-12 21:00:00,913187.87,929262.56,910666.65,912491.63,5381
2023-04-12 22:00:00,913296.48,916956.99,913296.48,915126.74,10381
2023-04-12 23:00:00,916476.72,922215.45,911950.46,913778.02,12144
2023-04-13 00:00:00,913078.23,913078.23,889710.93,908382.87,11171
2023-04-13 01:00:00,905644.21,905644.21,902028.87,903836.54,6675
2023-04-13 02:00:00,899541.31,899541.31,888976.07,897745.82,11027
2023-04-13 03:00:00,894234.53,894234.53,890664.73,892449.63,12161
2023-04-13 04:00:00,891464.55,896026.78,891088.38,892874.13,8110
2023-04-13 05:00:00,890431.02,903929.76,886796.88,888574.03,8914
2023-04-13 06:00:00,892749.13,896327.29,892749.13,894538.21,10589
2023-04-13 07:00:00,898461.82,916885.08,890385.16,906322.23,8697
2023-04-13 08:00:00,910083.97,925264.72,896637.19,902732.35,4919
2023-04-13 09:00:00,899376.65,907092.62,899376.65,905282.06,12368
2023-04-13 10:00:00,905224.27,915861.23,896170.04,909715.65,13053
2023-04-13 11:00:00,908496.31,915702.63,897167.54,913874.88,10369
2023-04-13 12:00:00,915619.32,917120.09,913188.57,915018.6,12364
2023-04-13 13:00:00,919966.04,922970.87,919966.04,921128.61,15603
2023-04-13 14:00:00,924269.67,929899.76,914984.44,925188.01,11899
2023-04-13 15:00:00,918037.48,918037.48,909625.0,916205.07,14596
2023-04-13 16:00:00,921388.71,928256.57,921388.71,923235.18,11167
2023-04-13 17:00:00,923660.44,947686.39,923522.32,930344.46,6883
2023-04-13 18:00:00,926396.68,926694.76,918358.84,924845.07,14992
2023-04-13 19:00:00,925536.25,927397.9,923695.71,925546.81,10093
2023-04-13 20:00:00,924820.42,950518.62,903067.67,931119.7,7477
2023-04-13 21:00:00,931183.9,931694.72,913714.7,929835.05,8102
2023-04-13 22:00:00,933093.43,951226.87,933093.43,938316.24,9338
2023-04-13 23:00:00,948923.94,958336.68,948923.94,956597.52,13998
2023-04-14 00:00:00,952151.21,952151.21,943026.6,950250.71,11113
2023-04-14 01:00:00,941349.08,941349.08,937591.2,939470.14,10653
2023-04-14 02:00:00,938711.81,943854.57,934547.17,941970.62,7030
2023-04-14 03:00:00,945738.57,950030.19,945738.57,947633.83,9009
2023-04-14 04:00:00,946435.24,960765.9,943959.08,945850.78,12343
2023-04-14 05:00:00,946195.53,959038.48,939802.43,957124.24,7820
2023-04-14 06:00:00,960821.92,972483.66,944590.4,946483.36,10652
2023-04-14 07:00:00,947446.43,953793.86,943108.2,951890.08,8451
2023-04-14 08:00:00,951909.04,957607.71,945243.49,947137.76,5927
2023-04-14 09:00:00,957401.99,983141.63,955162.87,960495.62,12358
2023-04-14 10:00:00,973957.18,976377.96,973957.18,975908.99,13741
2023-04-14 11:00:00,974787.05,1002034.97,942062.23,969270.43,9963
2023-04-14 12:00:00,970754.9,977569.47,962616.37,964545.46,19621
2023-04-14 13:00:00,969110.5,975951.75,969110.5,971052.6,14565
2023-04-14 14:00:00,966271.93,969520.81,965650.47,967585.64,9244
2023-04-14 15:00:00,966362.3,968859.17,965045.17,966925.32,14085
2023-04-14 16:00:00,961675.75,968777.85,943856.68,966844.16,13837
2023-04-14 17:00:00,953333.28,953333.28,949527.56,951430.42,12933
2023-04-14 18:00:00,951620.12,951620.12,949497.72,951400.53,9108
2023-04-14 19:00:00,947294.85,948012.84,944228.36,946120.6,9897
2023-04-14 20:00:00,939660.1,945595.52,939660.1,942514.08,11782
2023-04-14 21:00:00,951998.5,955814.12,951998.5,953906.31,10282
2023-04-14 22:00:00,946066.64,946066.64,916936.28,944178.28,8191
2023-04-14 23:00:00,949059.33,970264.97,947376.3,950691.46,8999
2023-04-15 00:00:00,947674.06,958387.55,937537.6,948642.13,5820
2023-04-15 01:00:00,951591.69,953291.75,944744.51,946637.79,10943
2023-04-15 02:00:00,952103.1,978978.19,952103.1,952949.01,9113
2023-04-15 03:00:00,953756.13,957578.8,953756.13,955667.47,12963
2023-04-15 04:00:00,959774.3,967084.32,948120.27,960137.5,7714
2023-04-15 05:00:00,965722.05,977821.56,965722.05,967657.37,14287
2023-04-15 06:00:00,964418.6,972299.98,962872.51,964802.11,10685
2023-04-15 07:00:00,957894.93,961734.18,957894.93,959814.55,9080
2023-04-15 08:00:00,953176.66,953176.66,949371.57,951274.12,12292
2023-04-15 09:00:00,946322.99,981434.9,926557.04,945018.24,7702
2023-04-15 10:00:00,953240.77,972387.35,953240.77,968074.64,12983
2023-04-15 11:00:00,966531.38,979699.51,961515.09,977744.03,9656
2023-04-15 12:00:00,974927.03,981212.73,953251.12,966597.59,12415
2023-04-15 13:00:00,968132.1,968132.1,954157.49,956069.63,11046
2023-04-15 14:00:00,955018.84,969472.39,954007.86,959968.26,6025
2023-04-15 15:00:00,963867.34,977544.66,963867.34,964313.32,4306
2023-04-15 16:00:00,970104.46,970971.64,955759.22,968613.28,12115
2023-04-15 17:00:00,970152.25,972113.62,958588.43,966497.47,7712
2023-04-15 18:00:00,967210.25,967210.25,955872.11,965469.22,15682
2023-04-15 19:00:00,968806.49,983317.43,947847.27,968064.06,10619
2023-04-15 20:00:00,968038.05,985833.7,966768.1,968705.51,10763
2023-04-15 21:00:00,953015.2,953015.2,939500.99,951112.98,14215
2023-04-15 22:00:00,946346.43,951559.77,946346.43,949660.45,15764
2023-04-15 23:00:00,951205.76,958888.52,941562.18,943449.07,16581
2023-04-16 00:00:00,947212.16,947212.16,932126.77,945321.51,13610
2023-04-16 01:00:00,959768.43,970790.41,959768.43,968852.7,11849
2023-04-16 02:00:00,971397.47,983853.86,955328.35,971759.4,6544
2023-04-16 03:00:00,971148.9,971148.9,967272.06,969210.48,9359
2023-04-16 04:00:00,974547.03,978453.03,974547.03,976500.03,9902
2023-04-16 05:00:00,973945.4,1003053.48,973088.63,980188.15,13181
2023-04-16 06:00:00,978647.55,985270.31,978647.55,983303.7,10823
2023-04-16 07:00:00,986675.48,991631.78,985885.23,987860.95,11870
2023-04-16 08:00:00,1000164.97,1011822.22,1000164.97,1004059.77,7302
2023-04-16 09:00:00,996035.69,996035.69,992059.5,994047.6,9722
2023-04-16 10:00:00,991242.43,1013250.12,985649.49,997396.8,8003
2023-04-16 11:00:00,994336.94,999008.3,967541.61,989301.8,11184
2023-04-16 12:00:00,982594.88,995433.92,982594.88,993447.02,12655
2023-04-16 13:00:00,987521.98,987521.98,969593.45,985550.87,8908
2023-04-16 14:00:00,979956.78,983884.47,979956.78,981920.63,8823
2023-04-16 15:00:00,982753.81,983558.09,967312.96,979363.59,8002
2023-04-16 16:00:00,970821.63,1008119.38,970821.63,987035.19,7339
2023-04-16 17:00:00,990004.72,1001734.78,989752.36,994141.59,11867
2023-04-16 18:00:00,985546.28,985546.28,974855.76,983579.12,17775
2023-04-16 19:00:00,986887.02,994922.64,981847.86,983815.49,9963
2023-04-16 20:00:00,979869.92,979869.92,977345.18,977914.1,9820
2023-04-16 21:00:00,968269.46,968269.46,941054.73,967794.46,9873
2023-04-16 22:00:00,964481.36,968146.46,964281.61,966214.03,11943
2023-04-16 23:00:00,965592.11,977037.28,962019.11,963947.0,8907
2023-04-17 00:00:00,971788.88,985230.76,971788.88,983264.23,9945
2023-04-17 01:00:00,982836.49,988518.83,970045.35,986545.74,8944
2023-04-17 02:00:00,977129.28,977129.28,973228.57,975178.92,13481
2023-04-17 03:00:00,972606.18,972606.18,967167.78,970664.85,7102
2023-04-17 04:00:00,977203.4,990966.07,958891.39,978837.16,8862
2023-04-17 05:00:00,993444.68,1025048.29,993444.68,995435.55,8139
2023-04-17 06:00:00,987322.9,987322.9,977011.82,982081.23,6242
2023-04-17 07:00:00,968774.03,968774.03,951055.95,966840.35,13596
2023-04-17 08:00:00,979805.65,993440.66,979805.65,981769.19,10742
2023-04-17 09:00:00,982236.45,997057.0,974853.19,984734.83,9694
2023-04-17 10:00:00,987134.28,999962.99,975575.17,977530.23,6265
2023-04-17 11:00:00,976977.82,986730.73,976977.82,981749.28,6408
2023-04-17 12:00:00,962414.07,962414.07,956827.64,960493.08,8460
2023-04-17 13:00:00,959352.7,962776.89,958933.47,960855.18,9696
2023-04-17 14:00:00,963052.84,965313.87,945303.29,963755.41,8251
2023-04-17 15:00:00,971244.02,973870.89,969364.85,971307.46,6736
2023-04-17 16:00:00,968827.85,976289.57,961472.69,963399.49,12305
2023-04-17 17:00:00,964330.02,986296.05,952638.19,964384.06,11294
2023-04-17 18:00:00,965025.58,966419.75,955495.56,957410.38,12125
2023-04-17 19:00:00,958887.96,961798.27,958887.96,959878.52,6950
2023-04-17 20:00:00,955205.03,955205.03,951391.84,953298.44,6903
2023-04-17 21:00:00,952606.03,952606.03,948803.21,950704.62,13179
2023-04-17 22:00:00,949127.18,961944.4,941737.65,943624.9,10650
2023-04-17 23:00:00,947537.03,971195.8,947537.03,949435.9,11860
2023-04-18 00:00:00,954173.64,967973.13,954173.64,956770.78,13715
2023-04-18 01:00:00,950950.95,962408.24,948965.84,955478.61,12753
2023-04-18 02:00:00,951160.15,961667.43,945019.66,956355.55,12527
2023-04-18 03:00:00,947508.64,947508.64,943726.17,945617.4,11911
2023-04-18 04:00:00,946002.69,946002.69,927127.48,944114.46,14478
2023-04-18 05:00:00,946452.07,946452.07,942673.82,944562.94,11180
2023-04-18 06:00:00,963669.29,967531.7,963669.29,965600.49,6842
2023-04-18 07:00:00,964377.96,969438.71,949698.78,957236.01,8592
2023-04-18 08:00:00,967319.06,971196.09,967319.06,969257.58,17305
2023-04-18 09:00:00,975558.64,993233.5,975558.64,977513.67,9547
2023-04-18 10:00:00,983434.06,1008259.7,971894.93,979957.5,10346
2023-04-18 11:00:00,992199.06,996175.81,992199.06,994187.43,9952
2023-04-18 12:00:00,988677.39,1014801.99,974111.52,997057.74,11084
2023-04-18 13:00:00,999605.92,1008740.6,998015.06,1000015.09,7004
2023-04-18 14:00:00,997314.24,1004865.6,997314.24,999312.87,9968
2023-04-18 15:00:00,1001306.61,1011071.25,998098.55,1009053.15,7356
2023-04-18 16:00:00,1015591.34,1025770.21,1015591.34,1017626.6,7210
2023-04-18 17:00:00,1013799.14,1013799.14,1009752.04,1011775.59,24126
2023-04-18 18:00:00,1008887.38,1008887.38,998079.21,1000382.15,7231
2023-04-18 19:00:00,1000068.78,1008262.27,994566.39,998510.25,10367
2023-04-18 20:00:00,997434.85,997434.85,968150.56,991826.52,7975
2023-04-18 21:00:00,992626.19,992626.19,989311.68,991294.27,6044
2023-04-18 22:00:00,999314.83,1004684.84,999314.83,1001317.47,12849
2023-04-18 23:00:00,997642.42,1001770.84,996718.83,997387.17,11333
2023-04-19 00:00:00,995488.79,1009975.68,995488.79,996956.74,8838
2023-04-19 01:00:00,1000565.01,1003002.48,994964.47,997372.56,8796
2023-04-19 02:00:00,1002230.06,1006247.01,1002230.06,1004238.54,12777
2023-04-19 03:00:00,988673.2,988673.2,983655.9,985627.15,10600
2023-04-19 04:00:00,982232.23,982944.31,963673.42,980982.34,8547
2023-04-19 05:00:00,975992.91,1000645.64,973330.02,983013.97,10776
2023-04-19 06:00:00,984110.95,996279.39,984110.95,992952.83,14004
2023-04-19 07:00:00,988251.48,1000004.52,987098.58,989076.74,23872
2023-04-19 08:00:00,984470.36,989332.18,972173.01,974121.25,13987
2023-04-19 09:00:00,974347.49,981528.96,974347.49,979569.83,7075
2023-04-19 10:00:00,982253.47,982956.29,972951.31,974901.11,12611
2023-04-19 11:00:00,968096.55,968096.55,958337.28,965949.43,12936
2023-04-19 12:00:00,964686.43,964686.43,959821.59,961745.08,7565
2023-04-19 13:00:00,961429.51,963870.08,959445.16,961106.27,14709
2023-04-19 14:00:00,967005.03,969330.15,937900.29,957208.42,4616
2023-04-19 15:00:00,956482.6,968002.9,934827.03,940893.6,10621
2023-04-19 16:00:00,946202.99,956287.27,946202.99,949053.15,15032
2023-04-19 17:00:00,951864.91,969435.72,946113.67,960039.66,12205
2023-04-19 18:00:00,964091.41,967955.51,964091.41,966023.46,9450
2023-04-19 19:00:00,957826.47,957826.47,927032.31,957813.98,12386
2023-04-19 20:00:00,959790.18,959790.18,939542.75,957176.07,9267
2023-04-19 21:00:00,956157.12,959989.41,956157.12,958073.27,13149
2023-04-19 22:00:00,962358.92,965606.6,962358.92,963679.24,6942
2023-04-19 23:00:00,968091.54,978739.27,967813.62,969753.12,9982
2023-04-20 00:00:00,971951.65,993243.04,962717.54,964646.84,6902
2023-04-20 01:00:00,964321.84,968051.22,964186.75,966118.98,10677
2023-04-20 02:00:00,969039.38,972471.8,969039.38,970530.74,7071
2023-04-20 03:00:00,971245.97,993319.32,959794.9,982793.02,17993
2023-04-20 04:00:00,986943.59,999964.33,986943.59,988921.43,17171
2023-04-20 05:00:00,987043.42,1015065.51,982564.46,995630.19,15204
2023-04-20 06:00:00,991632.89,1020964.92,978384.59,996497.16,9812
2023-04-20 07:00:00,1005351.89,1010162.22,1005351.89,1008145.93,6584
2023-04-20 08:00:00,1014759.15,1016016.52,1001344.04,1011439.47,8566
2023-04-20 09:00:00,1014559.46,1025508.53,993979.54,1004191.63,11336
2023-04-20 10:00:00,1005489.43,1017101.99,1003057.28,1015740.16,9208
2023-04-20 11:00:00,1019282.01,1023367.31,1019282.01,1021324.66,12251
2023-04-20 12:00:00,1019338.92,1019338.92,1011982.04,1017304.31,11175
2023-04-20 13:00:00,1014078.87,1023924.0,1009675.35,1013082.36,12624
2023-04-20 14:00:00,1004429.44,1018858.3,994802.46,1015405.06,11532
2023-04-20 15:00:00,1017037.64,1021113.94,1017037.64,1019075.79,10511
2023-04-20 16:00:00,1022489.29,1022489.29,1018407.5,1020448.39,15130
2023-04-20 17:00:00,1020822.49,1026105.04,1020696.2,1022741.68,15686
2023-04-20 18:00:00,1016092.42,1038792.74,1016092.42,1036585.58,18158
2023-04-20 19:00:00,1042899.16,1054124.49,1042899.16,1044989.14,6153
2023-04-20 20:00:00,1047841.33,1047841.33,1039650.14,1045749.83,8204
2023-04-20 21:00:00,1050557.84,1055017.17,1034459.94,1052911.35,8092
2023-04-20 22:00:00,1045077.87,1045077.87,1040905.9,1042991.88,6055
2023-04-20 23:00:00,1045066.72,1047675.69,1041735.0,1045584.52,9434
2023-04-21 00:00:00,1039121.54,1068830.41,1036474.58,1060173.76,21655
2023-04-21 01:00:00,1057376.07,1075884.55,1054961.42,1057075.57,9324
2023-04-21 02:00:00,1051747.41,1051747.41,1046525.4,1048622.64,11882
2023-04-21 03:00:00,1043151.02,1043151.02,1040037.02,1042121.26,10182
2023-04-21 04:00:00,1034166.57,1034166.57,1027599.45,1032102.37,9978
2023-04-21 05:00:00,1029147.94,1029147.94,992329.49,1024979.41,7169
2023-04-21 06:00:00,1023231.45,1030736.19,1019515.72,1021558.84,11886
2023-04-21 07:00:00,1019788.89,1019788.89,1003787.36,1009599.21,8447
2023-04-21 08:00:00,1006193.52,1030645.65,1004028.89,1009787.1,9159
2023-04-21 09:00:00,1015248.56,1019317.69,1015248.56,1017283.13,15324
2023-04-21 10:00:00,1011638.16,1011638.16,1007599.68,1009618.92,10954
2023-04-21 11:00:00,1020159.79,1024248.61,1020159.79,1022204.2,6522
2023-04-21 12:00:00,1019117.16,1028306.91,1016514.28,1026254.4,15072
2023-04-21 13:00:00,1024239.78,1037783.53,1021821.6,1034592.67,9029
2023-04-21 14:00:00,1030603.3,1030603.3,1012188.26,1028546.21,12711
2023-04-21 15:00:00,1030383.49,1040791.33,1030383.49,1035382.37,10103
2023-04-21 16:00:00,1026157.93,1026157.93,1023603.61,1025654.92,6255
2023-04-21 17:00:00,1028262.45,1034313.6,1011083.78,1032845.67,12870
2023-04-21 18:00:00,1029330.42,1035948.41,1029330.42,1033880.64,13684
2023-04-21 19:00:00,1040028.28,1050078.24,1036046.88,1038123.13,6989
2023-04-21 20:00:00,1031916.9,1041680.09,1025590.72,1027646.02,9695
2023-04-21 21:00:00,1017834.14,1021913.63,1017834.14,1019873.88,17415
2023-04-21 22:00:00,1022718.87,1026458.82,1022718.87,1024768.41,11707
2023-04-21 23:00:00,1018672.81,1018672.81,1008894.18,1016639.53,11013
2023-04-22 00:00:00,1018171.32,1022521.53,1018171.32,1020480.57,7707
2023-04-22 01:00:00,1010990.8,1010990.8,1006954.91,1008972.85,19078
2023-04-22 02:00:00,1014073.41,1018137.84,1014073.41,1016105.62,8485
2023-04-22 03:00:00,1007884.71,1007884.71,989749.91,1005872.96,10732
2023-04-22 04:00:00,1008623.44,1030171.74,1008623.44,1010644.73,7971
2023-04-22 05:00:00,1010414.65,1034834.94,1003981.98,1015942.79,6159
2023-04-22 06:00:00,1009266.79,1027199.49,983974.03,1010191.5,13768
2023-04-22 07:00:00,1010002.14,1041570.93,1008550.51,1015136.04,13465
2023-04-22 08:00:00,1013164.83,1023921.24,1009727.38,1017335.65,6378
2023-04-22 09:00:00,1015553.9,1018712.15,1008686.73,1012842.42,7502
2023-04-22 10:00:00,1006591.1,1006591.1,1002572.77,1004581.94,9155
2023-04-22 11:00:00,990731.58,990731.58,975659.23,988754.07,10194
2023-04-22 12:00:00,990227.13,999568.61,990227.13,992211.55,7120
2023-04-22 13:00:00,982067.35,982067.35,978146.92,980107.14,8929
2023-04-22 14:00:00,977091.68,983671.19,964436.78,981707.77,16987
2023-04-22 15:00:00,985960.04,991091.11,971269.3,980408.15,9822
2023-04-22 16:00:00,984711.8,1005680.91,984711.8,986685.17,10390
2023-04-22 17:00:00,982186.15,996183.33,982186.15,984962.91,8333
2023-04-22 18:00:00,985039.54,985039.54,972140.15,983073.39,14142
2023-04-22 19:00:00,987762.82,997947.88,987762.82,989742.3,12566
2023-04-22 20:00:00,992771.85,1007294.4,963445.84,993117.16,6534
2023-04-22 21:00:00,994287.64,998272.76,994287.64,996280.2,8147
2023-04-22 22:00:00,995562.22,1015530.16,993978.15,1000645.31,9652
2023-04-22 23:00:00,995659.64,995659.64,982919.74,988570.42,8903
2023-04-23 00:00:00,996075.19,1002589.95,993410.52,995401.32,8949
2023-04-23 01:00:00,1000823.65,1001748.66,1000823.65,1000957.89,7212
2023-04-23 02:00:00,997320.61,997320.61,960241.14,993106.94,14087
2023-04-23 03:00:00,991005.9,993729.38,990875.19,991745.89,7756
2023-04-23 04:00:00,992908.08,1006614.54,976653.01,992072.9,11015
2023-04-23 05:00:00,990531.9,993637.54,990531.9,991654.23,11760
2023-04-23 06:00:00,990651.58,997041.58,988011.23,995051.48,14273
2023-04-23 07:00:00,1005314.72,1012044.2,1005314.72,1007329.37,11906
2023-04-23 08:00:00,1014592.03,1018658.53,1014592.03,1016625.28,6011
2023-04-23 09:00:00,1006351.16,1006351.16,1003914.25,1005926.1,7684
2023-04-23 10:00:00,1012657.2,1013493.17,1009447.29,1011470.23,9445
2023-04-23 11:00:00,1020726.86,1032364.33,1020726.86,1022772.4,8304
2023-04-23 12:00:00,1023080.74,1026460.27,1018815.21,1026089.39,21509
2023-04-23 13:00:00,1021519.93,1038732.16,1021519.93,1035243.67,15539
2023-04-23 14:00:00,1049945.33,1054153.53,1049945.33,1052049.43,6907
2023-04-23 15:00:00,1053839.7,1071167.86,1049080.67,1060286.78,11971
2023-04-23 16:00:00,1063196.98,1071842.44,1055096.32,1061697.73,7635
2023-04-23 17:00:00,1067841.09,1072121.01,1067841.09,1069981.05,8410
2023-04-23 18:00:00,1070202.51,1072418.25,1040910.41,1070277.7,16404
2023-04-23 19:00:00,1070173.38,1070946.71,1061670.44,1069516.44,19286
2023-04-23 20:00:00,1069636.67,1078316.98,1050373.26,1065506.55,11262
2023-04-23 21:00:00,1076131.32,1080444.48,1076131.32,1078287.9,6419
2023-04-23 22:00:00,1074141.14,1074141.14,1065689.07,1069953.77,8105
2023-04-23 23:00:00,1080250.74,1084580.4,1080250.74,1082415.57,7580
2023-04-24 00:00:00,1083096.62,1087776.09,1070435.72,1085604.88,8368
2023-04-24 01:00:00,1074040.33,1074040.33,1061102.62,1071896.54,12780
2023-04-24 02:00:00,1071752.27,1077393.55,1071752.27,1074176.42,8706
2023-04-24 03:00:00,1069268.37,1069268.37,1052675.66,1054785.23,12823
2023-04-24 04:00:00,1058805.84,1061800.99,1044998.87,1059681.62,7863
2023-04-24 05:00:00,1061161.61,1080293.33,1053800.28,1066727.92,7467
2023-04-24 06:00:00,1067892.6,1073890.14,1041894.16,1060780.36,9737
2023-04-24 07:00:00,1059001.39,1065695.88,1052991.73,1061215.77,10584
2023-04-24 08:00:00,1061248.9,1079670.39,1061248.9,1077515.36,9556
2023-04-24 09:00:00,1074182.09,1074182.09,1069893.94,1072038.02,9435
2023-04-24 10:00:00,1064004.65,1064004.65,1059757.13,1061880.89,7991
2023-04-24 11:00:00,1069683.88,1093114.93,1069683.88,1074089.54,11289
2023-04-24 12:00:00,1070314.74,1094949.97,1054400.75,1090373.51,11004
2023-04-24 13:00:00,1087194.98,1094916.61,1069909.77,1089053.16,11907
2023-04-24 14:00:00,1095194.38,1098918.03,1095194.38,1096724.58,11304
2023-04-24 15:00:00,1093118.93,1114999.67,1077057.82,1107220.52,19714
2023-04-24 16:00:00,1100938.86,1100938.86,1096543.89,1098741.37,9292
2023-04-24 17:00:00,1100418.11,1102881.59,1090883.58,1092841.61,8092
2023-04-24 18:00:00,1090514.65,1104646.26,1087414.59,1102441.38,9845
2023-04-24 19:00:00,1113811.57,1133228.9,1113811.57,1115989.87,10535
2023-04-24 20:00:00,1116573.67,1121406.08,1116042.18,1119167.75,12706
2023-04-24 21:00:00,1111334.03,1111334.03,1078631.83,1109115.8,11230
2023-04-24 22:00:00,1122374.89,1126326.23,1122374.89,1125372.6,8830
2023-04-24 23:00:00,1119881.62,1120564.56,1116033.58,1118327.9,9620
2023-04-25 00:00:00,1115780.74,1115780.74,1111065.86,1113292.44,10736
2023-04-25 01:00:00,1119418.85,1130199.14,1100024.16,1114569.08,17342
2023-04-25 02:00:00,1121823.23,1129837.9,1116173.34,1126848.1,12980
2023-04-25 03:00:00,1132802.33,1137039.95,1130263.32,1132528.37,9051
2023-04-25 04:00:00,1132658.52,1140835.05,1131779.95,1134048.04,6628
2023-04-25 05:00:00,1136284.04,1138267.98,1114072.23,1135995.99,7018
2023-04-25 06:00:00,1140048.9,1140048.9,1131760.26,1134028.32,5914
2023-04-25 07:00:00,1128725.5,1139183.11,1122904.62,1136909.29,6309
2023-04-25 08:00:00,1114261.79,1114261.79,1108850.96,1111073.11,8797
2023-04-25 09:00:00,1108953.98,1108953.98,1104527.01,1106740.5,12880
2023-04-25 10:00:00,1099074.85,1116438.88,1099074.85,1107397.67,16272
2023-04-25 11:00:00,1097663.04,1097663.04,1093281.15,1095472.09,10065
2023-04-25 12:00:00,1102350.67,1102350.67,1096401.02,1097736.72,8448
2023-04-25 13:00:00,1094756.85,1108740.08,1092486.37,1094675.72,12738
2023-04-25 14:00:00,1107007.41,1110366.31,1107007.41,1109225.86,10567
2023-04-25 15:00:00,1119716.18,1124204.02,1119716.18,1121960.1,7749
2023-04-25 16:00:00,1118071.23,1118071.23,1113607.87,1115839.55,7585
2023-04-25 17:00:00,1114347.07,1123341.07,1110557.04,1112782.61,10257
2023-04-25 18:00:00,1110570.11,1112755.65,1092607.39,1110534.58,10225
2023-04-25 19:00:00,1107137.34,1107137.34,1095990.66,1104927.49,14453
2023-04-25 20:00:00,1104000.85,1107549.14,1085496.72,1105338.46,8488
2023-04-25 21:00:00,1093354.09,1107715.75,1089414.11,1097154.38,30793
2023-04-25 22:00:00,1090389.72,1091013.84,1083805.56,1085901.02,6577
2023-04-25 23:00:00,1088950.73,1092672.04,1088422.38,1090603.59,10819
2023-04-26 00:00:00,1090166.37,1097441.13,1059048.65,1095250.63,8718
2023-04-26 01:00:00,1088348.02,1089151.63,1084803.72,1086977.67,12109
2023-04-26 02:00:00,1092529.2,1096239.06,1092529.2,1094050.96,9098
2023-04-26 03:00:00,1095088.88,1112671.19,1085183.81,1087358.53,12178
2023-04-26 04:00:00,1089260.29,1105860.63,1086558.96,1088736.44,8565
2023-04-26 05:00:00,1097327.19,1097327.19,1073583.37,1095136.92,11125
2023-04-26 06:00:00,1091853.88,1093853.48,1091609.23,1093796.83,12017
2023-04-26 07:00:00,1094674.24,1101174.62,1094674.24,1096867.98,7562
2023-04-26 08:00:00,1093356.27,1093356.27,1077636.15,1091173.92,6332
2023-04-26 09:00:00,1090616.66,1090670.96,1086998.7,1088493.97,10690
2023-04-26 10:00:00,1088485.87,1088485.87,1083643.7,1085815.33,9034
2023-04-26 11:00:00,1082960.3,1082960.3,1076259.47,1078416.3,12538
2023-04-26 12:00:00,1078894.58,1084598.03,1069274.82,1076254.32,16353
2023-04-26 13:00:00,1068397.06,1068397.06,1046359.08,1062112.61,5459
2023-04-26 14:00:00,1056413.71,1062601.56,1055569.25,1057684.61,10522
2023-04-26 15:00:00,1063099.12,1070829.18,1053075.48,1055185.85,5921
2023-04-26 16:00:00,1050972.15,1062548.98,1030826.06,1053009.59,12917
2023-04-26 17:00:00,1049096.11,1056176.77,1048928.27,1051030.33,15702
2023-04-26 18:00:00,1048565.25,1062497.1,1048565.25,1050666.59,14353
2023-04-26 19:00:00,1053295.2,1057066.21,1044053.62,1054956.29,12005
2023-04-26 20:00:00,1062612.54,1064711.69,1060461.34,1062586.51,11991
2023-04-26 21:00:00,1055998.49,1065508.13,1054765.13,1056878.88,10387
2023-04-26 22:00:00,1050968.49,1050968.49,1036204.79,1046578.62,4997
2023-04-26 23:00:00,1040082.11,1040082.11,1035930.08,1038006.09,7610
2023-04-27 00:00:00,1035846.15,1039799.07,1032357.22,1034426.07,12333
2023-04-27 01:00:00,1030030.03,1034772.01,1030030.03,1032094.22,7251
2023-04-27 02:00:00,1031861.69,1032812.8,1024397.22,1026291.26,12206
2023-04-27 03:00:00,1018300.58,1018300.58,996518.67,1016268.04,8989
2023-04-27 04:00:00,1015565.1,1015565.1,1011510.95,1013538.02,11851
2023-04-27 05:00:00,1010076.0,1021929.6,1007830.94,1016174.0,7193
2023-04-27 06:00:00,1018603.44,1024240.92,1018603.44,1022196.53,10707
2023-04-27 07:00:00,1019198.98,1019198.98,1010608.45,1018519.89,4795
2023-04-27 08:00:00,1018193.12,1018193.12,984426.86,1016160.8,12694
2023-04-27 09:00:00,1009257.82,1011630.38,991764.57,1009611.16,10210
2023-04-27 10:00:00,1008125.13,1012665.53,1004232.86,1010644.24,7560
2023-04-27 11:00:00,1005855.15,1021590.35,1002916.32,1004926.17,8141
2023-04-27 12:00:00,1008998.39,1013042.47,1008998.39,1011020.43,9724
2023-04-27 13:00:00,1010087.42,1020980.11,995555.87,997550.97,9389
2023-04-27 14:00:00,998165.73,998165.73,981795.65,996173.38,7467
2023-04-27 15:00:00,998212.03,1013634.96,998212.03,1000212.45,17384
2023-04-27 16:00:00,999248.27,1005223.73,999248.27,1003217.29,13604
2023-04-27 17:00:00,1008191.16,1034150.36,1002352.68,1026714.08,12630
2023-04-27 18:00:00,1023190.21,1032667.82,1023190.21,1030606.61,9844
2023-04-27 19:00:00,1027963.95,1027963.95,1015874.36,1023051.85,6311
2023-04-27 20:00:00,1023179.03,1030533.57,996620.31,1023322.33,5833
2023-04-27 21:00:00,1013194.06,1013194.06,1006450.76,1009553.55,13184
2023-04-27 22:00:00,1009318.5,1025992.85,987712.43,1010262.0,18366
2023-04-27 23:00:00,1009212.69,1009212.69,991724.42,1004762.39,9109
2023-04-28 00:00:00,1011733.57,1015788.61,1011733.57,1013761.09,6767
2023-04-28 01:00:00,1007266.56,1012430.99,1000629.74,1010530.48,6647
2023-04-28 02:00:00,1008679.37,1012981.28,1007217.65,1010959.37,7584
2023-04-28 03:00:00,1009114.84,1009114.84,1005086.44,1007100.64,13640
2023-04-28 04:00:00,1020830.49,1023142.44,1020830.49,1022876.24,8722
2023-04-28 05:00:00,1021623.49,1025540.69,1002976.97,1021337.46,11392
2023-04-28 06:00:00,1032506.36,1048539.7,1029587.25,1037808.72,9740
2023-04-28 07:00:00,1043448.11,1047630.26,1043448.11,1045539.19,10827
2023-04-28 08:00:00,1052310.17,1052426.95,1048225.64,1050326.29,10723
2023-04-28 09:00:00,1051941.95,1056181.32,1007229.9,1054073.18,7514
2023-04-28 10:00:00,1050359.01,1059870.56,1044517.0,1057962.58,8236
2023-04-28 11:00:00,1043812.39,1043812.39,1039645.47,1041728.93,7029
2023-04-28 12:00:00,1042238.06,1042238.06,1038077.43,1040157.75,13786
2023-04-28 13:00:00,1046079.35,1050272.05,1046079.35,1048175.7,9503
2023-04-28 14:00:00,1056950.43,1057703.34,1019131.6,1048430.69,15488
2023-04-28 15:00:00,1048145.08,1048247.17,1021962.92,1037083.95,13344
2023-04-28 16:00:00,1039671.64,1039671.64,1032236.54,1037596.45,6450
2023-04-28 17:00:00,1033679.12,1060340.17,1027648.98,1052980.78,9397
2023-04-28 18:00:00,1053509.58,1074053.0,1052158.05,1064301.16,8553
2023-04-28 19:00:00,1061978.61,1066235.04,1061978.61,1064106.82,12683
2023-04-28 20:00:00,1062093.9,1075925.43,1062093.9,1072720.97,7444
2023-04-28 21:00:00,1071810.21,1071810.21,1064535.75,1069670.87,9229
2023-04-28 22:00:00,1055229.41,1055229.41,1050789.73,1055018.12,12146
2023-04-28 23:00:00,1049752.29,1049752.29,1040967.79,1047656.97,6805
2023-04-29 00:00:00,1056455.6,1065950.25,1056455.6,1061817.91,16525
2023-04-29 01:00:00,1061841.81,1063568.15,1057800.04,1059919.88,11584
2023-04-29 02:00:00,1060469.57,1060469.57,1047988.28,1058352.86,11482
2023-04-29 03:00:00,1054216.01,1067077.71,1054216.01,1056328.67,7929
2023-04-29 04:00:00,1057565.03,1087568.51,1044953.55,1073400.36,10393
2023-04-29 05:00:00,1085729.51,1102260.21,1085729.51,1087905.32,8164
2023-04-29 06:00:00,1105314.17,1109744.29,1105314.17,1107529.23,10588
2023-04-29 07:00:00,1107721.31,1107721.31,1104725.4,1105510.29,6133
2023-04-29 08:00:00,1106408.11,1107970.76,1106408.11,1107663.27,9694
2023-04-29 09:00:00,1095560.97,1095560.97,1076073.17,1093374.22,11926
2023-04-29 10:00:00,1102345.52,1108136.37,1102345.52,1106351.66,10079
2023-04-29 11:00:00,1103982.27,1106890.64,1067783.0,1095276.72,6489
2023-04-29 12:00:00,1096945.52,1099155.37,1081810.32,1096961.45,10521
2023-04-29 13:00:00,1098446.68,1106942.67,1082872.48,1086838.28,8906
2023-04-29 14:00:00,1083739.55,1083739.55,1079413.24,1081576.4,12481
2023-04-29 15:00:00,1079182.51,1079182.51,1058487.97,1074268.02,12169
2023-04-29 16:00:00,1077974.53,1098383.95,1051177.18,1069196.44,12270
2023-04-29 17:00:00,1067015.29,1067015.29,1062755.75,1064885.52,7625
2023-04-29 18:00:00,1062326.81,1062326.81,1045392.2,1060651.05,12448
2023-04-29 19:00:00,1068142.94,1084402.21,1068142.94,1068512.06,11232
2023-04-29 20:00:00,1069009.9,1071708.11,1031086.74,1059334.25,9872
2023-04-29 21:00:00,1061386.61,1077259.19,1059796.4,1061920.24,8675
2023-04-29 22:00:00,1070962.64,1076349.46,1070962.64,1073108.86,10643
2023-04-29 23:00:00,1064899.36,1071123.51,1064899.36,1068985.54,8729
2023-04-30 00:00:00,1064713.19,1067207.7,1061081.29,1063207.71,11265
2023-04-30 01:00:00,1056628.36,1083737.07,1050489.96,1061839.89,11177
2023-04-30 02:00:00,1065761.63,1074896.8,1058990.06,1072751.3,18136
2023-04-30 03:00:00,1070863.82,1077037.05,1062150.9,1074887.28,8643
2023-04-30 04:00:00,1073220.12,1098684.05,1060605.54,1070633.97,16435
2023-04-30 05:00:00,1073228.67,1086047.32,1073228.67,1075379.43,8614
2023-04-30 06:00:00,1068236.0,1068236.0,1063971.58,1066103.79,8436
2023-04-30 07:00:00,1065342.68,1074831.53,1065342.68,1072686.16,8451
2023-04-30 08:00:00,1073085.12,1089974.39,1062211.17,1076752.74,6869
2023-04-30 09:00:00,1071490.98,1075806.64,1063953.59,1074439.97,12850
2023-04-30 10:00:00,1073510.86,1081581.45,1051910.44,1067533.22,10415
2023-04-30 11:00:00,1062572.08,1062572.08,1039491.24,1060451.18,7337
2023-04-30 12:00:00,1063245.8,1085210.33,1045512.13,1065919.12,9222
2023-04-30 13:00:00,1075197.27,1078376.33,1075197.27,1077351.97,12073
2023-04-30 14:00:00,1072710.18,1082560.51,1070077.83,1072222.27,8306
2023-04-30 15:00:00,1071048.12,1090640.88,1071048.12,1076866.61,13689
2023-04-30 16:00:00,1061170.21,1061170.21,1044540.64,1059052.1,11303
2023-04-30 17:00:00,1055176.37,1057072.18,1047236.11,1054962.25,12442
2023-04-30 18:00:00,1049537.4,1057874.5,1042842.39,1055762.97,11582
2023-04-30 19:00:00,1050681.51,1051077.77,1020497.8,1048979.81,9398
2023-04-30 20:00:00,1042730.76,1042730.76,1036002.43,1042174.71,6439
2023-04-30 21:00:00,1039940.28,1039940.28,1035788.82,1037864.55,12011
2023-04-30 22:00:00,1039737.87,1051066.67,1039737.87,1041821.51,10200
2023-04-30 23:00:00,1043355.34,1043718.71,1024724.51,1041635.44,13394
2023-05-01 00:00:00,1024709.29,1024709.29,1021971.26,1024019.3,7947
2023-05-01 01:00:00,1010124.85,1010124.85,1006092.42,1008108.64,12370
2023-05-01 02:00:00,1006044.94,1007251.23,1005176.48,1005240.75,6609
2023-05-01 03:00:00,1013469.15,1013469.15,1009173.78,1011196.18,10874
2023-05-01 04:00:00,992586.67,992586.67,978486.36,990605.46,7489
2023-05-01 05:00:00,991330.98,999442.38,987109.32,989087.49,6317
2023-05-01 06:00:00,986760.18,989373.47,967159.08,987398.67,13209
2023-05-01 07:00:00,1000762.47,1018989.55,1000762.47,1001195.6,16137
2023-05-01 08:00:00,1002400.64,1002400.64,983764.95,1000399.84,11586
2023-05-01 09:00:00,1004111.01,1007930.78,1004111.01,1005918.94,10725
2023-05-01 10:00:00,1008036.38,1017952.0,1000211.56,1009365.06,10119
2023-05-01 11:00:00,996021.79,996021.79,988118.61,994033.72,6546
2023-05-01 12:00:00,1000598.65,1004831.71,1000598.65,1002826.06,8395
2023-05-01 13:00:00,1001286.47,1038796.66,990294.54,1006960.85,8007
2023-05-01 14:00:00,1005981.1,1015048.56,1000478.91,1013429.54,8359
2023-05-01 15:00:00,1045982.26,1064514.65,1045982.26,1048099.8,12999
2023-05-01 16:00:00,1033797.52,1033797.52,1009274.28,1031734.06,17898
2023-05-01 17:00:00,1034839.68,1050194.96,1028214.39,1048098.76,8775
2023-05-01 18:00:00,1048693.93,1057957.44,1033461.75,1047126.61,17002
2023-05-01 19:00:00,1049973.57,1053193.85,1048989.49,1051091.67,6430
2023-05-01 20:00:00,1051474.66,1062337.97,1049888.03,1052125.19,11096
2023-05-01 21:00:00,1052006.98,1052006.98,1047640.61,1049907.16,12633
2023-05-01 22:00:00,1045055.37,1048592.59,1044406.59,1046499.59,12653
2023-05-01 23:00:00,1048710.4,1055031.12,1031567.97,1050876.65,7608
2023-05-02 00:00:00,1044592.46,1055773.31,1027341.97,1039325.41,16242
2023-05-02 01:00:00,1045334.78,1052851.01,1045334.78,1047429.64,5725
2023-05-02 02:00:00,1049488.26,1069585.03,1042216.07,1045432.99,12412
2023-05-02 03:00:00,1039475.45,1039475.45,1037104.73,1037400.65,10001
2023-05-02 04:00:00,1042063.81,1050177.82,1007520.53,1035366.68,6537
2023-05-02 05:00:00,1045711.7,1063642.73,1045711.7,1047807.32,9802
2023-05-02 06:00:00,1046870.87,1046870.87,1031357.93,1044781.31,19588
2023-05-02 07:00:00,1045900.01,1069002.61,1035336.43,1049453.72,10466
2023-05-02 08:00:00,1046084.31,1046084.31,1029028.18,1044734.01,12972
2023-05-02 09:00:00,1051094.37,1054938.39,1050727.06,1052832.73,11884
2023-05-02 10:00:00,1058062.23,1062302.96,1058062.23,1060182.59,11781
2023-05-02 11:00:00,1071980.06,1101284.77,1071980.06,1077487.84,11587
2023-05-02 12:00:00,1079011.99,1079011.99,1074704.56,1076858.27,8811
2023-05-02 13:00:00,1081496.7,1088010.17,1081496.7,1083664.03,10514
2023-05-02 14:00:00,1084125.32,1087469.55,1060095.78,1085298.95,10485
2023-05-02 15:00:00,1086628.45,1107744.21,1086628.45,1097509.46,7860
2023-05-02 16:00:00,1095568.71,1108612.89,1079505.62,1091511.52,9273
2023-05-02 17:00:00,1087708.16,1100965.73,1086331.76,1098768.2,15996
2023-05-02 18:00:00,1105138.15,1109724.64,1095280.54,1097475.49,5112
2023-05-02 19:00:00,1102378.18,1105222.57,1086395.89,1097407.43,8186
2023-05-02 20:00:00,1096078.8,1100950.53,1076548.81,1098753.02,13319
2023-05-02 21:00:00,1108213.98,1108219.27,1082326.98,1101528.58,12517
2023-05-02 22:00:00,1098705.74,1114480.56,1098705.74,1100907.55,7683
2023-05-02 23:00:00,1099696.5,1117488.71,1089239.16,1103282.69,9928
2023-05-03 00:00:00,1109716.18,1120146.07,1109716.18,1117910.25,12905
2023-05-03 01:00:00,1124707.66,1145394.37,1124707.66,1126961.58,11140
2023-05-03 02:00:00,1122875.2,1141672.95,1122875.2,1134818.68,8563
2023-05-03 03:00:00,1132544.98,1132544.98,1117998.32,1130284.41,10730
2023-05-03 04:00:00,1129413.71,1129413.71,1119639.99,1121883.76,10306
2023-05-03 05:00:00,1128393.63,1147728.32,1128393.63,1130654.94,16394
2023-05-03 06:00:00,1136542.74,1149834.72,1136542.74,1138540.63,8760
2023-05-03 07:00:00,1149526.76,1154134.08,1149526.76,1151830.42,16395
2023-05-03 08:00:00,1146751.17,1146751.17,1143109.58,1145400.38,10842
2023-05-03 09:00:00,1144971.47,1144971.47,1128383.09,1142686.1,7248
2023-05-03 10:00:00,1129139.15,1129139.15,1124631.61,1126885.38,6652
2023-05-03 11:00:00,1122748.7,1134398.32,1121556.54,1123188.76,7908
2023-05-03 12:00:00,1130086.86,1134616.27,1130086.86,1132351.57,6860
2023-05-03 13:00:00,1136495.11,1142018.02,1116670.03,1127822.24,8946
2023-05-03 14:00:00,1126321.62,1135912.44,1126321.62,1133645.15,15710
2023-05-03 15:00:00,1138291.14,1147272.1,1129773.07,1131674.99,6316
2023-05-03 16:00:00,1135004.54,1136799.34,1132261.22,1134530.28,10897
2023-05-03 17:00:00,1125935.63,1125935.63,1105992.39,1123688.25,20914
2023-05-03 18:00:00,1125215.23,1144357.5,1122299.53,1124548.63,11081
2023-05-03 19:00:00,1099357.84,1099357.84,1094969.18,1097163.51,12432
2023-05-03 20:00:00,1096778.5,1099934.65,1094049.77,1096242.25,10723
2023-05-03 21:00:00,1089695.83,1098691.95,1062759.16,1082454.15,11740
2023-05-03 22:00:00,1092061.4,1116448.83,1092061.4,1094249.9,8950
2023-05-03 23:00:00,1099164.61,1104283.91,1091491.7,1102079.75,10093
2023-05-04 00:00:00,1104776.15,1109204.11,1104776.15,1106990.13,16288
2023-05-04 01:00:00,1112576.31,1124809.02,1112576.31,1121346.96,13777
2023-05-04 02:00:00,1126218.34,1137561.63,1106765.96,1112908.81,10917
2023-05-04 03:00:00,1115342.56,1131515.48,1115342.56,1129256.96,8504
2023-05-04 04:00:00,1135644.13,1156568.75,1135644.13,1137919.97,5981
2023-05-04 05:00:00,1136539.6,1137842.44,1121580.11,1135571.3,14277
2023-05-04 06:00:00,1143746.61,1148330.77,1143746.61,1146038.69,9097
2023-05-04 07:00:00,1144499.73,1149473.39,1133093.95,1135364.68,14044
2023-05-04 08:00:00,1136794.92,1142043.3,1115056.21,1127669.62,12845
2023-05-04 09:00:00,1123901.57,1124457.42,1119968.57,1122213.0,10520
2023-05-04 10:00:00,1117423.06,1119878.37,1115676.39,1117643.08,9164
2023-05-04 11:00:00,1110633.01,1110633.01,1106199.34,1108416.18,13995
2023-05-04 12:00:00,1117885.15,1122365.65,1117885.15,1120125.4,10448
2023-05-04 13:00:00,1125625.04,1149848.43,1108271.1,1118128.64,11932
2023-05-04 14:00:00,1113508.16,1124034.51,1100714.4,1121790.93,14560
2023-05-04 15:00:00,1122436.55,1143521.97,1114799.67,1116924.86,12932
2023-05-04 16:00:00,1105084.81,1105084.81,1098612.44,1100814.07,10616
2023-05-04 17:00:00,1088282.08,1106326.92,1088282.08,1104118.69,15534
2023-05-04 18:00:00,1089064.15,1089064.15,1079225.24,1087714.6,8303
2023-05-04 19:00:00,1089162.73,1090520.17,1074698.61,1088343.48,10412
2023-05-04 20:00:00,1079569.97,1079569.97,1057403.13,1077415.14,17386
2023-05-04 21:00:00,1081875.73,1119306.37,1081875.73,1096378.17,11088
2023-05-04 22:00:00,1103378.2,1109528.9,1103378.2,1105589.38,11565
2023-05-04 23:00:00,1109365.29,1109599.57,1105170.03,1107384.8,8119
2023-05-05 00:00:00,1116226.91,1127028.79,1108853.85,1119639.75,6818
2023-05-05 01:00:00,1127670.04,1131199.82,1086790.29,1112431.56,7579
2023-05-05 02:00:00,1106424.51,1123981.27,1092869.09,1118082.2,13780
2023-05-05 03:00:00,1121396.56,1137678.94,1120349.8,1120492.88,13736
2023-05-05 04:00:00,1120431.46,1125691.07,1101213.99,1123444.18,8523
2023-05-05 05:00:00,1133315.87,1144289.57,1133315.87,1135587.05,12475
2023-05-05 06:00:00,1140272.15,1154953.62,1140272.15,1142557.27,12762
2023-05-05 07:00:00,1150225.14,1155855.25,1142982.35,1145272.9,11270
2023-05-05 08:00:00,1132027.0,1132027.0,1111323.5,1129767.46,11242
2023-05-05 09:00:00,1133882.83,1147119.65,1090612.62,1121284.95,9760
2023-05-05 10:00:00,1122960.28,1122960.28,1107071.07,1120718.84,12140
2023-05-05 11:00:00,1123884.26,1124401.41,1121011.44,1122157.1,10629
2023-05-05 12:00:00,1112038.13,1130465.83,1105132.76,1112341.25,10590
2023-05-05 13:00:00,1132768.44,1140903.84,1132768.44,1135038.52,5622
2023-05-05 14:00:00,1133181.94,1149514.39,1133181.94,1149355.55,10483
2023-05-05 15:00:00,1152596.64,1168097.64,1152596.64,1154906.46,9668
2023-05-05 16:00:00,1153039.06,1171708.08,1153039.06,1155349.76,8392
2023-05-05 17:00:00,1147327.99,1155409.36,1143701.98,1153103.16,19059
2023-05-05 18:00:00,1146265.9,1146265.9,1141689.99,1143977.94,10776
2023-05-05 19:00:00,1141668.94,1146843.1,1123182.49,1144782.69,16400
2023-05-05 20:00:00,1150791.07,1155559.54,1144230.3,1147281.87,12510
2023-05-05 21:00:00,1137082.2,1137082.2,1135230.51,1135690.39,8502
2023-05-05 22:00:00,1136855.97,1139731.62,1136855.97,1139134.24,10333
2023-05-05 23:00:00,1137382.29,1140235.31,1122242.86,1137959.39,4996
2023-05-06 00:00:00,1122791.73,1122791.73,1102404.6,1120550.62,5096
2023-05-06 01:00:00,1119305.44,1119305.44,1111187.86,1113414.69,11919
2023-05-06 02:00:00,1112793.79,1112793.79,1086522.69,1110572.65,12386
2023-05-06 03:00:00,1118996.93,1130941.49,1118996.93,1128684.12,24541
2023-05-06 04:00:00,1118964.57,1140830.83,1105043.94,1134386.99,13308
2023-05-06 05:00:00,1132840.51,1159297.27,1115305.82,1122457.78,11901
2023-05-06 06:00:00,1127114.92,1129898.45,1089833.45,1127643.16,8339
2023-05-06 07:00:00,1128192.45,1131390.88,1100495.73,1114010.73,13735
2023-05-06 08:00:00,1124570.27,1142621.45,1124570.27,1124799.88,12055
2023-05-06 09:00:00,1119076.53,1130749.61,1100406.82,1121141.39,5360
2023-05-06 10:00:00,1124819.62,1134733.79,1112372.19,1121059.0,11476
2023-05-06 11:00:00,1128949.22,1136255.13,1128949.22,1133987.15,8515
2023-05-06 12:00:00,1138257.3,1138257.3,1120314.92,1122560.04,10603
2023-05-06 13:00:00,1116307.97,1130665.91,1108328.22,1110549.32,14813
2023-05-06 14:00:00,1114162.1,1119879.44,1104129.36,1106342.04,9667
2023-05-06 15:00:00,1114665.45,1147496.09,1114665.45,1116899.25,11755
2023-05-06 16:00:00,1118655.63,1120172.66,1101922.1,1103978.67,10942
2023-05-06 17:00:00,1081855.7,1081855.7,1065809.36,1079696.3,15925
2023-05-06 18:00:00,1077864.39,1077864.39,1029968.71,1077520.66,11211
2023-05-06 19:00:00,1073743.79,1086401.52,1070150.22,1084233.05,8394
2023-05-06 20:00:00,1091320.35,1115817.53,1091320.35,1096569.11,14340
2023-05-06 21:00:00,1093864.43,1103624.05,1067706.79,1093840.55,11015
2023-05-06 22:00:00,1093834.74,1093834.74,1089468.14,1091651.44,8056
2023-05-06 23:00:00,1101261.8,1105675.67,1101261.8,1103468.74,11319
2023-05-07 00:00:00,1090069.35,1090069.35,1085546.3,1087893.57,9187
2023-05-07 01:00:00,1085756.93,1088245.96,1083901.66,1086073.81,9592
2023-05-07 02:00:00,1089941.58,1091480.61,1087277.17,1089456.09,12705
2023-05-07 03:00:00,1094635.88,1097285.83,1083184.6,1095095.63,7052
2023-05-07 04:00:00,1090868.97,1096445.84,1074832.38,1092068.65,16648
2023-05-07 05:00:00,1095492.25,1106692.78,1091780.62,1093968.56,9657
2023-05-07 06:00:00,1075463.89,1075463.89,1064918.45,1073317.25,17208
2023-05-07 07:00:00,1069397.65,1071751.51,1059297.01,1069612.29,13743
2023-05-07 08:00:00,1073575.2,1102883.86,1073575.2,1075726.65,10380
2023-05-07 09:00:00,1077558.14,1077962.1,1067003.67,1069141.95,12067
2023-05-07 10:00:00,1069150.54,1085035.91,1045758.82,1071846.86,11097
2023-05-07 11:00:00,1072536.07,1086494.07,1072433.79,1077877.76,8258
2023-05-07 12:00:00,1074697.64,1079005.05,1074697.64,1076851.35,9625
2023-05-07 13:00:00,1078227.94,1082549.49,1078227.94,1080388.71,9201
2023-05-07 14:00:00,1082141.92,1086708.05,1071701.66,1073849.36,9271
2023-05-07 15:00:00,1074048.79,1086345.55,1050650.37,1074144.21,18196
2023-05-07 16:00:00,1079759.34,1086897.55,1079759.34,1081605.28,8957
2023-05-07 17:00:00,1082769.73,1092288.86,1082769.73,1084939.6,4784
2023-05-07 18:00:00,1083306.72,1090910.04,1079458.47,1081621.71,6481
2023-05-07 19:00:00,1083912.04,1097644.74,1083392.43,1085563.56,16904
2023-05-07 20:00:00,1091586.71,1107472.71,1091586.71,1093774.26,11003
2023-05-07 21:00:00,1080002.39,1080002.39,1073096.58,1077151.88,10841
2023-05-07 22:00:00,1087235.45,1091593.11,1087235.45,1089414.28,9369
2023-05-07 23:00:00,1080845.11,1095820.65,1072865.33,1088239.19,9219
2023-05-08 00:00:00,1091692.99,1096068.52,1091692.99,1093880.76,15769
2023-05-08 01:00:00,1103774.29,1109549.65,1103774.29,1106307.63,10564
2023-05-08 02:00:00,1097592.75,1097592.75,1074998.85,1095360.58,8964
2023-05-08 03:00:00,1091151.77,1091151.77,1087783.67,1090717.07,10788
2023-05-08 04:00:00,1088410.53,1092118.12,1087800.35,1089980.31,7317
2023-05-08 05:00:00,1087040.6,1087040.6,1082701.12,1084870.86,14534
2023-05-08 06:00:00,1092760.99,1122508.55,1092760.99,1102235.61,10673
2023-05-08 07:00:00,1102645.52,1108111.18,1089055.22,1096147.32,10520
2023-05-08 08:00:00,1096558.03,1103210.37,1090764.78,1092950.68,10549
2023-05-08 09:00:00,1094439.75,1102895.64,1094439.75,1096633.02,7550
2023-05-08 10:00:00,1097785.58,1099716.12,1085485.0,1087660.32,12780
2023-05-08 11:00:00,1090396.05,1092190.61,1075595.1,1086143.06,10259
2023-05-08 12:00:00,1088971.52,1093164.48,1088800.55,1090982.52,10763
2023-05-08 13:00:00,1095354.55,1115679.05,1087770.4,1089950.3,22128
2023-05-08 14:00:00,1092453.44,1092453.44,1081738.81,1091097.81,9327
2023-05-08 15:00:00,1091752.63,1091752.63,1072190.77,1088331.86,6532
2023-05-08 16:00:00,1078888.16,1078888.16,1073474.55,1076903.7,5957
2023-05-08 17:00:00,1079225.72,1084204.48,1069105.62,1082040.4,11047
2023-05-08 18:00:00,1084777.21,1102832.74,1084777.21,1099750.38,6231
2023-05-08 19:00:00,1097348.3,1103927.98,1095205.79,1101724.53,13822
2023-05-08 20:00:00,1103314.22,1110937.71,1103314.22,1105525.27,11688
2023-05-08 21:00:00,1111241.49,1115695.36,1111241.49,1113468.42,13051
2023-05-08 22:00:00,1105643.52,1105643.52,1094628.4,1103436.64,14754
2023-05-08 23:00:00,1112695.66,1122771.17,1112695.66,1120530.11,5551
2023-05-09 00:00:00,1110083.8,1125976.23,1099582.08,1123728.77,9811
2023-05-09 01:00:00,1133195.28,1142245.97,1133195.28,1139966.04,7910
2023-05-09 02:00:00,1145831.99,1161797.0,1130169.28,1134024.43,6352
2023-05-09 03:00:00,1149590.21,1154197.79,1149590.21,1151894.0,7319
2023-05-09 04:00:00,1157472.99,1162112.16,1157472.99,1159792.57,10865
2023-05-09 05:00:00,1159546.78,1167800.72,1146406.1,1165469.79,6911
2023-05-09 06:00:00,1165666.92,1170338.93,1165666.92,1168002.93,12376
2023-05-09 07:00:00,1169863.38,1190293.08,1163558.79,1165890.58,8849
2023-05-09 08:00:00,1166063.16,1179984.64,1142326.92,1177629.38,9302
2023-05-09 09:00:00,1177923.18,1181362.18,1175183.05,1179004.17,8301
2023-05-09 10:00:00,1183231.03,1185996.37,1157740.8,1160060.93,10644
2023-05-09 11:00:00,1160475.64,1160475.64,1134160.53,1149970.86,9830
2023-05-09 12:00:00,1148627.44,1151277.49,1145218.69,1148979.53,20106
2023-05-09 13:00:00,1154178.83,1162168.06,1150382.14,1152687.52,10179
2023-05-09 14:00:00,1148671.82,1155162.52,1125323.45,1152856.81,12421
2023-05-09 15:00:00,1162681.93,1167341.97,1162681.93,1165011.95,11572
2023-05-09 16:00:00,1165363.44,1165363.44,1118954.68,1146833.16,16153
2023-05-09 17:00:00,1150410.96,1175643.37,1138641.1,1149030.62,15448
2023-05-09 18:00:00,1141638.98,1141638.98,1130518.92,1132784.48,11692
2023-05-09 19:00:00,1135364.95,1143323.94,1135364.95,1141041.86,8316
2023-05-09 20:00:00,1141568.33,1141568.33,1138924.19,1141206.61,5415
2023-05-09 21:00:00,1145611.21,1176784.49,1139147.58,1146160.32,14200
2023-05-09 22:00:00,1145127.53,1163781.0,1125614.32,1138980.88,10104
2023-05-09 23:00:00,1149663.55,1154271.42,1149663.55,1151967.49,6215
2023-05-10 00:00:00,1150915.33,1164880.14,1137047.64,1162555.03,12854
2023-05-10 01:00:00,1161277.31,1170959.59,1159464.55,1168622.34,10761
2023-05-10 02:00:00,1178505.26,1178505.26,1165434.42,1167769.96,10850
2023-05-10 03:00:00,1165998.76,1187603.24,1147837.42,1173718.71,9526
2023-05-10 04:00:00,1169543.49,1169543.49,1156200.06,1167209.07,8680
2023-05-10 05:00:00,1176551.52,1216050.51,1173460.24,1175811.86,15697
2023-05-10 06:00:00,1188865.88,1194288.18,1188865.88,1191904.37,9647
2023-05-10 07:00:00,1193618.42,1204569.61,1192189.2,1202165.28,11446
2023-05-10 08:00:00,1201782.8,1201782.8,1190127.48,1194566.61,9535
2023-05-10 09:00:00,1197705.03,1221464.57,1167716.46,1197868.21,11585
2023-05-10 10:00:00,1187261.66,1187261.66,1176286.28,1184891.88,13293
2023-05-10 11:00:00,1188079.03,1192840.87,1188079.03,1190459.95,14156
2023-05-10 12:00:00,1192348.93,1197127.88,1192348.93,1194738.4,15510
2023-05-10 13:00:00,1178865.28,1178865.28,1161227.89,1176312.93,13764
2023-05-10 14:00:00,1167792.05,1167792.05,1163130.2,1165461.13,12008
2023-05-10 15:00:00,1160271.92,1167009.42,1151892.49,1163366.1,12399
2023-05-10 16:00:00,1165355.9,1173941.54,1158838.02,1161160.34,13515
2023-05-10 17:00:00,1150283.53,1173268.62,1121051.83,1150406.78,16751
2023-05-10 18:00:00,1149083.28,1157344.16,1136513.22,1155034.1,6246
2023-05-10 19:00:00,1153956.03,1160588.39,1141619.07,1158271.85,11079
2023-05-10 20:00:00,1159467.16,1159540.4,1148282.25,1157225.95,13811
2023-05-10 21:00:00,1165673.19,1176506.6,1144444.37,1150915.34,13831
2023-05-10 22:00:00,1148257.7,1164083.68,1140692.22,1161760.16,16331
2023-05-10 23:00:00,1160696.53,1180549.22,1147903.52,1178192.84,5936
2023-05-11 00:00:00,1176204.63,1176204.63,1162066.3,1173856.92,13732
2023-05-11 01:00:00,1172111.57,1181661.14,1148382.66,1168423.34,10392
2023-05-11 02:00:00,1166379.09,1176040.4,1166379.09,1173693.01,7298
2023-05-11 03:00:00,1173062.33,1173062.33,1123753.08,1170720.89,6690
2023-05-11 04:00:00,1168174.83,1183094.71,1167602.27,1169942.16,13602
2023-05-11 05:00:00,1169690.97,1191624.64,1169690.97,1177589.69,14367
2023-05-11 06:00:00,1166330.07,1166330.07,1157303.37,1159622.62,10596
2023-05-11 07:00:00,1169078.74,1175306.53,1169078.74,1172960.61,17129
2023-05-11 08:00:00,1172512.39,1176524.55,1163246.43,1174176.2,7517
2023-05-11 09:00:00,1174748.99,1187984.72,1166228.14,1170725.06,12251
2023-05-11 10:00:00,1170429.94,1172992.05,1155493.33,1170487.83,7736
2023-05-11 11:00:00,1168408.15,1175778.92,1168408.15,1170749.65,6377
2023-05-11 12:00:00,1158968.53,1158968.53,1140717.04,1154821.56,11205
2023-05-11 13:00:00,1167603.73,1172283.5,1167603.73,1169943.61,10032
2023-05-11 14:00:00,1173333.66,1173333.66,1159722.66,1170991.68,11115
2023-05-11 15:00:00,1174462.01,1192152.78,1174462.01,1175859.76,11401
2023-05-11 16:00:00,1183145.42,1192692.94,1183145.42,1185516.45,20047
2023-05-11 17:00:00,1184679.24,1192973.84,1156284.98,1175892.38,11682
2023-05-11 18:00:00,1179641.21,1185143.59,1178608.15,1180970.09,6688
2023-05-11 19:00:00,1178155.11,1200465.68,1168243.29,1178807.53,8378
2023-05-11 20:00:00,1180059.13,1202510.68,1180059.13,1187426.89,9080
2023-05-11 21:00:00,1169365.04,1169365.04,1151735.91,1167030.98,9316
2023-05-11 22:00:00,1172897.64,1179638.86,1164504.6,1166838.28,13989
2023-05-11 23:00:00,1164182.11,1164182.11,1158638.72,1161858.4,5297
2023-05-12 00:00:00,1161054.87,1169221.14,1161044.24,1166887.36,11954
2023-05-12 01:00:00,1169307.94,1182221.95,1143760.24,1172183.72,10680
2023-05-12 02:00:00,1171513.78,1178304.55,1163751.27,1166083.44,14867
2023-05-12 03:00:00,1162451.62,1162451.62,1143484.8,1160131.36,9042
2023-05-12 04:00:00,1161957.38,1167192.26,1157749.77,1160069.91,10743
2023-05-12 05:00:00,1154883.09,1154883.09,1125607.89,1152577.93,13909
2023-05-12 06:00:00,1159359.11,1164005.84,1159359.11,1161682.48,15379
2023-05-12 07:00:00,1158032.46,1168585.9,1158032.46,1159143.75,8317
2023-05-12 08:00:00,1134924.14,1134924.14,1117676.03,1132658.82,17921
2023-05-12 09:00:00,1136190.15,1154849.47,1130777.32,1130860.38,8225
2023-05-12 10:00:00,1134989.5,1146092.85,1098575.98,1122993.91,12216
2023-05-12 11:00:00,1112181.56,1112181.56,1103850.81,1109961.64,7279
2023-05-12 12:00:00,1103192.0,1103192.0,1098788.04,1100990.02,5280
2023-05-12 13:00:00,1102266.53,1132110.09,1100960.91,1104433.36,6492
2023-05-12 14:00:00,1118133.37,1139890.6,1118133.37,1118801.29,14466
2023-05-12 15:00:00,1117870.62,1145111.92,1111626.86,1123740.07,8541
2023-05-12 16:00:00,1128545.84,1135543.93,1117911.44,1120151.75,14482
2023-05-12 17:00:00,1124412.18,1128644.6,1124139.03,1126391.82,9030
2023-05-12 18:00:00,1129167.5,1132188.5,1119057.3,1124097.79,9146
2023-05-12 19:00:00,1122154.48,1129502.19,1117253.19,1119707.96,10702
2023-05-12 20:00:00,1118588.51,1150675.91,1098775.95,1111251.34,8452
2023-05-12 21:00:00,1099878.16,1099878.16,1095487.43,1097682.79,10082
2023-05-12 22:00:00,1096970.03,1113628.04,1094635.82,1096829.48,6315
2023-05-12 23:00:00,1099846.21,1115172.41,1099846.21,1100907.51,8737
2023-05-13 00:00:00,1100406.47,1115772.23,1100406.47,1102611.69,6993
2023-05-13 01:00:00,1103738.13,1118824.43,1099202.73,1101405.54,4554
2023-05-13 02:00:00,1098287.46,1098287.46,1089041.76,1095499.12,12698
2023-05-13 03:00:00,1101465.58,1116451.61,1101465.58,1103672.93,7432
2023-05-13 04:00:00,1096564.76,1096564.76,1092075.09,1094376.01,12561
2023-05-13 05:00:00,1101883.84,1106300.2,1101883.84,1104092.02,19147
2023-05-13 06:00:00,1109153.93,1127659.44,1093096.37,1097637.34,9328
2023-05-13 07:00:00,1091993.55,1110213.14,1088043.89,1093634.26,3491
2023-05-13 08:00:00,1085533.88,1085533.88,1081200.41,1083367.15,10211
2023-05-13 09:00:00,1081905.56,1098252.69,1072845.28,1081985.13,13724
2023-05-13 10:00:00,1090600.19,1095898.34,1090600.19,1093710.92,15255
2023-05-13 11:00:00,1098991.25,1103396.02,1098991.25,1101193.64,6454
2023-05-13 12:00:00,1105361.85,1114200.61,1103621.73,1112723.4,12652
2023-05-13 13:00:00,1117344.08,1120187.12,1102524.8,1119961.36,9913
2023-05-13 14:00:00,1114438.02,1114438.02,1088424.94,1112213.59,6887
2023-05-13 15:00:00,1112211.99,1139906.39,1095924.43,1111761.3,10510
2023-05-13 16:00:00,1109465.1,1109465.1,1074168.24,1107250.59,8057
2023-05-13 17:00:00,1116954.68,1126902.53,1116954.68,1121967.6,16335
2023-05-13 18:00:00,1114491.72,1115580.32,1103749.67,1113353.61,9479
2023-05-13 19:00:00,1115208.15,1132923.03,1114128.95,1124022.53,9856
2023-05-13 20:00:00,1132247.2,1136785.26,1132247.2,1134516.23,10479
2023-05-13 21:00:00,1141010.8,1155850.94,1141010.8,1153543.85,9844
2023-05-13 22:00:00,1156058.6,1178567.42,1148989.19,1151291.77,9676
2023-05-13 23:00:00,1148310.88,1161973.15,1144936.51,1159653.84,9662
2023-05-14 00:00:00,1180329.96,1185769.99,1180329.96,1182695.35,14300
2023-05-14 01:00:00,1179946.8,1179946.8,1175236.43,1177591.61,10872
2023-05-14 02:00:00,1171376.74,1185220.96,1161499.05,1163826.71,9974
2023-05-14 03:00:00,1150575.99,1150575.99,1145031.75,1147326.4,7552
2023-05-14 04:00:00,1153471.58,1165329.81,1153471.58,1155783.15,9454
2023-05-14 05:00:00,1154206.88,1155983.14,1124496.29,1139588.06,9091
2023-05-14 06:00:00,1135833.27,1156463.48,1135833.27,1138109.49,7562
2023-05-14 07:00:00,1141940.6,1173358.97,1141915.13,1144203.54,10136
2023-05-14 08:00:00,1147649.73,1172050.8,1129187.93,1147829.66,8761
2023-05-14 09:00:00,1151315.1,1153637.67,1151315.1,1153622.35,8865
2023-05-14 10:00:00,1157144.14,1159695.14,1126320.75,1157380.38,7401
2023-05-14 11:00:00,1163483.93,1200667.06,1163483.93,1171038.71,6000
2023-05-14 12:00:00,1176879.36,1176879.36,1160853.31,1163179.66,6690
2023-05-14 13:00:00,1160518.32,1160518.32,1155885.52,1158201.92,11028
2023-05-14 14:00:00,1154801.46,1154801.46,1150191.47,1152496.46,10419
2023-05-14 15:00:00,1159360.37,1171871.29,1159360.37,1162062.26,12973
2023-05-14 16:00:00,1159970.65,1174448.99,1159970.65,1172104.78,23618
2023-05-14 17:00:00,1168937.51,1190198.12,1165735.24,1177686.69,13208
2023-05-14 18:00:00,1187802.79,1206677.95,1187802.79,1190183.15,11070
2023-05-14 19:00:00,1184639.73,1184639.73,1162740.42,1179531.2,11559
2023-05-14 20:00:00,1194262.99,1203067.28,1194262.99,1196656.3,15837
2023-05-14 21:00:00,1209745.5,1214594.18,1209745.5,1212169.84,9197
2023-05-14 22:00:00,1222393.72,1225107.33,1211811.69,1219664.74,10434
2023-05-14 23:00:00,1229801.61,1247850.66,1229801.61,1237433.87,6976
2023-05-15 00:00:00,1235943.52,1239991.37,1217785.19,1220225.64,8118
2023-05-15 01:00:00,1219141.87,1221285.99,1204116.25,1215017.83,6960
2023-05-15 02:00:00,1214688.54,1214688.54,1207729.97,1207918.36,9824
2023-05-15 03:00:00,1213237.84,1217843.46,1189061.11,1215412.63,13188
2023-05-15 04:00:00,1209207.59,1209207.59,1182337.42,1205176.45,8627
2023-05-15 05:00:00,1210641.65,1230757.6,1210641.65,1213067.79,11402
2023-05-15 06:00:00,1217782.92,1229330.25,1215507.58,1226876.49,13051
2023-05-15 07:00:00,1231209.94,1253603.02,1229675.29,1233718.93,8472
2023-05-15 08:00:00,1233836.7,1238759.01,1227736.88,1236286.44,6865
2023-05-15 09:00:00,1226331.66,1226331.66,1223512.01,1225963.94,6721
2023-05-15 10:00:00,1219876.48,1219876.48,1215006.71,1217441.59,9313
2023-05-15 11:00:00,1229759.82,1234788.64,1229759.82,1230089.88,8574
2023-05-15 12:00:00,1228136.82,1239203.2,1223352.93,1237831.93,11556
2023-05-15 13:00:00,1239616.73,1239616.73,1234668.17,1237142.45,6899
2023-05-15 14:00:00,1235102.69,1235102.69,1218770.2,1232637.41,11700
2023-05-15 15:00:00,1214118.83,1214118.83,1199710.5,1212094.85,8936
2023-05-15 16:00:00,1204301.3,1204301.3,1192538.89,1201897.51,8013
2023-05-15 17:00:00,1218897.45,1233957.28,1218897.45,1221340.13,7842
2023-05-15 18:00:00,1221059.29,1227866.36,1191681.07,1208735.32,19371
2023-05-15 19:00:00,1212800.2,1228989.2,1208720.91,1211115.57,9901
2023-05-15 20:00:00,1210440.9,1240135.73,1187885.4,1221545.3,5593
2023-05-15 21:00:00,1215195.18,1215195.18,1202171.33,1209226.12,12684
2023-05-15 22:00:00,1211067.51,1213997.91,1202034.1,1211574.76,8439
2023-05-15 23:00:00,1218897.44,1224529.68,1218897.44,1221340.12,8830
2023-05-16 00:00:00,1224121.29,1224121.29,1219234.58,1221677.94,14184
2023-05-16 01:00:00,1247999.37,1265778.37,1247999.37,1250500.37,11269
2023-05-16 02:00:00,1235353.41,1235353.41,1230421.86,1232887.64,11895
2023-05-16 03:00:00,1240983.65,1246143.67,1240983.65,1243470.59,4216
2023-05-16 04:00:00,1243843.68,1243843.68,1209968.63,1241360.96,9228
2023-05-16 05:00:00,1248265.65,1272972.77,1248265.65,1248906.42,13286
2023-05-16 06:00:00,1250872.82,1255432.79,1241680.7,1252926.94,16356
2023-05-16 07:00:00,1261324.34,1261324.34,1242349.72,1244839.4,8551
2023-05-16 08:00:00,1249306.11,1249306.11,1245250.02,1246812.49,7614
2023-05-16 09:00:00,1246207.94,1257018.95,1202611.19,1227491.8,11325
2023-05-16 10:00:00,1231403.23,1236151.48,1220786.17,1233684.11,15553
2023-05-16 11:00:00,1235631.75,1239140.38,1235631.75,1236667.04,10370
2023-05-16 12:00:00,1244296.27,1245520.22,1220055.62,1243034.15,14231
2023-05-16 13:00:00,1242420.04,1255722.32,1242420.04,1253525.98,4809
2023-05-16 14:00:00,1254237.27,1265856.98,1254237.27,1256750.77,9841
2023-05-16 15:00:00,1254239.5,1263445.35,1241009.57,1257659.36,9642
2023-05-16 16:00:00,1256506.6,1262153.55,1245480.43,1247976.39,7557
2023-05-16 17:00:00,1243195.11,1244627.08,1237894.62,1240375.37,13192
2023-05-16 18:00:00,1243108.16,1276107.74,1243108.16,1252275.04,12320
2023-05-16 19:00:00,1263979.78,1275680.58,1263979.78,1266512.8,10619
2023-05-16 20:00:00,1265739.9,1265739.9,1260434.0,1263213.47,14771
2023-05-16 21:00:00,1256285.03,1263769.97,1252974.62,1262963.16,12098
2023-05-16 22:00:00,1265246.37,1307042.4,1245836.7,1252942.25,8896
2023-05-16 23:00:00,1262025.29,1267083.5,1262025.29,1264554.4,4937
2023-05-17 00:00:00,1268184.84,1299089.34,1268184.84,1270726.29,8899
2023-05-17 01:00:00,1287407.3,1300131.13,1287407.3,1289987.27,13914
2023-05-17 02:00:00,1285669.21,1303056.02,1276774.35,1279333.02,8627
2023-05-17 03:00:00,1276170.43,1283634.38,1258552.2,1274288.51,11617
2023-05-17 04:00:00,1273306.72,1293389.06,1273218.99,1275770.53,11601
2023-05-17 05:00:00,1277978.63,1289129.67,1277978.63,1281551.74,7640
2023-05-17 06:00:00,1272442.89,1292228.66,1261560.37,1278168.68,10128
2023-05-17 07:00:00,1276694.54,1293987.81,1221708.14,1268040.05,12660
2023-05-17 08:00:00,1269353.47,1279003.43,1269353.47,1276450.53,7598
2023-05-17 09:00:00,1270291.4,1285601.21,1261893.58,1283035.14,10316
2023-05-17 10:00:00,1288221.34,1310134.51,1269769.49,1272314.12,13486
2023-05-17 11:00:00,1283021.4,1288163.77,1283021.4,1285592.58,12949
2023-05-17 12:00:00,1298257.59,1303583.7,1294073.15,1296666.48,12942
2023-05-17 13:00:00,1291540.95,1299175.8,1291540.95,1296582.64,20615
2023-05-17 14:00:00,1307893.09,1324748.65,1293325.36,1295919.07,12642
2023-05-17 15:00:00,1297985.51,1302910.93,1297709.69,1300310.31,12972
2023-05-17 16:00:00,1292147.08,1292147.08,1273159.78,1289567.94,16784
2023-05-17 17:00:00,1292546.16,1314369.36,1286043.73,1288620.97,11819
2023-05-17 18:00:00,1267290.12,1267290.12,1252155.52,1264760.6,9171
2023-05-17 19:00:00,1270775.68,1275868.97,1270775.68,1273322.33,5499
2023-05-17 20:00:00,1257273.74,1257273.74,1253854.37,1256367.1,7438
2023-05-17 21:00:00,1259058.64,1274113.34,1240966.35,1271570.2,9215
2023-05-17 22:00:00,1270041.05,1270041.05,1257167.04,1267506.03,6989
2023-05-17 23:00:00,1263673.89,1273410.93,1239430.64,1264818.68,13603
2023-05-18 00:00:00,1267373.04,1267373.04,1255404.6,1257920.44,10188
2023-05-18 01:00:00,1255689.32,1258853.06,1247021.41,1254765.63,7411
2023-05-18 02:00:00,1266676.68,1274303.11,1266676.68,1269215.11,10297
2023-05-18 03:00:00,1260509.25,1260509.25,1239676.13,1242965.97,8099
2023-05-18 04:00:00,1253682.34,1258707.12,1253682.34,1256194.73,7651
2023-05-18 05:00:00,1262091.97,1262091.97,1251586.29,1259572.82,9152
2023-05-18 06:00:00,1269936.73,1290135.72,1244201.33,1246989.15,14257
2023-05-18 07:00:00,1245278.68,1245278.68,1233741.77,1236214.2,12537
2023-05-18 08:00:00,1242374.6,1292258.97,1242374.6,1253633.12,8533
2023-05-18 09:00:00,1250999.18,1273874.66,1241497.12,1243985.09,5072
2023-05-18 10:00:00,1233233.92,1233233.92,1213895.92,1232580.82,7307
2023-05-18 11:00:00,1242160.54,1247139.14,1242160.54,1244649.84,15430
2023-05-18 12:00:00,1247184.29,1248808.53,1227694.44,1248379.65,8935
2023-05-18 13:00:00,1239646.73,1239646.73,1237446.36,1239008.91,6164
2023-05-18 14:00:00,1239176.21,1244620.59,1239176.21,1241659.53,10577
2023-05-18 15:00:00,1242087.13,1257612.41,1226644.31,1231666.03,10593
2023-05-18 16:00:00,1226792.27,1245911.52,1224872.45,1243424.67,11924
2023-05-18 17:00:00,1252075.63,1269758.34,1252075.63,1254584.8,14020
2023-05-18 18:00:00,1257406.93,1268545.69,1257406.93,1260117.56,7909
2023-05-18 19:00:00,1261256.33,1266311.47,1261256.33,1263783.9,7322
2023-05-18 20:00:00,1258507.53,1290355.75,1256087.02,1281828.58,8829
2023-05-18 21:00:00,1278823.93,1293348.47,1278638.19,1281200.59,15007
2023-05-18 22:00:00,1272777.77,1272777.77,1268040.62,1268251.58,9592
2023-05-18 23:00:00,1270160.26,1283232.99,1270160.26,1272705.67,9542
2023-05-19 00:00:00,1292916.87,1323851.12,1292916.87,1294047.53,14255
2023-05-19 01:00:00,1284932.87,1284932.87,1277998.43,1282368.13,14646
2023-05-19 02:00:00,1277247.05,1280539.81,1262852.48,1277983.84,9663
2023-05-19 03:00:00,1279303.06,1284430.53,1279303.06,1281866.8,13188
2023-05-19 04:00:00,1280145.04,1299233.33,1278182.9,1280744.38,10341
2023-05-19 05:00:00,1272518.52,1272518.52,1245370.41,1269978.56,9848
2023-05-19 06:00:00,1278882.72,1284008.5,1278882.72,1281445.61,5444
2023-05-19 07:00:00,1290363.56,1307863.52,1290363.56,1305253.01,13397
2023-05-19 08:00:00,1305073.61,1321922.39,1303576.67,1306189.05,16835
2023-05-19 09:00:00,1309149.33,1310130.47,1294931.7,1295365.31,9338
2023-05-19 10:00:00,1281088.52,1281088.52,1242365.56,1278132.1,17150
2023-05-19 11:00:00,1283237.49,1286596.33,1278273.72,1280475.01,11253
2023-05-19 12:00:00,1288121.9,1294213.37,1288121.9,1291630.11,10710
2023-05-19 13:00:00,1293360.82,1298544.63,1293360.82,1295952.73,7886
2023-05-19 14:00:00,1292539.23,1297261.29,1292539.23,1295129.49,8638
2023-05-19 15:00:00,1285575.02,1293641.36,1285575.02,1288151.32,12147
2023-05-19 16:00:00,1278658.16,1278658.16,1264703.53,1276105.95,9055
2023-05-19 17:00:00,1284572.11,1298034.08,1272481.59,1284610.16,12059
2023-05-19 18:00:00,1290724.15,1300705.74,1287291.69,1293750.96,15105
2023-05-19 19:00:00,1279277.37,1279277.37,1262140.19,1276723.93,13376
2023-05-19 20:00:00,1277697.24,1295683.37,1277697.24,1293097.17,16512
2023-05-19 21:00:00,1293663.98,1303039.58,1274914.35,1298504.66,12883
2023-05-19 22:00:00,1309919.83,1314885.8,1309919.83,1312544.92,9914
2023-05-19 23:00:00,1301535.73,1301535.73,1264417.85,1296973.33,9217
2023-05-20 00:00:00,1284350.92,1284350.92,1269484.44,1281787.35,7198
2023-05-20 01:00:00,1278575.12,1282526.73,1275320.13,1279966.8,11118
2023-05-20 02:00:00,1283517.21,1287594.81,1282454.71,1285024.76,12338
2023-05-20 03:00:00,1300913.38,1306127.46,1300913.38,1303520.42,8153
2023-05-20 04:00:00,1309280.21,1325182.93,1309280.21,1310141.32,19387
2023-05-20 05:00:00,1322724.49,1325677.31,1302606.31,1306462.91,13537
2023-05-20 06:00:00,1298266.08,1298266.08,1291978.12,1294567.26,12198
2023-05-20 07:00:00,1303843.01,1309602.96,1303843.01,1306988.98,15587
2023-05-20 08:00:00,1298335.38,1298335.38,1293152.4,1295743.89,9925
2023-05-20 09:00:00,1300234.71,1314988.07,1300234.71,1312363.34,10450
2023-05-20 10:00:00,1308709.27,1310868.21,1306744.53,1308251.71,8524
2023-05-20 11:00:00,1313183.78,1326961.54,1313183.78,1324312.92,10540
2023-05-20 12:00:00,1327587.19,1363212.24,1327587.19,1330247.69,7866
2023-05-20 13:00:00,1336291.67,1349164.45,1324534.74,1327189.12,11654
2023-05-20 14:00:00,1320986.55,1320986.55,1313155.78,1320105.11,9417
2023-05-20 15:00:00,1326516.3,1338387.74,1290696.03,1315195.56,5943
2023-05-20 16:00:00,1309530.84,1324978.05,1309530.84,1318725.67,5579
2023-05-20 17:00:00,1315549.21,1321024.16,1315154.98,1318387.39,7396
2023-05-20 18:00:00,1321968.75,1336061.22,1287541.7,1310856.89,7980
2023-05-20 19:00:00,1310801.13,1310801.13,1294781.02,1308184.76,6693
2023-05-20 20:00:00,1304099.21,1316658.76,1289214.13,1308221.43,11455
2023-05-20 21:00:00,1311988.49,1322041.24,1266782.0,1284680.43,10052
2023-05-20 22:00:00,1286791.5,1291948.98,1286791.5,1289370.24,7144
2023-05-20 23:00:00,1289726.42,1289726.42,1276270.45,1278828.11,6833
2023-05-21 00:00:00,1269402.36,1269402.36,1264334.89,1266868.62,10817
2023-05-21 01:00:00,1252347.76,1252347.76,1247348.36,1249848.06,8421
2023-05-21 02:00:00,1234913.07,1234913.07,1211077.25,1232448.17,15468
2023-05-21 03:00:00,1222640.83,1222640.83,1217760.03,1220200.43,11643
2023-05-21 04:00:00,1217279.24,1217279.24,1203709.95,1214849.54,5600
2023-05-21 05:00:00,1232441.1,1238554.92,1232441.1,1236082.76,8434
2023-05-21 06:00:00,1241852.94,1247806.93,1197941.77,1232102.96,7932
2023-05-21 07:00:00,1233138.82,1240985.48,1232877.55,1235348.24,9771
2023-05-21 08:00:00,1240272.01,1243244.93,1223796.59,1240763.4,8375
2023-05-21 09:00:00,1245024.55,1245547.12,1217365.8,1243358.24,6776
2023-05-21 10:00:00,1248403.83,1261186.77,1224191.53,1243784.3,10216
2023-05-21 11:00:00,1235309.52,1235309.52,1230378.15,1232843.83,9060
2023-05-21 12:00:00,1223016.28,1266323.54,1223016.28,1248951.36,15654
2023-05-21 13:00:00,1265924.09,1270997.93,1265924.09,1268461.01,7123
2023-05-21 14:00:00,1262994.75,1264473.0,1241682.12,1251597.33,7624
2023-05-21 15:00:00,1244651.81,1244651.81,1239683.14,1242167.48,9995
2023-05-21 16:00:00,1234600.69,1241644.78,1222888.95,1240628.3,21907
2023-05-21 17:00:00,1235175.38,1235175.38,1229732.02,1232196.41,9190
2023-05-21 18:00:00,1241286.08,1245276.6,1237411.53,1238869.69,12951
2023-05-21 19:00:00,1235372.48,1235372.48,1230440.85,1232906.67,7098
2023-05-21 20:00:00,1253745.91,1267476.55,1253745.91,1256258.42,8139
2023-05-21 21:00:00,1260215.47,1290905.6,1260215.47,1269419.82,13506
2023-05-21 22:00:00,1275130.09,1284865.79,1269866.66,1272242.28,14476
2023-05-21 23:00:00,1280890.38,1286032.07,1280890.38,1283457.3,5569
2023-05-22 00:00:00,1281790.27,1297888.57,1256356.78,1295297.97,7319
2023-05-22 01:00:00,1286692.8,1291849.88,1286692.8,1289271.34,10501
2023-05-22 02:00:00,1286554.36,1286554.36,1275702.32,1280811.05,5232
2023-05-22 03:00:00,1279442.78,1284570.8,1279442.78,1282006.79,16652
2023-05-22 04:00:00,1277126.04,1293950.26,1263829.77,1291367.52,14813
2023-05-22 05:00:00,1291747.89,1295477.2,1290305.63,1292891.41,9881
2023-05-22 06:00:00,1286980.81,1299607.44,1273712.76,1276265.29,9589
2023-05-22 07:00:00,1268567.64,1298759.74,1265880.73,1268417.57,6501
2023-05-22 08:00:00,1265847.26,1285737.74,1265847.26,1268384.03,12639
2023-05-22 09:00:00,1276523.39,1296501.56,1265816.66,1268353.36,12191
2023-05-22 10:00:00,1279436.7,1290652.86,1279436.7,1289533.44,7992
2023-05-22 11:00:00,1277660.65,1277660.65,1272560.21,1275110.43,6361
2023-05-22 12:00:00,1271745.07,1297580.25,1271745.07,1280970.72,10173
2023-05-22 13:00:00,1286379.87,1297694.14,1286379.87,1296980.1,6979
2023-05-22 14:00:00,1313718.48,1325194.89,1313718.48,1321025.96,6112
2023-05-22 15:00:00,1318587.13,1318587.13,1312319.54,1315955.22,17574
2023-05-22 16:00:00,1322648.03,1337432.95,1318056.49,1320697.89,9196
2023-05-22 17:00:00,1323524.9,1354885.19,1323524.9,1326177.25,17988
2023-05-22 18:00:00,1327785.54,1338578.89,1324821.95,1327476.91,8458
2023-05-22 19:00:00,1324443.38,1328232.25,1315945.55,1325581.09,14706
2023-05-22 20:00:00,1326710.51,1333078.58,1299812.41,1329552.19,10494
2023-05-22 21:00:00,1303799.9,1303799.9,1298595.11,1301197.5,12214
2023-05-22 22:00:00,1305809.91,1321379.86,1305809.91,1308426.77,19072
2023-05-22 23:00:00,1303605.88,1312176.29,1303605.88,1309557.18,11519
2023-05-23 00:00:00,1313031.14,1313031.14,1300372.04,1306939.66,14268
2023-05-23 01:00:00,1326006.32,1331320.98,1326006.32,1328663.65,14054
2023-05-23 02:00:00,1322399.04,1322399.04,1291432.4,1320595.93,12304
2023-05-23 03:00:00,1318360.87,1318360.87,1312138.19,1315729.41,15314
2023-05-23 04:00:00,1334078.67,1370499.54,1334078.67,1336752.17,14251
2023-05-23 05:00:00,1340961.77,1340961.77,1321480.86,1326653.21,8441
2023-05-23 06:00:00,1325127.56,1333514.81,1317349.03,1319989.01,12055
2023-05-23 07:00:00,1322483.76,1336789.21,1317798.05,1317882.9,10500
2023-05-23 08:00:00,1318845.88,1343144.14,1318845.88,1326470.09,10352
2023-05-23 09:00:00,1321645.09,1350842.85,1296166.09,1327995.97,20268
2023-05-23 10:00:00,1321501.83,1321501.83,1302871.5,1313225.54,8149
2023-05-23 11:00:00,1309386.8,1309829.77,1304600.9,1307215.33,10394
2023-05-23 12:00:00,1298935.81,1309662.56,1298935.81,1300619.6,10144
2023-05-23 13:00:00,1292716.13,1310721.86,1274148.33,1299887.01,7457
2023-05-23 14:00:00,1304201.46,1320111.46,1269312.65,1304508.0,11261
2023-05-23 15:00:00,1300352.01,1311565.58,1281764.04,1308947.68,13061
2023-05-23 16:00:00,1313180.22,1313180.22,1270025.34,1289858.67,13375
2023-05-23 17:00:00,1286859.02,1305318.4,1286092.05,1301520.62,18262
2023-05-23 18:00:00,1302778.19,1311039.64,1301725.0,1304333.67,8782
2023-05-23 19:00:00,1316480.49,1332321.9,1316480.49,1319118.73,13286
2023-05-23 20:00:00,1311352.42,1330505.29,1296517.14,1323509.07,9136
2023-05-23 21:00:00,1332233.28,1344474.16,1332233.28,1334903.09,12284
2023-05-23 22:00:00,1338046.05,1341279.05,1335199.68,1339163.92,16955
2023-05-23 23:00:00,1338161.73,1361933.4,1326858.92,1352944.83,13626
2023-05-24 00:00:00,1354658.34,1375861.21,1354658.34,1357373.09,6700
2023-05-24 01:00:00,1361135.78,1368478.62,1331024.43,1354829.93,12597
2023-05-24 02:00:00,1372611.08,1381364.63,1372611.08,1378607.41,8497
2023-05-24 03:00:00,1381692.2,1389277.25,1381692.2,1386504.25,15304
2023-05-24 04:00:00,1387866.32,1393428.91,1387866.32,1390647.61,6747
2023-05-24 05:00:00,1376415.9,1376415.9,1354037.59,1373668.57,18098
2023-05-24 06:00:00,1360006.77,1360006.77,1354577.6,1357292.18,6049
2023-05-24 07:00:00,1358046.11,1384280.05,1343213.08,1359142.06,6685
2023-05-24 08:00:00,1358740.26,1362795.59,1332887.19,1359339.27,8693
2023-05-24 09:00:00,1358879.46,1358879.46,1348390.64,1351092.82,11776
2023-05-24 10:00:00,1353633.52,1353777.99,1340377.36,1351491.79,9747
2023-05-24 11:00:00,1365149.0,1370785.07,1365149.0,1367884.77,15509
2023-05-24 12:00:00,1371949.35,1374034.49,1371949.35,1374023.88,12255
2023-05-24 13:00:00,1369034.92,1369034.92,1354530.86,1359423.55,3959
2023-05-24 14:00:00,1354152.09,1381170.13,1354152.09,1356865.83,13347
2023-05-24 15:00:00,1348403.94,1367882.24,1344042.84,1346736.31,12348
2023-05-24 16:00:00,1349112.67,1361809.85,1328333.86,1341570.43,9246
2023-05-24 17:00:00,1338457.36,1354493.36,1327251.0,1336287.08,9962
2023-05-24 18:00:00,1333154.86,1333154.86,1324289.8,1330493.87,13111
2023-05-24 19:00:00,1324315.3,1324315.3,1289852.79,1316433.18,15843
2023-05-24 20:00:00,1313633.82,1320800.11,1299266.88,1315078.46,9459
2023-05-24 21:00:00,1310563.07,1317448.11,1300432.07,1309142.88,13665
2023-05-24 22:00:00,1285871.49,1285871.49,1258116.6,1278091.2,10815
2023-05-24 23:00:00,1298056.98,1303259.61,1298056.98,1300658.29,9464
2023-05-25 00:00:00,1310116.33,1315364.96,1310116.33,1312741.81,9859
2023-05-25 01:00:00,1306169.95,1329562.86,1282688.2,1308893.36,12756
2023-05-25 02:00:00,1318653.57,1351291.46,1306784.58,1309403.38,9086
2023-05-25 03:00:00,1299783.73,1299783.73,1294594.97,1297189.35,6814
2023-05-25 04:00:00,1311445.7,1316400.53,1311445.7,1315819.76,8588
2023-05-25 05:00:00,1333689.17,1353890.73,1333689.17,1336361.89,11174
2023-05-25 06:00:00,1334964.27,1340314.82,1334964.27,1337639.55,9198
2023-05-25 07:00:00,1338123.66,1351047.57,1334421.53,1348350.87,9050
2023-05-25 08:00:00,1347705.87,1352216.78,1346818.71,1349517.74,8592
2023-05-25 09:00:00,1336651.0,1336651.0,1300014.57,1333983.04,6679
2023-05-25 10:00:00,1342298.34,1344516.05,1325654.39,1329171.52,11214
2023-05-25 11:00:00,1333105.43,1333105.43,1296438.25,1330444.54,6840
2023-05-25 12:00:00,1327962.33,1327962.33,1322661.08,1325311.7,11352
2023-05-25 13:00:00,1333692.69,1341877.51,1320271.79,1322917.63,8684
2023-05-25 14:00:00,1322744.6,1324635.0,1303392.43,1321991.01,9638
2023-05-25 15:00:00,1323847.88,1323847.88,1306874.61,1321205.47,10867
2023-05-25 16:00:00,1316011.92,1337203.55,1316011.92,1321889.75,9836
2023-05-25 17:00:00,1325839.76,1330865.9,1287973.42,1310551.88,6347
2023-05-25 18:00:00,1307547.5,1307547.5,1300715.11,1303321.75,21335
2023-05-25 19:00:00,1292922.64,1292922.64,1277514.67,1290341.96,8052
2023-05-25 20:00:00,1294254.2,1304303.65,1280649.11,1301700.25,9388
2023-05-25 21:00:00,1305399.74,1310066.78,1269463.76,1280081.82,12786
2023-05-25 22:00:00,1275986.53,1296095.02,1275986.53,1293508.01,12615
2023-05-25 23:00:00,1291591.31,1331895.84,1280239.26,1309144.08,8742
2023-05-26 00:00:00,1316071.97,1319041.28,1297405.67,1306477.63,9235
2023-05-26 01:00:00,1281927.04,1281927.04,1268332.9,1279368.3,11826
2023-05-26 02:00:00,1275323.02,1279586.84,1274478.71,1277032.78,9215
2023-05-26 03:00:00,1280452.29,1280452.29,1261079.77,1277896.5,8149
2023-05-26 04:00:00,1271447.52,1271447.52,1266371.88,1268909.7,16525
2023-05-26 05:00:00,1276513.02,1276513.02,1252472.7,1265385.7,12426
2023-05-26 06:00:00,1280141.09,1284573.03,1280141.09,1283105.59,9422
2023-05-26 07:00:00,1288936.85,1294102.93,1288936.85,1291519.89,10671
2023-05-26 08:00:00,1294906.18,1318837.6,1268624.88,1282993.67,8247
2023-05-26 09:00:00,1276425.82,1276425.82,1267001.21,1267738.95,14857
2023-05-26 10:00:00,1268773.82,1268773.82,1263708.85,1266241.33,9370
2023-05-26 11:00:00,1264694.28,1269700.25,1254694.06,1266002.25,7005
2023-05-26 12:00:00,1262472.16,1288825.15,1237984.15,1273126.94,10278
2023-05-26 13:00:00,1275305.78,1292963.63,1257243.3,1269356.69,9987
2023-05-26 14:00:00,1274001.88,1294862.61,1274001.88,1276554.99,8562
2023-05-26 15:00:00,1295852.87,1301046.67,1295852.87,1298449.77,10192
2023-05-26 16:00:00,1305627.58,1317149.67,1305627.58,1308244.06,8233
2023-05-26 17:00:00,1305979.9,1311214.29,1305979.9,1308597.1,8818
2023-05-26 18:00:00,1307604.33,1321563.68,1304902.07,1307517.1,10085
2023-05-26 19:00:00,1302670.71,1307211.52,1302670.71,1304602.32,8043
2023-05-26 20:00:00,1309388.9,1334201.44,1307350.96,1318163.76,9869
2023-05-26 21:00:00,1311228.49,1314660.05,1309411.91,1312035.98,8373
2023-05-26 22:00:00,1310697.1,1314116.49,1310697.1,1313323.75,7648
2023-05-26 23:00:00,1310868.41,1321140.58,1307311.11,1314630.43,10824
2023-05-27 00:00:00,1312597.4,1312597.4,1278980.65,1309977.45,10420
2023-05-27 01:00:00,1302764.35,1302764.35,1280115.08,1296166.64,8736
2023-05-27 02:00:00,1294707.61,1303463.04,1288107.15,1300861.31,9728
2023-05-27 03:00:00,1297002.85,1302154.42,1287382.92,1301358.17,9298
2023-05-27 04:00:00,1301868.6,1310420.79,1273159.91,1307805.18,10586
2023-05-27 05:00:00,1301561.05,1320701.55,1295136.4,1303041.68,5620
2023-05-27 06:00:00,1314478.11,1319746.56,1314478.11,1317112.33,10265
2023-05-27 07:00:00,1310990.79,1310990.79,1290633.74,1308374.04,8941
2023-05-27 08:00:00,1324943.81,1349439.0,1324943.81,1327599.01,10670
2023-05-27 09:00:00,1311668.81,1311668.81,1278263.27,1309050.71,5031
2023-05-27 10:00:00,1312022.51,1317281.11,1312022.51,1314651.81,7205
2023-05-27 11:00:00,1317916.71,1335338.09,1317916.71,1320557.82,8608
2023-05-27 12:00:00,1322048.28,1330367.51,1295822.02,1312627.41,15879
2023-05-27 13:00:00,1314001.13,1320701.51,1308713.73,1318065.38,5931
2023-05-27 14:00:00,1329899.39,1335229.64,1329899.39,1332564.51,6470
2023-05-27 15:00:00,1330477.59,1330477.59,1306173.37,1308790.95,10500
2023-05-27 16:00:00,1312569.19,1335373.95,1312569.19,1315199.59,8205
2023-05-27 17:00:00,1291877.6,1291877.6,1286720.4,1289299.0,9441
2023-05-27 18:00:00,1288831.24,1298238.67,1271758.3,1280752.45,17447
2023-05-27 19:00:00,1290283.26,1302248.92,1290283.26,1299649.62,12746
2023-05-27 20:00:00,1297426.54,1297426.54,1293239.94,1294836.87,8835
2023-05-27 21:00:00,1285972.47,1285972.47,1279453.33,1283934.55,15903
2023-05-27 22:00:00,1288321.23,1297533.21,1281091.36,1283658.68,11809
2023-05-27 23:00:00,1282699.7,1333891.98,1282699.7,1307145.54,8562
2023-05-28 00:00:00,1291340.78,1291340.78,1286185.73,1288763.26,11744
2023-05-28 01:00:00,1281941.12,1281941.12,1270215.88,1279382.36,16724
2023-05-28 02:00:00,1291817.48,1299548.78,1291817.48,1296954.87,8212
2023-05-28 03:00:00,1318020.33,1320739.02,1318020.33,1318102.82,12292
2023-05-28 04:00:00,1318699.13,1320537.82,1315266.21,1317902.02,9857
2023-05-28 05:00:00,1308122.02,1308122.02,1303995.36,1305511.0,10412
2023-05-28 06:00:00,1326513.26,1339539.95,1326513.26,1329171.6,9464
2023-05-28 07:00:00,1338746.99,1359506.15,1338746.99,1347127.12,10595
2023-05-28 08:00:00,1352011.13,1357430.01,1352011.13,1354720.57,5939
2023-05-28 09:00:00,1348324.05,1348324.05,1321114.85,1345632.78,9991
2023-05-28 10:00:00,1347975.37,1347975.37,1342594.23,1345284.8,9410
2023-05-28 11:00:00,1340670.7,1346426.18,1326122.71,1343738.7,12653
2023-05-28 12:00:00,1342833.29,1350335.35,1342833.29,1347640.07,13887
2023-05-28 13:00:00,1361062.54,1371690.33,1361062.54,1363790.12,6981
2023-05-28 14:00:00,1370549.78,1376042.97,1370549.78,1373296.38,8876
2023-05-28 15:00:00,1363358.63,1363358.63,1339302.36,1360637.35,10522
2023-05-28 16:00:00,1373650.13,1404189.29,1373650.13,1375741.3,7972
2023-05-28 17:00:00,1376808.86,1383453.12,1376808.86,1378627.35,10000
2023-05-28 18:00:00,1385074.46,1391921.81,1382894.72,1385666.05,5078
2023-05-28 19:00:00,1387377.42,1424295.14,1368388.44,1401362.06,21294
2023-05-28 20:00:00,1390739.95,1390739.95,1386121.28,1387286.28,12367
2023-05-28 21:00:00,1386651.72,1396187.58,1370603.21,1386005.29,7166
2023-05-28 22:00:00,1381342.75,1381342.75,1368095.55,1379173.72,8145
2023-05-28 23:00:00,1361495.13,1361495.13,1356974.79,1360914.26,10880
2023-05-29 00:00:00,1361361.04,1365958.51,1347739.11,1364716.63,9594
2023-05-29 01:00:00,1389757.9,1413842.97,1389757.9,1392542.98,12154
2023-05-29 02:00:00,1388180.99,1388180.99,1344372.01,1370619.34,13911
2023-05-29 03:00:00,1371640.83,1372716.18,1361980.91,1369976.23,11938
2023-05-29 04:00:00,1374142.42,1379650.01,1374142.42,1376896.21,15024
2023-05-29 05:00:00,1381657.0,1391081.26,1363435.44,1377849.48,7403
2023-05-29 06:00:00,1379150.92,1382151.35,1375935.16,1376124.98,7858
2023-05-29 07:00:00,1363870.81,1363870.81,1359135.29,1361148.51,10956
2023-05-29 08:00:00,1366564.53,1366564.53,1361109.18,1363836.86,9237
2023-05-29 09:00:00,1358728.3,1374448.3,1347894.71,1355414.08,8908
2023-05-29 10:00:00,1336803.58,1336803.58,1298896.98,1331442.08,10467
2023-05-29 11:00:00,1342729.88,1365610.81,1342729.88,1345420.72,9077
2023-05-29 12:00:00,1353835.19,1385407.96,1353835.19,1356548.29,13807
2023-05-29 13:00:00,1354452.45,1360099.25,1343739.74,1357384.48,12413
2023-05-29 14:00:00,1362476.69,1362860.84,1357420.28,1360140.56,12299
2023-05-29 15:00:00,1369467.72,1374956.57,1369467.72,1372212.15,11528
2023-05-29 16:00:00,1374442.01,1381274.61,1339275.01,1374510.01,11942
2023-05-29 17:00:00,1385860.1,1387137.47,1360500.48,1384368.74,9507
2023-05-29 18:00:00,1386550.15,1400730.12,1377666.61,1380427.47,13868
2023-05-29 19:00:00,1386734.55,1397566.89,1386734.55,1394777.33,6094
2023-05-29 20:00:00,1395008.36,1400359.63,1382212.8,1397564.5,10029
2023-05-29 21:00:00,1399425.63,1405244.6,1397539.44,1398803.24,7516
2023-05-29 22:00:00,1386042.48,1386042.48,1378513.95,1383275.93,7300
2023-05-29 23:00:00,1383219.2,1408137.53,1383219.2,1385991.18,9488
2023-05-30 00:00:00,1388184.85,1413294.49,1374508.84,1375985.37,8696
2023-05-30 01:00:00,1371288.94,1371288.94,1365814.73,1368551.83,9887
2023-05-30 02:00:00,1363626.44,1363626.44,1356704.67,1359423.52,7915
2023-05-30 03:00:00,1350549.22,1350549.22,1345157.81,1347853.52,11561
2023-05-30 04:00:00,1342569.54,1374596.65,1337137.88,1371852.94,11182
2023-05-30 05:00:00,1383888.83,1414037.65,1383888.83,1386662.16,13520
2023-05-30 06:00:00,1386779.12,1410681.85,1378866.69,1407866.11,6848
2023-05-30 07:00:00,1402910.59,1410000.48,1389812.14,1392597.33,10830
2023-05-30 08:00:00,1389919.82,1399157.07,1389919.82,1392705.23,12090
2023-05-30 09:00:00,1380059.68,1380059.68,1374550.46,1377305.07,8261
2023-05-30 10:00:00,1383362.92,1393419.99,1339308.85,1369280.2,16179
2023-05-30 11:00:00,1368778.86,1368778.86,1351795.9,1359061.87,8639
2023-05-30 12:00:00,1366223.59,1420532.79,1359380.42,1373164.76,8209
2023-05-30 13:00:00,1375284.88,1398977.23,1365908.42,1368645.71,11161
2023-05-30 14:00:00,1370276.67,1383414.1,1358689.35,1380652.8,16074
2023-05-30 15:00:00,1384367.76,1389916.33,1384367.76,1387142.04,10819
2023-05-30 16:00:00,1406759.83,1420890.71,1406759.83,1412719.27,8480
2023-05-30 17:00:00,1401876.32,1401876.32,1388563.74,1394352.85,12885
2023-05-30 18:00:00,1402988.45,1408160.87,1387508.11,1407993.24,6777
2023-05-30 19:00:00,1412197.27,1422888.44,1401304.39,1420048.34,15258
2023-05-30 20:00:00,1408548.78,1408548.78,1406918.67,1407260.18,17259
2023-05-30 21:00:00,1414912.05,1420583.04,1414912.05,1417747.54,9036
2023-05-30 22:00:00,1421054.65,1430049.8,1417388.85,1420229.31,19164
2023-05-30 23:00:00,1419199.36,1422549.76,1412343.79,1416134.98,11931
2023-05-31 00:00:00,1408985.45,1408985.45,1401316.96,1405310.14,9729
2023-05-31 01:00:00,1398920.19,1398920.19,1393335.67,1396127.93,12141
2023-05-31 02:00:00,1408020.7,1425001.76,1408020.7,1418859.22,10070
2023-05-31 03:00:00,1407363.4,1432374.32,1401367.8,1417527.32,8740
2023-05-31 04:00:00,1425854.71,1428121.59,1416944.11,1425271.04,7637
2023-05-31 05:00:00,1417343.32,1417343.32,1411685.26,1414514.29,10052
2023-05-31 06:00:00,1418760.73,1421821.45,1401515.82,1404324.47,13767
2023-05-31 07:00:00,1410903.28,1418728.26,1387617.94,1415896.47,8049
2023-05-31 08:00:00,1401908.56,1401908.56,1373710.73,1399110.34,9094
2023-05-31 09:00:00,1396522.24,1396522.24,1371940.95,1393734.77,7926
2023-05-31 10:00:00,1396454.84,1396454.84,1352923.16,1393667.51,13397
2023-05-31 11:00:00,1393728.21,1397290.58,1375272.83,1394501.57,9978
2023-05-31 12:00:00,1391567.12,1394785.37,1345221.16,1392001.36,6265
2023-05-31 13:00:00,1394912.2,1403176.62,1394912.2,1396117.07,8555
2023-05-31 14:00:00,1400708.72,1437419.78,1400708.72,1403515.75,20088
2023-05-31 15:00:00,1402895.31,1414038.24,1393219.5,1411215.8,6504
2023-05-31 16:00:00,1406756.65,1433128.53,1397756.64,1398878.79,11758
2023-05-31 17:00:00,1392116.52,1401695.54,1385779.96,1395065.25,6568
2023-05-31 18:00:00,1404540.34,1449428.05,1381164.0,1408248.59,7863
2023-05-31 19:00:00,1414868.37,1435397.27,1414868.37,1417703.78,12580
2023-05-31 20:00:00,1403523.96,1403523.96,1385151.87,1400722.51,10689
2023-05-31 21:00:00,1399391.95,1407004.74,1366602.41,1404196.34,5242
2023-05-31 22:00:00,1389296.45,1389296.45,1355884.44,1380866.46,5198
2023-05-31 23:00:00,1378855.91,1412978.68,1353082.98,1381479.26,5897
2023-06-01 00:00:00,1400154.95,1405766.79,1400154.95,1402960.87,8129
2023-06-01 01:00:00,1395120.38,1395120.38,1377981.59,1391516.47,12661
2023-06-01 02:00:00,1384565.28,1384565.28,1381304.08,1381801.67,9158
2023-06-01 03:00:00,1385666.21,1393271.15,1377555.55,1390490.17,12865
2023-06-01 04:00:00,1375530.47,1375530.47,1364367.16,1372784.9,12839
2023-06-01 05:00:00,1368806.13,1368806.13,1363341.83,1366073.98,14398
2023-06-01 06:00:00,1369440.93,1376098.15,1369424.57,1373351.45,7439
2023-06-01 07:00:00,1371108.42,1371108.42,1363941.42,1366674.77,7870
2023-06-01 08:00:00,1367526.98,1398298.44,1341396.16,1364678.87,8169
2023-06-01 09:00:00,1370922.39,1376417.07,1370922.39,1373669.73,11408
2023-06-01 10:00:00,1376078.24,1381593.58,1376078.24,1378835.91,5748
2023-06-01 11:00:00,1380089.43,1417563.93,1379393.06,1382157.38,14656
2023-06-01 12:00:00,1381190.05,1386786.98,1361208.98,1378555.85,8236
2023-06-01 13:00:00,1373206.94,1385815.8,1358026.96,1383049.7,13547
2023-06-01 14:00:00,1377362.43,1391500.57,1369361.89,1381848.49,8999
2023-06-01 15:00:00,1387074.48,1390043.07,1385214.77,1387268.53,20356
2023-06-01 16:00:00,1383344.16,1384513.06,1378986.06,1381749.56,7169
2023-06-01 17:00:00,1378167.99,1382737.33,1378167.99,1379977.38,8390
2023-06-01 18:00:00,1371923.89,1371923.89,1352920.12,1369185.52,4873
2023-06-01 19:00:00,1366466.12,1374999.76,1366466.12,1369462.42,11263
2023-06-01 20:00:00,1376749.37,1387965.55,1357368.86,1361066.93,20685
2023-06-01 21:00:00,1354626.02,1394664.36,1326339.06,1349632.13,8913
2023-06-01 22:00:00,1353018.31,1359915.47,1351055.66,1353763.18,6989
2023-06-01 23:00:00,1352519.08,1359989.52,1352519.08,1357274.97,10217
2023-06-02 00:00:00,1352133.7,1369728.2,1335814.91,1366994.21,11933
2023-06-02 01:00:00,1372416.33,1373669.41,1360462.85,1362970.92,13491
2023-06-02 02:00:00,1365406.56,1375883.19,1365406.56,1368421.76,9672
2023-06-02 03:00:00,1372587.58,1378088.93,1372587.58,1375338.25,7012
2023-06-02 04:00:00,1374745.38,1408710.39,1366988.26,1380907.48,13899
2023-06-02 05:00:00,1378962.6,1379777.17,1369292.51,1372036.59,17025
2023-06-02 06:00:00,1371676.38,1377174.09,1371676.38,1374425.23,7260
2023-06-02 07:00:00,1374014.29,1388228.17,1368394.56,1379159.38,10315
2023-06-02 08:00:00,1380439.91,1382518.47,1357143.1,1379758.95,8208
2023-06-02 09:00:00,1382687.39,1382687.39,1349587.62,1356783.14,12490
2023-06-02 10:00:00,1362503.33,1362503.33,1323390.58,1359783.76,7529
2023-06-02 11:00:00,1378817.34,1388252.63,1378817.34,1385481.66,13667
2023-06-02 12:00:00,1386004.1,1386004.1,1375505.28,1381762.25,12157
2023-06-02 13:00:00,1376757.46,1376757.46,1350972.99,1374009.44,9951
2023-06-02 14:00:00,1376281.74,1381674.63,1376281.74,1378916.8,4708
2023-06-02 15:00:00,1377019.94,1385777.94,1330970.56,1383011.92,14101
2023-06-02 16:00:00,1382106.11,1399731.55,1370581.03,1396937.67,7657
2023-06-02 17:00:00,1385386.78,1385386.78,1379856.29,1382621.54,6465
2023-06-02 18:00:00,1388861.64,1394144.14,1388578.69,1391361.42,8811
2023-06-02 19:00:00,1394202.33,1403962.32,1385901.03,1398293.23,7852
2023-06-02 20:00:00,1399481.65,1399481.65,1393894.89,1396688.27,12615
2023-06-02 21:00:00,1393207.66,1425590.14,1391195.85,1400648.84,5739
2023-06-02 22:00:00,1409605.54,1417891.39,1409605.54,1412430.4,8000
2023-06-02 23:00:00,1419847.5,1447603.61,1419273.83,1422118.06,7572
2023-06-03 00:00:00,1410997.74,1410997.74,1405365.01,1408181.38,8514
2023-06-03 01:00:00,1413830.73,1420225.1,1412949.68,1417390.32,9649
2023-06-03 02:00:00,1413305.15,1433819.88,1413305.15,1416137.43,7758
2023-06-03 03:00:00,1413225.06,1419364.92,1389558.18,1416531.86,15930
2023-06-03 04:00:00,1420643.55,1420643.55,1399643.64,1416926.5,7662
2023-06-03 05:00:00,1417568.37,1417568.37,1411909.42,1414738.89,9713
2023-06-03 06:00:00,1425289.72,1446687.5,1425289.72,1428146.02,4919
2023-06-03 07:00:00,1425698.34,1429251.17,1423545.57,1426398.37,11508
2023-06-03 08:00:00,1420012.45,1420012.45,1379701.39,1412647.15,11425
2023-06-03 09:00:00,1410652.77,1410652.77,1397488.85,1407837.1,10322
2023-06-03 10:00:00,1406943.53,1431703.08,1406943.53,1409763.05,8752
2023-06-03 11:00:00,1420875.76,1428341.13,1420875.76,1423723.21,6006
2023-06-03 12:00:00,1416403.55,1441992.59,1412883.52,1430141.29,10544
2023-06-03 13:00:00,1432981.98,1440239.83,1405377.72,1419410.82,12851
2023-06-03 14:00:00,1430688.34,1465852.57,1430688.34,1447753.39,7885
2023-06-03 15:00:00,1446620.52,1467626.52,1446620.52,1449519.56,19150
2023-06-03 16:00:00,1460275.98,1466128.79,1460275.98,1463202.38,10438
2023-06-03 17:00:00,1461668.42,1462448.23,1442051.99,1459529.17,13931
2023-06-03 18:00:00,1461642.89,1467109.43,1427481.09,1464181.07,12009
2023-06-03 19:00:00,1463391.55,1511564.44,1443535.56,1472376.21,14605
2023-06-03 20:00:00,1477028.37,1491514.91,1476969.33,1484906.56,8577
2023-06-03 21:00:00,1475881.7,1514948.02,1468208.96,1495186.24,9814
2023-06-03 22:00:00,1499958.64,1505945.76,1499958.64,1502939.88,10992
2023-06-03 23:00:00,1503747.75,1503747.75,1490222.95,1495930.74,10908
2023-06-04 00:00:00,1489032.38,1489032.38,1483088.14,1486060.26,12731
2023-06-04 01:00:00,1498322.24,1511157.29,1484564.61,1487539.69,10888
2023-06-04 02:00:00,1486014.82,1500640.95,1480125.01,1496277.12,8307
2023-06-04 03:00:00,1496718.77,1507229.46,1469852.55,1490643.74,12067
2023-06-04 04:00:00,1494811.26,1508148.52,1480298.82,1500938.18,9946
2023-06-04 05:00:00,1509350.24,1518737.96,1493273.76,1515706.55,15938
2023-06-04 06:00:00,1510987.89,1514793.32,1497814.09,1500815.72,9560
2023-06-04 07:00:00,1501205.62,1514072.0,1484582.07,1487557.18,9884
2023-06-04 08:00:00,1491422.88,1508677.71,1480355.66,1483322.3,10477
2023-06-04 09:00:00,1481703.48,1487642.17,1481703.48,1484672.83,7722
2023-06-04 10:00:00,1478862.55,1478862.55,1472958.91,1475910.73,11401
2023-06-04 11:00:00,1487158.77,1492364.29,1487158.77,1490139.05,5777
2023-06-04 12:00:00,1488941.41,1518298.75,1481351.27,1492764.66,8277
2023-06-04 13:00:00,1489447.23,1498625.48,1489447.23,1490654.43,8620
2023-06-04 14:00:00,1476856.58,1476856.58,1424900.89,1470657.12,16850
2023-06-04 15:00:00,1460679.7,1463115.78,1439528.92,1453040.61,10089
2023-06-04 16:00:00,1464037.55,1476731.97,1452252.77,1455163.1,7896
2023-06-04 17:00:00,1431417.5,1431417.5,1399049.2,1428560.38,9475
2023-06-04 18:00:00,1437126.54,1442886.57,1437126.54,1440006.56,9964
2023-06-04 19:00:00,1434546.44,1440296.13,1434546.44,1437421.28,14060
2023-06-04 20:00:00,1445610.99,1477797.8,1445610.99,1474848.1,8209
2023-06-04 21:00:00,1497779.9,1509594.91,1497779.9,1500781.46,13333
2023-06-04 22:00:00,1498779.07,1498779.07,1438761.02,1495787.5,14872
2023-06-04 23:00:00,1492528.52,1519639.88,1464156.45,1491902.42,12451
2023-06-05 00:00:00,1498983.67,1504592.68,1498983.67,1501589.5,7274
2023-06-05 01:00:00,1516650.92,1522729.68,1516650.92,1519690.3,14792
2023-06-05 02:00:00,1509798.68,1509798.68,1492976.44,1495968.38,13133
2023-06-05 03:00:00,1473877.01,1473877.01,1468646.77,1471589.95,5574
2023-06-05 04:00:00,1471497.3,1471497.3,1440781.05,1462406.39,12816
2023-06-05 05:00:00,1463262.93,1469010.93,1447935.79,1467980.65,8383
2023-06-05 06:00:00,1485220.42,1490733.96,1469452.45,1472397.24,9127
2023-06-05 07:00:00,1476375.94,1486549.32,1476375.94,1483582.15,13940
2023-06-05 08:00:00,1469952.58,1469952.58,1464084.51,1467018.55,8730
2023-06-05 09:00:00,1440705.04,1440705.04,1434953.72,1437829.38,10127
2023-06-05 10:00:00,1442021.91,1450326.33,1442021.91,1447431.47,15328
2023-06-05 11:00:00,1446334.5,1453531.42,1429533.11,1436857.09,10617
2023-06-05 12:00:00,1416868.85,1416868.85,1392263.78,1412724.6,7986
2023-06-05 13:00:00,1416786.93,1416786.93,1397954.41,1414724.56,9403
2023-06-05 14:00:00,1415520.86,1460446.61,1410286.71,1424155.03,9449
2023-06-05 15:00:00,1427620.18,1434508.82,1419886.92,1422732.39,5530
2023-06-05 16:00:00,1420969.51,1430232.82,1396030.67,1417477.87,12448
2023-06-05 17:00:00,1415474.21,1418703.79,1413040.31,1415872.05,19206
2023-06-05 18:00:00,1417271.34,1417271.34,1409048.41,1411872.15,8483
2023-06-05 19:00:00,1399553.45,1399553.45,1394474.17,1396759.93,16223
2023-06-05 20:00:00,1388960.99,1389551.55,1380321.75,1389499.18,11362
2023-06-05 21:00:00,1393730.6,1399316.7,1393730.6,1396523.65,8065
2023-06-05 22:00:00,1392262.86,1421373.91,1392262.86,1401087.62,16401
2023-06-05 23:00:00,1403473.92,1406584.33,1400969.22,1403776.77,11250
2023-06-06 00:00:00,1403478.54,1403478.54,1372685.0,1393082.87,13815
2023-06-06 01:00:00,1387631.08,1404179.76,1365624.5,1392067.82,12375
2023-06-06 02:00:00,1371145.23,1371145.23,1365671.6,1368408.41,7784
2023-06-06 03:00:00,1374518.97,1374923.95,1372115.48,1372179.59,11194
2023-06-06 04:00:00,1388505.87,1401679.78,1388505.87,1389874.2,11560
2023-06-06 05:00:00,1377055.88,1377055.88,1371558.65,1374307.27,9059
2023-06-06 06:00:00,1372108.61,1372108.61,1369246.2,1369369.87,8849
2023-06-06 07:00:00,1382042.59,1382042.59,1372088.22,1374837.89,10722
2023-06-06 08:00:00,1372635.15,1400296.63,1372635.15,1390553.07,10226
2023-06-06 09:00:00,1401284.54,1410415.14,1383884.74,1386658.06,6728
2023-06-06 10:00:00,1382902.14,1382902.14,1377381.57,1380141.86,10200
2023-06-06 11:00:00,1362206.72,1362206.72,1343279.46,1359487.74,7711
2023-06-06 12:00:00,1367242.98,1369926.17,1360084.62,1362810.24,12953
2023-06-06 13:00:00,1375235.57,1390725.23,1375235.57,1387635.5,10530
2023-06-06 14:00:00,1383669.47,1397337.47,1362072.52,1392163.56,12914
2023-06-06 15:00:00,1394460.65,1395958.33,1390385.64,1393171.99,11570
2023-06-06 16:00:00,1395275.26,1411665.08,1395275.26,1398071.4,6502
2023-06-06 17:00:00,1396232.88,1401829.0,1396232.88,1399030.94,7391
2023-06-06 18:00:00,1392612.16,1393586.45,1355823.74,1390804.84,13587
2023-06-06 19:00:00,1387958.45,1404266.69,1367846.48,1401463.76,12222
2023-06-06 20:00:00,1402245.78,1407866.01,1402245.78,1405055.89,8970
2023-06-06 21:00:00,1404691.69,1408966.12,1392461.7,1406153.81,12696
2023-06-06 22:00:00,1399352.26,1399352.26,1381515.47,1395848.15,10774
2023-06-06 23:00:00,1408413.19,1414756.13,1408413.19,1411932.27,7809
2023-06-07 00:00:00,1417504.04,1438339.95,1417504.04,1420344.73,12220
2023-06-07 01:00:00,1417261.63,1417261.63,1411603.9,1414432.76,13346
2023-06-07 02:00:00,1423837.19,1428828.61,1423837.19,1426690.57,12890
2023-06-07 03:00:00,1424057.88,1424057.88,1390067.0,1421215.45,11239
2023-06-07 04:00:00,1413211.39,1415486.28,1409835.64,1412660.96,26677
2023-06-07 05:00:00,1413088.32,1431007.77,1401876.2,1404685.57,8552
2023-06-07 06:00:00,1388165.55,1388165.55,1379346.3,1385394.76,7941
2023-06-07 07:00:00,1392346.17,1395136.5,1392346.17,1392351.8,11741
2023-06-07 08:00:00,1384616.4,1384616.4,1372628.2,1372966.53,13341
2023-06-07 09:00:00,1363917.47,1363917.47,1358472.69,1361195.08,6753
2023-06-07 10:00:00,1343147.67,1343147.67,1337785.8,1340466.73,7379
2023-06-07 11:00:00,1346878.77,1362102.26,1339761.27,1342446.16,14094
2023-06-07 12:00:00,1340979.34,1345143.03,1340979.34,1343666.67,20689
2023-06-07 13:00:00,1340618.22,1345609.52,1338121.33,1342923.67,9007
2023-06-07 14:00:00,1347495.57,1385177.29,1322948.96,1334361.29,9772
2023-06-07 15:00:00,1335728.38,1343559.06,1312072.97,1324697.22,12574
2023-06-07 16:00:00,1330424.13,1335756.49,1330424.13,1333090.31,9438
2023-06-07 17:00:00,1327722.37,1332909.44,1327722.37,1330248.94,17231
2023-06-07 18:00:00,1335814.58,1347856.27,1331504.48,1336926.83,8087
2023-06-07 19:00:00,1332990.72,1332990.72,1324261.63,1330330.06,11842
2023-06-07 20:00:00,1324249.72,1338240.88,1324249.72,1335569.74,7313
2023-06-07 21:00:00,1350224.23,1368601.27,1350224.23,1352930.09,9163
2023-06-07 22:00:00,1361205.13,1366566.95,1359338.11,1362062.24,10502
2023-06-07 23:00:00,1362612.49,1362612.49,1332253.8,1359892.7,18821
2023-06-08 00:00:00,1364015.74,1390479.7,1364015.74,1365246.78,8170
2023-06-08 01:00:00,1366069.39,1367644.99,1363237.94,1364915.16,13599
2023-06-08 02:00:00,1364619.84,1387242.72,1364619.84,1367354.55,7569
2023-06-08 03:00:00,1365775.1,1368744.48,1365775.1,1366012.46,9989
2023-06-08 04:00:00,1364096.06,1393721.35,1363789.43,1366522.48,8182
2023-06-08 05:00:00,1368470.88,1388584.63,1368470.88,1371213.3,8464
2023-06-08 06:00:00,1367608.16,1367608.16,1353232.05,1362272.69,14794
2023-06-08 07:00:00,1356127.54,1356127.54,1329451.84,1353420.7,10614
2023-06-08 08:00:00,1343463.98,1343463.98,1338100.85,1340782.42,19560
2023-06-08 09:00:00,1326560.34,1326560.34,1323673.75,1326326.4,15214
2023-06-08 10:00:00,1332218.37,1335476.72,1313976.59,1316609.81,10275
2023-06-08 11:00:00,1308527.82,1324689.34,1308527.82,1322045.25,7977
2023-06-08 12:00:00,1320862.87,1326663.37,1311288.17,1315990.25,8027
2023-06-08 13:00:00,1324189.75,1327920.39,1324189.75,1325269.85,7457
2023-06-08 14:00:00,1331416.44,1331824.26,1326507.59,1329165.92,6460
2023-06-08 15:00:00,1313809.03,1313809.03,1308584.7,1311207.11,9316
2023-06-08 16:00:00,1319461.62,1343408.73,1319461.62,1322105.84,9336
2023-06-08 17:00:00,1331785.0,1349072.4,1331785.0,1334453.91,8948
2023-06-08 18:00:00,1345743.42,1350469.6,1324248.84,1326902.65,9562
2023-06-08 19:00:00,1327529.22,1337622.0,1314460.65,1334952.09,7447
2023-06-08 20:00:00,1331542.61,1331542.61,1326227.07,1328884.84,5866
2023-06-08 21:00:00,1323776.96,1362524.61,1312005.53,1333398.51,7146
2023-06-08 22:00:00,1325605.83,1325605.83,1304753.77,1322959.91,4822
2023-06-08 23:00:00,1313191.42,1313191.42,1306950.25,1307231.59,11833
2023-06-09 00:00:00,1306728.16,1309824.55,1284453.46,1307210.13,11462
2023-06-09 01:00:00,1312569.13,1312569.13,1306978.52,1309949.23,9000
2023-06-09 02:00:00,1311596.21,1312299.56,1307060.84,1309680.2,6032
2023-06-09 03:00:00,1311605.28,1311605.28,1281543.66,1301025.69,18435
2023-06-09 04:00:00,1298412.01,1302154.2,1298412.01,1301014.04,6402
2023-06-09 05:00:00,1305504.73,1343712.91,1305504.73,1308120.97,14270
2023-06-09 06:00:00,1311645.28,1314359.84,1309112.89,1311736.37,6783
2023-06-09 07:00:00,1315058.19,1345570.47,1315058.19,1317693.58,10725
2023-06-09 08:00:00,1311713.26,1314640.36,1311713.26,1314341.95,29763
2023-06-09 09:00:00,1328230.3,1332098.12,1328230.3,1330892.08,9523
2023-06-09 10:00:00,1323804.04,1323804.04,1309722.17,1321662.03,10937
2023-06-09 11:00:00,1319277.94,1332542.87,1318584.66,1330710.75,12402
2023-06-09 12:00:00,1339082.07,1349809.93,1339082.07,1347115.7,11092
2023-06-09 13:00:00,1351062.29,1358228.17,1351062.29,1355517.13,13677
2023-06-09 14:00:00,1351747.93,1358896.56,1343026.01,1356184.2,8374
2023-06-09 15:00:00,1361885.07,1363860.7,1350517.83,1353224.28,10039
2023-06-09 16:00:00,1364960.83,1370431.62,1364960.83,1367696.23,10283
2023-06-09 17:00:00,1357162.64,1357162.64,1347207.37,1354453.73,11670
2023-06-09 18:00:00,1346125.71,1349440.14,1334310.23,1346746.65,13640
2023-06-09 19:00:00,1342989.24,1348312.83,1342989.24,1345621.59,6154
2023-06-09 20:00:00,1352356.12,1365243.49,1352356.12,1362518.46,9327
2023-06-09 21:00:00,1362782.53,1372333.2,1340777.66,1369594.01,8071
2023-06-09 22:00:00,1372673.42,1387098.9,1359804.93,1361436.26,9660
2023-06-09 23:00:00,1355019.98,1368283.61,1342284.78,1360913.76,10263
2023-06-10 00:00:00,1358196.82,1370398.42,1321281.16,1357038.78,17452
2023-06-10 01:00:00,1353597.08,1364073.32,1349535.75,1352240.23,8760
2023-06-10 02:00:00,1363521.61,1386202.52,1363521.61,1366254.12,6915
2023-06-10 03:00:00,1357663.84,1376643.54,1351081.0,1353788.58,15453
2023-06-10 04:00:00,1365148.0,1377523.2,1365148.0,1374773.65,7210
2023-06-10 05:00:00,1377391.67,1390238.79,1355724.76,1386696.69,20204
2023-06-10 06:00:00,1394310.24,1404154.62,1394310.24,1401351.92,13783
2023-06-10 07:00:00,1398514.26,1408907.18,1395114.18,1397910.0,11413
2023-06-10 08:00:00,1395375.64,1400968.33,1395375.64,1398171.98,9154
2023-06-10 09:00:00,1400318.04,1400318.04,1354132.49,1383791.4,10202
2023-06-10 10:00:00,1373757.32,1408509.97,1361204.99,1380300.24,10149
2023-06-10 11:00:00,1385615.13,1402338.19,1385615.13,1388391.92,6203
2023-06-10 12:00:00,1402599.98,1408221.62,1402599.98,1405410.8,16186
2023-06-10 13:00:00,1397331.37,1397331.37,1359485.23,1394542.29,10708
2023-06-10 14:00:00,1401451.04,1401451.04,1389772.69,1392557.81,10246
2023-06-10 15:00:00,1390321.86,1416956.16,1390321.86,1393108.07,9417
2023-06-10 16:00:00,1393853.4,1393853.4,1363632.82,1379505.27,11025
2023-06-10 17:00:00,1386073.96,1399378.36,1386073.96,1388851.67,10318
2023-06-10 18:00:00,1385850.52,1385850.52,1376687.91,1383072.01,15203
2023-06-10 19:00:00,1386235.16,1386235.16,1367904.92,1383468.23,8522
2023-06-10 20:00:00,1374174.17,1388689.36,1367015.51,1380965.42,10874
2023-06-10 21:00:00,1372780.95,1397262.37,1369593.4,1374741.34,10406
2023-06-10 22:00:00,1374296.56,1380282.37,1330093.46,1377527.32,11817
2023-06-10 23:00:00,1381114.05,1401473.4,1375111.4,1377867.14,13387
2023-06-11 00:00:00,1379209.11,1379209.11,1373703.29,1376456.2,9046
2023-06-11 01:00:00,1384550.94,1386420.59,1368349.71,1371091.89,10021
2023-06-11 02:00:00,1376010.25,1380406.17,1365417.35,1377650.87,5655
2023-06-11 03:00:00,1396263.31,1401859.55,1396263.31,1399061.43,10156
2023-06-11 04:00:00,1395510.45,1405644.59,1369846.0,1402838.91,11438
2023-06-11 05:00:00,1413522.26,1419187.68,1413522.26,1416354.97,8643
2023-06-11 06:00:00,1414500.4,1418025.92,1391442.24,1401989.38,8609
2023-06-11 07:00:00,1404701.99,1408758.66,1403134.88,1405946.77,10752
2023-06-11 08:00:00,1398172.32,1398172.32,1387821.52,1395381.56,6594
2023-06-11 09:00:00,1394376.18,1416304.64,1378420.65,1380910.93,13953
2023-06-11 10:00:00,1378131.84,1378131.84,1372630.31,1375381.08,13997
2023-06-11 11:00:00,1388972.63,1394539.65,1388972.63,1391756.14,16044
2023-06-11 12:00:00,1402284.34,1407904.72,1402284.34,1405094.53,10189
2023-06-11 13:00:00,1411017.61,1412872.54,1407232.33,1410052.44,9623
2023-06-11 14:00:00,1397224.3,1397224.3,1391646.56,1394435.43,11378
2023-06-11 15:00:00,1399498.71,1424944.37,1362736.55,1394682.55,9560
2023-06-11 16:00:00,1397800.45,1401767.18,1397800.45,1400601.65,7099
2023-06-11 17:00:00,1402117.37,1407737.07,1402117.37,1404927.22,11983
2023-06-11 18:00:00,1388765.43,1388765.43,1362513.15,1385993.44,11144
2023-06-11 19:00:00,1378920.66,1378920.66,1375946.51,1378703.91,13757
2023-06-11 20:00:00,1378248.8,1406571.59,1378248.8,1381010.82,10281
2023-06-11 21:00:00,1392025.04,1420387.79,1387268.44,1390048.54,7968
2023-06-11 22:00:00,1370595.06,1370595.06,1365961.36,1367859.34,9677
2023-06-11 23:00:00,1367362.9,1372141.29,1366663.68,1369402.49,6996
2023-06-12 00:00:00,1377091.67,1377091.67,1374294.56,1374342.98,7536
2023-06-12 01:00:00,1384335.0,1389883.44,1384335.0,1387109.22,11579
2023-06-12 02:00:00,1385393.31,1433477.41,1377664.4,1397817.78,9035
2023-06-12 03:00:00,1404236.31,1409864.51,1404236.31,1407050.41,7765
2023-06-12 04:00:00,1402989.81,1402989.81,1397389.05,1400189.43,7964
2023-06-12 05:00:00,1391844.2,1391844.2,1378159.54,1380921.39,9685
2023-06-12 06:00:00,1389804.53,1400582.11,1372519.53,1379624.9,8258
2023-06-12 07:00:00,1378306.83,1396898.2,1374807.75,1394109.98,10581
2023-06-12 08:00:00,1410181.18,1415604.71,1410181.18,1412779.15,6501
2023-06-12 09:00:00,1420406.65,1426099.67,1420406.65,1423253.16,9186
2023-06-12 10:00:00,1427365.86,1453193.17,1427365.86,1430226.31,9600
2023-06-12 11:00:00,1436710.42,1439310.67,1433564.92,1436437.8,7075
2023-06-12 12:00:00,1431499.0,1451448.16,1416791.67,1431514.15,9550
2023-06-12 13:00:00,1433130.8,1453074.96,1428879.42,1431742.91,11169
2023-06-12 14:00:00,1446654.3,1465516.77,1446654.3,1453003.65,8384
2023-06-12 15:00:00,1457067.05,1458517.72,1440030.94,1442916.77,13135
2023-06-12 16:00:00,1460428.42,1475908.36,1460428.42,1463355.13,13048
2023-06-12 17:00:00,1459060.3,1499288.89,1445012.45,1460291.1,14771
2023-06-12 18:00:00,1461283.8,1479937.37,1460735.56,1476983.4,8291
2023-06-12 19:00:00,1479114.0,1480104.46,1442149.07,1460388.78,11580
2023-06-12 20:00:00,1465332.32,1501990.09,1465332.32,1468268.86,6911
2023-06-12 21:00:00,1466297.4,1479150.58,1444259.85,1460088.21,7430
2023-06-12 22:00:00,1459883.56,1460243.44,1428607.94,1444143.92,10477
2023-06-12 23:00:00,1445261.44,1455692.12,1445261.44,1448157.75,8085
2023-06-13 00:00:00,1458830.89,1464338.15,1458830.89,1461415.32,8151
2023-06-13 01:00:00,1457671.86,1457671.86,1449320.65,1452225.1,6427
2023-06-13 02:00:00,1438522.24,1438522.24,1432779.64,1435650.94,7903
2023-06-13 03:00:00,1442245.08,1464376.22,1408732.06,1436310.89,9378
2023-06-13 04:00:00,1434530.49,1468281.62,1424707.91,1437020.84,9691
2023-06-13 05:00:00,1439953.25,1448085.22,1410293.85,1445194.83,13696
2023-06-13 06:00:00,1447970.7,1472905.97,1431590.99,1457902.8,7684
2023-06-13 07:00:00,1460045.72,1469827.76,1455402.31,1458318.95,15627
2023-06-13 08:00:00,1473241.03,1483315.4,1473241.03,1481537.33,6872
2023-06-13 09:00:00,1479854.3,1487619.82,1474582.22,1484650.52,11013
2023-06-13 10:00:00,1483700.36,1483700.36,1455940.4,1480738.88,5530
2023-06-13 11:00:00,1476865.76,1476865.76,1450732.32,1461669.58,16779
2023-06-13 12:00:00,1461680.26,1461680.26,1456679.95,1459599.15,9746
2023-06-13 13:00:00,1455327.77,1456990.51,1453783.02,1456696.41,7153
2023-06-13 14:00:00,1468317.37,1475047.31,1468317.37,1469326.19,10002
2023-06-13 15:00:00,1472758.79,1478661.63,1472758.79,1475710.21,17994
2023-06-13 16:00:00,1465064.92,1465064.92,1442577.86,1462140.64,11934
2023-06-13 17:00:00,1456059.98,1485332.42,1456059.98,1465279.13,7171
2023-06-13 18:00:00,1471828.79,1483799.22,1471360.98,1474309.6,10605
2023-06-13 19:00:00,1490430.39,1515232.46,1490430.39,1493417.23,13318
2023-06-13 20:00:00,1501332.2,1507349.56,1501332.2,1504340.88,12277
2023-06-13 21:00:00,1510398.94,1540869.16,1510398.94,1513425.79,7327
2023-06-13 22:00:00,1515106.42,1516657.33,1512955.33,1513630.07,10811
2023-06-13 23:00:00,1514882.28,1539949.36,1514882.28,1517918.12,7833
2023-06-14 00:00:00,1529692.2,1544407.12,1529692.2,1532757.71,9242
2023-06-14 01:00:00,1529197.07,1529197.07,1511881.58,1514911.4,15801
2023-06-14 02:00:00,1516306.54,1521567.79,1507021.38,1510041.47,16067
2023-06-14 03:00:00,1514808.28,1526367.2,1497143.17,1500143.46,20911
2023-06-14 04:00:00,1501619.01,1528722.4,1484916.79,1504767.39,9333
2023-06-14 05:00:00,1516997.84,1561912.72,1516665.46,1519704.87,8032
2023-06-14 06:00:00,1510026.59,1536133.22,1482328.14,1511614.68,8923
2023-06-14 07:00:00,1511513.03,1513062.14,1459631.28,1481725.86,15693
2023-06-14 08:00:00,1481745.84,1496807.45,1474415.02,1477369.76,8888
2023-06-14 09:00:00,1478120.39,1492142.36,1478120.39,1489164.03,6051
2023-06-14 10:00:00,1504600.51,1535821.92,1492474.61,1496084.84,7994
2023-06-14 11:00:00,1492250.34,1504535.48,1483056.92,1501532.41,13400
2023-06-14 12:00:00,1509594.27,1512835.88,1495163.75,1498160.07,14468
2023-06-14 13:00:00,1485660.8,1485660.8,1468927.37,1482695.41,30903
2023-06-14 14:00:00,1487085.75,1507923.74,1487085.75,1489647.55,8416
2023-06-14 15:00:00,1489098.58,1489098.58,1477037.92,1479997.92,8213
2023-06-14 16:00:00,1496926.03,1510341.01,1496926.03,1507227.81,8714
2023-06-14 17:00:00,1500349.16,1517232.45,1487188.31,1514204.04,13926
2023-06-14 18:00:00,1523774.92,1538205.64,1474465.29,1506759.6,7530
2023-06-14 19:00:00,1510591.9,1517168.39,1496235.25,1499233.72,7313
2023-06-14 20:00:00,1501329.96,1501329.96,1479402.0,1498333.29,18166
2023-06-14 21:00:00,1493843.81,1498703.37,1489450.83,1495711.95,10010
2023-06-14 22:00:00,1506725.38,1512764.36,1506725.38,1509744.87,13299
2023-06-14 23:00:00,1512284.34,1512284.34,1510884.2,1511961.42,10414
2023-06-15 00:00:00,1508729.31,1510315.39,1483956.93,1502782.72,7525
2023-06-15 01:00:00,1523085.35,1529189.9,1523085.35,1526137.62,6947
2023-06-15 02:00:00,1534665.49,1537948.67,1515736.78,1526133.25,10702
2023-06-15 03:00:00,1516793.14,1539585.84,1516793.14,1535118.2,13323
2023-06-15 04:00:00,1531438.05,1537663.41,1523563.97,1526617.2,9722
2023-06-15 05:00:00,1527523.23,1549705.76,1527523.23,1530584.4,8352
2023-06-15 06:00:00,1535998.62,1536852.69,1532888.12,1533785.12,9264
2023-06-15 07:00:00,1512354.88,1512354.88,1498735.2,1509336.21,14441
2023-06-15 08:00:00,1531170.35,1552299.83,1531170.35,1534238.82,7694
2023-06-15 09:00:00,1534402.31,1552710.86,1534402.31,1549611.63,8746
2023-06-15 10:00:00,1545766.23,1546018.21,1538177.03,1543275.42,11695
2023-06-15 11:00:00,1529406.88,1529406.88,1527640.89,1528288.29,12355
2023-06-15 12:00:00,1529027.04,1535155.41,1529027.04,1532091.23,9817
2023-06-15 13:00:00,1537726.83,1548031.21,1529452.41,1532517.44,17323
2023-06-15 14:00:00,1530460.97,1553116.04,1530460.97,1536304.83,9789
2023-06-15 15:00:00,1531271.84,1569916.14,1507704.73,1537914.9,9567
2023-06-15 16:00:00,1546512.86,1546512.86,1531224.82,1543426.01,9235
2023-06-15 17:00:00,1536619.89,1573066.54,1524938.21,1560675.12,14264
2023-06-15 18:00:00,1565805.53,1602394.38,1565805.53,1566342.9,11624
2023-06-15 19:00:00,1554235.3,1554235.3,1550744.4,1551133.03,12816
2023-06-15 20:00:00,1550878.8,1570316.38,1550663.12,1567182.02,8375
2023-06-15 21:00:00,1583254.98,1589600.69,1583254.98,1586427.83,7639
2023-06-15 22:00:00,1621568.54,1648028.38,1621568.54,1624818.18,7727
2023-06-15 23:00:00,1609260.03,1609260.03,1583766.31,1606047.94,8402
2023-06-16 00:00:00,1609307.51,1609307.51,1603449.09,1606095.32,13948
2023-06-16 01:00:00,1596254.35,1596254.35,1553997.24,1575696.95,17022
2023-06-16 02:00:00,1577681.06,1584004.43,1577681.06,1580842.74,11030
2023-06-16 03:00:00,1584124.14,1584124.14,1570491.14,1571624.35,9497
2023-06-16 04:00:00,1591315.82,1597693.84,1591315.82,1594504.83,11929
2023-06-16 05:00:00,1597287.63,1603260.46,1576387.07,1581771.86,10949
2023-06-16 06:00:00,1577424.71,1595995.06,1546223.53,1557824.24,13833
2023-06-16 07:00:00,1553655.31,1553655.31,1547453.1,1550554.21,9797
2023-06-16 08:00:00,1556890.26,1573704.0,1521492.04,1524541.12,12943
2023-06-16 09:00:00,1530704.45,1536839.54,1530704.45,1533771.99,10721
2023-06-16 10:00:00,1513719.65,1513719.65,1495770.96,1507483.19,8717
2023-06-16 11:00:00,1515676.32,1525569.73,1467303.1,1508313.01,6910
2023-06-16 12:00:00,1486142.56,1486142.56,1480209.86,1483176.21,18840
2023-06-16 13:00:00,1484311.13,1490297.42,1475430.99,1480591.53,16316
2023-06-16 14:00:00,1494007.56,1550041.95,1494007.56,1501843.58,10035
2023-06-16 15:00:00,1503977.89,1509808.14,1503977.89,1506991.87,5014
2023-06-16 16:00:00,1507149.25,1507149.25,1493962.07,1496955.98,12019
2023-06-16 17:00:00,1500287.05,1515510.19,1494997.79,1497497.21,11866
2023-06-16 18:00:00,1496187.91,1501633.35,1496187.91,1498636.07,9967
2023-06-16 19:00:00,1502305.27,1508326.54,1502305.27,1505315.91,11640
2023-06-16 20:00:00,1490261.35,1490261.35,1486236.61,1489215.04,7670
2023-06-16 21:00:00,1485334.88,1525267.62,1485334.88,1497657.28,16103
2023-06-16 22:00:00,1488902.0,1488902.0,1462634.33,1465565.46,17747
2023-06-16 23:00:00,1469642.67,1486470.99,1457119.2,1460039.28,10714
2023-06-17 00:00:00,1459328.08,1459328.08,1429869.05,1456415.25,12038
2023-06-17 01:00:00,1463353.58,1469218.73,1463353.58,1466286.16,13102
2023-06-17 02:00:00,1464875.13,1471549.88,1445612.22,1468612.66,12986
2023-06-17 03:00:00,1456671.27,1456671.27,1450856.21,1453763.74,9379
2023-06-17 04:00:00,1447448.55,1447448.55,1394983.89,1444559.43,9575
2023-06-17 05:00:00,1447112.4,1452579.2,1436343.7,1449679.84,9033
2023-06-17 06:00:00,1446303.23,1452276.37,1440088.67,1451382.57,8511
2023-06-17 07:00:00,1445476.63,1449997.01,1429683.0,1447102.81,8973
2023-06-17 08:00:00,1447053.4,1447053.4,1421260.06,1444165.07,14618
2023-06-17 09:00:00,1451973.33,1459541.84,1451973.33,1455178.1,13924
2023-06-17 10:00:00,1452142.91,1486137.7,1444299.89,1451507.39,11102
2023-06-17 11:00:00,1454243.17,1459691.84,1440003.94,1453084.41,13303
2023-06-17 12:00:00,1478431.84,1484357.42,1478431.84,1481394.63,7822
2023-06-17 13:00:00,1474389.2,1474389.2,1462944.21,1465875.96,7473
2023-06-17 14:00:00,1459770.55,1459770.55,1437252.01,1445903.04,10254
2023-06-17 15:00:00,1455048.05,1460879.9,1455048.05,1457963.98,17437
2023-06-17 16:00:00,1468883.66,1472976.13,1435002.57,1452353.95,6999
2023-06-17 17:00:00,1445697.07,1473145.17,1410612.78,1451235.39,7221
2023-06-17 18:00:00,1446440.64,1447540.38,1440517.89,1444651.07,5462
2023-06-17 19:00:00,1447014.1,1456822.19,1440970.74,1444455.62,10622
2023-06-17 20:00:00,1460482.99,1487397.63,1460482.99,1466209.7,8079
2023-06-17 21:00:00,1475111.01,1481023.28,1475111.01,1478067.14,11997
2023-06-17 22:00:00,1485919.01,1493375.2,1468581.62,1490394.42,14869
2023-06-17 23:00:00,1478026.25,1478026.25,1471777.76,1474727.21,7253
2023-06-18 00:00:00,1465863.04,1465863.04,1458644.39,1462937.16,14695
2023-06-18 01:00:00,1434374.52,1434374.52,1404344.06,1431511.49,8674
2023-06-18 02:00:00,1428503.05,1471229.34,1422645.47,1425496.46,14540
2023-06-18 03:00:00,1437370.58,1457195.53,1437370.58,1440251.08,11458
2023-06-18 04:00:00,1446618.67,1452416.74,1446618.67,1449517.7,8845
2023-06-18 05:00:00,1449087.96,1452684.53,1436722.08,1449784.96,7000
2023-06-18 06:00:00,1455342.08,1455342.08,1451688.89,1452437.2,9089
2023-06-18 07:00:00,1444244.58,1468139.7,1444244.58,1447138.86,8805
2023-06-18 08:00:00,1455491.93,1455491.93,1434174.75,1452586.75,10800
2023-06-18 09:00:00,1459378.02,1482799.98,1459378.02,1464543.15,12472
2023-06-18 10:00:00,1467408.53,1473845.52,1444845.95,1447741.43,7366
2023-06-18 11:00:00,1451405.61,1471013.21,1451405.61,1454314.24,5891
2023-06-18 12:00:00,1456570.1,1501426.94,1447154.09,1468205.05,13841
2023-06-18 13:00:00,1468893.45,1489015.18,1429574.92,1465630.43,10267
2023-06-18 14:00:00,1474120.05,1506430.57,1473551.27,1476504.28,11853
2023-06-18 15:00:00,1511574.57,1515785.17,1511574.57,1512593.59,6799
2023-06-18 16:00:00,1507496.27,1533295.52,1496390.67,1512317.48,13811
2023-06-18 17:00:00,1515193.46,1521266.38,1515193.46,1518229.92,4980
2023-06-18 18:00:00,1507708.33,1523135.09,1507708.33,1509949.32,8169
2023-06-18 19:00:00,1516367.43,1516367.43,1510314.07,1513340.75,13031
2023-06-18 20:00:00,1516651.5,1542700.21,1506090.92,1520097.04,10086
2023-06-18 21:00:00,1527244.46,1531339.77,1520335.2,1523381.97,9009
2023-06-18 22:00:00,1514482.18,1514482.18,1503525.84,1511459.27,10999
2023-06-18 23:00:00,1507403.03,1534866.32,1475818.53,1515175.18,7681
2023-06-19 00:00:00,1525892.88,1561966.84,1525892.88,1534332.4,12077
2023-06-19 01:00:00,1543457.22,1543457.22,1535474.47,1540376.47,17260
2023-06-19 02:00:00,1544670.16,1555831.69,1544670.16,1552726.24,5757
2023-06-19 03:00:00,1549972.02,1573499.89,1546484.03,1549583.2,7836
2023-06-19 04:00:00,1555957.13,1562161.26,1555957.13,1559043.17,8801
2023-06-19 05:00:00,1566965.52,1585971.38,1559959.47,1562258.23,11323
2023-06-19 06:00:00,1552798.86,1552798.86,1534338.58,1549699.46,7211
2023-06-19 07:00:00,1552896.83,1556848.52,1526851.36,1553741.04,8983
2023-06-19 08:00:00,1538468.38,1567541.9,1519851.97,1541052.29,9696
2023-06-19 09:00:00,1532594.43,1568349.18,1529467.75,1533431.93,6159
2023-06-19 10:00:00,1542888.88,1563088.15,1516897.91,1536393.58,12424
2023-06-19 11:00:00,1537552.19,1543714.72,1537552.19,1540633.46,6542
2023-06-19 12:00:00,1529089.12,1529089.12,1522984.97,1526037.05,8968
2023-06-19 13:00:00,1519519.98,1543131.66,1506661.4,1540051.56,7241
2023-06-19 14:00:00,1544953.71,1557229.53,1544561.7,1547657.02,7190
2023-06-19 15:00:00,1541993.15,1541993.15,1525078.18,1538915.32,16181
2023-06-19 16:00:00,1523131.07,1523131.07,1517050.71,1520090.89,9093
2023-06-19 17:00:00,1520470.85,1522476.94,1508304.48,1519438.06,9011
2023-06-19 18:00:00,1516188.76,1535689.36,1482364.83,1515069.07,11078
2023-06-19 19:00:00,1514737.59,1538173.55,1514737.59,1517773.14,8305
2023-06-19 20:00:00,1507033.83,1517521.32,1489778.2,1514492.33,8763
2023-06-19 21:00:00,1491401.17,1491401.17,1488032.06,1491014.09,11528
2023-06-19 22:00:00,1480957.05,1494909.35,1465485.39,1488406.67,12213
2023-06-19 23:00:00,1493976.02,1520734.1,1483921.49,1486895.28,15851
2023-06-20 00:00:00,1493840.02,1509612.93,1493840.02,1496833.68,9784
2023-06-20 01:00:00,1495950.9,1505574.23,1476466.6,1490247.16,7156
2023-06-20 02:00:00,1490888.79,1525999.19,1490888.79,1512838.82,12475
2023-06-20 03:00:00,1505663.0,1505663.0,1487728.72,1490710.14,12144
2023-06-20 04:00:00,1493872.29,1511895.64,1468665.56,1508877.89,11486
2023-06-20 05:00:00,1502799.83,1530638.5,1502799.83,1507780.73,9890
2023-06-20 06:00:00,1517019.84,1540792.01,1517019.84,1520059.96,6131
2023-06-20 07:00:00,1519290.42,1525379.76,1519290.42,1522335.09,9180
2023-06-20 08:00:00,1534629.42,1543026.93,1534629.42,1537704.83,13482
2023-06-20 09:00:00,1533930.32,1543720.37,1513406.13,1533564.73,7568
2023-06-20 10:00:00,1531147.83,1536053.57,1503485.37,1520710.56,10410
2023-06-20 11:00:00,1536598.77,1574622.28,1536598.77,1539678.13,10570
2023-06-20 12:00:00,1535876.76,1574067.06,1535876.76,1538954.67,7675
2023-06-20 13:00:00,1545545.99,1545545.99,1539376.15,1542461.07,8372
2023-06-20 14:00:00,1554760.56,1561717.68,1554760.56,1558600.48,7584
2023-06-20 15:00:00,1545544.14,1545544.14,1513932.42,1545528.02,5897
2023-06-20 16:00:00,1550460.41,1556674.68,1550460.41,1553567.54,8690
2023-06-20 17:00:00,1552159.32,1552159.32,1543255.33,1546348.03,17372
2023-06-20 18:00:00,1548071.01,1549807.98,1542090.21,1545180.58,19129
2023-06-20 19:00:00,1549067.2,1570955.0,1542838.48,1546671.7,9318
2023-06-20 20:00:00,1531316.27,1531316.27,1499771.57,1528259.75,18742
2023-06-20 21:00:00,1522754.18,1522754.18,1503201.66,1519714.75,9918
2023-06-20 22:00:00,1524654.02,1549620.95,1524654.02,1537925.47,14700
2023-06-20 23:00:00,1541686.27,1578111.98,1540279.23,1549904.35,7279
2023-06-21 00:00:00,1549620.76,1552673.17,1523099.86,1549574.02,7728
2023-06-21 01:00:00,1541288.02,1556247.98,1541288.02,1553141.7,15463
2023-06-21 02:00:00,1550084.69,1552894.86,1546695.68,1549795.27,6993
2023-06-21 03:00:00,1564447.52,1594295.26,1564447.52,1567481.47,8778
2023-06-21 04:00:00,1567952.1,1567952.1,1561692.81,1564822.45,10575
2023-06-21 05:00:00,1557816.82,1635250.31,1557816.82,1567798.57,7639
2023-06-21 06:00:00,1579229.26,1585558.83,1579229.26,1582394.04,16157
2023-06-21 07:00:00,1584687.46,1584687.46,1568634.73,1571778.29,11661
2023-06-21 08:00:00,1576001.45,1610750.9,1576001.45,1591599.93,11655
2023-06-21 09:00:00,1578681.33,1612119.59,1537062.2,1570817.56,9469
2023-06-21 10:00:00,1587761.39,1616017.3,1587761.39,1591554.84,10362
2023-06-21 11:00:00,1588961.95,1588961.95,1582618.79,1585790.37,9854
2023-06-21 12:00:00,1582357.08,1594814.39,1581117.85,1581959.03,13652
2023-06-21 13:00:00,1576581.33,1576581.33,1519197.97,1557020.19,7680
2023-06-21 14:00:00,1554408.99,1554712.63,1548506.19,1551609.41,9667
2023-06-21 15:00:00,1542088.29,1542088.29,1535932.25,1539010.27,19367
2023-06-21 16:00:00,1533624.1,1533624.1,1501123.9,1532354.84,12946
2023-06-21 17:00:00,1527746.63,1534900.19,1499996.48,1531836.52,8635
2023-06-21 18:00:00,1544445.26,1548138.37,1544445.26,1545048.27,12698
2023-06-21 19:00:00,1545374.55,1551568.44,1545374.55,1548471.5,7197
2023-06-21 20:00:00,1556165.33,1556165.33,1518240.86,1553059.22,10540
2023-06-21 21:00:00,1537836.35,1542806.85,1528130.58,1539727.39,15471
2023-06-21 22:00:00,1541694.93,1558802.09,1527064.2,1529679.18,7102
2023-06-21 23:00:00,1528693.65,1556625.84,1517216.87,1553518.8,14864
2023-06-22 00:00:00,1547858.1,1547858.1,1541679.03,1544768.57,6204
2023-06-22 01:00:00,1563425.73,1605952.76,1563425.73,1566558.84,13326
2023-06-22 02:00:00,1575508.77,1586522.32,1560483.64,1563610.86,9059
2023-06-22 03:00:00,1560767.62,1577253.79,1560767.62,1563895.41,11518
2023-06-22 04:00:00,1565658.36,1596262.44,1540728.97,1577809.54,8186
2023-06-22 05:00:00,1587364.49,1606335.31,1587364.49,1593963.48,14240
2023-06-22 06:00:00,1594927.8,1594927.8,1588560.82,1591744.31,7671
2023-06-22 07:00:00,1590011.35,1590924.92,1571828.49,1586013.68,19334
2023-06-22 08:00:00,1589338.52,1598260.76,1581649.78,1584819.42,11539
2023-06-22 09:00:00,1585580.79,1591935.83,1585580.79,1588758.31,16985
2023-06-22 10:00:00,1598442.88,1616435.26,1598442.88,1599771.74,21939
2023-06-22 11:00:00,1596346.55,1615280.63,1594428.57,1598885.85,8280
2023-06-22 12:00:00,1603232.59,1611861.52,1583314.36,1606067.9,8311
2023-06-22 13:00:00,1623179.03,1650925.09,1623179.03,1626431.89,12020
2023-06-22 14:00:00,1637697.82,1646862.76,1596160.63,1629646.58,9489
2023-06-22 15:00:00,1628547.77,1650327.36,1628547.77,1631811.39,8293
2023-06-22 16:00:00,1630554.77,1630554.77,1605869.3,1609495.45,10944
2023-06-22 17:00:00,1601621.25,1601621.25,1571116.67,1573684.29,8102
2023-06-22 18:00:00,1576130.65,1581027.07,1562731.23,1578709.02,9273
2023-06-22 19:00:00,1575799.55,1577756.18,1559296.2,1577368.42,10018
2023-06-22 20:00:00,1573822.4,1573822.4,1522584.96,1570681.04,4400
2023-06-22 21:00:00,1574086.52,1575070.07,1562150.31,1573996.15,8176
2023-06-22 22:00:00,1570151.65,1607649.91,1570151.65,1573298.24,9274
2023-06-22 23:00:00,1572965.38,1621793.4,1569871.61,1587928.88,15963
2023-06-23 00:00:00,1585554.56,1591909.49,1585554.56,1588732.02,4247
2023-06-23 01:00:00,1591938.49,1606719.99,1575552.54,1578709.96,7503
2023-06-23 02:00:00,1588329.7,1594695.75,1588329.7,1591512.72,9750
2023-06-23 03:00:00,1596119.76,1597268.57,1585116.35,1588292.93,8885
2023-06-23 04:00:00,1591656.86,1598036.25,1591656.86,1594846.56,7084
2023-06-23 05:00:00,1597307.0,1617960.91,1584945.46,1588121.71,7095
2023-06-23 06:00:00,1586191.91,1618073.2,1576263.99,1579422.84,8750
2023-06-23 07:00:00,1586767.99,1586767.99,1566722.19,1580537.7,9082
2023-06-23 08:00:00,1577551.71,1583874.56,1577551.71,1580713.14,12787
2023-06-23 09:00:00,1581038.75,1604536.82,1581038.75,1586914.69,10039
2023-06-23 10:00:00,1586362.53,1586362.53,1577995.95,1583196.14,16909
2023-06-23 11:00:00,1562490.68,1562490.68,1550007.12,1559371.93,10964
2023-06-23 12:00:00,1548818.0,1557724.2,1532626.57,1554614.97,6616
2023-06-23 13:00:00,1562509.07,1568771.63,1562509.07,1565640.35,10299
2023-06-23 14:00:00,1568631.2,1592370.31,1559305.18,1562430.04,8848
2023-06-23 15:00:00,1558673.4,1563098.17,1530754.33,1559978.21,9231
2023-06-23 16:00:00,1567881.45,1584523.34,1567881.45,1573295.32,7738
2023-06-23 17:00:00,1575521.83,1576631.76,1550407.4,1564445.47,5830
2023-06-23 18:00:00,1556218.28,1556218.28,1542252.92,1545343.61,9756
2023-06-23 19:00:00,1544792.19,1566197.59,1516369.89,1544598.21,9442
2023-06-23 20:00:00,1538060.67,1563580.85,1497857.53,1539811.1,16986
2023-06-23 21:00:00,1532230.4,1532230.4,1526113.72,1529172.06,10901
2023-06-23 22:00:00,1537946.65,1559358.82,1525777.37,1528835.04,8882
2023-06-23 23:00:00,1533787.95,1539935.4,1533787.95,1536861.67,12082
2023-06-24 00:00:00,1535319.24,1564865.14,1535319.24,1538396.03,9117
2023-06-24 01:00:00,1538884.42,1553686.62,1534684.01,1543833.89,11101
2023-06-24 02:00:00,1559782.3,1571262.98,1559782.3,1568126.72,8896
2023-06-24 03:00:00,1566914.73,1567490.09,1561855.19,1564361.36,7659
2023-06-24 04:00:00,1566154.45,1607002.33,1559364.26,1568690.02,8323
2023-06-24 05:00:00,1565917.52,1565917.52,1559666.36,1562791.94,10109
2023-06-24 06:00:00,1554464.38,1572544.89,1538540.21,1552851.78,6359
2023-06-24 07:00:00,1556925.22,1577963.97,1543534.08,1546627.34,9063
2023-06-24 08:00:00,1545092.01,1545092.01,1532158.23,1542007.99,7192
2023-06-24 09:00:00,1546062.82,1551236.27,1511350.37,1548139.99,7012
2023-06-24 10:00:00,1566956.46,1589834.05,1566956.46,1579232.78,11493
2023-06-24 11:00:00,1570720.92,1570720.92,1568127.73,1570380.53,8323
2023-06-24 12:00:00,1569834.98,1588854.64,1553096.4,1565742.72,6625
2023-06-24 13:00:00,1562756.23,1575669.25,1549652.3,1565822.52,7849
2023-06-24 14:00:00,1570096.32,1574132.5,1529196.45,1571755.94,9936
2023-06-24 15:00:00,1574478.64,1579005.52,1541848.83,1575853.81,8303
2023-06-24 16:00:00,1589757.94,1622688.94,1589757.94,1592943.83,10523
2023-06-24 17:00:00,1586262.89,1586262.89,1558261.22,1561383.99,11407
2023-06-24 18:00:00,1535109.13,1535109.13,1528980.95,1532045.04,10179
2023-06-24 19:00:00,1539648.99,1539648.99,1503402.0,1527914.86,7632
2023-06-24 20:00:00,1536119.8,1546924.01,1536119.8,1543836.33,16378
2023-06-24 21:00:00,1526192.09,1526192.09,1462281.46,1525838.77,11820
2023-06-24 22:00:00,1493671.11,1493671.11,1461963.07,1490689.73,8740
2023-06-24 23:00:00,1491621.33,1504104.89,1477436.45,1501102.68,13528
2023-06-25 00:00:00,1504798.27,1520124.69,1471478.79,1507254.96,12710
2023-06-25 01:00:00,1506913.7,1526332.94,1475257.3,1496809.34,12253
2023-06-25 02:00:00,1491075.35,1491075.35,1485122.96,1488099.15,7834
2023-06-25 03:00:00,1482168.08,1482870.16,1476950.52,1479910.34,7097
2023-06-25 04:00:00,1480092.32,1495684.93,1480092.32,1485092.44,8701
2023-06-25 05:00:00,1484168.72,1484168.72,1465357.38,1481206.31,9223
2023-06-25 06:00:00,1488025.8,1493989.84,1488025.8,1491007.82,12553
2023-06-25 07:00:00,1462718.34,1462718.34,1456879.14,1459798.74,10555
2023-06-25 08:00:00,1456991.08,1456991.08,1449373.08,1454082.91,10790
2023-06-25 09:00:00,1448278.22,1448278.22,1437088.77,1445387.45,7945
2023-06-25 10:00:00,1450936.91,1450936.91,1444416.68,1447311.3,8074
2023-06-25 11:00:00,1450977.86,1472330.33,1442963.89,1445855.6,11584
2023-06-25 12:00:00,1450672.72,1463154.68,1448746.64,1460234.21,7191
2023-06-25 13:00:00,1445522.49,1445522.49,1439751.94,1442637.21,12931
2023-06-25 14:00:00,1448179.3,1451173.52,1448179.3,1448276.97,8656
2023-06-25 15:00:00,1448169.19,1460026.54,1443553.1,1459845.17,7795
2023-06-25 16:00:00,1483628.01,1487073.81,1483628.01,1486601.21,8727
2023-06-25 17:00:00,1497635.27,1498286.9,1443132.69,1484600.15,14278
2023-06-25 18:00:00,1484776.03,1495424.83,1450278.0,1492439.95,7330
2023-06-25 19:00:00,1493176.49,1495549.95,1471171.08,1474119.32,8965
2023-06-25 20:00:00,1477675.87,1481736.88,1446657.48,1449556.6,15697
2023-06-25 21:00:00,1461572.93,1467430.93,1461572.93,1464501.93,11167
2023-06-25 22:00:00,1470110.08,1470619.62,1431461.51,1468970.78,5807
2023-06-25 23:00:00,1474987.78,1490508.55,1474987.78,1487533.48,7493
2023-06-26 00:00:00,1483463.1,1483463.1,1464147.9,1474706.53,7823
2023-06-26 01:00:00,1474955.41,1490486.45,1474955.41,1485207.76,9742
2023-06-26 02:00:00,1508762.16,1514809.31,1508762.16,1511785.73,21520
2023-06-26 03:00:00,1515289.93,1542261.91,1513128.26,1520064.66,5426
2023-06-26 04:00:00,1520610.26,1548558.72,1506748.82,1526352.5,8190
2023-06-26 05:00:00,1526821.6,1532180.04,1521210.76,1529121.8,9994
2023-06-26 06:00:00,1516586.36,1516586.36,1478051.78,1512086.11,10879
2023-06-26 07:00:00,1521129.07,1544615.33,1521129.07,1531975.29,10836
2023-06-26 08:00:00,1536709.89,1536709.89,1523775.63,1526829.29,16076
2023-06-26 09:00:00,1528880.23,1538882.81,1522718.37,1535811.19,9069
2023-06-26 10:00:00,1522374.65,1522374.65,1474969.92,1518617.47,5767
2023-06-26 11:00:00,1509977.99,1509977.99,1484094.31,1506964.07,6207
2023-06-26 12:00:00,1524909.21,1531021.07,1524909.21,1527965.14,11503
2023-06-26 13:00:00,1527134.75,1529398.1,1520780.3,1526345.41,7897
2023-06-26 14:00:00,1529023.28,1550909.38,1507444.09,1547216.06,9398
2023-06-26 15:00:00,1549889.86,1551416.76,1545223.48,1548320.12,9135
2023-06-26 16:00:00,1530166.02,1530166.02,1524057.57,1527111.79,12198
2023-06-26 17:00:00,1537909.15,1544073.12,1537909.15,1540991.13,5690
2023-06-26 18:00:00,1545324.7,1548762.85,1532802.02,1535873.77,11499
2023-06-26 19:00:00,1546100.51,1550212.08,1538443.47,1547117.84,7196
2023-06-26 20:00:00,1546450.25,1560201.41,1546450.25,1549549.35,6602
2023-06-26 21:00:00,1535122.82,1535122.82,1528994.59,1532058.7,9697
2023-06-26 22:00:00,1531170.41,1566624.17,1531170.41,1536726.75,10571
2023-06-26 23:00:00,1563634.12,1570176.83,1563634.12,1566767.66,11376
2023-06-27 00:00:00,1571419.61,1617720.41,1571419.61,1574568.74,20066
2023-06-27 01:00:00,1577454.43,1577454.43,1550424.51,1575088.36,8085
2023-06-27 02:00:00,1576125.57,1593336.9,1574863.02,1590156.58,13809
2023-06-27 03:00:00,1590416.06,1596790.47,1590416.06,1593603.26,8923
2023-06-27 04:00:00,1596457.1,1634624.68,1596261.43,1596964.58,9871
2023-06-27 05:00:00,1581154.21,1602508.67,1580083.97,1583250.47,13937
2023-06-27 06:00:00,1584089.19,1621492.1,1584089.19,1587263.72,7148
2023-06-27 07:00:00,1596899.31,1651714.87,1579323.05,1601519.8,11405
2023-06-27 08:00:00,1591221.51,1634785.4,1580105.73,1590954.65,10014
2023-06-27 09:00:00,1606984.99,1613425.81,1606984.99,1610205.4,12755
2023-06-27 10:00:00,1609355.02,1628940.1,1590855.98,1609075.67,10345
2023-06-27 11:00:00,1604386.28,1639597.13,1570564.64,1597539.25,9159
2023-06-27 12:00:00,1580255.77,1614339.73,1578078.12,1611117.5,6345
2023-06-27 13:00:00,1616502.1,1633461.09,1602458.43,1607439.28,8632
2023-06-27 14:00:00,1617422.91,1620628.55,1614449.04,1617684.4,13276
2023-06-27 15:00:00,1620082.71,1622517.7,1610529.08,1613756.6,9697
2023-06-27 16:00:00,1609839.64,1616291.9,1609839.64,1613065.77,15780
2023-06-27 17:00:00,1609546.03,1622954.31,1589315.03,1619714.88,7935
2023-06-27 18:00:00,1615609.26,1626731.74,1607043.03,1623484.77,9339
2023-06-27 19:00:00,1600372.52,1600372.52,1593629.58,1596823.22,11149
2023-06-27 20:00:00,1587855.14,1587855.14,1579797.26,1582963.19,8363
2023-06-27 21:00:00,1595474.85,1599429.12,1595474.85,1596236.65,9358
2023-06-27 22:00:00,1592652.17,1598510.0,1585629.32,1595319.36,8255
2023-06-27 23:00:00,1592528.97,1592528.97,1579920.81,1589350.27,7300
2023-06-28 00:00:00,1575959.1,1575959.1,1550201.54,1572813.48,7582
2023-06-28 01:00:00,1561629.75,1561629.75,1530837.41,1560653.22,8122
2023-06-28 02:00:00,1540104.71,1540104.71,1533956.59,1537030.65,8771
2023-06-28 03:00:00,1546657.84,1567299.37,1517111.45,1538716.06,9240
2023-06-28 04:00:00,1537170.96,1537170.96,1519302.69,1534102.76,14714
2023-06-28 05:00:00,1541834.37,1544267.11,1521667.04,1525072.7,5996
2023-06-28 06:00:00,1527037.87,1536778.29,1524567.54,1527622.79,6180
2023-06-28 07:00:00,1534434.71,1538550.07,1527805.25,1535479.11,17824
2023-06-28 08:00:00,1540489.45,1567922.24,1535502.61,1564792.66,23637
2023-06-28 09:00:00,1572826.93,1572826.93,1529080.36,1547626.49,13272
2023-06-28 10:00:00,1561861.78,1568121.75,1561861.78,1564991.76,8383
2023-06-28 11:00:00,1574348.96,1598071.29,1574348.96,1579559.72,10284
2023-06-28 12:00:00,1581357.34,1596917.39,1522652.77,1571191.08,9460
2023-06-28 13:00:00,1556786.26,1578944.49,1556786.26,1575792.9,8350
2023-06-28 14:00:00,1574586.59,1600818.98,1568620.53,1571764.05,6607
2023-06-28 15:00:00,1578266.09,1596427.8,1573002.3,1576154.61,7528
2023-06-28 16:00:00,1594246.7,1600636.47,1594246.7,1597441.59,11658
2023-06-28 17:00:00,1601180.56,1609706.47,1595884.55,1606493.49,10074
2023-06-28 18:00:00,1601224.18,1629029.5,1585448.13,1614039.98,12017
2023-06-28 19:00:00,1620154.33,1627277.4,1608412.09,1608994.94,6292
2023-06-28 20:00:00,1593531.55,1593531.55,1587170.15,1590350.85,12214
2023-06-28 21:00:00,1590949.01,1590949.01,1585966.1,1589144.39,6378
2023-06-28 22:00:00,1593973.41,1630369.08,1584842.28,1606355.43,6397
2023-06-28 23:00:00,1599227.48,1622509.29,1577292.18,1587290.13,8437
2023-06-29 00:00:00,1578388.3,1578388.3,1570403.05,1575237.83,10314
2023-06-29 01:00:00,1582061.78,1582061.78,1550867.6,1578903.98,10518
2023-06-29 02:00:00,1572559.24,1590744.3,1557641.26,1568148.1,8776
2023-06-29 03:00:00,1567405.35,1567405.35,1547023.26,1560321.62,8499
2023-06-29 04:00:00,1560667.65,1560667.65,1554437.44,1557552.54,10191
2023-06-29 05:00:00,1546010.29,1546010.29,1503104.79,1542924.44,13106
2023-06-29 06:00:00,1536965.71,1536965.71,1530392.76,1533897.91,16463
2023-06-29 07:00:00,1530111.63,1549348.19,1530111.63,1546255.68,11554
2023-06-29 08:00:00,1538571.98,1538571.98,1532022.13,1532940.65,15897
2023-06-29 09:00:00,1519640.56,1519640.56,1513574.13,1516607.34,7771
2023-06-29 10:00:00,1523759.5,1523759.5,1506075.71,1513004.13,9516
2023-06-29 11:00:00,1525929.93,1535487.77,1525929.93,1526353.61,12561
2023-06-29 12:00:00,1527657.75,1534091.85,1524740.58,1527796.17,8345
2023-06-29 13:00:00,1528921.01,1528921.01,1522817.53,1525869.27,14673
2023-06-29 14:00:00,1526692.47,1569105.63,1516210.28,1530370.53,9549
2023-06-29 15:00:00,1515412.57,1515412.57,1509363.02,1512387.8,7311
2023-06-29 16:00:00,1509710.17,1525952.08,1509710.17,1522906.26,10323
2023-06-29 17:00:00,1530098.31,1534834.66,1530098.31,1531771.12,11312
2023-06-29 18:00:00,1527413.16,1543170.72,1527413.16,1530474.11,8044
2023-06-29 19:00:00,1539835.57,1563729.0,1539835.57,1546926.34,12107
2023-06-29 20:00:00,1537755.91,1576049.9,1529793.35,1536085.06,11136
2023-06-29 21:00:00,1550897.76,1557331.21,1550897.76,1554005.77,8603
2023-06-29 22:00:00,1551778.67,1562305.24,1551778.67,1559186.87,10489
2023-06-29 23:00:00,1554867.43,1561099.37,1554867.43,1557983.4,10119
2023-06-30 00:00:00,1564094.88,1595063.89,1557736.45,1560858.16,11187
2023-06-30 01:00:00,1563408.54,1565654.91,1560964.74,1562529.85,7256
2023-06-30 02:00:00,1560441.69,1583425.61,1521298.2,1581083.47,9353
2023-06-30 03:00:00,1579398.94,1600683.64,1553493.84,1569564.1,10069
2023-06-30 04:00:00,1559437.86,1565688.11,1559437.86,1562562.99,14204
2023-06-30 05:00:00,1575660.34,1583329.39,1575660.34,1578817.98,4863
2023-06-30 06:00:00,1575313.43,1576788.68,1570494.12,1573641.4,11977
2023-06-30 07:00:00,1584710.1,1611348.03,1584710.1,1587885.87,10394
2023-06-30 08:00:00,1606250.79,1615382.85,1606250.79,1612158.53,8047
2023-06-30 09:00:00,1607402.27,1623031.57,1594521.69,1608279.83,11473
2023-06-30 10:00:00,1609749.84,1631024.59,1609749.84,1618788.5,11647
2023-06-30 11:00:00,1611069.89,1628227.54,1603812.08,1604754.03,9540
2023-06-30 12:00:00,1607950.27,1619575.18,1591069.63,1616342.5,12192
2023-06-30 13:00:00,1617360.47,1639284.26,1596175.35,1620303.22,10071
2023-06-30 14:00:00,1625425.36,1638662.62,1625425.36,1627774.7,9679
2023-06-30 15:00:00,1626647.16,1646562.1,1598566.06,1620182.15,14107
2023-06-30 16:00:00,1602665.89,1602665.89,1580079.73,1599466.96,6588
2023-06-30 17:00:00,1602090.09,1625605.07,1593760.88,1608033.17,7062
2023-06-30 18:00:00,1609908.95,1609908.95,1554788.62,1582654.19,7623
2023-06-30 19:00:00,1595004.32,1620202.52,1575050.93,1581148.76,8161
2023-06-30 20:00:00,1592743.64,1599127.38,1592743.64,1595935.51,8188
2023-06-30 21:00:00,1599266.66,1614898.03,1576217.93,1600587.46,10567
2023-06-30 22:00:00,1624776.48,1631288.61,1624776.48,1628032.54,12729
2023-06-30 23:00:00,1628804.8,1650162.98,1628804.8,1642702.31,11509
2023-07-01 00:00:00,1637696.46,1637696.46,1631158.75,1634427.61,16529
2023-07-01 01:00:00,1632486.54,1645989.12,1622727.25,1635569.28,9033
2023-07-01 02:00:00,1643626.52,1645474.97,1632428.52,1635699.92,10303
2023-07-01 03:00:00,1618563.17,1618563.17,1602589.07,1615332.51,6331
2023-07-01 04:00:00,1609624.15,1623455.86,1592078.9,1604411.82,11442
2023-07-01 05:00:00,1602726.9,1633709.05,1595763.4,1598961.32,6858
2023-07-01 06:00:00,1577334.57,1577334.57,1544586.03,1574478.77,9901
2023-07-01 07:00:00,1574885.77,1581197.94,1574885.77,1578041.86,9552
2023-07-01 08:00:00,1574522.09,1592517.08,1574522.09,1577677.45,4757
2023-07-01 09:00:00,1579945.79,1583897.38,1530986.82,1559040.1,12099
2023-07-01 10:00:00,1556166.4,1570848.15,1532630.38,1567712.72,4776
2023-07-01 11:00:00,1577750.75,1583321.54,1577750.75,1580161.22,11034
2023-07-01 12:00:00,1572040.15,1599284.04,1549210.62,1585976.66,13123
2023-07-01 13:00:00,1587619.13,1618195.29,1561311.85,1584459.05,12866
2023-07-01 14:00:00,1585315.63,1604192.19,1585315.63,1594861.19,18686
2023-07-01 15:00:00,1602925.06,1612810.04,1602925.06,1606137.33,7915
2023-07-01 16:00:00,1603952.04,1618017.89,1601127.27,1612198.09,11280
2023-07-01 17:00:00,1606368.13,1606368.13,1575174.68,1603161.81,8610
2023-07-01 18:00:00,1609337.72,1612143.53,1566859.42,1608925.68,11717
2023-07-01 19:00:00,1623341.21,1645295.07,1623341.21,1626594.4,10818
2023-07-01 20:00:00,1623230.66,1623230.66,1596412.87,1619990.68,16611
2023-07-01 21:00:00,1646024.93,1683827.54,1646024.93,1649323.58,9467
2023-07-01 22:00:00,1646072.91,1646072.91,1632541.6,1642787.33,17452
2023-07-01 23:00:00,1639298.88,1647280.53,1599703.12,1643992.55,13302
2023-07-02 00:00:00,1652444.54,1681305.11,1632450.47,1635721.91,8142
2023-07-02 01:00:00,1631367.76,1643049.68,1608801.91,1639770.14,13493
2023-07-02 02:00:00,1638096.78,1653780.69,1614164.36,1617399.16,7720
2023-07-02 03:00:00,1611048.06,1614614.19,1611048.06,1611954.76,13221
2023-07-02 04:00:00,1602748.97,1602748.97,1596350.77,1599549.87,11041
2023-07-02 05:00:00,1603657.79,1606930.67,1592280.04,1603723.22,9615
2023-07-02 06:00:00,1616339.92,1622267.36,1616339.92,1619029.31,15221
2023-07-02 07:00:00,1623179.68,1656754.11,1623179.68,1629331.42,9514
2023-07-02 08:00:00,1602378.81,1602378.81,1595982.09,1599180.45,14650
2023-07-02 09:00:00,1613423.36,1631569.8,1613423.36,1628313.17,5859
2023-07-02 10:00:00,1630783.47,1636977.31,1628131.36,1633709.89,11691
2023-07-02 11:00:00,1627895.36,1627895.36,1610197.57,1624646.07,9008
2023-07-02 12:00:00,1617177.27,1646705.08,1597928.22,1628375.73,9460
2023-07-02 13:00:00,1618647.96,1635508.64,1590123.04,1632244.15,9688
2023-07-02 14:00:00,1641927.75,1641927.75,1621510.42,1624759.94,10848
2023-07-02 15:00:00,1623448.26,1638560.71,1619273.84,1629056.13,18989
2023-07-02 16:00:00,1621594.31,1632472.23,1619271.09,1622516.12,11342
2023-07-02 17:00:00,1626605.41,1636594.64,1615710.23,1618948.13,9853
2023-07-02 18:00:00,1613376.36,1613376.36,1605588.24,1611817.86,14697
2023-07-02 19:00:00,1620473.43,1620473.43,1591965.32,1595155.64,4859
2023-07-02 20:00:00,1594805.52,1603021.03,1594805.52,1599821.39,7684
2023-07-02 21:00:00,1605542.53,1613321.61,1599255.85,1610101.4,12792
2023-07-02 22:00:00,1618844.9,1622409.76,1618593.27,1619171.41,6344
2023-07-02 23:00:00,1628733.79,1633783.14,1628733.79,1631997.78,13036
2023-07-03 00:00:00,1636450.14,1641167.52,1613208.99,1637891.73,6027
2023-07-03 01:00:00,1642752.47,1652911.6,1628852.22,1632116.46,8967
2023-07-03 02:00:00,1629410.37,1659884.28,1616812.1,1644886.11,10589
2023-07-03 03:00:00,1631028.23,1631028.23,1627149.71,1627772.69,10947
2023-07-03 04:00:00,1627625.8,1656235.97,1588326.73,1617572.42,6344
2023-07-03 05:00:00,1610166.09,1610166.09,1603738.28,1606952.18,12619
2023-07-03 06:00:00,1617506.96,1635439.72,1617506.96,1623634.92,12515
2023-07-03 07:00:00,1617370.77,1648973.97,1603130.48,1638081.38,4636
2023-07-03 08:00:00,1634917.99,1649338.2,1634917.99,1646046.11,8057
2023-07-03 09:00:00,1658309.04,1694344.6,1658309.04,1661632.3,12815
2023-07-03 10:00:00,1663619.13,1679352.97,1647041.78,1650342.47,14457
2023-07-03 11:00:00,1649095.26,1676348.79,1627011.7,1656087.86,8653
2023-07-03 12:00:00,1651105.12,1683092.92,1638741.3,1655235.83,13777
2023-07-03 13:00:00,1664242.26,1677776.41,1664242.26,1667577.42,8644
2023-07-03 14:00:00,1676380.17,1693874.95,1635861.5,1666439.34,7167
2023-07-03 15:00:00,1666740.17,1678831.41,1619942.7,1661678.43,6731
2023-07-03 16:00:00,1656169.26,1713338.41,1643251.6,1669732.84,12223
2023-07-03 17:00:00,1678731.69,1685460.07,1678731.69,1682095.88,7973
2023-07-03 18:00:00,1677374.4,1677374.4,1643460.42,1672908.91,13183
2023-07-03 19:00:00,1669067.8,1688527.93,1669067.8,1672412.62,8793
2023-07-03 20:00:00,1658794.58,1658794.58,1655021.5,1658338.17,5020
2023-07-03 21:00:00,1628683.52,1628683.52,1607659.65,1625432.65,13505
2023-07-03 22:00:00,1626953.79,1633474.65,1626953.79,1630214.22,15873
2023-07-03 23:00:00,1633658.89,1643564.19,1625932.23,1640283.62,7541
2023-07-04 00:00:00,1636382.36,1661750.06,1631002.24,1645449.32,10010
2023-07-04 01:00:00,1623974.57,1623974.57,1612158.29,1620733.1,5052
2023-07-04 02:00:00,1615214.86,1644501.86,1615214.86,1618451.76,5525
2023-07-04 03:00:00,1612449.37,1612449.37,1588411.7,1591594.89,6939
2023-07-04 04:00:00,1593306.96,1652984.96,1593306.96,1612756.82,11442
2023-07-04 05:00:00,1615439.43,1636521.77,1598714.43,1601112.88,10204
2023-07-04 06:00:00,1601321.54,1623834.38,1570640.15,1620593.19,6940
2023-07-04 07:00:00,1633532.53,1647298.91,1633532.53,1635519.69,7335
2023-07-04 08:00:00,1627788.91,1650531.51,1622186.28,1625437.16,18734
2023-07-04 09:00:00,1613458.06,1613458.06,1582039.55,1612699.28,6374
2023-07-04 10:00:00,1617469.51,1651368.63,1616839.67,1620079.83,11893
2023-07-04 11:00:00,1622818.81,1640426.61,1601938.62,1611452.52,8112
2023-07-04 12:00:00,1612419.6,1617522.83,1612419.6,1615650.9,8386
2023-07-04 13:00:00,1612727.25,1620015.14,1605652.27,1611987.69,11960
2023-07-04 14:00:00,1594559.4,1594559.4,1563268.34,1591376.65,13808
2023-07-04 15:00:00,1569056.78,1569056.78,1559936.31,1565924.93,10234
2023-07-04 16:00:00,1570021.17,1587896.27,1570021.17,1573167.51,11790
2023-07-04 17:00:00,1572701.23,1573202.98,1566922.73,1570062.85,9049
2023-07-04 18:00:00,1570304.83,1570305.35,1564945.49,1567171.01,7850
2023-07-04 19:00:00,1565578.3,1583561.64,1544472.48,1580400.84,11482
2023-07-04 20:00:00,1593798.23,1639769.23,1593798.23,1599463.3,9565
2023-07-04 21:00:00,1606619.96,1628032.23,1581319.13,1599220.08,10784
2023-07-04 22:00:00,1594923.42,1615319.55,1594923.42,1598119.66,13217
2023-07-04 23:00:00,1597476.36,1611042.3,1584905.52,1608045.57,17157
2023-07-05 00:00:00,1603093.82,1623636.7,1550298.9,1593332.54,13673
2023-07-05 01:00:00,1594689.48,1604216.87,1594689.48,1599834.81,8125
2023-07-05 02:00:00,1591786.12,1613662.47,1573659.41,1610441.59,8013
2023-07-05 03:00:00,1617015.13,1625697.07,1601189.03,1622452.17,7745
2023-07-05 04:00:00,1625302.48,1631615.06,1585356.07,1599443.5,12434
2023-07-05 05:00:00,1596177.76,1596177.76,1581941.06,1592991.78,11293
2023-07-05 06:00:00,1587592.41,1587592.41,1566294.63,1585287.61,11152
2023-07-05 07:00:00,1587097.18,1630651.75,1587097.18,1590568.57,11495
2023-07-05 08:00:00,1588582.89,1603861.2,1562714.45,1600659.88,14318
2023-07-05 09:00:00,1604924.55,1652669.47,1582270.87,1623762.25,5496
2023-07-05 10:00:00,1616733.07,1633759.26,1616733.07,1619973.02,13634
2023-07-05 11:00:00,1620886.68,1654982.05,1610249.38,1616310.16,15805
2023-07-05 12:00:00,1610883.35,1637784.22,1608014.91,1634515.19,10853
2023-07-05 13:00:00,1632550.63,1646483.66,1625066.07,1640883.34,8722
2023-07-05 14:00:00,1639786.58,1663396.62,1639786.58,1660076.47,5826
2023-07-05 15:00:00,1665060.41,1666064.61,1621456.74,1665538.47,8465
2023-07-05 16:00:00,1653775.91,1653775.91,1638839.92,1651188.36,14722
2023-07-05 17:00:00,1638397.5,1638397.5,1598369.9,1635127.24,8703
2023-07-05 18:00:00,1627891.19,1628709.57,1613647.54,1616881.3,12389
2023-07-05 19:00:00,1625319.42,1632005.59,1625319.42,1628748.1,10514
2023-07-05 20:00:00,1620567.43,1651841.03,1620567.43,1647311.79,13559
2023-07-05 21:00:00,1670974.83,1677672.13,1670974.83,1674323.48,14927
2023-07-05 22:00:00,1683653.89,1690402.0,1683653.89,1687027.95,11387
2023-07-05 23:00:00,1700380.81,1707195.96,1700380.81,1703788.38,9163
2023-07-06 00:00:00,1696199.84,1699299.68,1668162.91,1695907.86,11452
2023-07-06 01:00:00,1683756.24,1683756.24,1666368.65,1680395.45,15694
2023-07-06 02:00:00,1692064.22,1699126.83,1692064.22,1693126.01,9942
2023-07-06 03:00:00,1696101.6,1702899.6,1696101.6,1699500.6,12626
2023-07-06 04:00:00,1704781.04,1704781.04,1697975.52,1701378.28,10103
2023-07-06 05:00:00,1703648.45,1739051.88,1703648.45,1707062.58,10441
2023-07-06 06:00:00,1708279.42,1727102.4,1708249.38,1711672.72,10612
2023-07-06 07:00:00,1727141.62,1734860.57,1727141.62,1729566.28,9381
2023-07-06 08:00:00,1731483.16,1750652.16,1731483.16,1747157.84,8588
2023-07-06 09:00:00,1750065.6,1757079.89,1750065.6,1753572.75,8903
2023-07-06 10:00:00,1761607.85,1767637.24,1752511.18,1764109.02,14266
2023-07-06 11:00:00,1768053.45,1782733.37,1757917.99,1769493.75,8218
2023-07-06 12:00:00,1764145.45,1764145.45,1739654.7,1760624.2,12762
2023-07-06 13:00:00,1766139.34,1774251.21,1766139.34,1769678.69,11239
2023-07-06 14:00:00,1757827.22,1757827.22,1715651.36,1747361.5,10130
2023-07-06 15:00:00,1757585.93,1765411.23,1757585.93,1761108.14,10316
2023-07-06 16:00:00,1749172.77,1749172.77,1739548.77,1742095.12,6695
2023-07-06 17:00:00,1738394.06,1748564.14,1720117.4,1745073.99,7156
2023-07-06 18:00:00,1735845.83,1735845.83,1728343.79,1731807.4,11635
2023-07-06 19:00:00,1728643.07,1764719.83,1714431.0,1738942.22,12383
2023-07-06 20:00:00,1740967.39,1740967.39,1723526.59,1737492.41,10393
2023-07-06 21:00:00,1733107.91,1755433.73,1671373.06,1714017.05,11927
2023-07-06 22:00:00,1712443.04,1727065.02,1672384.84,1719970.5,21460
2023-07-06 23:00:00,1715540.25,1721936.5,1708306.08,1711729.54,10876
2023-07-07 00:00:00,1720772.73,1729138.76,1720772.73,1724221.18,11413
2023-07-07 01:00:00,1712400.22,1730584.2,1684036.19,1723944.27,10594
2023-07-07 02:00:00,1725782.84,1752578.49,1725782.84,1729241.32,6422
2023-07-07 03:00:00,1718332.8,1739595.47,1693332.16,1715246.67,8700
2023-07-07 04:00:00,1710477.01,1710477.01,1703648.76,1707062.89,8095
2023-07-07 05:00:00,1714306.54,1734699.97,1698509.66,1701060.73,15466
2023-07-07 06:00:00,1710158.49,1717012.83,1710158.49,1713585.66,13350
2023-07-07 07:00:00,1733779.8,1744348.04,1733779.8,1737254.3,11902
2023-07-07 08:00:00,1718377.26,1728383.8,1718377.26,1725143.15,8233
2023-07-07 09:00:00,1736632.79,1764806.76,1736632.79,1740113.02,10611
2023-07-07 10:00:00,1709776.47,1709776.47,1705114.22,1708531.28,12413
2023-07-07 11:00:00,1695739.38,1695739.38,1685685.04,1692354.67,6618
2023-07-07 12:00:00,1683565.61,1683565.61,1676844.79,1680205.2,12124
2023-07-07 13:00:00,1666530.09,1666530.09,1659877.28,1663203.68,11220
2023-07-07 14:00:00,1646897.86,1646897.86,1639994.9,1643881.15,21237
2023-07-07 15:00:00,1649015.7,1660390.27,1649015.7,1652320.34,13015
2023-07-07 16:00:00,1652118.95,1655369.65,1612503.07,1652065.52,18522
2023-07-07 17:00:00,1655475.96,1688882.16,1638753.13,1659835.29,8371
2023-07-07 18:00:00,1668254.12,1685165.67,1668254.12,1671597.32,6314
2023-07-07 19:00:00,1670665.17,1680572.23,1670665.17,1677217.8,7308
2023-07-07 20:00:00,1692364.13,1698603.4,1664412.78,1688032.45,8630
2023-07-07 21:00:00,1685116.14,1691870.11,1685116.14,1688493.12,11764
2023-07-07 22:00:00,1685419.92,1685419.92,1661506.22,1673541.77,11771
2023-07-07 23:00:00,1686609.24,1724164.67,1686609.24,1689989.22,6843
2023-07-08 00:00:00,1690396.1,1690396.1,1636228.41,1683270.82,10563
2023-07-08 01:00:00,1684470.58,1684470.58,1660977.28,1672084.71,11945
2023-07-08 02:00:00,1673235.15,1680750.31,1639723.79,1671722.54,17518
2023-07-08 03:00:00,1671138.23,1671138.23,1659100.02,1661351.7,8229
2023-07-08 04:00:00,1668572.49,1680834.87,1642634.2,1658157.69,13101
2023-07-08 05:00:00,1664643.15,1668727.96,1655085.8,1665397.17,5744
2023-07-08 06:00:00,1669127.92,1675817.82,1669127.92,1672472.87,10517
2023-07-08 07:00:00,1665629.7,1665629.7,1640273.34,1662305.09,8062
2023-07-08 08:00:00,1661472.71,1661472.71,1654840.08,1658156.39,7286
2023-07-08 09:00:00,1657145.19,1683145.35,1649080.06,1675334.86,11120
2023-07-08 10:00:00,1681348.32,1687512.41,1680775.84,1684144.13,10912
2023-07-08 11:00:00,1693320.6,1728045.39,1679353.87,1714385.53,10334
2023-07-08 12:00:00,1729341.89,1734969.23,1729341.89,1731506.22,11734
2023-07-08 13:00:00,1744172.09,1751162.76,1744172.09,1747667.43,11738
2023-07-08 14:00:00,1730692.3,1730692.3,1723783.35,1727237.83,14427
2023-07-08 15:00:00,1725579.49,1741656.0,1703734.08,1738179.64,16098
2023-07-08 16:00:00,1738548.46,1783324.01,1713462.98,1737195.0,10517
2023-07-08 17:00:00,1729451.29,1749321.16,1725772.68,1729231.14,10202
2023-07-08 18:00:00,1728328.1,1735255.27,1728328.1,1731791.69,7035
2023-07-08 19:00:00,1740530.04,1757471.39,1732288.89,1745270.97,7754
2023-07-08 20:00:00,1754260.47,1804019.36,1748523.09,1752027.14,7391
2023-07-08 21:00:00,1750556.76,1781389.98,1708337.07,1738854.96,15284
2023-07-08 22:00:00,1746752.22,1765223.63,1718076.93,1749337.5,11155
2023-07-08 23:00:00,1743268.2,1743268.2,1702376.02,1739788.63,9616
2023-07-09 00:00:00,1736875.13,1751326.86,1704448.02,1742829.33,11747
2023-07-09 01:00:00,1752891.03,1782711.67,1728855.83,1738353.11,13189
2023-07-09 02:00:00,1731604.97,1745322.65,1708963.08,1735248.8,12161
2023-07-09 03:00:00,1733995.19,1749736.69,1728110.59,1746244.2,9856
2023-07-09 04:00:00,1751840.85,1755047.84,1715447.64,1731142.13,12084
2023-07-09 05:00:00,1755436.36,1762472.18,1755436.36,1758954.27,7721
2023-07-09 06:00:00,1746515.7,1746885.86,1726647.31,1732064.72,7443
2023-07-09 07:00:00,1727353.08,1727353.08,1690960.14,1723905.27,8544
2023-07-09 08:00:00,1724819.55,1738442.2,1724819.55,1729725.51,13785
2023-07-09 09:00:00,1734894.76,1739353.81,1734894.76,1738371.5,14097
2023-07-09 10:00:00,1733471.95,1740467.0,1709417.77,1736993.02,13983
2023-07-09 11:00:00,1730311.24,1739792.97,1717445.37,1736320.33,10983
2023-07-09 12:00:00,1752987.74,1763072.67,1738814.12,1742298.72,12524
2023-07-09 13:00:00,1751789.99,1751789.99,1708323.5,1738942.94,11058
2023-07-09 14:00:00,1755297.72,1762332.98,1755297.72,1758815.35,5009
2023-07-09 15:00:00,1766670.36,1787667.95,1766670.36,1770210.78,10078
2023-07-09 16:00:00,1780049.04,1787339.63,1780049.04,1781710.74,9865
2023-07-09 17:00:00,1771939.73,1771939.73,1762572.11,1766104.32,10490
2023-07-09 18:00:00,1772787.24,1783301.4,1760526.18,1764054.29,8164
2023-07-09 19:00:00,1762476.5,1762476.5,1736509.54,1758958.59,12526
2023-07-09 20:00:00,1747459.45,1747459.45,1740483.56,1743971.51,9411
2023-07-09 21:00:00,1745654.48,1760990.5,1745654.48,1749152.79,10571
2023-07-09 22:00:00,1754977.23,1773131.34,1723705.74,1741325.35,10473
2023-07-09 23:00:00,1743519.98,1754301.59,1743519.98,1750799.99,7820
2023-07-10 00:00:00,1738760.5,1738760.5,1731508.93,1735289.92,9326
2023-07-10 01:00:00,1756552.93,1770126.52,1756552.93,1760073.07,9363
2023-07-10 02:00:00,1750163.8,1750163.8,1738031.08,1746670.46,11982
2023-07-10 03:00:00,1747126.16,1758310.54,1746325.53,1749825.19,8228
2023-07-10 04:00:00,1750243.0,1764606.46,1750243.0,1761084.29,9945
2023-07-10 05:00:00,1755861.42,1755861.42,1748851.99,1752356.7,11550
2023-07-10 06:00:00,1755313.56,1779070.81,1755313.56,1764411.0,11925
2023-07-10 07:00:00,1764705.67,1802590.85,1720138.44,1746102.23,7353
2023-07-10 08:00:00,1747349.82,1771800.39,1747349.82,1766942.97,11064
2023-07-10 09:00:00,1770001.55,1770001.55,1723357.76,1766468.61,12991
2023-07-10 10:00:00,1759726.76,1759726.76,1733069.76,1757208.17,11223
2023-07-10 11:00:00,1764593.2,1774098.26,1749140.34,1752645.63,6132
2023-07-10 12:00:00,1760657.92,1767714.67,1760657.92,1764186.29,14560
2023-07-10 13:00:00,1768854.97,1798711.28,1751801.39,1755312.01,9078
2023-07-10 14:00:00,1749827.64,1755631.23,1711089.3,1744501.98,8202
2023-07-10 15:00:00,1746327.43,1748227.33,1728285.14,1741706.95,13184
2023-07-10 16:00:00,1728892.45,1728892.45,1723342.07,1725441.56,10692
2023-07-10 17:00:00,1748677.66,1771866.16,1748677.66,1752182.02,11435
2023-07-10 18:00:00,1746405.58,1747641.3,1716289.81,1744152.99,11207
2023-07-10 19:00:00,1752846.97,1759872.41,1752846.97,1756359.69,5651
2023-07-10 20:00:00,1761259.29,1762773.83,1755736.81,1759255.32,7792
2023-07-10 21:00:00,1748386.14,1748386.14,1688354.44,1744896.34,10224
2023-07-10 22:00:00,1746868.7,1789849.05,1735915.19,1745164.66,13129
2023-07-10 23:00:00,1753182.33,1796513.18,1753182.33,1756695.72,10185
2023-07-11 00:00:00,1757055.63,1757436.15,1740628.97,1753928.3,15271
2023-07-11 01:00:00,1767527.65,1774611.93,1767527.65,1771069.79,14667
2023-07-11 02:00:00,1781656.75,1805080.13,1781656.75,1785227.21,12968
2023-07-11 03:00:00,1796773.3,1825758.13,1793825.59,1797420.43,11522
2023-07-11 04:00:00,1785404.83,1792560.76,1785404.83,1788982.8,12952
2023-07-11 05:00:00,1775402.4,1775402.4,1768314.97,1771858.68,6535
2023-07-11 06:00:00,1759609.4,1766564.33,1734543.82,1762341.14,9761
2023-07-11 07:00:00,1763426.22,1783678.28,1761401.31,1764931.17,6095
2023-07-11 08:00:00,1754857.02,1780433.59,1735428.03,1772491.86,7787
2023-07-11 09:00:00,1767636.48,1767636.48,1737007.82,1740488.79,8312
2023-07-11 10:00:00,1744540.63,1744540.63,1707209.78,1741058.51,19524
2023-07-11 11:00:00,1740486.53,1760854.72,1740486.53,1743974.48,6213
2023-07-11 12:00:00,1741286.97,1744061.79,1725638.41,1740580.63,8331
2023-07-11 13:00:00,1755673.02,1765895.77,1736378.21,1759608.61,6713
2023-07-11 14:00:00,1762865.99,1789737.51,1754795.53,1765640.55,11738
2023-07-11 15:00:00,1763295.5,1792991.14,1754656.04,1784275.82,11146
2023-07-11 16:00:00,1787741.64,1787741.64,1752931.62,1780127.67,4833
2023-07-11 17:00:00,1781424.78,1796504.07,1767717.29,1792918.23,14004
2023-07-11 18:00:00,1811871.57,1819133.58,1811871.57,1815502.57,11325
2023-07-11 19:00:00,1826160.47,1836347.99,1826160.47,1832682.63,10840
2023-07-11 20:00:00,1821880.85,1821880.85,1806821.26,1813389.93,6756
2023-07-11 21:00:00,1820863.06,1838286.34,1803886.11,1807501.12,8099
2023-07-11 22:00:00,1798617.93,1802489.19,1796891.12,1800492.1,14108
2023-07-11 23:00:00,1800262.24,1809681.2,1782115.53,1806069.07,7268
2023-07-12 00:00:00,1810570.49,1817986.94,1810570.49,1814358.22,14549
2023-07-12 01:00:00,1818275.24,1818275.24,1796167.45,1799766.99,13113
2023-07-12 02:00:00,1795606.41,1814720.13,1795606.41,1799204.82,8745
2023-07-12 03:00:00,1771550.03,1771550.03,1764477.98,1768014.01,24988
2023-07-12 04:00:00,1785497.21,1792157.24,1785497.21,1788580.08,8710
2023-07-12 05:00:00,1772987.29,1783602.23,1747357.38,1780042.14,12012
2023-07-12 06:00:00,1776603.3,1783723.96,1776603.3,1780163.63,15728
2023-07-12 07:00:00,1781835.54,1813788.35,1771424.83,1774974.78,9209
2023-07-12 08:00:00,1776896.77,1823908.66,1768723.95,1791108.43,10264
2023-07-12 09:00:00,1752026.72,1752026.72,1745032.6,1748529.66,7639
2023-07-12 10:00:00,1741191.75,1763818.22,1696887.63,1748914.94,8911
2023-07-12 11:00:00,1749494.34,1760780.28,1744544.4,1748040.48,11902
2023-07-12 12:00:00,1744141.62,1744141.62,1738787.59,1742272.14,8629
2023-07-12 13:00:00,1764244.12,1771315.24,1764244.12,1767779.68,14506
2023-07-12 14:00:00,1758476.01,1758476.01,1725996.88,1754966.07,10404
2023-07-12 15:00:00,1764057.59,1772828.43,1762972.97,1766505.98,10086
2023-07-12 16:00:00,1772167.69,1772167.69,1768150.12,1771693.51,11818
2023-07-12 17:00:00,1771279.85,1793378.58,1771279.85,1789798.98,11151
2023-07-12 18:00:00,1797870.61,1797870.61,1775670.39,1779228.84,16399
2023-07-12 19:00:00,1771751.21,1771751.21,1764678.35,1768214.78,9878
2023-07-12 20:00:00,1780543.64,1787680.09,1780543.64,1784111.86,5231
2023-07-12 21:00:00,1795572.59,1795572.59,1779294.2,1789772.18,11769
2023-07-12 22:00:00,1769983.9,1769983.9,1756978.83,1766451.0,19641
2023-07-12 23:00:00,1764723.84,1778409.9,1723899.29,1758876.16,10093
2023-07-13 00:00:00,1763066.25,1768450.41,1721864.51,1764920.57,7896
2023-07-13 01:00:00,1772117.32,1809239.12,1772117.32,1777274.38,4913
2023-07-13 02:00:00,1774088.12,1798446.79,1763689.36,1767223.81,7804
2023-07-13 03:00:00,1763679.54,1763679.54,1698184.03,1725394.6,13151
2023-07-13 04:00:00,1724881.17,1769989.19,1724881.17,1734587.64,9957
2023-07-13 05:00:00,1725046.3,1742597.52,1715348.49,1718786.06,10538
2023-07-13 06:00:00,1695966.42,1695966.42,1689196.1,1692581.26,7661
2023-07-13 07:00:00,1691960.05,1691960.05,1653181.92,1656494.91,10470
2023-07-13 08:00:00,1659152.32,1676675.24,1659152.32,1671821.03,15011
2023-07-13 09:00:00,1670956.4,1680731.93,1661749.22,1677377.17,15626
2023-07-13 10:00:00,1685608.3,1705703.06,1664909.82,1677893.67,10566
2023-07-13 11:00:00,1687110.36,1703912.25,1685693.74,1700511.23,19421
2023-07-13 12:00:00,1699661.54,1723865.27,1695381.39,1712157.87,8247
2023-07-13 13:00:00,1716998.65,1740589.67,1716998.65,1737115.44,10976
2023-07-13 14:00:00,1720892.2,1720892.2,1709070.46,1718791.73,9392
2023-07-13 15:00:00,1722225.96,1722225.96,1711664.79,1720471.41,8673
2023-07-13 16:00:00,1717148.45,1717148.45,1679519.65,1699885.18,12372
2023-07-13 17:00:00,1692310.74,1726792.03,1686643.99,1699579.86,8073
2023-07-13 18:00:00,1705252.74,1723803.17,1695642.42,1699040.5,6972
2023-07-13 19:00:00,1696667.67,1732255.25,1686180.75,1710687.19,11014
2023-07-13 20:00:00,1710090.57,1726336.7,1710090.57,1713886.3,13896
2023-07-13 21:00:00,1721617.75,1728518.02,1721617.75,1725067.89,10774
2023-07-13 22:00:00,1721527.97,1740526.38,1714454.98,1737052.28,16491
2023-07-13 23:00:00,1765684.36,1802300.72,1765684.36,1769222.8,10686
2023-07-14 00:00:00,1769350.25,1797156.06,1761506.3,1765036.37,15810
2023-07-14 01:00:00,1761795.93,1774405.01,1751864.66,1752024.03,8716
2023-07-14 02:00:00,1757881.28,1760129.66,1753103.19,1756616.42,6507
2023-07-14 03:00:00,1749495.84,1749495.84,1720830.16,1746003.83,14458
2023-07-14 04:00:00,1764913.58,1771987.38,1764913.58,1768450.48,7429
2023-07-14 05:00:00,1779484.14,1801031.01,1745445.66,1764819.27,10025
2023-07-14 06:00:00,1760793.6,1760793.6,1728583.61,1757279.04,19862
2023-07-14 07:00:00,1752593.41,1765397.51,1747947.7,1751450.6,11982
2023-07-14 08:00:00,1756294.68,1771535.81,1756294.68,1762912.68,5909
2023-07-14 09:00:00,1763116.46,1764545.63,1730800.92,1761386.22,8086
2023-07-14 10:00:00,1756463.24,1756463.24,1719648.86,1752957.32,8241
2023-07-14 11:00:00,1774368.64,1781480.34,1774368.64,1777924.49,5485
2023-07-14 12:00:00,1788978.74,1800321.1,1762139.66,1765671.0,13015
2023-07-14 13:00:00,1760497.49,1770375.38,1760497.49,1766841.69,7850
2023-07-14 14:00:00,1768000.42,1780451.32,1758196.81,1776897.53,8970
2023-07-14 15:00:00,1757009.74,1757009.74,1742121.21,1753502.73,19329
2023-07-14 16:00:00,1758058.47,1765104.79,1758058.47,1761581.63,12715
2023-07-14 17:00:00,1750784.85,1750784.85,1727138.32,1747290.27,6724
2023-07-14 18:00:00,1756974.78,1764016.76,1756974.78,1760495.77,8320
2023-07-14 19:00:00,1760083.72,1810113.38,1744089.79,1747584.96,8373
2023-07-14 20:00:00,1743977.23,1773606.52,1717068.33,1758920.5,10313
2023-07-14 21:00:00,1767487.02,1785726.91,1767487.02,1775849.81,13492
2023-07-14 22:00:00,1777405.6,1792314.89,1777405.6,1788737.41,13978
2023-07-14 23:00:00,1791120.34,1795917.81,1788748.48,1792333.15,5785
2023-07-15 00:00:00,1792701.02,1792701.02,1745969.98,1788743.91,8121
2023-07-15 01:00:00,1783234.17,1810972.17,1771077.43,1780280.08,14451
2023-07-15 02:00:00,1798369.73,1805577.62,1798369.73,1801973.68,9051
2023-07-15 03:00:00,1794782.64,1794782.64,1787617.83,1791200.24,8011
2023-07-15 04:00:00,1786563.21,1786563.21,1772470.0,1776022.04,11058
2023-07-15 05:00:00,1782713.46,1813766.34,1782713.46,1786286.04,6762
2023-07-15 06:00:00,1778434.26,1778434.26,1754842.65,1774884.49,6096
2023-07-15 07:00:00,1771165.77,1806143.25,1758268.48,1761792.07,10164
2023-07-15 08:00:00,1745694.01,1745694.01,1738725.17,1742209.59,11769
2023-07-15 09:00:00,1740772.32,1740772.32,1723454.76,1737297.72,6186
2023-07-15 10:00:00,1740395.87,1740395.87,1734806.44,1738283.0,10274
2023-07-15 11:00:00,1751721.99,1759455.9,1725836.13,1743849.9,6306
2023-07-15 12:00:00,1758041.36,1789130.13,1758041.36,1759318.74,12737
2023-07-15 13:00:00,1757304.19,1785317.59,1745709.74,1768223.22,6670
2023-07-15 14:00:00,1770010.44,1770010.44,1762944.53,1766477.49,11358
2023-07-15 15:00:00,1761798.09,1768225.31,1747497.04,1764695.92,6805
2023-07-15 16:00:00,1774675.55,1776754.06,1767915.24,1773207.65,7544
2023-07-15 17:00:00,1775601.24,1796076.44,1774219.39,1792491.46,15122
2023-07-15 18:00:00,1783650.29,1797975.18,1757936.52,1794454.65,10901
2023-07-15 19:00:00,1785967.59,1814337.97,1784050.14,1787625.39,10476
2023-07-15 20:00:00,1777014.49,1777014.49,1749022.93,1773467.56,9136
2023-07-15 21:00:00,1756963.87,1756963.87,1749950.04,1753456.95,13583
2023-07-15 22:00:00,1761147.52,1768206.23,1761147.52,1764676.87,12982
2023-07-15 23:00:00,1770727.2,1777824.3,1770727.2,1774275.75,9014
2023-07-16 00:00:00,1773142.77,1787144.79,1773142.77,1783577.63,13360
2023-07-16 01:00:00,1782682.64,1782682.64,1735858.8,1782302.98,14755
2023-07-16 02:00:00,1799835.38,1807049.15,1799835.38,1803442.26,8358
2023-07-16 03:00:00,1793561.93,1799758.13,1792573.47,1796165.8,8242
2023-07-16 04:00:00,1806692.66,1813962.44,1805039.08,1810341.76,11303
2023-07-16 05:00:00,1811046.37,1836928.54,1796328.38,1809395.17,6953
2023-07-16 06:00:00,1803357.76,1803357.76,1778536.84,1800050.4,9421
2023-07-16 07:00:00,1812382.03,1812382.03,1805146.97,1808764.5,15446
2023-07-16 08:00:00,1810873.7,1859031.88,1810873.7,1814502.7,9728
2023-07-16 09:00:00,1809178.18,1829832.0,1809178.18,1819235.31,11234
2023-07-16 10:00:00,1817262.72,1823355.67,1817262.72,1819716.24,9825
2023-07-16 11:00:00,1807775.18,1828043.46,1805261.11,1818415.97,7207
2023-07-16 12:00:00,1835233.58,1868939.82,1835233.58,1853189.7,10519
2023-07-16 13:00:00,1865260.54,1870168.56,1865260.54,1868998.54,11389
2023-07-16 14:00:00,1873508.88,1881017.94,1873508.88,1877263.41,9073
2023-07-16 15:00:00,1879661.42,1879661.42,1839850.14,1875909.6,8880
2023-07-16 16:00:00,1884554.42,1892107.75,1884554.42,1888331.08,9787
2023-07-16 17:00:00,1885514.48,1913866.16,1878852.21,1892814.52,21352
2023-07-16 18:00:00,1884546.24,1893321.04,1854714.71,1889541.96,17330
2023-07-16 19:00:00,1885090.69,1885090.69,1881106.99,1881328.04,12103
2023-07-16 20:00:00,1882288.49,1882288.49,1873190.12,1876944.01,11574
2023-07-16 21:00:00,1829082.9,1829082.9,1821781.17,1825432.03,11965
2023-07-16 22:00:00,1830721.54,1836647.53,1792286.87,1827832.05,13093
2023-07-16 23:00:00,1832012.71,1832012.71,1816756.96,1819724.69,13359
2023-07-17 00:00:00,1838857.46,1875858.89,1838857.46,1842907.09,12221
2023-07-17 01:00:00,1844357.22,1844357.22,1835121.35,1841761.29,8634
2023-07-17 02:00:00,1832809.97,1832809.97,1818805.9,1822522.0,8558
2023-07-17 03:00:00,1824866.95,1824866.95,1808972.0,1821224.5,13487
2023-07-17 04:00:00,1808790.18,1808790.18,1801569.46,1805179.82,12652
2023-07-17 05:00:00,1808320.86,1815961.57,1792041.05,1812336.9,16464
2023-07-17 06:00:00,1807500.45,1822312.48,1807500.45,1816554.04,9189
2023-07-17 07:00:00,1825597.32,1834152.32,1825597.32,1830491.34,9182
2023-07-17 08:00:00,1821506.96,1821506.96,1814235.48,1817871.22,8506
2023-07-17 09:00:00,1829718.57,1829718.57,1802755.82,1818109.0,13639
2023-07-17 10:00:00,1800979.34,1803344.26,1793985.19,1797580.36,14606
2023-07-17 11:00:00,1801649.0,1824991.2,1801443.91,1808456.91,12524
2023-07-17 12:00:00,1816043.2,1819917.47,1812652.33,1816284.9,11469
2023-07-17 13:00:00,1826327.06,1827164.86,1819870.79,1823517.82,12748
2023-07-17 14:00:00,1826799.84,1826799.84,1819507.23,1823153.54,14321
2023-07-17 15:00:00,1815389.42,1835189.83,1815389.42,1828982.57,8422
2023-07-17 16:00:00,1851240.89,1884806.1,1851240.89,1852397.76,14796
2023-07-17 17:00:00,1861296.65,1876287.98,1824760.04,1846603.41,6320
2023-07-17 18:00:00,1855096.17,1863196.62,1843771.37,1847466.3,11441
2023-07-17 19:00:00,1829933.2,1829933.2,1820688.92,1829813.75,10254
2023-07-17 20:00:00,1823758.11,1834811.44,1766845.77,1816348.42,11921
2023-07-17 21:00:00,1814228.07,1821499.53,1814228.07,1817863.8,7406
2023-07-17 22:00:00,1830590.89,1837927.93,1830590.89,1834259.41,7686
2023-07-17 23:00:00,1831461.74,1852259.89,1826087.05,1829746.54,13396
2023-07-18 00:00:00,1824815.36,1853288.14,1822102.45,1825753.96,7038
2023-07-18 01:00:00,1823040.14,1823040.14,1799631.4,1819401.33,9268
2023-07-18 02:00:00,1815823.86,1815823.86,1807792.85,1811415.68,9974
2023-07-18 03:00:00,1812449.47,1819713.8,1812449.47,1816081.64,8170
2023-07-18 04:00:00,1814361.3,1814361.3,1793919.81,1794001.78,13107
2023-07-18 05:00:00,1810201.11,1817501.03,1810201.11,1813828.77,8285
2023-07-18 06:00:00,1813078.0,1830518.54,1794030.21,1804255.16,10692
2023-07-18 07:00:00,1811361.92,1819191.89,1800645.77,1815560.77,6394
2023-07-18 08:00:00,1800546.29,1800546.29,1793358.48,1796952.39,13598
2023-07-18 09:00:00,1797404.03,1820950.46,1773406.95,1807762.49,12077
2023-07-18 10:00:00,1805781.62,1828818.82,1802585.42,1818257.51,8745
2023-07-18 11:00:00,1821094.14,1827767.78,1786628.64,1824119.54,7763
2023-07-18 12:00:00,1814538.18,1827182.44,1790910.45,1809257.79,8976
2023-07-18 13:00:00,1813931.95,1864499.21,1805960.33,1813481.44,10532
2023-07-18 14:00:00,1799951.31,1799951.31,1792765.87,1796358.59,6816
2023-07-18 15:00:00,1797360.26,1797360.26,1783951.94,1793772.71,8234
2023-07-18 16:00:00,1798163.83,1872444.89,1784310.92,1810097.62,5714
2023-07-18 17:00:00,1818856.74,1825263.96,1818856.74,1822501.74,15835
2023-07-18 18:00:00,1825590.35,1837862.73,1810473.07,1822890.02,8431
2023-07-18 19:00:00,1825612.62,1841158.45,1804957.02,1808574.17,12574
2023-07-18 20:00:00,1815273.52,1822549.16,1815273.52,1818911.34,13736
2023-07-18 21:00:00,1815973.68,1841444.81,1815973.68,1819612.9,7663
2023-07-18 22:00:00,1811624.0,1839086.67,1747645.79,1785556.92,10859
2023-07-18 23:00:00,1789957.1,1805093.64,1781674.27,1798726.59,13428
2023-07-19 00:00:00,1798566.41,1804652.49,1788448.72,1799645.9,8639
2023-07-19 01:00:00,1814913.67,1822187.87,1814913.67,1818550.77,9644
2023-07-19 02:00:00,1806386.78,1806386.78,1785004.75,1802781.22,6560
2023-07-19 03:00:00,1777045.84,1777045.84,1742438.66,1757101.66,8597
2023-07-19 04:00:00,1762835.71,1767491.87,1760436.02,1763963.95,12172
2023-07-19 05:00:00,1770625.6,1795385.5,1767225.58,1770767.12,8197
2023-07-19 06:00:00,1773462.1,1782859.7,1745206.19,1748703.59,9812
2023-07-19 07:00:00,1741438.16,1741438.16,1737517.13,1737962.23,7129
2023-07-19 08:00:00,1765302.51,1807815.69,1765302.51,1780718.67,7335
2023-07-19 09:00:00,1781884.3,1781884.3,1774770.99,1778327.64,10840
2023-07-19 10:00:00,1778766.95,1794700.81,1762026.0,1791118.57,9274
2023-07-19 11:00:00,1789000.29,1793208.98,1771115.13,1783339.66,10654
2023-07-19 12:00:00,1767650.74,1767650.74,1751458.86,1754968.8,12200
2023-07-19 13:00:00,1763141.69,1798963.49,1752185.64,1755697.03,8476
2023-07-19 14:00:00,1755325.25,1758558.05,1746426.3,1755047.96,13799
2023-07-19 15:00:00,1756010.74,1756010.74,1745384.36,1752505.73,10774
2023-07-19 16:00:00,1753933.51,1759210.46,1753933.51,1754175.63,7100
2023-07-19 17:00:00,1760622.96,1764719.66,1760281.76,1761197.26,12602
2023-07-19 18:00:00,1762216.28,1791487.82,1758496.56,1762020.61,9813
2023-07-19 19:00:00,1753714.21,1782948.59,1726835.77,1746770.23,9212
2023-07-19 20:00:00,1752955.28,1760722.28,1752955.28,1757207.86,11308
2023-07-19 21:00:00,1735846.73,1735846.73,1728917.2,1732381.96,9685
2023-07-19 22:00:00,1710872.22,1710872.22,1707065.75,1707457.3,10939
2023-07-19 23:00:00,1719296.46,1725251.81,1719296.46,1722741.94,10949
2023-07-20 00:00:00,1730861.3,1747599.49,1730861.3,1734329.96,9091
2023-07-20 01:00:00,1732330.99,1750595.78,1726245.74,1737538.51,11358
2023-07-20 02:00:00,1732032.43,1735034.48,1718210.92,1721654.23,6731
2023-07-20 03:00:00,1716065.57,1737904.73,1695752.3,1716190.38,7632
2023-07-20 04:00:00,1718541.73,1746063.24,1716410.68,1717193.17,12346
2023-07-20 05:00:00,1703725.43,1703725.43,1696092.08,1699491.06,7310
2023-07-20 06:00:00,1697918.69,1697918.69,1691140.57,1694529.63,8764
2023-07-20 07:00:00,1705605.87,1709384.08,1705605.87,1709023.92,11036
2023-07-20 08:00:00,1730416.61,1737352.15,1730416.61,1733884.38,6638
2023-07-20 09:00:00,1735477.47,1735477.47,1683606.99,1732013.44,18666
2023-07-20 10:00:00,1733172.65,1750335.52,1711686.32,1746841.83,10336
2023-07-20 11:00:00,1726594.01,1726594.01,1682048.16,1723147.72,13180
2023-07-20 12:00:00,1733414.35,1801437.54,1733414.35,1736888.13,10064
2023-07-20 13:00:00,1742307.3,1746946.84,1709998.31,1729470.65,12804
2023-07-20 14:00:00,1734598.35,1769096.2,1734598.35,1738074.5,8340
2023-07-20 15:00:00,1737908.4,1742031.91,1737908.4,1738554.81,9136
2023-07-20 16:00:00,1757777.72,1790293.94,1757777.72,1761300.32,9482
2023-07-20 17:00:00,1748367.65,1755375.13,1748367.65,1751871.39,6516
2023-07-20 18:00:00,1760808.94,1767143.02,1760808.94,1764337.62,12354
2023-07-20 19:00:00,1772816.94,1772816.94,1759825.09,1763351.8,8172
2023-07-20 20:00:00,1781018.24,1788147.51,1760620.19,1764148.49,8244
2023-07-20 21:00:00,1757282.87,1767330.39,1737357.64,1764508.63,11457
2023-07-20 22:00:00,1764954.02,1764954.02,1751847.6,1755358.32,9570
2023-07-20 23:00:00,1750435.21,1758715.59,1732796.0,1758558.15,10059
2023-07-21 00:00:00,1762841.02,1770411.93,1757443.55,1760965.48,16038
2023-07-21 01:00:00,1757418.73,1771190.57,1757418.73,1767655.26,15096
2023-07-21 02:00:00,1775411.57,1775411.57,1768324.1,1771867.83,11433
2023-07-21 03:00:00,1781718.69,1797889.54,1781718.69,1786249.08,8881
2023-07-21 04:00:00,1798421.27,1804243.61,1798421.27,1802025.32,10739
2023-07-21 05:00:00,1805024.48,1808890.02,1776793.98,1788261.22,6663
2023-07-21 06:00:00,1799610.09,1837298.25,1799610.09,1803216.53,7757
2023-07-21 07:00:00,1795970.31,1809795.79,1757438.12,1787426.55,10074
2023-07-21 08:00:00,1794735.33,1836486.31,1794735.33,1798332.0,6097
2023-07-21 09:00:00,1805733.3,1815681.56,1805733.3,1809352.0,17365
2023-07-21 10:00:00,1785136.37,1785136.37,1728445.22,1782610.63,11542
2023-07-21 11:00:00,1780170.46,1800167.99,1777366.88,1786514.08,5586
2023-07-21 12:00:00,1788295.23,1789289.51,1769521.07,1782108.95,11788
2023-07-21 13:00:00,1772884.88,1805441.26,1748044.88,1773704.68,8437
2023-07-21 14:00:00,1783956.03,1799836.11,1773063.25,1796243.62,10815
2023-07-21 15:00:00,1787823.72,1836473.46,1783337.05,1788769.27,7867
2023-07-21 16:00:00,1792760.92,1806622.17,1749859.59,1779408.84,9319
2023-07-21 17:00:00,1779763.48,1786896.8,1779763.48,1783330.14,7879
2023-07-21 18:00:00,1799130.35,1799711.9,1779682.4,1796024.16,13863
2023-07-21 19:00:00,1781516.25,1799794.57,1780567.94,1796202.16,10850
2023-07-21 20:00:00,1812056.4,1819216.83,1812056.4,1815585.65,10016
2023-07-21 21:00:00,1820715.56,1867680.9,1820715.56,1825004.88,10055
2023-07-21 22:00:00,1797755.76,1797755.76,1790169.94,1793757.45,7047
2023-07-21 23:00:00,1794270.67,1794270.67,1787275.89,1788444.81,12748
2023-07-22 00:00:00,1783533.39,1830063.14,1764784.39,1782876.96,5744
2023-07-22 01:00:00,1789236.59,1812332.13,1768253.42,1792720.05,8712
2023-07-22 02:00:00,1798444.32,1798444.32,1721297.46,1756788.24,14633
2023-07-22 03:00:00,1767702.67,1813937.32,1767702.67,1797189.46,11254
2023-07-22 04:00:00,1803681.83,1810911.02,1803681.83,1807296.43,15751
2023-07-22 05:00:00,1807852.15,1815438.72,1807852.15,1811475.1,10771
2023-07-22 06:00:00,1818185.24,1839441.63,1818185.24,1830786.94,4123
2023-07-22 07:00:00,1863178.26,1870645.91,1863178.26,1866912.08,7071
2023-07-22 08:00:00,1878864.76,1883551.72,1878864.76,1879792.14,14456
2023-07-22 09:00:00,1892268.99,1915773.59,1892268.99,1893402.21,7978
2023-07-22 10:00:00,1897678.41,1897678.41,1890102.84,1893890.62,12468
2023-07-22 11:00:00,1886832.04,1893972.59,1875645.54,1890192.2,12704
2023-07-22 12:00:00,1875033.92,1885282.56,1826107.2,1881519.52,5349
2023-07-22 13:00:00,1872498.79,1903918.07,1864158.65,1867894.43,9806
2023-07-22 14:00:00,1883692.16,1895320.77,1853370.19,1857084.36,10345
2023-07-22 15:00:00,1840399.61,1840399.61,1807387.56,1836726.16,13374
2023-07-22 16:00:00,1844273.41,1844273.41,1823175.09,1836579.06,11963
2023-07-22 17:00:00,1815286.75,1815286.75,1790208.17,1812316.8,11618
2023-07-22 18:00:00,1808836.05,1820781.03,1784794.55,1817146.73,10079
2023-07-22 19:00:00,1818794.87,1853650.21,1787677.11,1818446.03,9209
2023-07-22 20:00:00,1819036.75,1822879.84,1818752.63,1822397.43,7673
2023-07-22 21:00:00,1815099.3,1841062.24,1812610.86,1816243.35,7013
2023-07-22 22:00:00,1857384.17,1878484.87,1857384.17,1863712.64,13962
2023-07-22 23:00:00,1880601.12,1888138.6,1880601.12,1884369.86,9123
2023-07-23 00:00:00,1868060.13,1868060.13,1849721.05,1864331.47,13645
2023-07-23 01:00:00,1864064.18,1871535.38,1864064.18,1867799.78,10610
2023-07-23 02:00:00,1856789.87,1858571.06,1854612.74,1858329.4,11409
2023-07-23 03:00:00,1843263.71,1843263.71,1839449.86,1843136.13,11330
2023-07-23 04:00:00,1827425.05,1827425.05,1822421.97,1823777.5,8997
2023-07-23 05:00:00,1828180.17,1835507.54,1828180.17,1831843.86,7225
2023-07-23 06:00:00,1826624.72,1826624.72,1794407.95,1822978.76,11563
2023-07-23 07:00:00,1824544.93,1859237.82,1810891.71,1839073.24,8645
2023-07-23 08:00:00,1851339.7,1881867.81,1851339.7,1855049.8,13800
2023-07-23 09:00:00,1842646.78,1893303.2,1839394.43,1876251.58,7283
2023-07-23 10:00:00,1890332.02,1905148.15,1834410.87,1862696.95,7790
2023-07-23 11:00:00,1869592.82,1873774.43,1866294.29,1870034.36,11828
2023-07-23 12:00:00,1876265.34,1900388.54,1855782.74,1879501.03,10839
2023-07-23 13:00:00,1875397.17,1875397.17,1868164.05,1871653.87,11359
2023-07-23 14:00:00,1863314.54,1863314.54,1855876.16,1859595.35,9014
2023-07-23 15:00:00,1881156.65,1892552.85,1881156.65,1884260.26,8937
2023-07-23 16:00:00,1880296.92,1890758.35,1877729.24,1886984.38,12416
2023-07-23 17:00:00,1892122.62,1899706.28,1892122.62,1895914.45,15190
2023-07-23 18:00:00,1886923.13,1926790.82,1878224.99,1881988.96,11232
2023-07-23 19:00:00,1866410.82,1866410.82,1858960.08,1862685.45,15446
2023-07-23 20:00:00,1856847.31,1869523.72,1790068.57,1854273.37,8197
2023-07-23 21:00:00,1856719.98,1856719.98,1849307.93,1853013.96,4591
2023-07-23 22:00:00,1837880.25,1837880.25,1821364.94,1837591.82,11953
2023-07-23 23:00:00,1838219.84,1840277.27,1838219.84,1838800.59,12213
2023-07-24 00:00:00,1818423.82,1818423.82,1791767.13,1814794.23,10963
2023-07-24 01:00:00,1804111.92,1804111.92,1782050.77,1800510.9,11011
2023-07-24 02:00:00,1792909.4,1819339.21,1781635.42,1813259.16,8442
2023-07-24 03:00:00,1818253.16,1825810.74,1818253.16,1824631.58,9832
2023-07-24 04:00:00,1833303.81,1867373.51,1817164.87,1820806.48,11886
2023-07-24 05:00:00,1814877.16,1814877.16,1804267.0,1807882.76,12988
2023-07-24 06:00:00,1798993.91,1798993.91,1791812.3,1795403.11,5873
2023-07-24 07:00:00,1791560.96,1800343.86,1759634.16,1793119.99,9575
2023-07-24 08:00:00,1799255.53,1809449.29,1799255.53,1805837.62,12771
2023-07-24 09:00:00,1818720.58,1826010.04,1818720.58,1822365.31,8909
2023-07-24 10:00:00,1820852.7,1820852.7,1809332.98,1817218.26,7632
2023-07-24 11:00:00,1803258.53,1803258.53,1795629.29,1802561.67,10110
2023-07-24 12:00:00,1803955.43,1821256.6,1803955.43,1809572.11,7226
2023-07-24 13:00:00,1803850.53,1803850.53,1796649.53,1800250.03,15742
2023-07-24 14:00:00,1792260.88,1821623.48,1792260.88,1795852.59,16221
2023-07-24 15:00:00,1815095.07,1830011.84,1815095.07,1818732.54,10165
2023-07-24 16:00:00,1829929.03,1837263.42,1829929.03,1833596.22,7514
2023-07-24 17:00:00,1833624.14,1838315.46,1823941.74,1837969.2,9824
2023-07-24 18:00:00,1831662.79,1855642.52,1817105.4,1820746.89,8296
2023-07-24 19:00:00,1816998.02,1830095.87,1812543.0,1826442.99,7372
2023-07-24 20:00:00,1829018.2,1856599.36,1829018.2,1844637.21,12061
2023-07-24 21:00:00,1857781.99,1864893.97,1829698.05,1840645.56,20334
2023-07-24 22:00:00,1846724.52,1879488.08,1846724.52,1862792.46,7227
2023-07-24 23:00:00,1858109.66,1887152.02,1839705.27,1883385.25,7378
2023-07-25 00:00:00,1886181.81,1929095.03,1886181.81,1909071.38,13274
2023-07-25 01:00:00,1911443.5,1945470.99,1898994.19,1912845.29,11122
2023-07-25 02:00:00,1922817.68,1955990.93,1917063.6,1920905.41,6099
2023-07-25 03:00:00,1937769.08,1945535.69,1937769.08,1941652.38,9728
2023-07-25 04:00:00,1942553.02,1950338.8,1942553.02,1946445.91,12809
2023-07-25 05:00:00,1943916.47,1943916.47,1918836.86,1936001.6,9087
2023-07-25 06:00:00,1933384.62,1933384.62,1920082.66,1926932.81,10664
2023-07-25 07:00:00,1918576.35,1932966.56,1891095.03,1929108.35,11782
2023-07-25 08:00:00,1921280.56,1925604.75,1903325.11,1907139.39,15355
2023-07-25 09:00:00,1908079.14,1908079.14,1898963.58,1904270.6,10858
2023-07-25 10:00:00,1917762.2,1924648.78,1917762.2,1920807.16,13066
2023-07-25 11:00:00,1896575.26,1896575.26,1881497.86,1885268.39,9333
2023-07-25 12:00:00,1905413.77,1926981.92,1905413.77,1909232.23,6549
2023-07-25 13:00:00,1912603.1,1937990.22,1912603.1,1926059.32,10278
2023-07-25 14:00:00,1916750.97,1937519.67,1905118.37,1917455.2,7904
2023-07-25 15:00:00,1917172.54,1927059.77,1890226.55,1924991.21,10391
2023-07-25 16:00:00,1922835.42,1927624.35,1922835.42,1923776.79,7531
2023-07-25 17:00:00,1941522.97,1945767.07,1937999.54,1941883.31,7684
2023-07-25 18:00:00,1943601.68,1955828.65,1933344.04,1955482.35,8586
2023-07-25 19:00:00,1942887.12,1942887.12,1926683.37,1930544.46,11193
2023-07-25 20:00:00,1928044.94,1942184.41,1926525.97,1938307.79,9584
2023-07-25 21:00:00,1936247.12,1937084.08,1915936.37,1933217.65,10824
2023-07-25 22:00:00,1929787.69,1944888.96,1929787.69,1932914.39,13939
2023-07-25 23:00:00,1934184.46,1960751.98,1884408.65,1919850.97,9011
2023-07-26 00:00:00,1940155.7,1973745.35,1940155.7,1946288.71,11784
2023-07-26 01:00:00,1956760.96,1964603.69,1956760.96,1960682.32,13356
2023-07-26 02:00:00,1946772.92,1946772.92,1937378.0,1946085.3,12400
2023-07-26 03:00:00,1926615.25,1926615.25,1919946.3,1922769.71,9712
2023-07-26 04:00:00,1907885.75,1930113.22,1907885.75,1915655.52,6885
2023-07-26 05:00:00,1917109.05,1949951.79,1910302.48,1921703.11,10108
2023-07-26 06:00:00,1924231.68,1928307.62,1907898.85,1924458.7,11387
2023-07-26 07:00:00,1937319.01,1999903.45,1926079.64,1943048.09,7839
2023-07-26 08:00:00,1951979.37,1970986.1,1951979.37,1953670.33,10026
2023-07-26 09:00:00,1962831.75,1970698.81,1962831.75,1966765.28,11109
2023-07-26 10:00:00,1974410.25,1992794.09,1965089.29,1969027.34,12035
2023-07-26 11:00:00,1947524.67,1947524.67,1919479.34,1943637.39,6974
2023-07-26 12:00:00,1944429.02,1944429.02,1915907.37,1938645.75,8530
2023-07-26 13:00:00,1941710.09,1961847.26,1941710.09,1953776.07,14296
2023-07-26 14:00:00,1958425.64,1972752.31,1946719.74,1950620.98,8121
2023-07-26 15:00:00,1960393.75,1960393.75,1952567.83,1956480.79,11339
2023-07-26 16:00:00,1965072.48,1977709.21,1930832.25,1948978.15,9178
2023-07-26 17:00:00,1941876.4,1941876.4,1916247.1,1930521.24,13493
2023-07-26 18:00:00,1931234.74,1931234.74,1923525.22,1927379.98,9078
2023-07-26 19:00:00,1927894.72,1934040.44,1927323.04,1931185.41,10073
2023-07-26 20:00:00,1925090.87,1969110.7,1882697.13,1919653.46,11495
2023-07-26 21:00:00,1916718.96,1919122.36,1900972.85,1915291.78,13394
2023-07-26 22:00:00,1909981.65,1921642.28,1856062.69,1900143.6,8339
2023-07-26 23:00:00,1903576.39,1918485.29,1886705.56,1917716.12,8421
2023-07-27 00:00:00,1910251.79,1931836.9,1906786.34,1912589.62,15258
2023-07-27 01:00:00,1931130.71,1973725.33,1931130.71,1935000.71,7357
2023-07-27 02:00:00,1954010.61,1988966.18,1954010.61,1957926.46,8219
2023-07-27 03:00:00,1953026.27,1971017.03,1921006.16,1954437.44,7345
2023-07-27 04:00:00,1940169.99,1940169.99,1913757.4,1936297.4,5966
2023-07-27 05:00:00,1917708.65,1917708.65,1898303.7,1902107.92,11241
2023-07-27 06:00:00,1883291.5,1883291.5,1855505.02,1879532.43,11723
2023-07-27 07:00:00,1863423.05,1863423.05,1855984.23,1859703.64,10096
2023-07-27 08:00:00,1878966.44,1886497.37,1878966.44,1882731.9,9234
2023-07-27 09:00:00,1885657.58,1889457.23,1881914.49,1885685.86,7180
2023-07-27 10:00:00,1902219.35,1907625.67,1853498.04,1892716.41,8791
2023-07-27 11:00:00,1888142.98,1888142.98,1858067.16,1859156.63,7589
2023-07-27 12:00:00,1862652.88,1867280.08,1838642.93,1843096.28,10242
2023-07-27 13:00:00,1841969.11,1867690.78,1833840.9,1859211.82,9229
2023-07-27 14:00:00,1863096.69,1869413.31,1863096.69,1865681.95,10856
2023-07-27 15:00:00,1867489.15,1868609.02,1861571.47,1865302.08,10357
2023-07-27 16:00:00,1872035.45,1885154.35,1872035.45,1875787.03,9179
2023-07-27 17:00:00,1886160.76,1915693.74,1860431.11,1902267.36,11255
2023-07-27 18:00:00,1905405.74,1926696.59,1895392.56,1899190.95,5201
2023-07-27 19:00:00,1899941.36,1909882.01,1899941.36,1900810.71,5858
2023-07-27 20:00:00,1916484.17,1920566.11,1870044.34,1904303.3,11165
2023-07-27 21:00:00,1936766.37,1979184.84,1936766.37,1941865.79,10294
2023-07-27 22:00:00,1936087.81,1936087.81,1854974.21,1907350.01,13128
2023-07-27 23:00:00,1905068.04,1920459.25,1903079.6,1918252.91,11262
2023-07-28 00:00:00,1905195.24,1949938.02,1898239.41,1916272.04,21684
2023-07-28 01:00:00,1925384.66,1946345.94,1910244.52,1925056.94,13243
2023-07-28 02:00:00,1930195.48,1931316.13,1897563.79,1914265.03,14438
2023-07-28 03:00:00,1916548.17,1917377.31,1912964.55,1913550.21,10915
2023-07-28 04:00:00,1920884.24,1931574.6,1920884.24,1924733.71,10091
2023-07-28 05:00:00,1963138.2,1986669.14,1963138.2,1973274.58,10938
2023-07-28 06:00:00,1972230.21,1995108.53,1969145.76,1983790.06,3965
2023-07-28 07:00:00,1973174.15,2001553.85,1963193.15,1967127.41,8290
2023-07-28 08:00:00,1970892.16,1998083.15,1925159.94,1958171.2,8906
2023-07-28 09:00:00,1955952.73,1964621.47,1944505.83,1949180.64,11430
2023-07-28 10:00:00,1923109.18,1923109.18,1872419.71,1919270.64,7375
2023-07-28 11:00:00,1917906.55,1917906.55,1910250.23,1914078.39,11231
2023-07-28 12:00:00,1921875.38,1943537.91,1921875.38,1925726.83,7528
2023-07-28 13:00:00,1924357.79,1924357.79,1904746.27,1905390.94,10517
2023-07-28 14:00:00,1914294.18,1936847.35,1914294.18,1922248.26,10150
2023-07-28 15:00:00,1928050.29,1933592.01,1928050.29,1929732.55,8855
2023-07-28 16:00:00,1922937.86,1942670.21,1913853.33,1917688.71,7591
2023-07-28 17:00:00,1909667.32,1931583.56,1896283.55,1915535.5,16994
2023-07-28 18:00:00,1909530.73,1944547.52,1899362.71,1940666.19,11593
2023-07-28 19:00:00,1947450.84,1958929.92,1947450.84,1951353.54,10841
2023-07-28 20:00:00,1956846.4,1982374.66,1928843.86,1950116.09,5870
2023-07-28 21:00:00,1944806.51,1991906.58,1941131.68,1945021.73,12833
2023-07-28 22:00:00,1940354.63,1981643.65,1909240.63,1945156.03,15160
2023-07-28 23:00:00,1943323.45,1943323.45,1932076.22,1935948.12,13314
2023-07-29 00:00:00,1919418.55,1919418.55,1898723.64,1902005.35,12666
2023-07-29 01:00:00,1899918.96,1957229.13,1899918.96,1934497.07,12742
2023-07-29 02:00:00,1928136.27,1946688.0,1884667.4,1936363.51,11221
2023-07-29 03:00:00,1935221.39,1963647.21,1922607.87,1942051.36,7816
2023-07-29 04:00:00,1938524.79,1976926.87,1938524.79,1940280.62,7100
2023-07-29 05:00:00,1931725.02,1931725.02,1924013.55,1927869.28,8959
2023-07-29 06:00:00,1925577.9,1925577.9,1904398.97,1924728.95,10127
2023-07-29 07:00:00,1905558.24,1905558.24,1865039.22,1899517.69,8605
2023-07-29 08:00:00,1913702.15,1939731.55,1913702.15,1935859.83,11463
2023-07-29 09:00:00,1921587.7,1942121.64,1893430.36,1915798.98,7458
2023-07-29 10:00:00,1903774.12,1903774.12,1866197.9,1899974.17,8559
2023-07-29 11:00:00,1899489.28,1899489.28,1855405.43,1894158.89,16689
2023-07-29 12:00:00,1899225.04,1953939.48,1896176.58,1915346.38,12295
2023-07-29 13:00:00,1920579.44,1920699.48,1914274.08,1915952.33,13191
2023-07-29 14:00:00,1900786.37,1900786.37,1893198.4,1896992.38,13159
2023-07-29 15:00:00,1901512.61,1958736.21,1852423.38,1917626.98,11283
2023-07-29 16:00:00,1913744.62,1959001.23,1897582.5,1929432.64,13638
2023-07-29 17:00:00,1937593.07,1941647.33,1937593.07,1937771.79,9433
2023-07-29 18:00:00,1931725.03,1967855.57,1916687.99,1948618.07,10010
2023-07-29 19:00:00,1981799.88,1989742.97,1981799.88,1985771.43,12787
2023-07-29 20:00:00,2014594.74,2022669.26,2014594.74,2018632.0,15411
2023-07-29 21:00:00,2011965.34,2036573.33,1983982.13,2003275.69,11719
2023-07-29 22:00:00,2021243.71,2030531.01,2021243.71,2026478.06,9385
2023-07-29 23:00:00,2032451.16,2032451.16,2002876.31,2028394.37,12764
2023-07-30 00:00:00,2035351.35,2036192.04,2004674.23,2032127.79,13478
2023-07-30 01:00:00,2003405.14,2003405.14,1995407.51,1999406.32,5640
2023-07-30 02:00:00,1997504.83,1997504.83,1984279.92,1993517.8,6796
2023-07-30 03:00:00,1981436.97,1981436.97,1956767.24,1977482.01,8643
2023-07-30 04:00:00,1991516.01,1991590.5,1984811.9,1988789.48,13074
2023-07-30 05:00:00,1986038.97,2041281.33,1986038.97,2003608.75,13280
2023-07-30 06:00:00,1971933.99,1971933.99,1962484.44,1966417.27,12317
2023-07-30 07:00:00,1963532.49,1966304.73,1947783.38,1964542.52,11614
2023-07-30 08:00:00,1967248.17,2005482.69,1966480.74,1981135.14,11467
2023-07-30 09:00:00,1995488.24,1999461.34,1972073.54,1976025.6,9121
2023-07-30 10:00:00,1982778.12,2026697.77,1982778.12,1985945.92,8292
2023-07-30 11:00:00,1985394.08,2006464.56,1985394.08,1989372.82,8031
2023-07-30 12:00:00,1974412.06,1996496.03,1965890.23,1992511.01,5374
2023-07-30 13:00:00,1989524.82,1989524.82,1981582.61,1985553.72,6711
2023-07-30 14:00:00,1967526.12,1967526.12,1945268.45,1963598.93,13669
2023-07-30 15:00:00,1966427.73,1966966.35,1929971.27,1944386.84,8199
2023-07-30 16:00:00,1955308.86,1962870.69,1947930.1,1955260.53,11597
2023-07-30 17:00:00,1952655.41,1958643.06,1931029.2,1954733.59,6287
2023-07-30 18:00:00,1952195.97,1952195.97,1942508.24,1951728.03,12030
2023-07-30 19:00:00,1942195.43,1952472.52,1900467.66,1944331.61,8385
2023-07-30 20:00:00,1942391.65,1960212.86,1935337.57,1939216.0,20463
2023-07-30 21:00:00,1951846.88,1998274.26,1951846.88,1955758.39,11589
2023-07-30 22:00:00,1947534.16,1964552.87,1901602.95,1949682.81,9406
2023-07-30 23:00:00,1936675.99,1936675.99,1919270.7,1927933.83,5440
2023-07-31 00:00:00,1935843.17,1957810.94,1935843.17,1940217.1,13356
2023-07-31 01:00:00,1940935.29,1940935.29,1925743.42,1937061.17,7819
2023-07-31 02:00:00,1936559.7,1941668.9,1905167.69,1937793.31,9309
2023-07-31 03:00:00,1942029.32,1968913.17,1942029.32,1963453.19,10994
2023-07-31 04:00:00,1958297.73,1964187.78,1958297.73,1962222.17,5508
2023-07-31 05:00:00,1963226.12,1969966.38,1950664.58,1966034.31,9393
2023-07-31 06:00:00,1950034.42,1950034.42,1903139.03,1946142.14,11276
2023-07-31 07:00:00,1934140.27,1943093.05,1928269.28,1942570.92,7646
2023-07-31 08:00:00,1948443.75,1959262.21,1948443.75,1952348.45,15276
2023-07-31 09:00:00,1931087.78,1931087.78,1923378.85,1927233.32,10432
2023-07-31 10:00:00,1924695.51,1958604.21,1910942.58,1931199.95,7044
2023-07-31 11:00:00,1939680.19,1960959.09,1929593.44,1933460.36,10804
2023-07-31 12:00:00,1941095.51,1966114.47,1911548.19,1934701.67,9021
2023-07-31 13:00:00,1952716.39,1957549.42,1947731.95,1951635.22,12824
2023-07-31 14:00:00,1952860.83,1984151.2,1938133.5,1956810.34,9814
2023-07-31 15:00:00,1970684.54,2019480.36,1970684.54,1980092.38,6928
2023-07-31 16:00:00,1986855.46,2001517.54,1936509.21,1962685.17,8185
2023-07-31 17:00:00,1970822.32,1984778.59,1935727.39,1964310.15,13099
2023-07-31 18:00:00,1968987.08,1968987.08,1961126.85,1965056.96,7656
2023-07-31 19:00:00,1951206.44,1951206.44,1916435.91,1947311.82,7313
2023-07-31 20:00:00,1958784.13,1990378.77,1958784.13,1962709.55,8666
2023-07-31 21:00:00,1995503.12,2003501.13,1995503.12,1999502.12,6354
2023-07-31 22:00:00,1993171.23,2007235.23,1993171.23,1997165.56,9328
2023-07-31 23:00:00,1999460.66,2007474.53,1999460.66,2003467.59,8133
2023-08-01 00:00:00,2007444.28,2007444.28,1991673.88,2002669.73,14573
2023-08-01 01:00:00,2005113.89,2024025.65,1973774.49,1988855.76,16262
2023-08-01 02:00:00,1993567.32,1999528.43,1931329.41,1957780.74,12372
2023-08-01 03:00:00,1949628.73,1973888.71,1942519.07,1946411.89,8195
2023-08-01 04:00:00,1929071.38,1951435.33,1922343.63,1924698.75,6134
2023-08-01 05:00:00,1948918.9,1974209.69,1948918.9,1952824.55,14045
2023-08-01 06:00:00,1948447.91,1952392.7,1921361.68,1951155.21,6977
2023-08-01 07:00:00,1949771.35,1949771.35,1896402.15,1945879.59,12045
2023-08-01 08:00:00,1954996.4,1964398.38,1954996.4,1960477.42,12393
2023-08-01 09:00:00,1946222.74,1946263.07,1938493.56,1942378.32,9482
2023-08-01 10:00:00,1930495.69,1934734.68,1916722.66,1930872.94,16471
2023-08-01 11:00:00,1936999.66,1936999.66,1899319.33,1933133.39,11126
2023-08-01 12:00:00,1941642.96,1954409.93,1941642.96,1950508.91,6164
2023-08-01 13:00:00,1960389.55,1962810.55,1952395.96,1958892.76,9485
2023-08-01 14:00:00,1966125.72,1966125.72,1937823.92,1962913.89,13215
2023-08-01 15:00:00,1960813.23,1988565.43,1960813.23,1964069.52,13969
2023-08-01 16:00:00,1967592.74,1977653.92,1957179.52,1970387.22,10771
2023-08-01 17:00:00,1959768.19,1977230.92,1959768.19,1973284.35,10615
2023-08-01 18:00:00,1974299.63,1993330.44,1908216.68,1956237.18,12779
2023-08-01 19:00:00,1947612.28,1982341.16,1933897.01,1957295.05,8593
2023-08-01 20:00:00,1947775.03,1973992.81,1894812.85,1940441.7,8878
2023-08-01 21:00:00,1946639.64,1946639.64,1935954.35,1942754.13,7038
2023-08-01 22:00:00,1938486.69,1938486.69,1930079.04,1936078.97,6266
2023-08-01 23:00:00,1956501.84,1981454.0,1956501.84,1977499.0,11949
2023-08-02 00:00:00,1973541.98,1980304.53,1961241.36,1976351.82,18103
2023-08-02 01:00:00,1965969.83,1965969.83,1922144.53,1953258.5,9215
2023-08-02 02:00:00,1954824.87,1966046.13,1947800.8,1951704.21,9465
2023-08-02 03:00:00,1951688.1,1963286.3,1951688.1,1960604.21,10042
2023-08-02 04:00:00,1979566.25,1991622.68,1942261.52,1987647.39,11203
2023-08-02 05:00:00,1983410.63,1983410.63,1962431.35,1977168.24,7167
2023-08-02 06:00:00,1955083.36,1955083.36,1923033.16,1951181.0,7881
2023-08-02 07:00:00,1957225.68,1996741.67,1956643.91,1964879.32,11494
2023-08-02 08:00:00,1971997.08,1973344.46,1915189.89,1942820.92,6142
2023-08-02 09:00:00,1931905.83,1943788.65,1918475.13,1936975.3,7748
2023-08-02 10:00:00,1932908.82,1938145.38,1923911.78,1934276.83,10279
2023-08-02 11:00:00,1932040.3,1938579.32,1917834.8,1934709.9,10634
2023-08-02 12:00:00,1943206.98,1972775.98,1943206.98,1947101.18,11491
2023-08-02 13:00:00,1950305.43,1950305.43,1924117.56,1937243.75,7855
2023-08-02 14:00:00,1938216.27,1938216.27,1904369.3,1934347.57,9243
2023-08-02 15:00:00,1938693.39,1947857.5,1923512.52,1935682.93,10293
2023-08-02 16:00:00,1935679.75,1943781.09,1935679.75,1939558.87,11292
2023-08-02 17:00:00,1934153.95,1944240.22,1934153.95,1942485.5,9574
2023-08-02 18:00:00,1946787.28,1954590.04,1946787.28,1950688.66,13188
2023-08-02 19:00:00,1961150.74,1969011.06,1961150.74,1965080.9,11970
2023-08-02 20:00:00,1974769.85,1974769.85,1931920.43,1971726.12,12721
2023-08-02 21:00:00,1978123.06,1996996.88,1957963.81,1979109.48,6821
2023-08-02 22:00:00,1957232.79,1957232.79,1910845.38,1953326.14,8053
2023-08-02 23:00:00,1948248.75,1958982.98,1940047.71,1955072.83,5392
2023-08-03 00:00:00,1951461.7,1974006.8,1951461.7,1963589.02,15683
2023-08-03 01:00:00,1971246.93,1975972.29,1971246.93,1975786.53,6469
2023-08-03 02:00:00,1969951.76,1969951.76,1960661.84,1964591.02,6855
2023-08-03 03:00:00,1953066.43,1958406.43,1953066.43,1954497.43,6688
2023-08-03 04:00:00,1966095.19,1998192.46,1942368.93,1946261.45,13622
2023-08-03 05:00:00,1949229.22,1971195.25,1942955.81,1956079.05,15720
2023-08-03 06:00:00,1971495.22,1998935.75,1971495.22,1973465.29,11670
2023-08-03 07:00:00,1967955.72,1970939.96,1963071.94,1967005.95,9014
2023-08-03 08:00:00,1965546.76,1985915.59,1965546.76,1981951.69,17305
2023-08-03 09:00:00,1979704.35,1987639.04,1979704.35,1983671.7,10243
2023-08-03 10:00:00,1972581.37,1994149.29,1931357.08,1981312.4,7675
2023-08-03 11:00:00,1981609.19,1981609.19,1973716.41,1977653.88,7341
2023-08-03 12:00:00,1976866.96,1998609.14,1973580.38,1989674.75,8550
2023-08-03 13:00:00,1995837.44,2012050.87,1990407.91,1994396.71,15244
2023-08-03 14:00:00,2008165.34,2034785.1,2008165.34,2030723.66,16605
2023-08-03 15:00:00,2027192.98,2036021.94,1983409.59,2014257.31,11404
2023-08-03 16:00:00,2011918.72,2023245.74,1995738.84,2021175.88,10185
2023-08-03 17:00:00,2014563.81,2014563.81,2006521.64,2010542.72,9882
2023-08-03 18:00:00,2018426.94,2025628.54,1985889.57,1994866.44,7772
2023-08-03 19:00:00,1989959.92,2010289.16,1989959.92,1993947.82,9573
2023-08-03 20:00:00,1997681.99,1997681.99,1994504.76,1995471.22,7650
2023-08-03 21:00:00,2038183.58,2046923.15,2038183.58,2042268.12,12816
2023-08-03 22:00:00,2037763.85,2037763.85,2032292.86,2036365.59,10147
2023-08-03 23:00:00,2026427.85,2026427.85,1997912.59,2015053.02,12282
2023-08-04 00:00:00,2007598.04,2041096.3,2007598.04,2018027.63,11031
2023-08-04 01:00:00,2004965.83,2004965.83,1952984.11,1982207.08,15803
2023-08-04 02:00:00,1984700.6,1984700.6,1968052.86,1980739.12,10589
2023-08-04 03:00:00,1985104.57,1985104.57,1975031.69,1981142.29,9501
2023-08-04 04:00:00,1993767.69,2014409.1,1993767.69,1994126.87,12206
2023-08-04 05:00:00,1997910.89,2013531.74,1980708.1,2009512.72,9889
2023-08-04 06:00:00,2004067.75,2004067.75,1996067.48,2000067.61,9642
2023-08-04 07:00:00,1998286.0,2003086.9,1962584.7,1996893.74,10723
2023-08-04 08:00:00,1989310.72,1989310.72,1969272.8,1983845.88,10315
2023-08-04 09:00:00,1964618.62,2032575.87,1964618.62,1965615.91,7181
2023-08-04 10:00:00,1961046.01,1989911.51,1950276.04,1971408.99,7077
2023-08-04 11:00:00,1955381.41,1955381.41,1950165.37,1951478.45,7437
2023-08-04 12:00:00,1954897.1,1970960.44,1912646.43,1946310.66,11307
2023-08-04 13:00:00,1936038.88,1936038.88,1901955.73,1932174.53,8538
2023-08-04 14:00:00,1939242.06,1944515.72,1939242.06,1943128.32,7673
2023-08-04 15:00:00,1949889.93,1978178.63,1945470.12,1973526.93,16816
2023-08-04 16:00:00,1956973.69,1956973.69,1946477.9,1953067.56,10173
2023-08-04 17:00:00,1943699.94,1943699.94,1920371.83,1924954.61,10862
2023-08-04 18:00:00,1937456.61,1957456.72,1921779.77,1925631.03,6056
2023-08-04 19:00:00,1918886.46,1943074.5,1907735.07,1928516.96,15297
2023-08-04 20:00:00,1931167.32,1938347.11,1920514.04,1934478.15,5287
2023-08-04 21:00:00,1941559.22,1966819.26,1925797.85,1929657.16,11662
2023-08-04 22:00:00,1929705.45,1929705.45,1898256.83,1928931.76,13190
2023-08-04 23:00:00,1933310.88,1953460.31,1933310.88,1937185.25,8625
2023-08-05 00:00:00,1943214.5,2020353.62,1943214.5,1955785.28,14448
2023-08-05 01:00:00,1931104.48,1931104.48,1919784.48,1926001.48,12419
2023-08-05 02:00:00,1929087.25,1945518.28,1884435.73,1922918.18,7513
2023-08-05 03:00:00,1927468.25,1933048.05,1927468.25,1929189.67,12222
2023-08-05 04:00:00,1918816.8,1940897.42,1913577.37,1917412.19,20389
2023-08-05 05:00:00,1943790.95,1952954.92,1943790.95,1947686.32,9327
2023-08-05 06:00:00,1943394.94,1943394.94,1913649.78,1939515.91,9134
2023-08-05 07:00:00,1937308.73,1977623.78,1937308.73,1941191.11,8725
2023-08-05 08:00:00,1948409.85,1956219.11,1948409.85,1952314.48,10198
2023-08-05 09:00:00,1945626.09,1957861.48,1931639.36,1944735.3,10177
2023-08-05 10:00:00,1921437.08,1921437.08,1913766.68,1917601.88,10680
2023-08-05 11:00:00,1918020.8,1918020.8,1911925.36,1914192.42,8547
2023-08-05 12:00:00,1926013.16,1967326.05,1887559.05,1933754.81,14791
2023-08-05 13:00:00,1922191.3,1935011.81,1905004.25,1931149.51,13491
2023-08-05 14:00:00,1922476.22,1924483.37,1905574.19,1920642.09,17303
2023-08-05 15:00:00,1933180.45,1942310.49,1933180.45,1938433.62,8993
2023-08-05 16:00:00,1939632.13,1939632.13,1921375.71,1935760.61,9101
2023-08-05 17:00:00,1941599.69,1973841.75,1906604.13,1930395.21,6074
2023-08-05 18:00:00,1921871.26,1939560.51,1910921.01,1935689.13,11279
2023-08-05 19:00:00,1951140.07,1953881.52,1891415.84,1950608.88,10556
2023-08-05 20:00:00,1986685.7,1996667.16,1986685.7,1990667.03,9235
2023-08-05 21:00:00,2000537.04,2008555.23,2000537.04,2004546.13,14648
2023-08-05 22:00:00,2006337.24,2027425.71,2006337.24,2023378.95,7138
2023-08-05 23:00:00,2017424.3,2017424.3,2003088.09,2014018.4,18669
2023-08-06 00:00:00,1991805.18,2017019.39,1990822.76,1996567.05,12964
2023-08-06 01:00:00,1990094.08,2075575.4,1987293.27,1997792.48,10705
2023-08-06 02:00:00,2003726.48,2003726.48,1995727.57,1999727.02,8258
2023-08-06 03:00:00,1986202.1,1986202.1,1974395.2,1982237.63,6416
2023-08-06 04:00:00,1984254.45,1984254.45,1960403.57,1980293.86,14283
2023-08-06 05:00:00,1983774.65,2027043.51,1983774.65,1987750.15,7769
2023-08-06 06:00:00,1990294.83,2032002.05,1990294.83,1994283.4,7678
2023-08-06 07:00:00,1997382.69,2006931.68,1947596.31,2002925.83,6993
2023-08-06 08:00:00,2002668.26,2011771.28,2002668.26,2007755.76,8175
2023-08-06 09:00:00,1995842.82,2041750.53,1956685.85,1999310.87,11572
2023-08-06 10:00:00,1990681.55,1995167.84,1969316.33,1991185.47,11081
2023-08-06 11:00:00,1983615.28,1983615.28,1969260.25,1972357.88,8209
2023-08-06 12:00:00,1998584.19,2004677.82,1998584.19,2002589.37,14096
2023-08-06 13:00:00,1998994.56,2021165.47,1998994.56,2003000.56,8153
2023-08-06 14:00:00,2005704.66,2018092.52,1990677.79,1999511.49,13622
2023-08-06 15:00:00,1999606.23,2010295.97,1952779.09,1984716.27,7868
2023-08-06 16:00:00,1985776.91,2037377.19,1985465.9,2033310.57,6554
2023-08-06 17:00:00,2029931.51,2029931.51,2010332.58,2014361.3,10546
2023-08-06 18:00:00,2007409.79,2050054.13,2003061.71,2007075.86,10391
2023-08-06 19:00:00,1995995.8,2067385.42,1981533.46,2013982.07,12567
2023-08-06 20:00:00,2004635.13,2024254.95,2004635.13,2023624.87,5834
2023-08-06 21:00:00,2034703.9,2042859.02,2034703.9,2038781.46,5606
2023-08-06 22:00:00,2063367.21,2103081.93,2063367.21,2067502.22,8897
2023-08-06 23:00:00,2077514.38,2077514.38,2070571.78,2073367.64,8550
2023-08-07 00:00:00,2056626.38,2056626.38,2048416.3,2052521.34,9941
2023-08-07 01:00:00,2050458.6,2068839.42,2042860.54,2046238.14,7877
2023-08-07 02:00:00,2038249.15,2053825.05,2028455.2,2049725.6,11194
2023-08-07 03:00:00,2081398.27,2119222.41,2081398.27,2082547.6,12961
2023-08-07 04:00:00,2068938.44,2068938.44,2051338.49,2055449.39,14507
2023-08-07 05:00:00,2062802.95,2107899.68,2062802.95,2073603.95,14280
2023-08-07 06:00:00,2074265.77,2077934.78,2065544.18,2073787.2,7202
2023-08-07 07:00:00,2080944.53,2102421.11,2080944.53,2085114.76,11184
2023-08-07 08:00:00,2088119.53,2121140.29,2063639.34,2079991.87,8592
2023-08-07 09:00:00,2066732.5,2066732.5,2058482.07,2062607.29,11929
2023-08-07 10:00:00,2076348.54,2081145.42,2068885.7,2073031.77,13853
2023-08-07 11:00:00,2077302.08,2096161.36,2077302.08,2081465.01,9629
2023-08-07 12:00:00,2090866.19,2113612.56,2090866.19,2094947.56,14767
2023-08-07 13:00:00,2094770.25,2094770.25,2034361.03,2091050.67,8295
2023-08-07 14:00:00,2088414.76,2088414.76,2073163.22,2077317.85,17647
2023-08-07 15:00:00,2052140.53,2052140.53,2043948.35,2048044.44,22999
2023-08-07 16:00:00,2049771.06,2093728.46,2049771.06,2060339.96,4664
2023-08-07 17:00:00,2066483.57,2088418.7,2061368.69,2065499.69,4947
2023-08-07 18:00:00,2051150.02,2051150.02,2042961.8,2047055.91,9932
2023-08-07 19:00:00,2048751.92,2069535.89,2005355.72,2036747.88,9478
2023-08-07 20:00:00,2050410.48,2063135.83,2008925.23,2028148.1,9613
2023-08-07 21:00:00,2007160.05,2007160.05,1972233.69,2003153.75,11287
2023-08-07 22:00:00,1994457.87,1994457.87,1964907.79,1990476.91,3854
2023-08-07 23:00:00,1977284.59,1977284.59,1935823.06,1973337.91,10866
2023-08-08 00:00:00,1969803.61,1969803.61,1955857.01,1968745.98,9985
2023-08-08 01:00:00,1961133.16,2007466.96,1955211.71,1959129.97,17955
2023-08-08 02:00:00,1948051.28,1948051.28,1931912.14,1935783.71,11192
2023-08-08 03:00:00,1961522.68,1987550.74,1961522.68,1971413.98,18306
2023-08-08 04:00:00,1989754.93,1997729.9,1989754.93,1993742.41,4639
2023-08-08 05:00:00,1999166.41,2000507.11,1978297.41,1982261.94,11649
2023-08-08 06:00:00,1984349.93,2015251.96,1968053.35,1988407.85,12456
2023-08-08 07:00:00,1991696.92,2035042.55,1991696.92,1996636.3,9957
2023-08-08 08:00:00,2013160.18,2021228.96,2013160.18,2017194.57,11357
2023-08-08 09:00:00,2005140.25,2011998.23,1960643.82,2003952.58,7763
2023-08-08 10:00:00,2018606.6,2026697.2,2018606.6,2022651.9,11899
2023-08-08 11:00:00,2022594.78,2050279.05,2009605.15,2013632.42,8271
2023-08-08 12:00:00,2010050.4,2010050.4,1969782.88,1992148.45,13551
2023-08-08 13:00:00,2001380.46,2016429.63,2001380.46,2005391.24,9043
2023-08-08 14:00:00,2020926.51,2045649.63,2015444.84,2027436.52,8254
2023-08-08 15:00:00,2044586.88,2089093.55,2044586.88,2070242.81,6219
2023-08-08 16:00:00,2064197.11,2064197.11,2028711.83,2047941.16,11765
2023-08-08 17:00:00,2052732.57,2068486.68,2017628.41,2058649.02,8316
2023-08-08 18:00:00,2048287.49,2054385.71,2046184.56,2050285.14,5366
2023-08-08 19:00:00,2042288.42,2100641.45,2042288.42,2062352.6,7859
2023-08-08 20:00:00,2040066.68,2040066.68,2031922.7,2035994.69,6758
2023-08-08 21:00:00,2037851.13,2044399.49,1997736.83,2014653.46,9121
2023-08-08 22:00:00,2016926.92,2057090.75,1965528.78,2002528.18,16257
2023-08-08 23:00:00,2008672.76,2009001.97,1980841.27,2004991.98,13638
2023-08-09 00:00:00,1999557.47,1999557.47,1991575.21,1995566.34,11765
2023-08-09 01:00:00,2003813.85,2049711.58,2003813.85,2007829.51,8257
2023-08-09 02:00:00,2010384.51,2097567.21,2000396.13,2025652.36,12095
2023-08-09 03:00:00,2031711.41,2055505.06,2031711.41,2035782.98,9816
2023-08-09 04:00:00,2052898.01,2107053.67,2052898.01,2062448.4,10847
2023-08-09 05:00:00,2063858.04,2097052.85,2063858.04,2067994.02,5808
2023-08-09 06:00:00,2049838.79,2049838.79,1994430.65,2045747.29,4986
2023-08-09 07:00:00,2064967.53,2070085.27,2064967.53,2067851.75,11714
2023-08-09 08:00:00,2065175.61,2084358.57,2051828.21,2055940.09,9903
2023-08-09 09:00:00,2069561.39,2074245.96,2069561.39,2070105.75,13786
2023-08-09 10:00:00,2092511.46,2099118.57,2092511.46,2094928.71,14255
2023-08-09 11:00:00,2099536.28,2103986.67,2085286.99,2099787.09,16920
2023-08-09 12:00:00,2076194.79,2076194.79,2049963.73,2070946.87,12883
2023-08-09 13:00:00,2075263.79,2093630.16,2017650.21,2053618.28,7602
2023-08-09 14:00:00,2070688.06,2078987.41,2070688.06,2074837.74,8740
2023-08-09 15:00:00,2072597.07,2111856.2,2054695.93,2070072.92,9952
2023-08-09 16:00:00,2065604.46,2069919.23,2065604.46,2069743.95,8054
2023-08-09 17:00:00,2076808.89,2085132.78,2076808.89,2080970.84,8020
2023-08-09 18:00:00,2086495.94,2094855.26,2086492.57,2090673.91,8499
2023-08-09 19:00:00,2091834.01,2097070.04,2050052.05,2092884.28,14728
2023-08-09 20:00:00,2088011.09,2090839.83,2082493.16,2086666.49,7221
2023-08-09 21:00:00,2091202.27,2102191.24,2074824.85,2078982.81,9090
2023-08-09 22:00:00,2087371.31,2095737.53,2087371.31,2091554.42,8026
2023-08-09 23:00:00,2097559.09,2103165.3,2097559.09,2098436.89,15772
2023-08-10 00:00:00,2098088.59,2129448.29,2089858.67,2091157.56,11447
2023-08-10 01:00:00,2102928.33,2111356.91,2102928.33,2107142.62,11702
2023-08-10 02:00:00,2109087.12,2151174.7,2097458.24,2101661.56,8713
2023-08-10 03:00:00,2088346.79,2088346.79,2049384.03,2084047.17,5325
2023-08-10 04:00:00,2084865.63,2099221.87,2064833.74,2068971.69,8847
2023-08-10 05:00:00,2056753.54,2056753.54,2001185.28,2051000.72,9653
2023-08-10 06:00:00,2052899.41,2089182.87,2041754.49,2045846.18,11471
2023-08-10 07:00:00,2048715.56,2070227.59,2048715.56,2066095.4,9519
2023-08-10 08:00:00,2055346.55,2055346.55,2038139.17,2051244.06,20249
2023-08-10 09:00:00,2049990.93,2057988.38,2031022.66,2053880.62,15839
2023-08-10 10:00:00,2054381.56,2086911.82,2038149.2,2042233.67,12480
2023-08-10 11:00:00,2033124.61,2041874.65,2023042.76,2037799.05,11658
2023-08-10 12:00:00,2019775.76,2019775.76,2012234.42,2012809.53,13129
2023-08-10 13:00:00,2011950.9,2014462.98,1998330.51,2010442.1,5473
2023-08-10 14:00:00,2014954.47,2023938.82,1998451.59,2008653.89,18505
2023-08-10 15:00:00,2019749.32,2032909.22,2014949.35,2018987.32,11612
2023-08-10 16:00:00,2022010.78,2027785.73,1977835.81,2023738.25,8906
2023-08-10 17:00:00,2023622.44,2041714.29,1987374.29,2004819.18,7391
2023-08-10 18:00:00,1997990.55,2028337.05,1995312.77,2024288.48,10490
2023-08-10 19:00:00,2031056.84,2032689.3,2024574.77,2028632.03,13928
2023-08-10 20:00:00,2029079.94,2035991.3,2029079.94,2032598.32,22165
2023-08-10 21:00:00,2026467.97,2036436.24,2012165.06,2032993.1,11236
2023-08-10 22:00:00,2026842.68,2065523.48,2020869.42,2024919.26,7948
2023-08-10 23:00:00,2025346.64,2065843.88,2025346.64,2029405.45,14505
2023-08-11 00:00:00,2021209.92,2042052.25,2011233.37,2037976.3,11785
2023-08-11 01:00:00,2010942.14,2010942.14,2008942.6,2009229.7,8255
2023-08-11 02:00:00,2010267.31,2010267.31,1963854.66,2002003.2,14180
2023-08-11 03:00:00,1997925.94,2014433.81,1996629.19,1999750.33,6609
2023-08-11 04:00:00,2015903.29,2019326.95,2001942.34,2005954.25,9105
2023-08-11 05:00:00,2023210.06,2039919.13,2023210.06,2027264.58,8379
2023-08-11 06:00:00,2019349.46,2019349.46,1996572.71,2015318.82,15705
2023-08-11 07:00:00,2016051.19,2016051.19,2000699.09,2008514.11,10352
2023-08-11 08:00:00,2002529.5,2002529.5,1977532.71,2001832.32,8442
2023-08-11 09:00:00,1994743.07,1994743.07,1982864.86,1990761.55,7893
2023-08-11 10:00:00,1992710.96,2010536.56,1975809.64,1987648.03,13354
2023-08-11 11:00:00,1994867.27,2006800.03,1975243.81,2002794.44,10501
2023-08-11 12:00:00,1995667.68,1998568.57,1983577.46,1987552.56,14002
2023-08-11 13:00:00,1996901.09,2022819.7,1996901.09,1997181.08,14193
2023-08-11 14:00:00,1975651.4,1975651.4,1967764.57,1971707.99,12239
2023-08-11 15:00:00,1966690.98,1966690.98,1962107.59,1966039.67,15238
2023-08-11 16:00:00,1961742.5,1968347.08,1960489.41,1964418.25,11093
2023-08-11 17:00:00,1991079.47,1999059.75,1991079.47,1995069.61,7244
2023-08-11 18:00:00,1994857.33,2001361.21,1989120.7,1993106.91,7869
2023-08-11 19:00:00,1979968.69,1990198.64,1956002.31,1959922.15,8075
2023-08-11 20:00:00,1934045.93,1934045.93,1913841.68,1931946.16,17458
2023-08-11 21:00:00,1933763.99,1941514.54,1933763.99,1937639.27,11580
2023-08-11 22:00:00,1948378.43,1956187.56,1948378.43,1952283.0,6868
2023-08-11 23:00:00,1949759.73,1979697.05,1941889.7,1962614.94,17919
2023-08-12 00:00:00,1965287.93,1978384.97,1965287.93,1969226.38,6754
2023-08-12 01:00:00,1963723.66,1995575.4,1949935.88,1991530.25,11499
2023-08-12 02:00:00,1988756.03,1988756.03,1981479.62,1985450.52,7043
2023-08-12 03:00:00,1982507.9,2006945.71,1944568.14,2002939.83,13116
2023-08-12 04:00:00,2013941.81,2019870.35,1977115.27,1978528.37,12206
2023-08-12 05:00:00,1959651.94,1975672.35,1946901.78,1967234.11,14712
2023-08-12 06:00:00,1946593.21,1946593.21,1938123.53,1942007.55,20966
2023-08-12 07:00:00,1940341.14,1942480.71,1920490.56,1942452.44,10581
2023-08-12 08:00:00,1928637.36,1950720.84,1928637.36,1946514.08,8220
2023-08-12 09:00:00,1933145.82,1984030.29,1926514.9,1952990.96,7659
2023-08-12 10:00:00,1950804.88,1962171.84,1934662.68,1958379.94,8022
2023-08-12 11:00:00,1975754.37,1977230.91,1943890.8,1947786.37,9549
2023-08-12 12:00:00,1950832.77,1953344.69,1945546.91,1949445.8,7566
2023-08-12 13:00:00,1935458.17,1948925.97,1926386.37,1930246.87,8335
2023-08-12 14:00:00,1953221.43,1967476.9,1953221.43,1957135.7,8527
2023-08-12 15:00:00,1952702.11,1960528.57,1952702.11,1956615.34,7927
2023-08-12 16:00:00,1950677.7,1992025.9,1949229.38,1953135.65,7016
2023-08-12 17:00:00,1978881.35,2008909.75,1978881.35,1982978.71,11303
2023-08-12 18:00:00,1972475.37,1975935.92,1962329.53,1966153.95,7467
2023-08-12 19:00:00,1969159.18,1975508.17,1948218.73,1952122.97,8749
2023-08-12 20:00:00,1962285.99,1962889.9,1924819.76,1939265.23,8461
2023-08-12 21:00:00,1945837.79,1947235.16,1933986.6,1943348.46,9958
2023-08-12 22:00:00,1945432.45,1961966.68,1940163.51,1955216.91,10036
2023-08-12 23:00:00,1968681.64,1975527.97,1968681.64,1971584.8,20386
2023-08-13 00:00:00,1990502.97,2020902.24,1990502.97,2016868.5,7915
2023-08-13 01:00:00,1985697.09,1985697.09,1941617.81,1981733.62,8065
2023-08-13 02:00:00,1983051.93,1999018.95,1983051.93,1995028.9,11939
2023-08-13 03:00:00,1992824.02,1992824.02,1973099.83,1988846.33,11291
2023-08-13 04:00:00,1986450.89,1986450.89,1978520.95,1982485.92,7454
2023-08-13 05:00:00,1991806.98,1999718.3,1943597.16,1975917.78,8399
2023-08-13 06:00:00,1968942.93,1968942.93,1961082.87,1965012.9,8238
2023-08-13 07:00:00,1973246.78,2005282.17,1973246.78,1996242.34,11201
2023-08-13 08:00:00,2006660.45,2016858.8,1983948.97,2012833.13,7723
2023-08-13 09:00:00,2011321.36,2024880.13,2011321.36,2015352.06,8103
2023-08-13 10:00:00,2035596.65,2053082.75,2035596.65,2039676.0,17706
2023-08-13 11:00:00,2019564.67,2019564.67,2014224.01,2015533.6,12334
2023-08-13 12:00:00,2006158.31,2006158.31,1985504.33,1995771.12,9240
2023-08-13 13:00:00,1974743.14,1974743.14,1934633.13,1963285.41,10341
2023-08-13 14:00:00,1958102.3,1960371.64,1925907.51,1956458.73,16074
2023-08-13 15:00:00,1956541.53,1967675.0,1956541.53,1963747.5,8068
2023-08-13 16:00:00,1965869.04,1973748.27,1965869.04,1969808.65,13258
2023-08-13 17:00:00,1977215.34,1993424.8,1968681.1,1976398.59,25421
2023-08-13 18:00:00,1974640.23,1974640.23,1925366.66,1957550.21,11031
2023-08-13 19:00:00,1967588.09,2031109.05,1957226.56,1975146.28,10191
2023-08-13 20:00:00,1998861.22,2052242.3,1970420.88,1983071.31,11861
2023-08-13 21:00:00,1994712.12,2025019.7,1994712.12,1998709.53,13508
2023-08-13 22:00:00,1974871.6,1974871.6,1968591.09,1970929.74,11991
2023-08-13 23:00:00,1971914.05,1998801.78,1960652.92,1980262.15,5069
2023-08-14 00:00:00,1981772.12,1994240.5,1961067.25,1964997.25,6438
2023-08-14 01:00:00,1966430.25,1986609.54,1939334.08,1963217.08,12383
2023-08-14 02:00:00,1972546.24,1995389.44,1972546.24,1976499.23,10639
2023-08-14 03:00:00,1974485.69,2005601.56,1974485.69,1982130.2,11673
2023-08-14 04:00:00,1971206.46,1976238.7,1964462.76,1972294.11,8490
2023-08-14 05:00:00,1980730.55,1980730.55,1947499.75,1976776.99,13707
2023-08-14 06:00:00,1973348.41,1992994.92,1946000.63,1956279.17,13276
2023-08-14 07:00:00,1976723.98,1988718.65,1976723.98,1979728.79,12643
2023-08-14 08:00:00,1986189.42,2001345.62,1974503.51,1980573.96,12147
2023-08-14 09:00:00,1991490.74,2006786.85,1991490.74,2002781.29,15946
2023-08-14 10:00:00,2007739.18,2026807.68,1971892.99,1997393.73,11151
2023-08-14 11:00:00,1996333.61,1996333.61,1989344.3,1992348.92,13389
2023-08-14 12:00:00,1990453.88,2045142.52,1979973.98,1983680.55,12038
2023-08-14 13:00:00,1981927.85,2003595.94,1981927.85,2001985.45,3757
2023-08-14 14:00:00,1994939.63,2017287.65,1948556.44,1993725.66,10950
2023-08-14 15:00:00,2003938.15,2011969.96,2003938.15,2007954.05,19770
2023-08-14 16:00:00,2019514.35,2044017.58,2000780.24,2004789.82,11702
2023-08-14 17:00:00,1979623.15,1979623.15,1971720.46,1975671.81,8619
2023-08-14 18:00:00,1975002.92,1975002.92,1943476.28,1970936.85,9475
2023-08-14 19:00:00,1971931.62,1972124.12,1950552.79,1956643.74,7961
2023-08-14 20:00:00,1952993.43,1966427.2,1952993.43,1962502.19,15560
2023-08-14 21:00:00,1952414.39,1952414.39,1944620.32,1948517.35,10312
2023-08-14 22:00:00,1964975.04,1972850.69,1964975.04,1968912.86,11052
2023-08-14 23:00:00,1978677.58,1998142.65,1968357.19,1972301.79,11940
2023-08-15 00:00:00,1973966.68,1978128.78,1918987.33,1974180.42,10705
2023-08-15 01:00:00,1980704.87,2041385.23,1980704.87,1989438.68,12904
2023-08-15 02:00:00,2005138.33,2027562.32,2005138.33,2009156.64,7535
2023-08-15 03:00:00,2008838.55,2016048.86,1953497.43,2012024.81,8269
2023-08-15 04:00:00,2003852.51,2016177.75,1990051.3,2002427.96,14870
2023-08-15 05:00:00,1984842.52,1984842.52,1973000.12,1976954.02,11721
2023-08-15 06:00:00,1974445.41,1974445.41,1966563.39,1970504.4,10042
2023-08-15 07:00:00,1967572.29,1978165.0,1961544.89,1965475.84,6252
2023-08-15 08:00:00,1970030.95,1976285.89,1970030.95,1972341.21,14934
2023-08-15 09:00:00,1963993.89,1975584.74,1946011.13,1971641.46,11594
2023-08-15 10:00:00,1983640.28,1991590.75,1983640.28,1987615.52,8009
2023-08-15 11:00:00,1988563.32,2029967.52,1977956.57,1981920.41,6860
2023-08-15 12:00:00,1983883.15,2039448.68,1974862.61,1985496.64,13200
2023-08-15 13:00:00,1987601.39,2013077.16,1987601.39,2009059.04,10961
2023-08-15 14:00:00,2014011.23,2022083.42,2014011.23,2018047.32,16655
2023-08-15 15:00:00,2016464.61,2050347.35,2007452.7,2020039.7,13677
2023-08-15 16:00:00,2025917.54,2025917.54,1973866.51,2013027.14,7667
2023-08-15 17:00:00,2007910.5,2071514.55,2001816.76,2005828.42,4941
2023-08-15 18:00:00,2008695.1,2020022.29,1952327.31,1995436.17,18451
2023-08-15 19:00:00,1988958.19,1994628.25,1986665.66,1990646.96,14108
2023-08-15 20:00:00,2000686.98,2014774.55,2000686.98,2007167.64,12258
2023-08-15 21:00:00,2003047.04,2011075.28,2003047.04,2007061.16,10971
2023-08-15 22:00:00,1992467.29,1992467.29,1947036.85,1988490.31,9951
2023-08-15 23:00:00,2017491.63,2036083.12,2017491.63,2021534.7,10977
2023-08-16 00:00:00,2025709.39,2033828.46,2025709.39,2029768.92,6258
2023-08-16 01:00:00,2023096.57,2037724.67,2005041.02,2009059.14,18633
2023-08-16 02:00:00,2004906.93,2025414.58,2001356.93,2005367.66,13584
2023-08-16 03:00:00,1999486.62,2014959.74,1996705.48,2010937.87,6945
2023-08-16 04:00:00,2038370.82,2069734.47,2038370.82,2042455.74,9291
2023-08-16 05:00:00,2038598.38,2056192.06,2021959.54,2026162.4,8507
2023-08-16 06:00:00,2041130.43,2049311.31,2041130.43,2045220.87,24307
2023-08-16 07:00:00,2047900.69,2074822.7,2047900.69,2070681.34,14079
2023-08-16 08:00:00,2063089.04,2085240.25,2056885.08,2061007.1,12460
2023-08-16 09:00:00,2061878.65,2061878.65,2053647.6,2057763.12,6333
2023-08-16 10:00:00,2044881.38,2044881.38,1988108.47,2041970.28,7234
2023-08-16 11:00:00,2043314.57,2045016.22,2028378.06,2040934.35,10409
2023-08-16 12:00:00,2038677.0,2048305.94,2038677.0,2042762.53,10324
2023-08-16 13:00:00,2046804.52,2097720.04,2045898.4,2056157.88,11538
2023-08-16 14:00:00,2072132.89,2103998.11,2072132.89,2076285.46,11760
2023-08-16 15:00:00,2067923.94,2086988.26,2060382.04,2064511.06,7096
2023-08-16 16:00:00,2036909.49,2036909.49,2028778.12,2032843.8,11082
2023-08-16 17:00:00,2034073.56,2039518.58,2034073.56,2035447.69,4499
2023-08-16 18:00:00,2029542.05,2056442.42,1996572.25,2043180.81,13929
2023-08-16 19:00:00,2038815.96,2059888.28,2032684.88,2049865.63,9060
2023-08-16 20:00:00,2056746.73,2056746.73,2011027.76,2046655.35,7261
2023-08-16 21:00:00,2047065.82,2055270.49,2047065.82,2051168.16,10315
2023-08-16 22:00:00,2054606.03,2101355.53,2054606.03,2078789.09,12861
2023-08-16 23:00:00,2074939.61,2133651.84,2067201.45,2086254.6,12164
2023-08-17 00:00:00,2092011.58,2092011.58,2070898.98,2080562.0,6201
2023-08-17 01:00:00,2077168.45,2077168.45,2025238.03,2073022.41,11786
2023-08-17 02:00:00,2072792.92,2075624.22,2062208.48,2071481.26,5170
2023-08-17 03:00:00,2077336.66,2111640.34,2064608.32,2100592.64,7485
2023-08-17 04:00:00,2108781.25,2109359.05,2093354.92,2097550.02,11953
2023-08-17 05:00:00,2093865.91,2101737.5,2053442.27,2097492.24,9425
2023-08-17 06:00:00,2093714.0,2093714.0,2044814.14,2089534.93,7086
2023-08-17 07:00:00,2106382.64,2154418.61,2106382.64,2108963.47,13413
2023-08-17 08:00:00,2140748.13,2202350.58,2140748.13,2142499.47,8983
2023-08-17 09:00:00,2134973.94,2193570.07,2108066.22,2148550.99,11078
2023-08-17 10:00:00,2143595.91,2150397.06,2143595.91,2147891.69,9899
2023-08-17 11:00:00,2148112.64,2148112.64,2112432.0,2146490.2,9765
2023-08-17 12:00:00,2105674.74,2105674.74,2075631.61,2102749.6,7411
2023-08-17 13:00:00,2116880.59,2144000.06,2111491.56,2115723.0,11421
2023-08-17 14:00:00,2119875.3,2121859.17,2099354.0,2117623.92,10677
2023-08-17 15:00:00,2126483.74,2126483.74,2111496.21,2124551.46,8824
2023-08-17 16:00:00,2121425.13,2151892.44,2109717.59,2111437.07,8087
2023-08-17 17:00:00,2107134.95,2107134.95,2100514.11,2104723.56,12979
2023-08-17 18:00:00,2093891.01,2102105.22,2088474.23,2097909.4,11941
2023-08-17 19:00:00,2111738.96,2120202.84,2111738.96,2115970.9,10359
2023-08-17 20:00:00,2124504.7,2146516.96,2104961.66,2109180.02,7998
2023-08-17 21:00:00,2140884.86,2163482.7,2140884.86,2145175.21,15871
2023-08-17 22:00:00,2120731.49,2155450.33,2111163.46,2151148.03,12354
2023-08-17 23:00:00,2131167.96,2131167.96,2107340.07,2126914.14,10698
2023-08-18 00:00:00,2125998.6,2128312.03,2077147.25,2124063.9,12983
2023-08-18 01:00:00,2118511.95,2136420.38,2108094.1,2112318.74,6834
2023-08-18 02:00:00,2088543.13,2088543.13,2073642.59,2074603.02,8260
2023-08-18 03:00:00,2079225.8,2107773.75,2071846.18,2103566.62,11526
2023-08-18 04:00:00,2111969.13,2147062.45,2111969.13,2116201.53,12704
2023-08-18 05:00:00,2119734.36,2132307.68,2119734.36,2125409.24,8322
2023-08-18 06:00:00,2118714.42,2132132.06,2118714.42,2127876.3,13534
2023-08-18 07:00:00,2107576.2,2107576.2,2099162.72,2103369.46,8426
2023-08-18 08:00:00,2099920.42,2099920.42,2076962.11,2095728.96,9155
2023-08-18 09:00:00,2093551.13,2115403.13,2086054.43,2111180.77,11120
2023-08-18 10:00:00,2094301.52,2094301.52,2083370.55,2093426.32,10878
2023-08-18 11:00:00,2055468.59,2055468.59,2043112.83,2051365.85,11808
2023-08-18 12:00:00,2046567.99,2059354.49,2046567.99,2050669.33,9533
2023-08-18 13:00:00,2044263.78,2055550.09,2044263.78,2051447.2,11205
2023-08-18 14:00:00,2057914.46,2061673.3,2054531.29,2056871.56,10724
2023-08-18 15:00:00,2056211.87,2076153.3,2051971.98,2072009.29,9410
2023-08-18 16:00:00,2080827.25,2086099.18,2080827.25,2084997.25,11327
2023-08-18 17:00:00,2095246.52,2095246.52,2086882.26,2091064.39,15122
2023-08-18 18:00:00,2108663.37,2117114.92,2108663.37,2112889.15,11073
2023-08-18 19:00:00,2091291.94,2091291.94,2073510.06,2087117.71,12791
2023-08-18 20:00:00,2089399.66,2101529.32,2086309.53,2097334.65,8998
2023-08-18 21:00:00,2105028.34,2122252.29,2105028.34,2109246.84,9645
2023-08-18 22:00:00,2091724.41,2091724.41,2087315.61,2088553.86,10724
2023-08-18 23:00:00,2085010.57,2087671.7,2060493.02,2064518.43,9625
2023-08-19 00:00:00,2057776.07,2076912.14,2021378.28,2054668.25,6221
2023-08-19 01:00:00,2053726.43,2053726.43,2042657.63,2046751.13,16184
2023-08-19 02:00:00,2058754.14,2067005.66,2058754.14,2062879.9,16557
2023-08-19 03:00:00,2057769.28,2093679.59,2053344.08,2055364.8,3575
2023-08-19 04:00:00,2043474.66,2048226.26,1992569.47,2044137.99,17599
2023-08-19 05:00:00,2036611.27,2041671.2,2005541.94,2037596.01,21857
2023-08-19 06:00:00,2056059.41,2064816.35,2056059.41,2060179.77,5569
2023-08-19 07:00:00,2059268.85,2107535.13,2059268.85,2063395.64,17125
2023-08-19 08:00:00,2060547.31,2067399.51,2053507.53,2063272.96,13902
2023-08-19 09:00:00,2060182.48,2090663.84,2060182.48,2064311.1,9038
2023-08-19 10:00:00,2084761.01,2093116.77,2084761.01,2088938.89,16295
2023-08-19 11:00:00,2085458.85,2116242.5,2048764.36,2077901.41,8221
2023-08-19 12:00:00,2098267.84,2119634.86,2098267.84,2102472.78,8870
2023-08-19 13:00:00,2103021.85,2145288.13,2103021.85,2107236.32,10071
2023-08-19 14:00:00,2117559.96,2150700.41,2101221.55,2105432.42,22341
2023-08-19 15:00:00,2145175.92,2170039.34,2145175.92,2149474.87,18336
2023-08-19 16:00:00,2134175.11,2134175.11,2118366.24,2129915.28,11193
2023-08-19 17:00:00,2139574.84,2152754.19,2093167.62,2123720.58,9051
2023-08-19 18:00:00,2106872.96,2106872.96,2098462.29,2102667.62,6629
2023-08-19 19:00:00,2112744.1,2145621.0,2110626.27,2120338.33,13069
2023-08-19 20:00:00,2145780.95,2154381.28,2145780.95,2150081.11,13771
2023-08-19 21:00:00,2165521.1,2213140.29,2165521.1,2178531.43,10978
2023-08-19 22:00:00,2193638.63,2228892.61,2193638.63,2198034.7,8591
2023-08-19 23:00:00,2194607.69,2195640.67,2186875.63,2191258.15,9206
2023-08-20 00:00:00,2194088.37,2233621.3,2177472.82,2181836.49,13186
2023-08-20 01:00:00,2176900.06,2192735.05,2101467.47,2149640.42,9911
2023-08-20 02:00:00,2171028.16,2188903.46,2171028.16,2184534.39,13597
2023-08-20 03:00:00,2189062.94,2194732.72,2189062.94,2190352.01,11855
2023-08-20 04:00:00,2183092.45,2183092.45,2174377.51,2178734.98,11410
2023-08-20 05:00:00,2195737.25,2204537.8,2195737.25,2200137.53,10691
2023-08-20 06:00:00,2183735.26,2183735.26,2155223.84,2179376.51,11982
2023-08-20 07:00:00,2181145.81,2200271.46,2176835.75,2184372.49,9879
2023-08-20 08:00:00,2183177.08,2183177.08,2174461.8,2178819.44,14874
2023-08-20 09:00:00,2184008.35,2223907.03,2183642.27,2188018.31,7572
2023-08-20 10:00:00,2179909.39,2188797.06,2179909.39,2184277.95,11488
2023-08-20 11:00:00,2160330.94,2160330.94,2127570.22,2156018.91,10007
2023-08-20 12:00:00,2157548.97,2160695.07,2152069.54,2156382.3,17863
2023-08-20 13:00:00,2169547.32,2188244.92,2169547.32,2173895.11,7085
2023-08-20 14:00:00,2179476.37,2194266.41,2136611.39,2171616.72,16986
2023-08-20 15:00:00,2179338.79,2215040.69,2179338.79,2183706.2,9001
2023-08-20 16:00:00,2166337.46,2166337.46,2141658.77,2162822.3,10188
2023-08-20 17:00:00,2174921.1,2196413.66,2121289.89,2161197.66,14861
2023-08-20 18:00:00,2159587.6,2165793.59,2144809.73,2149107.95,10372
2023-08-20 19:00:00,2156022.38,2166010.12,2156022.38,2161686.74,17814
2023-08-20 20:00:00,2160831.52,2182271.81,2149206.18,2161120.08,8079
2023-08-20 21:00:00,2167878.25,2176567.14,2167878.25,2172222.7,8392
2023-08-20 22:00:00,2182016.68,2194239.92,2164129.02,2189860.2,10624
2023-08-20 23:00:00,2193921.59,2204147.39,2193921.59,2199747.89,8097
2023-08-21 00:00:00,2206086.26,2206086.26,2197279.53,2201682.89,11311
2023-08-21 01:00:00,2196967.73,2211292.1,2176334.82,2180696.22,7410
2023-08-21 02:00:00,2181027.44,2202494.37,2133779.08,2178663.72,9193
2023-08-21 03:00:00,2189119.3,2191316.14,2148243.56,2167288.17,8391
2023-08-21 04:00:00,2172042.8,2184632.47,2136107.83,2159859.73,7582
2023-08-21 05:00:00,2158107.77,2158107.77,2147969.19,2152273.74,14453
2023-08-21 06:00:00,2140210.29,2140210.29,2115140.19,2134479.84,12199
2023-08-21 07:00:00,2104858.7,2104858.7,2096456.08,2100657.39,7070
2023-08-21 08:00:00,2102475.77,2110855.93,2086886.18,2091068.32,6839
2023-08-21 09:00:00,2092708.53,2100869.05,2079862.02,2096675.7,9879
2023-08-21 10:00:00,2094251.44,2094251.44,2071537.68,2075689.06,13672
2023-08-21 11:00:00,2080281.98,2083200.88,2074884.71,2079042.8,12314
2023-08-21 12:00:00,2110174.79,2165218.01,2110174.79,2114280.41,14942
2023-08-21 13:00:00,2130874.11,2174692.23,2130874.11,2133344.36,9809
2023-08-21 14:00:00,2158183.4,2193188.78,2158183.4,2162508.42,11583
2023-08-21 15:00:00,2155465.98,2201752.96,2152513.05,2168547.76,15369
2023-08-21 16:00:00,2169364.15,2202691.32,2168232.98,2188072.39,12150
2023-08-21 17:00:00,2177380.58,2177380.58,2168688.44,2173034.51,16594
2023-08-21 18:00:00,2161021.18,2161021.18,2155896.92,2160217.35,10445
2023-08-21 19:00:00,2124634.85,2124634.85,2106961.26,2111183.62,11968
2023-08-21 20:00:00,2126099.13,2140710.04,2126099.13,2133229.28,14168
2023-08-21 21:00:00,2156351.0,2180938.55,2156351.0,2160672.34,9954
2023-08-21 22:00:00,2154555.18,2154555.18,2145954.16,2150254.67,9238
2023-08-21 23:00:00,2144302.07,2167725.71,2141377.0,2145668.34,14321
2023-08-22 00:00:00,2136848.58,2136848.58,2128318.25,2132583.42,12593
2023-08-22 01:00:00,2120504.77,2147509.35,2104647.33,2139992.59,8369
2023-08-22 02:00:00,2142851.16,2192311.17,2103253.28,2160102.57,11202
2023-08-22 03:00:00,2133134.71,2133134.71,2102132.42,2128876.95,10260
2023-08-22 04:00:00,2132740.27,2181028.31,2132740.27,2137014.3,7875
2023-08-22 05:00:00,2129331.41,2137094.21,2116739.98,2132828.55,9973
2023-08-22 06:00:00,2128949.84,2142091.71,2117045.01,2135640.1,8248
2023-08-22 07:00:00,2140087.53,2148665.03,2140087.53,2144376.28,11845
2023-08-22 08:00:00,2156597.2,2173851.06,2137139.98,2141422.82,12350
2023-08-22 09:00:00,2134363.39,2151783.02,2118502.44,2140094.4,13205
2023-08-22 10:00:00,2122177.25,2140452.79,2095608.23,2136889.86,19706
2023-08-22 11:00:00,2147386.93,2158803.3,2130288.86,2154494.31,7074
2023-08-22 12:00:00,2172711.25,2182012.5,2157418.53,2161742.02,8964
2023-08-22 13:00:00,2161586.8,2171355.55,2148378.38,2165172.77,14884
2023-08-22 14:00:00,2146370.58,2146370.58,2137802.24,2142086.41,15226
2023-08-22 15:00:00,2141137.2,2176126.6,2119158.12,2136001.72,13227
2023-08-22 16:00:00,2143602.05,2184349.25,2082171.02,2152492.68,16727
2023-08-22 17:00:00,2163502.73,2166256.9,2148886.42,2153192.81,10942
2023-08-22 18:00:00,2158628.56,2192439.45,2158628.56,2164793.37,8316
2023-08-22 19:00:00,2191126.8,2206662.88,2191126.8,2195517.84,12153
2023-08-22 20:00:00,2210121.48,2227349.48,2207768.34,2212192.73,7613
2023-08-22 21:00:00,2207908.16,2215554.72,2190712.57,2211132.46,8938
2023-08-22 22:00:00,2204845.84,2215010.52,2170186.62,2199253.37,7988
2023-08-22 23:00:00,2170518.03,2170518.03,2143246.02,2151346.32,8111
2023-08-23 00:00:00,2148861.7,2153027.46,2144432.54,2148730.0,22556
2023-08-23 01:00:00,2157268.94,2169808.22,2139212.98,2143499.98,10821
2023-08-23 02:00:00,2153099.87,2155407.96,2119437.0,2151105.75,10877
2023-08-23 03:00:00,2154168.7,2171174.73,2144533.49,2148831.16,8787
2023-08-23 04:00:00,2149609.63,2176241.98,2132229.17,2143758.82,12570
2023-08-23 05:00:00,2118300.42,2118300.42,2061011.8,2113455.46,14738
2023-08-23 06:00:00,2103717.19,2103717.19,2066934.69,2099518.15,10827
2023-08-23 07:00:00,2093524.01,2117077.27,2093524.01,2110655.36,9819
2023-08-23 08:00:00,2135877.65,2174191.87,2135877.65,2142708.89,17256
2023-08-23 09:00:00,2146280.35,2146280.35,2137712.37,2141996.36,7634
2023-08-23 10:00:00,2144464.66,2159799.59,2144464.66,2148762.19,13916
2023-08-23 11:00:00,2161873.53,2169035.78,2161873.53,2166205.94,10298
2023-08-23 12:00:00,2156070.86,2156070.86,2127214.54,2151767.33,9322
2023-08-23 13:00:00,2155730.6,2163118.35,2150465.89,2158800.74,6360
2023-08-23 14:00:00,2150337.82,2150337.82,2141753.63,2146045.72,5854
2023-08-23 15:00:00,2161484.32,2166433.71,2161484.32,2162109.49,8396
2023-08-23 16:00:00,2160618.37,2228424.07,2160618.37,2164948.27,13123
2023-08-23 17:00:00,2165937.44,2200831.15,2165937.44,2170277.99,18072
2023-08-23 18:00:00,2160906.35,2160906.35,2151900.21,2156212.64,9693
2023-08-23 19:00:00,2139211.74,2182941.69,2131810.74,2169187.2,10037
2023-08-23 20:00:00,2201596.79,2210420.83,2201596.79,2206008.81,10141
2023-08-23 21:00:00,2193142.03,2231392.27,2179248.95,2185970.22,9503
2023-08-23 22:00:00,2185147.98,2216192.19,2123228.69,2179036.11,12050
2023-08-23 23:00:00,2180192.01,2258657.03,2178277.06,2182642.35,11756
2023-08-24 00:00:00,2188325.56,2200348.62,2161707.1,2195956.7,10678
2023-08-24 01:00:00,2195911.99,2198730.42,2178947.67,2184607.17,10579
2023-08-24 02:00:00,2137615.73,2137615.73,2121088.41,2133349.03,8386
2023-08-24 03:00:00,2147591.45,2196206.26,2147591.45,2158750.09,10620
2023-08-24 04:00:00,2155295.61,2177061.28,2139901.7,2172715.85,10991
2023-08-24 05:00:00,2163047.65,2163047.65,2138431.24,2141712.25,6650
2023-08-24 06:00:00,2150137.79,2161046.45,2097202.33,2132471.44,12104
2023-08-24 07:00:00,2157267.99,2165914.36,2157267.99,2161591.18,14730
2023-08-24 08:00:00,2185774.59,2192002.92,2185774.59,2187627.67,12524
2023-08-24 09:00:00,2196272.68,2221082.7,2185749.75,2203642.52,13699
2023-08-24 10:00:00,2197226.37,2201464.77,2171666.25,2198938.94,15118
2023-08-24 11:00:00,2197187.06,2230811.95,2192000.41,2199126.63,5909
2023-08-24 12:00:00,2199833.98,2199833.98,2157504.05,2195471.17,14411
2023-08-24 13:00:00,2214277.1,2219009.57,2214277.1,2214580.41,10690
2023-08-24 14:00:00,2201070.86,2201070.86,2190361.26,2196677.5,10927
2023-08-24 15:00:00,2187484.45,2187484.45,2176667.52,2181029.58,7073
2023-08-24 16:00:00,2194238.02,2221890.15,2194238.02,2198635.29,5113
2023-08-24 17:00:00,2201023.24,2201023.24,2187338.25,2196629.98,7730
2023-08-24 18:00:00,2198214.25,2241684.41,2136511.9,2220233.75,9294
2023-08-24 19:00:00,2220104.96,2267951.87,2149086.0,2205785.8,5840
2023-08-24 20:00:00,2207652.53,2207652.53,2151659.54,2203246.03,9077
2023-08-24 21:00:00,2186259.8,2186259.8,2177561.57,2185237.88,13756
2023-08-24 22:00:00,2180481.81,2208190.82,2180481.81,2184851.51,14198
2023-08-24 23:00:00,2190868.92,2190868.92,2145493.37,2157985.34,11666
2023-08-25 00:00:00,2153828.97,2154559.39,2139091.14,2150258.87,10344
2023-08-25 01:00:00,2146443.64,2158716.28,2078024.67,2126282.99,8181
2023-08-25 02:00:00,2126862.79,2144971.3,2113123.6,2140689.92,12079
2023-08-25 03:00:00,2153243.26,2170378.82,2153243.26,2154906.81,20502
2023-08-25 04:00:00,2135368.7,2135368.7,2121274.98,2125526.03,17438
2023-08-25 05:00:00,2128118.17,2172016.07,2122846.32,2151094.04,11364
2023-08-25 06:00:00,2166578.46,2224256.75,2166578.46,2196184.7,10700
2023-08-25 07:00:00,2197261.63,2224820.68,2191719.67,2196111.9,10754
2023-08-25 08:00:00,2179377.94,2207906.18,2179377.94,2183745.43,11876
2023-08-25 09:00:00,2222411.54,2241740.89,2222411.54,2233860.7,12207
2023-08-25 10:00:00,2210444.73,2210444.73,2178411.52,2207133.25,9227
2023-08-25 11:00:00,2210604.42,2210604.42,2201908.09,2206192.03,8565
2023-08-25 12:00:00,2215418.26,2221732.96,2204413.79,2208173.55,9852
2023-08-25 13:00:00,2225550.31,2259226.74,2216003.16,2231085.82,8880
2023-08-25 14:00:00,2225741.38,2239612.46,2225741.38,2235142.17,7020
2023-08-25 15:00:00,2228727.02,2249468.98,2135002.38,2223385.94,6766
2023-08-25 16:00:00,2214460.66,2214460.66,2139575.84,2204088.15,12460
2023-08-25 17:00:00,2201306.31,2201306.31,2195346.6,2196912.49,13391
2023-08-25 18:00:00,2182581.44,2182581.44,2129617.6,2178224.99,7892
2023-08-25 19:00:00,2175010.32,2183727.79,2175010.32,2179369.06,9325
2023-08-25 20:00:00,2175010.28,2199290.36,2126058.51,2169565.29,7221
2023-08-25 21:00:00,2148111.29,2148111.29,2139535.99,2143823.64,10912
2023-08-25 22:00:00,2163399.83,2188082.78,2163399.83,2167735.3,10848
2023-08-25 23:00:00,2164078.97,2164078.97,2128436.82,2159759.45,7346
2023-08-26 00:00:00,2142928.86,2142928.86,2113965.58,2138651.55,16113
2023-08-26 01:00:00,2133831.08,2143551.99,2133697.47,2137973.42,5433
2023-08-26 02:00:00,2139178.97,2145762.44,2127131.29,2141479.48,9753
2023-08-26 03:00:00,2117333.86,2117333.86,2092197.18,2113107.64,6708
2023-08-26 04:00:00,2130579.65,2149127.12,2101033.01,2122333.19,9273
2023-08-26 05:00:00,2111488.97,2111488.97,2086723.78,2107274.42,12117
2023-08-26 06:00:00,2136174.9,2145791.3,2136174.9,2140455.81,10196
2023-08-26 07:00:00,2147559.49,2167949.36,2147559.49,2151863.21,10987
2023-08-26 08:00:00,2163922.23,2163922.23,2110461.06,2146592.98,12185
2023-08-26 09:00:00,2128421.08,2158061.17,2128421.08,2135563.06,9389
2023-08-26 10:00:00,2128459.73,2144636.21,2108777.84,2136280.43,9198
2023-08-26 11:00:00,2145178.2,2175826.19,2145178.2,2149477.16,8519
2023-08-26 12:00:00,2151351.76,2155253.33,2147067.69,2150951.43,11404
2023-08-26 13:00:00,2153309.13,2153309.13,2144713.09,2149011.11,8970
2023-08-26 14:00:00,2156319.04,2156319.04,2122706.2,2152015.01,6076
2023-08-26 15:00:00,2145359.68,2183616.54,2092412.17,2143300.49,8979
2023-08-26 16:00:00,2141465.78,2191774.98,2133847.44,2139595.31,7586
2023-08-26 17:00:00,2125192.1,2125192.1,2086413.46,2105686.01,9392
2023-08-26 18:00:00,2122267.87,2151270.1,2122267.87,2126520.92,8367
2023-08-26 19:00:00,2134233.34,2139107.0,2133129.93,2134837.32,10622
2023-08-26 20:00:00,2123317.82,2128363.6,2119867.13,2124115.36,8084
2023-08-26 21:00:00,2151680.46,2171961.28,2151680.46,2160336.13,8493
2023-08-26 22:00:00,2167815.73,2167815.73,2148907.46,2163488.75,12199
2023-08-26 23:00:00,2155324.94,2155324.94,2142346.84,2146640.12,12923
2023-08-27 00:00:00,2159589.93,2168245.6,2159589.93,2163917.77,8971
2023-08-27 01:00:00,2161405.23,2176743.67,2161405.23,2172398.87,10790
2023-08-27 02:00:00,2179700.17,2182487.3,2179700.17,2180471.05,9170
2023-08-27 03:00:00,2177959.53,2177959.53,2114757.77,2173612.31,10341
2023-08-27 04:00:00,2178287.52,2184586.4,2178287.52,2182652.83,10272
2023-08-27 05:00:00,2174244.75,2182959.16,2174244.75,2178601.96,12855
2023-08-27 06:00:00,2179180.07,2215939.4,2158517.37,2189334.77,7808
2023-08-27 07:00:00,2173134.91,2173134.91,2151296.11,2155607.32,7050
2023-08-27 08:00:00,2159870.66,2184637.73,2145601.44,2149901.24,12133
2023-08-27 09:00:00,2180489.68,2186686.74,2180489.68,2182322.1,9506
2023-08-27 10:00:00,2184989.77,2210978.55,2167424.05,2169331.03,9867
2023-08-27 11:00:00,2164875.45,2164875.45,2155639.62,2159959.54,10640
2023-08-27 12:00:00,2147795.17,2165001.31,2137947.96,2153830.63,16253
2023-08-27 13:00:00,2144590.53,2168312.31,2130275.73,2134544.82,15787
2023-08-27 14:00:00,2148614.22,2154922.86,2094883.97,2099082.13,14168
2023-08-27 15:00:00,2095555.92,2103954.95,2095555.92,2099755.44,8443
2023-08-27 16:00:00,2104937.99,2120972.06,2104937.99,2106656.56,5865
2023-08-27 17:00:00,2112469.16,2112469.16,2105824.32,2110044.41,12838
2023-08-27 18:00:00,2114276.92,2124404.77,2095757.85,2111702.67,9195
2023-08-27 19:00:00,2112294.06,2145762.02,2112294.06,2116527.11,8019
2023-08-27 20:00:00,2134331.08,2173236.3,2133823.2,2138099.4,11813
2023-08-27 21:00:00,2140754.79,2159780.53,2093720.17,2137721.38,9158
2023-08-27 22:00:00,2146146.33,2158157.65,2126374.56,2130635.83,19645
2023-08-27 23:00:00,2133267.57,2133267.57,2124751.53,2129009.55,18289
2023-08-28 00:00:00,2138201.41,2167049.16,2138201.41,2142486.38,13315
2023-08-28 01:00:00,2142156.91,2214385.44,2142156.91,2170003.57,17924
2023-08-28 02:00:00,2164753.1,2164753.1,2151754.32,2160432.24,9577
2023-08-28 03:00:00,2159903.07,2211782.67,2159903.07,2164231.53,8349
2023-08-28 04:00:00,2167759.8,2185966.17,2167759.8,2172104.01,9701
2023-08-28 05:00:00,2160368.29,2160368.29,2151744.07,2156056.18,8127
2023-08-28 06:00:00,2156478.75,2191827.9,2154444.63,2158762.15,11006
2023-08-28 07:00:00,2139447.52,2139447.52,2130906.82,2135177.17,9158
2023-08-28 08:00:00,2111906.27,2111906.27,2103475.5,2107690.89,7669
2023-08-28 09:00:00,2118105.24,2146729.19,2118105.24,2118622.42,13428
2023-08-28 10:00:00,2120348.81,2120348.81,2063881.35,2116116.57,9716
2023-08-28 11:00:00,2117757.41,2128124.79,2083410.63,2123877.04,11157
2023-08-28 12:00:00,2123219.47,2170640.4,2123219.47,2127474.42,11407
2023-08-28 13:00:00,2132762.77,2148750.5,2110030.26,2114258.77,11329
2023-08-28 14:00:00,2104186.39,2122067.68,2085230.99,2117832.02,11619
2023-08-28 15:00:00,2119563.46,2119563.46,2096499.12,2100700.52,14316
2023-08-28 16:00:00,2125263.68,2132575.27,2125263.68,2129522.73,9919
2023-08-28 17:00:00,2113847.54,2113847.54,2104098.98,2109628.29,10314
2023-08-28 18:00:00,2106640.94,2135479.34,2106640.94,2110862.67,9550
2023-08-28 19:00:00,2105648.03,2133473.16,2093293.23,2097488.21,6722
2023-08-28 20:00:00,2095999.54,2124029.26,2091360.84,2112448.48,6717
2023-08-28 21:00:00,2112910.34,2144005.82,2102512.85,2111303.76,7818
2023-08-28 22:00:00,2106124.67,2111237.13,2103798.32,2107023.08,9392
2023-08-28 23:00:00,2108578.58,2168337.48,2075541.99,2126581.0,8237
2023-08-29 00:00:00,2120098.54,2171685.57,2120098.54,2131113.69,9617
2023-08-29 01:00:00,2139655.79,2159370.67,2139655.79,2143943.68,7048
2023-08-29 02:00:00,2144026.28,2169813.19,2085100.37,2130060.66,8931
2023-08-29 03:00:00,2113822.4,2113822.4,2098915.29,2109603.2,13868
2023-08-29 04:00:00,2112158.6,2156474.86,2112158.6,2116391.38,10914
2023-08-29 05:00:00,2119524.04,2142321.7,2111307.26,2115538.34,15962
2023-08-29 06:00:00,2126821.07,2135345.4,2126821.07,2131083.23,8411
2023-08-29 07:00:00,2129872.5,2146121.29,2129494.53,2133762.05,9638
2023-08-29 08:00:00,2131727.53,2145569.27,2117151.81,2141286.7,8610
2023-08-29 09:00:00,2120756.0,2120756.0,2112289.91,2116522.95,19347
2023-08-29 10:00:00,2149609.41,2166136.35,2149609.41,2153917.24,8281
2023-08-29 11:00:00,2153149.83,2167376.76,2149811.66,2154119.9,11460
2023-08-29 12:00:00,2160448.76,2182722.54,2160448.76,2169508.66,7566
2023-08-29 13:00:00,2163295.28,2163295.28,2152796.76,2157110.98,10719
2023-08-29 14:00:00,2164083.7,2190851.45,2164083.7,2165514.63,12508
2023-08-29 15:00:00,2155039.39,2155039.39,2132562.43,2145087.91,10123
2023-08-29 16:00:00,2154114.74,2160875.42,2154114.74,2156562.29,7222
2023-08-29 17:00:00,2148999.18,2168376.28,2148999.18,2153305.79,8686
2023-08-29 18:00:00,2164385.76,2235400.81,2129221.87,2156972.6,9496
2023-08-29 19:00:00,2162337.26,2180357.77,2162337.26,2172273.27,6368
2023-08-29 20:00:00,2156084.84,2164020.81,2135872.58,2152750.89,14105
2023-08-29 21:00:00,2148277.77,2148277.77,2139701.81,2143989.79,6714
2023-08-29 22:00:00,2137945.25,2196773.64,2129814.22,2155692.34,6067
2023-08-29 23:00:00,2169574.38,2200214.96,2169574.38,2195823.31,15051
2023-08-30 00:00:00,2190243.96,2199022.5,2190243.96,2194633.23,10966
2023-08-30 01:00:00,2185725.95,2270468.39,2152850.71,2206598.48,13032
2023-08-30 02:00:00,2219604.89,2234467.9,2173958.86,2205482.71,8078
2023-08-30 03:00:00,2236872.01,2293088.8,2236872.01,2241354.72,11288
2023-08-30 04:00:00,2232548.41,2232548.41,2204094.89,2208511.91,10435
2023-08-30 05:00:00,2202615.29,2215397.39,2202248.13,2210975.44,8505
2023-08-30 06:00:00,2216076.05,2232170.15,2177924.29,2182288.86,14847
2023-08-30 07:00:00,2161996.17,2161996.17,2135441.96,2139721.4,7795
2023-08-30 08:00:00,2140687.89,2153331.2,2107108.51,2149033.13,10695
2023-08-30 09:00:00,2150865.58,2212727.82,2150865.58,2155175.93,11714
2023-08-30 10:00:00,2155941.34,2157871.29,2150779.74,2153564.16,7671
2023-08-30 11:00:00,2145530.97,2156415.79,2130777.91,2155153.67,12517
2023-08-30 12:00:00,2208677.03,2247200.37,2208677.03,2213103.23,8279
2023-08-30 13:00:00,2205383.13,2213525.35,2196647.57,2209107.14,13834
2023-08-30 14:00:00,2214745.32,2220454.65,2214745.32,2219183.69,8215
2023-08-30 15:00:00,2208509.15,2237240.11,2203431.96,2207847.65,10968
2023-08-30 16:00:00,2211000.44,2229528.91,2188677.35,2214136.73,6268
2023-08-30 17:00:00,2214398.0,2214962.67,2206120.5,2210541.59,10336
2023-08-30 18:00:00,2206013.57,2206013.57,2199624.07,2204032.13,12737
2023-08-30 19:00:00,2220828.98,2248062.82,2220828.98,2237973.96,7564
2023-08-30 20:00:00,2252311.13,2263555.65,2235822.32,2259037.57,7413
2023-08-30 21:00:00,2257171.85,2294967.76,2246012.29,2260053.67,11350
2023-08-30 22:00:00,2220436.36,2220436.36,2188083.36,2216004.35,9010
2023-08-30 23:00:00,2210833.58,2214566.68,2205726.09,2210146.39,4906
2023-08-31 00:00:00,2255340.97,2264380.41,2255340.97,2259860.69,9428
2023-08-31 01:00:00,2258587.14,2258587.14,2246925.83,2254078.98,7198
2023-08-31 02:00:00,2264968.62,2273290.61,2264968.62,2273139.23,9748
2023-08-31 03:00:00,2293112.78,2302303.61,2293112.78,2297708.19,9958
2023-08-31 04:00:00,2293739.47,2302932.81,2293739.47,2298336.14,16403
2023-08-31 05:00:00,2280793.55,2283591.66,2274475.52,2279033.59,5098
2023-08-31 06:00:00,2235704.33,2235704.33,2164044.86,2231241.85,10033
2023-08-31 07:00:00,2233411.96,2288118.82,2232433.96,2243666.47,9438
2023-08-31 08:00:00,2232561.94,2232561.94,2210545.37,2228105.73,11344
2023-08-31 09:00:00,2235947.03,2235947.03,2222105.2,2231484.06,8949
2023-08-31 10:00:00,2223653.75,2223653.75,2200650.61,2208711.58,11102
2023-08-31 11:00:00,2201116.4,2209472.35,2200652.1,2205062.22,9519
2023-08-31 12:00:00,2211815.11,2237817.24,2178637.67,2206925.17,8755
2023-08-31 13:00:00,2208528.58,2246234.75,2208528.58,2212954.49,7481
2023-08-31 14:00:00,2198106.48,2198106.48,2186747.85,2193719.04,11119
2023-08-31 15:00:00,2212558.16,2237953.57,2212558.16,2216992.15,9510
2023-08-31 16:00:00,2213108.37,2217907.73,2201050.88,2206920.18,13735
2023-08-31 17:00:00,2200178.48,2210440.56,2173658.89,2178014.92,11669
2023-08-31 18:00:00,2174376.56,2213829.96,2174376.56,2178734.03,10091
2023-08-31 19:00:00,2177603.16,2183558.63,2177603.16,2181967.09,7376
2023-08-31 20:00:00,2170608.12,2231494.51,2168427.48,2187318.56,16345
2023-08-31 21:00:00,2209443.13,2218298.61,2209443.13,2213870.87,6552
2023-08-31 22:00:00,2216282.53,2222487.49,2181412.43,2210546.79,17392
2023-08-31 23:00:00,2212063.6,2212063.6,2205126.0,2209545.09,13396
2023-09-01 00:00:00,2195250.19,2195250.19,2186486.72,2190868.46,9065
2023-09-01 01:00:00,2187959.68,2264487.53,2187959.68,2207648.59,13212
2023-09-01 02:00:00,2216668.7,2216668.7,2207640.63,2212244.21,11728
2023-09-01 03:00:00,2205798.56,2205798.56,2189818.36,2205729.42,6936
2023-09-01 04:00:00,2199580.02,2199580.02,2168506.79,2172852.5,9876
2023-09-01 05:00:00,2182158.32,2203828.94,2182158.32,2201453.1,10817
2023-09-01 06:00:00,2184224.17,2205355.72,2176666.87,2181028.93,4846
2023-09-01 07:00:00,2181984.3,2222193.07,2168134.93,2173164.41,11857
2023-09-01 08:00:00,2178251.87,2184270.84,2178251.87,2182617.11,8831
2023-09-01 09:00:00,2168295.89,2168295.89,2153748.89,2163967.95,16766
2023-09-01 10:00:00,2150765.63,2150765.63,2104659.0,2141157.19,15742
2023-09-01 11:00:00,2131658.4,2141791.0,2083071.08,2108622.79,16173
2023-09-01 12:00:00,2122895.74,2131404.34,2122895.74,2127150.04,14978
2023-09-01 13:00:00,2127224.53,2127224.53,2096319.0,2122978.57,12822
2023-09-01 14:00:00,2174843.27,2221293.31,2174843.27,2179201.68,13836
2023-09-01 15:00:00,2167984.92,2168754.6,2135085.19,2164425.75,4504
2023-09-01 16:00:00,2169239.39,2180001.12,2147496.26,2151799.86,11658
2023-09-01 17:00:00,2154799.17,2154799.17,2141154.18,2146172.52,16234
2023-09-01 18:00:00,2156726.77,2159327.06,2150707.0,2155017.03,12202
2023-09-01 19:00:00,2146660.34,2167419.21,2146660.34,2150962.26,6305
2023-09-01 20:00:00,2139009.06,2192998.9,2131038.53,2166139.86,5705
2023-09-01 21:00:00,2156856.88,2156856.88,2148246.67,2152551.78,13035
2023-09-01 22:00:00,2136930.98,2136930.98,2129013.13,2132665.64,11608
2023-09-01 23:00:00,2110868.78,2110868.78,2102442.16,2106655.47,10100
2023-09-02 00:00:00,2079063.4,2079063.4,2070763.75,2074913.57,10459
2023-09-02 01:00:00,2078045.3,2078199.86,2053936.15,2074051.75,8905
2023-09-02 02:00:00,2079288.08,2129324.74,2021492.28,2076936.33,9803
2023-09-02 03:00:00,2079113.25,2079113.25,2069994.88,2074143.16,10957
2023-09-02 04:00:00,2098158.39,2134880.14,2098158.39,2103297.12,9855
2023-09-02 05:00:00,2114351.09,2167127.79,2114351.09,2131248.0,12523
2023-09-02 06:00:00,2129261.18,2146052.5,2104944.9,2131051.31,9509
2023-09-02 07:00:00,2111930.99,2111930.99,2101242.48,2105453.39,12519
2023-09-02 08:00:00,2106727.48,2106727.48,2098317.39,2102522.44,7811
2023-09-02 09:00:00,2103370.62,2103370.62,2094973.93,2099172.27,11917
2023-09-02 10:00:00,2096276.81,2099232.8,2085427.63,2095042.72,10987
2023-09-02 11:00:00,2084519.08,2094602.08,2081658.17,2090421.24,8688
2023-09-02 12:00:00,2090652.3,2090652.3,2082655.93,2086829.59,12679
2023-09-02 13:00:00,2083785.57,2092137.42,2083785.57,2087961.5,8508
2023-09-02 14:00:00,2090983.41,2097766.79,2070103.75,2084789.04,11959
2023-09-02 15:00:00,2085236.0,2100338.13,2085236.0,2096145.84,13679
2023-09-02 16:00:00,2090437.15,2113863.37,2090437.15,2109644.08,7961
2023-09-02 17:00:00,2104934.63,2104934.63,2076707.57,2100733.17,12425
2023-09-02 18:00:00,2099042.17,2168747.64,2099042.17,2129713.91,11799
2023-09-02 19:00:00,2130581.27,2172089.46,2099914.38,2118609.04,6420
2023-09-02 20:00:00,2100871.67,2104065.56,2087628.08,2097064.56,7392
2023-09-02 21:00:00,2090984.29,2115189.22,2064617.37,2110967.28,12205
2023-09-02 22:00:00,2107870.68,2107870.68,2099456.03,2103663.36,11138
2023-09-02 23:00:00,2112112.69,2135328.49,2112112.69,2116345.39,11533
2023-09-03 00:00:00,2085605.72,2085605.72,2077279.95,2081442.83,11331
2023-09-03 01:00:00,2086397.48,2159106.61,2076539.29,2113221.13,7901
2023-09-03 02:00:00,2100395.49,2197524.6,2076799.07,2131572.93,7673
2023-09-03 03:00:00,2115642.12,2115642.12,2107196.44,2111419.28,14282
2023-09-03 04:00:00,2104985.16,2104985.16,2086794.61,2092832.44,11569
2023-09-03 05:00:00,2127609.3,2130209.91,2127609.3,2129157.35,6998
2023-09-03 06:00:00,2124082.01,2129517.88,2116220.0,2122501.67,7975
2023-09-03 07:00:00,2135085.31,2135085.31,2110342.96,2114572.11,15859
2023-09-03 08:00:00,2086504.64,2086504.64,2071324.57,2082339.96,5816
2023-09-03 09:00:00,2080528.5,2145875.16,2080528.5,2084697.89,14666
2023-09-03 10:00:00,2091790.9,2130192.57,2034627.03,2089037.19,8685
2023-09-03 11:00:00,2105021.21,2125263.88,2105021.21,2109239.69,9719
2023-09-03 12:00:00,2113488.31,2134232.56,2037726.12,2092261.62,12302
2023-09-03 13:00:00,2095458.38,2097874.71,2055210.38,2074088.41,13586
2023-09-03 14:00:00,2076152.46,2094535.29,2076152.46,2090354.59,12614
2023-09-03 15:00:00,2093621.3,2156824.6,2093621.3,2115500.29,10898
2023-09-03 16:00:00,2099427.17,2099427.17,2083257.82,2095236.7,12019
2023-09-03 17:00:00,2119262.54,2135907.09,2119262.54,2121518.22,10900
2023-09-03 18:00:00,2115032.28,2133085.9,2114900.85,2128828.25,7607
2023-09-03 19:00:00,2149865.26,2158481.96,2149865.26,2154173.61,11104
2023-09-03 20:00:00,2162529.28,2162529.28,2150981.36,2158212.85,10649
2023-09-03 21:00:00,2123105.91,2123105.91,2098168.2,2118868.17,11675
2023-09-03 22:00:00,2110654.22,2152969.68,2110654.22,2123099.87,11984
2023-09-03 23:00:00,2143891.26,2161149.42,2143891.26,2148187.63,8335
2023-09-04 00:00:00,2142414.64,2142414.64,2133862.09,2138138.36,9968
2023-09-04 01:00:00,2141157.9,2168693.91,2133188.47,2137463.4,12335
2023-09-04 02:00:00,2144863.18,2144863.18,2115526.2,2140582.01,7768
2023-09-04 03:00:00,2119786.82,2119786.82,2091774.72,2095966.66,10308
2023-09-04 04:00:00,2130362.61,2136846.44,2130362.61,2132581.28,9526
2023-09-04 05:00:00,2135066.51,2155727.2,2119082.93,2123329.59,9343
2023-09-04 06:00:00,2121624.55,2143230.82,2121624.55,2138952.92,12369
2023-09-04 07:00:00,2141360.12,2149669.67,2139343.15,2143630.41,8641
2023-09-04 08:00:00,2149386.0,2175967.76,2149386.0,2171624.51,9404
2023-09-04 09:00:00,2179176.3,2187910.47,2179176.3,2183543.38,10967
2023-09-04 10:00:00,2182126.39,2187948.22,2149737.36,2183581.06,5459
2023-09-04 11:00:00,2181242.84,2198723.94,2147019.98,2171884.32,11610
2023-09-04 12:00:00,2184965.15,2191475.96,2153520.47,2190809.12,6398
2023-09-04 13:00:00,2165560.1,2165560.1,2156915.15,2161237.62,14707
2023-09-04 14:00:00,2173582.16,2194321.92,2173582.16,2177938.03,7884
2023-09-04 15:00:00,2167258.33,2167258.33,2133675.31,2162932.46,8082
2023-09-04 16:00:00,2185926.49,2210186.7,2185926.49,2190307.11,11308
2023-09-04 17:00:00,2186288.9,2201618.12,2186056.71,2197223.68,8319
2023-09-04 18:00:00,2205390.55,2223358.37,2173658.63,2212531.49,7346
2023-09-04 19:00:00,2209234.8,2221474.19,2203676.77,2217040.1,11322
2023-09-04 20:00:00,2196953.68,2196953.68,2138866.05,2188161.67,9385
2023-09-04 21:00:00,2189840.99,2189840.99,2172648.09,2177002.09,10964
2023-09-04 22:00:00,2187121.19,2198083.06,2151409.95,2193695.67,8997
2023-09-04 23:00:00,2197607.92,2202844.24,2163837.8,2200689.71,14182
2023-09-05 00:00:00,2206950.79,2272962.87,2206950.79,2225596.39,10129
2023-09-05 01:00:00,2228632.52,2265765.38,2228632.52,2235445.27,15086
2023-09-05 02:00:00,2229149.85,2229149.85,2203843.41,2219865.33,8184
2023-09-05 03:00:00,2212807.97,2225878.6,2196423.59,2208250.09,20612
2023-09-05 04:00:00,2209087.21,2217941.27,2209087.21,2213514.24,7425
2023-09-05 05:00:00,2179230.22,2179230.22,2133317.15,2174880.46,9319
2023-09-05 06:00:00,2205153.03,2211353.62,2205153.03,2209572.17,14892
2023-09-05 07:00:00,2206292.36,2243371.44,2161512.56,2220917.27,11777
2023-09-05 08:00:00,2240295.4,2253698.96,2240295.4,2246002.22,8177
2023-09-05 09:00:00,2223111.22,2223111.22,2214236.52,2218673.87,8739
2023-09-05 10:00:00,2222507.28,2251700.33,2198055.18,2244190.91,7126
2023-09-05 11:00:00,2248809.9,2291397.54,2248809.9,2286823.89,15866
2023-09-05 12:00:00,2282740.29,2282740.29,2257274.55,2261798.15,9944
2023-09-05 13:00:00,2276621.33,2282987.68,2272409.47,2276963.4,6861
2023-09-05 14:00:00,2272755.98,2352871.0,2234395.37,2277178.58,10324
2023-09-05 15:00:00,2259853.46,2259853.46,2244133.6,2248630.86,11599
2023-09-05 16:00:00,2254809.92,2294180.8,2254809.92,2259328.58,11684
2023-09-05 17:00:00,2270740.81,2284528.61,2246009.95,2275856.14,9948
2023-09-05 18:00:00,2269588.19,2269588.19,2232097.27,2265058.08,13836
2023-09-05 19:00:00,2282998.21,2307657.85,2282998.21,2287573.35,10385
2023-09-05 20:00:00,2260790.55,2260790.55,2244230.39,2256278.0,8285
2023-09-05 21:00:00,2244557.73,2256944.79,2196442.49,2230138.53,8155
2023-09-05 22:00:00,2230838.05,2265710.53,2230838.05,2235308.67,12082
2023-09-05 23:00:00,2233145.07,2243670.27,2220333.08,2238258.38,6779
2023-09-06 00:00:00,2235124.77,2238868.92,2186990.25,2227555.41,9159
2023-09-06 01:00:00,2239531.21,2272674.76,2239531.21,2245196.0,7074
2023-09-06 02:00:00,2256352.82,2260793.7,2252428.58,2256942.46,7114
2023-09-06 03:00:00,2271491.55,2278754.08,2269657.26,2274205.67,10960
2023-09-06 04:00:00,2275432.33,2277064.8,2235965.53,2272519.77,11203
2023-09-06 05:00:00,2282531.72,2285186.69,2247965.68,2284399.22,9043
2023-09-06 06:00:00,2295374.88,2297439.69,2220955.15,2276217.19,8482
2023-09-06 07:00:00,2310340.52,2359270.23,2310340.52,2314970.46,10872
2023-09-06 08:00:00,2330326.36,2350833.43,2274868.35,2298253.1,11999
2023-09-06 09:00:00,2334754.73,2381899.02,2334754.73,2337293.43,17446
2023-09-06 10:00:00,2341256.42,2362658.8,2321833.79,2335435.05,8546
2023-09-06 11:00:00,2316698.31,2316698.31,2302177.96,2306791.55,7856
2023-09-06 12:00:00,2326779.96,2336378.66,2326779.96,2331715.22,6575
2023-09-06 13:00:00,2330387.34,2336659.85,2327331.86,2331995.85,10209
2023-09-06 14:00:00,2326270.76,2350790.91,2322689.5,2346098.71,9595
2023-09-06 15:00:00,2361986.12,2371453.0,2361986.12,2366719.56,10731
2023-09-06 16:00:00,2364608.68,2402452.04,2364608.68,2369347.38,12108
2023-09-06 17:00:00,2377652.2,2377652.2,2349100.17,2353807.79,13348
2023-09-06 18:00:00,2364592.39,2397119.6,2364592.39,2369331.06,10276
2023-09-06 19:00:00,2373895.41,2395644.97,2353136.12,2365297.16,8606
2023-09-06 20:00:00,2370013.75,2379512.8,2370013.75,2374763.28,8189
2023-09-06 21:00:00,2358630.64,2358630.64,2324071.97,2328729.42,5801
2023-09-06 22:00:00,2337934.57,2350703.07,2321173.36,2335401.15,15656
2023-09-06 23:00:00,2325717.28,2325717.28,2314554.28,2321075.13,9125
2023-09-07 00:00:00,2332632.11,2407314.27,2332632.11,2351011.46,7532
2023-09-07 01:00:00,2348681.47,2371423.75,2267430.01,2359984.79,14985
2023-09-07 02:00:00,2365859.5,2365859.5,2308201.4,2361137.23,14702
2023-09-07 03:00:00,2365221.54,2371747.53,2362279.48,2367013.5,13749
2023-09-07 04:00:00,2348637.57,2348637.57,2339261.77,2343949.67,9197
2023-09-07 05:00:00,2354238.92,2393368.46,2354238.92,2372517.51,10807
2023-09-07 06:00:00,2384290.2,2411907.24,2377690.57,2407093.05,21477
2023-09-07 07:00:00,2407419.31,2413756.52,2407419.31,2408938.64,19930
2023-09-07 08:00:00,2429394.15,2455929.61,2429394.15,2434262.68,10502
2023-09-07 09:00:00,2417441.81,2417441.81,2410766.55,2415597.74,7788
2023-09-07 10:00:00,2398330.42,2398330.42,2375170.89,2393543.34,15713
2023-09-07 11:00:00,2394885.7,2458124.27,2361776.77,2389263.91,8972
2023-09-07 12:00:00,2388825.44,2394843.55,2388115.07,2392900.87,14966
2023-09-07 13:00:00,2384962.59,2384962.59,2375441.78,2380202.18,5820
2023-09-07 14:00:00,2391139.61,2391139.61,2382762.4,2386366.87,8799
2023-09-07 15:00:00,2382957.45,2390048.39,2382957.45,2387732.91,8735
2023-09-07 16:00:00,2370703.67,2372711.27,2344102.16,2363575.17,8351
2023-09-07 17:00:00,2376208.32,2394853.13,2365511.69,2370252.2,14756
2023-09-07 18:00:00,2363603.34,2388069.29,2354834.14,2383302.68,9952
2023-09-07 19:00:00,2374987.85,2387064.4,2370163.59,2382299.8,12847
2023-09-07 20:00:00,2387257.17,2405237.08,2364499.61,2400436.21,12762
2023-09-07 21:00:00,2372000.8,2372000.8,2366550.3,2371292.89,17704
2023-09-07 22:00:00,2371941.81,2404728.6,2371941.81,2376695.21,15370
2023-09-07 23:00:00,2370149.4,2397153.24,2338965.01,2350036.89,8938
2023-09-08 00:00:00,2344744.28,2344744.28,2287106.31,2326177.92,14888
2023-09-08 01:00:00,2313778.02,2338387.17,2240703.21,2312940.19,19145
2023-09-08 02:00:00,2299169.57,2333953.75,2271655.77,2294590.49,6942
2023-09-08 03:00:00,2305579.34,2305579.34,2280195.75,2284765.29,6514
2023-09-08 04:00:00,2286016.88,2286301.46,2251426.07,2281737.98,6770
2023-09-08 05:00:00,2286516.89,2303074.1,2267661.15,2298477.14,8792
2023-09-08 06:00:00,2297396.47,2297396.47,2288225.22,2292810.84,19053
2023-09-08 07:00:00,2282919.8,2282919.8,2254543.71,2263741.04,14788
2023-09-08 08:00:00,2274681.02,2317942.4,2236680.73,2286882.57,11433
2023-09-08 09:00:00,2276720.74,2276720.74,2247040.41,2272176.39,4754
2023-09-08 10:00:00,2265296.78,2276182.55,2248102.11,2272786.28,8862
2023-09-08 11:00:00,2278214.97,2287346.09,2278214.97,2282780.53,10626
2023-09-08 12:00:00,2283133.17,2292284.0,2283133.17,2287708.59,5341
2023-09-08 13:00:00,2296721.14,2331228.09,2271945.85,2309148.35,12361
2023-09-08 14:00:00,2316714.5,2366017.99,2316348.6,2318100.2,10159
2023-09-08 15:00:00,2305907.24,2305907.24,2296702.02,2301304.63,9990
2023-09-08 16:00:00,2337919.3,2347289.72,2337919.3,2342604.51,8934
2023-09-08 17:00:00,2339870.19,2352828.49,2339870.19,2344559.31,8955
2023-09-08 18:00:00,2344560.96,2344560.96,2305260.46,2339881.2,10197
2023-09-08 19:00:00,2352017.2,2365161.25,2352017.2,2356730.66,20244
2023-09-08 20:00:00,2360418.78,2399510.91,2342777.89,2359077.98,8170
2023-09-08 21:00:00,2359479.79,2380357.64,2359479.79,2364208.21,9421
2023-09-08 22:00:00,2385048.83,2414332.52,2385048.83,2409513.5,7569
2023-09-08 23:00:00,2403649.18,2403649.18,2393216.07,2398851.48,5067
2023-09-09 00:00:00,2390753.0,2390753.0,2379492.46,2388011.12,10138
2023-09-09 01:00:00,2400411.34,2420238.52,2366939.74,2386288.71,7754
2023-09-09 02:00:00,2398468.21,2425048.12,2398468.21,2403274.76,19332
2023-09-09 03:00:00,2373635.79,2373635.79,2364160.2,2368897.99,10250
2023-09-09 04:00:00,2369109.45,2386329.29,2316886.5,2327964.58,10850
2023-09-09 05:00:00,2320714.51,2320714.51,2311450.18,2316082.34,9787
2023-09-09 06:00:00,2300056.93,2340278.23,2266247.96,2285092.3,18269
2023-09-09 07:00:00,2281989.64,2313152.74,2274111.6,2278668.94,11161
2023-09-09 08:00:00,2276770.59,2294406.19,2276770.59,2289826.53,11127
2023-09-09 09:00:00,2296466.23,2306484.74,2239040.0,2274456.7,11126
2023-09-09 10:00:00,2275248.93,2275248.93,2236744.26,2250034.53,8565
2023-09-09 11:00:00,2245509.57,2259132.97,2208523.01,2254623.72,6289
2023-09-09 12:00:00,2264532.45,2322733.42,2264532.45,2273613.21,12917
2023-09-09 13:00:00,2251210.67,2251210.67,2239816.33,2244304.94,15415
2023-09-09 14:00:00,2258411.28,2267463.03,2258411.28,2262937.15,15357
2023-09-09 15:00:00,2273881.84,2285308.85,2265175.6,2280747.36,11394
2023-09-09 16:00:00,2298178.01,2304978.89,2298178.01,2300378.13,10684
2023-09-09 17:00:00,2319463.68,2328760.13,2319463.68,2324111.9,9643
2023-09-09 18:00:00,2354016.56,2415783.38,2354016.56,2365548.92,15392
2023-09-09 19:00:00,2358307.96,2400571.67,2331567.99,2356169.47,17054
2023-09-09 20:00:00,2353792.12,2360446.86,2349304.89,2356280.83,14944
2023-09-09 21:00:00,2379068.15,2413696.85,2341219.51,2346287.87,9050
2023-09-09 22:00:00,2340189.13,2349568.65,2340189.13,2344878.89,12312
2023-09-09 23:00:00,2328535.06,2377602.65,2321770.5,2372856.94,9937
2023-09-10 00:00:00,2362724.7,2362724.7,2298628.04,2343946.55,10978
2023-09-10 01:00:00,2328458.32,2328458.32,2293325.73,2326159.39,9629
2023-09-10 02:00:00,2327219.79,2386737.01,2308429.03,2351972.69,7191
2023-09-10 03:00:00,2343343.03,2370234.67,2331615.15,2369867.08,10553
2023-09-10 04:00:00,2364909.81,2364909.81,2355469.06,2360189.43,12857
2023-09-10 05:00:00,2372507.7,2404074.27,2371171.33,2374583.21,9195
2023-09-10 06:00:00,2363861.25,2446021.69,2344371.91,2378397.98,6782
2023-09-10 07:00:00,2380434.81,2409310.19,2350274.23,2404501.19,13572
2023-09-10 08:00:00,2399983.81,2409694.46,2354380.23,2401506.17,12912
2023-09-10 09:00:00,2386964.72,2422185.07,2386938.71,2417350.37,9369
2023-09-10 10:00:00,2454431.96,2469308.13,2454431.96,2464379.37,9373
2023-09-10 11:00:00,2463667.67,2481485.29,2463667.67,2468604.88,17785
2023-09-10 12:00:00,2457387.7,2466517.12,2456670.75,2461593.94,10424
2023-09-10 13:00:00,2463619.03,2480308.41,2463619.03,2468556.15,14915
2023-09-10 14:00:00,2450979.05,2469175.34,2448358.17,2453264.7,11610
2023-09-10 15:00:00,2484884.88,2499093.39,2484884.88,2494105.18,15715
2023-09-10 16:00:00,2499543.61,2517953.31,2472289.98,2488431.81,21747
2023-09-10 17:00:00,2483572.35,2483572.35,2468965.03,2473912.85,14054
2023-09-10 18:00:00,2481604.8,2482942.35,2423680.16,2448968.61,13649
2023-09-10 19:00:00,2461008.65,2493605.28,2455720.97,2464330.73,7605
2023-09-10 20:00:00,2475877.33,2482031.59,2470203.98,2474319.2,7506
2023-09-10 21:00:00,2470742.89,2470742.89,2434387.33,2456267.75,11578
2023-09-10 22:00:00,2460471.23,2465794.76,2455951.27,2460873.02,7735
2023-09-10 23:00:00,2428220.79,2428220.79,2418527.3,2423374.05,7561
2023-09-11 00:00:00,2426851.08,2426851.08,2417163.06,2422007.07,11261
2023-09-11 01:00:00,2421144.75,2430848.73,2421144.75,2425996.74,7815
2023-09-11 02:00:00,2449736.68,2508744.84,2449736.68,2454645.97,10515
2023-09-11 03:00:00,2440524.44,2440524.44,2414919.36,2432430.45,7694
2023-09-11 04:00:00,2416770.9,2433928.18,2394164.3,2401546.49,9632
2023-09-11 05:00:00,2384999.51,2384999.51,2287683.74,2380239.04,13784
2023-09-11 06:00:00,2355725.85,2355725.85,2347009.88,2351713.31,8794
2023-09-11 07:00:00,2360421.85,2381122.2,2332659.62,2376369.46,12871
2023-09-11 08:00:00,2380856.84,2408928.52,2338508.99,2404120.28,7995
2023-09-11 09:00:00,2405004.99,2418027.75,2354921.58,2406652.49,9646
2023-09-11 10:00:00,2421936.2,2431643.36,2421936.2,2426789.78,9344
2023-09-11 11:00:00,2430323.0,2447318.79,2415741.91,2424489.49,7179
2023-09-11 12:00:00,2420905.82,2420905.82,2355128.66,2417777.65,15526
2023-09-11 13:00:00,2397236.87,2411598.03,2389434.0,2406784.46,10223
2023-09-11 14:00:00,2400990.2,2417501.47,2392108.46,2396902.26,5300
2023-09-11 15:00:00,2368147.69,2368147.69,2358694.01,2363420.85,9826
2023-09-11 16:00:00,2375622.08,2378865.63,2330862.25,2367154.09,8203
2023-09-11 17:00:00,2365466.72,2384289.71,2320009.78,2364786.58,14564
2023-09-11 18:00:00,2372940.47,2382451.25,2372940.47,2377695.86,7705
2023-09-11 19:00:00,2374859.88,2384252.25,2372621.42,2377376.17,12102
2023-09-11 20:00:00,2362872.61,2411790.44,2343038.73,2372106.0,9163
2023-09-11 21:00:00,2381736.28,2396447.16,2323422.6,2353433.32,9791
2023-09-11 22:00:00,2363143.23,2410705.82,2349325.46,2354033.53,6219
2023-09-11 23:00:00,2362570.67,2372155.57,2362056.45,2367420.72,11741
2023-09-12 00:00:00,2348514.16,2348514.16,2295000.32,2343826.51,17638
2023-09-12 01:00:00,2349940.48,2349940.48,2340559.48,2345249.98,9541
2023-09-12 02:00:00,2344707.98,2351676.72,2344707.98,2349406.79,15094
2023-09-12 03:00:00,2335851.24,2339785.09,2327239.48,2335114.86,9332
2023-09-12 04:00:00,2319570.16,2328793.12,2319496.54,2324144.83,13549
2023-09-12 05:00:00,2333995.13,2333995.13,2324677.79,2329336.46,11860
2023-09-12 06:00:00,2312959.31,2312959.31,2284025.0,2308342.62,8013
2023-09-12 07:00:00,2305419.59,2367396.29,2305419.59,2316612.83,8184
2023-09-12 08:00:00,2301535.48,2305550.6,2296346.8,2300948.7,10312
2023-09-12 09:00:00,2287902.07,2341799.31,2267678.75,2323023.33,10614
2023-09-12 10:00:00,2363671.41,2416467.48,2363671.41,2368408.23,15415
2023-09-12 11:00:00,2355177.94,2355177.94,2334168.25,2350476.99,12992
2023-09-12 12:00:00,2342065.77,2365142.65,2342065.77,2360421.81,11545
2023-09-12 13:00:00,2347518.98,2378920.32,2340921.24,2345612.46,8951
2023-09-12 14:00:00,2365056.29,2408013.92,2365056.29,2365562.45,10042
2023-09-12 15:00:00,2360118.0,2362336.53,2335431.09,2340111.32,13577
2023-09-12 16:00:00,2344958.5,2354357.14,2344958.5,2349657.82,11904
2023-09-12 17:00:00,2335196.73,2335196.73,2312476.61,2332810.63,12560
2023-09-12 18:00:00,2334995.17,2334995.17,2324994.93,2329654.24,7943
2023-09-12 19:00:00,2315653.34,2315653.34,2307061.68,2311031.28,12130
2023-09-12 20:00:00,2309947.65,2379472.58,2304803.6,2328507.23,10115
2023-09-12 21:00:00,2327318.82,2327318.82,2309053.12,2313680.48,17890
2023-09-12 22:00:00,2321305.52,2379451.78,2321305.52,2325957.44,10808
2023-09-12 23:00:00,2317470.14,2345879.74,2317470.14,2320670.77,8764
2023-09-13 00:00:00,2320895.17,2351189.34,2306239.27,2320062.22,9785
2023-09-13 01:00:00,2315813.56,2329141.59,2312741.71,2324492.6,8278
2023-09-13 02:00:00,2316089.82,2316089.82,2301741.99,2311466.88,14135
2023-09-13 03:00:00,2314175.42,2322199.71,2312929.45,2317564.58,7183
2023-09-13 04:00:00,2302530.46,2353087.42,2288439.44,2348390.64,18429
2023-09-13 05:00:00,2338438.55,2338438.55,2329103.47,2333771.01,10153
2023-09-13 06:00:00,2346079.71,2374631.15,2291130.13,2357149.76,9937
2023-09-13 07:00:00,2381096.43,2390639.9,2381096.43,2385868.17,10751
2023-09-13 08:00:00,2370742.56,2370742.56,2363601.52,2368338.2,7378
2023-09-13 09:00:00,2351087.25,2356699.31,2324892.58,2339508.36,10872
2023-09-13 10:00:00,2341376.16,2350760.44,2341376.16,2346068.3,7033
2023-09-13 11:00:00,2346006.56,2376157.85,2331395.31,2336067.45,11645
2023-09-13 12:00:00,2365284.56,2402885.22,2365284.56,2372692.76,11111
2023-09-13 13:00:00,2373255.6,2408086.91,2367692.23,2372437.1,11868
2023-09-13 14:00:00,2356771.54,2356771.54,2351303.09,2356015.12,6789
2023-09-13 15:00:00,2360968.3,2372223.87,2329299.38,2333967.32,14201
2023-09-13 16:00:00,2334596.88,2360616.63,2334596.88,2355904.82,9267
2023-09-13 17:00:00,2349653.9,2349653.9,2333070.47,2344963.97,6841
2023-09-13 18:00:00,2343559.19,2358501.6,2343559.19,2346418.52,11677
2023-09-13 19:00:00,2356375.69,2383801.43,2347610.09,2365276.8,12054
2023-09-13 20:00:00,2362232.55,2407052.96,2346566.17,2355510.38,9527
2023-09-13 21:00:00,2354684.6,2395093.24,2343467.67,2354733.57,18010
2023-09-13 22:00:00,2354154.72,2359285.18,2349866.87,2354576.02,9284
2023-09-13 23:00:00,2350732.5,2372603.07,2341898.85,2367867.33,12026
2023-09-14 00:00:00,2356486.75,2410260.67,2320877.58,2378790.95,12344
2023-09-14 01:00:00,2387109.95,2398598.57,2324662.52,2373470.37,10242
2023-09-14 02:00:00,2360273.65,2402384.4,2342594.03,2373980.05,9380
2023-09-14 03:00:00,2370274.77,2370805.41,2349884.27,2366073.27,16764
2023-09-14 04:00:00,2341919.74,2341919.74,2306537.38,2337245.25,10172
2023-09-14 05:00:00,2347309.64,2370415.22,2338704.07,2343390.85,11650
2023-09-14 06:00:00,2354145.04,2385244.45,2325798.03,2380483.48,14611
2023-09-14 07:00:00,2377412.45,2387458.48,2332001.36,2362341.47,9153
2023-09-14 08:00:00,2352136.18,2352136.18,2342746.41,2347441.29,8704
2023-09-14 09:00:00,2333012.39,2374860.97,2299818.08,2331583.76,13489
2023-09-14 10:00:00,2345301.8,2347894.44,2342322.08,2347016.11,9232
2023-09-14 11:00:00,2338643.85,2401544.82,2324655.01,2356497.56,14321
2023-09-14 12:00:00,2358612.45,2358612.45,2346798.89,2353904.64,14992
2023-09-14 13:00:00,2341545.26,2341545.26,2332197.77,2336871.51,8267
2023-09-14 14:00:00,2335440.62,2353611.46,2335440.62,2340120.87,17658
2023-09-14 15:00:00,2316184.85,2316184.85,2306130.59,2311561.72,5980
2023-09-14 16:00:00,2312472.07,2360790.88,2289483.86,2317023.35,11142
2023-09-14 17:00:00,2331509.64,2340681.57,2298947.22,2336009.55,9899
2023-09-14 18:00:00,2318344.17,2318344.17,2298392.85,2313716.73,10786
2023-09-14 19:00:00,2292061.78,2292061.78,2279819.83,2287486.81,10792
2023-09-14 20:00:00,2316380.89,2342088.62,2316380.89,2321022.94,19486
2023-09-14 21:00:00,2316450.69,2316450.69,2294294.69,2311827.04,9722
2023-09-14 22:00:00,2323756.6,2340835.26,2323756.6,2336162.94,6756
2023-09-14 23:00:00,2344293.06,2348049.79,2274421.18,2334867.0,10967
2023-09-15 00:00:00,2320866.5,2338175.88,2314804.86,2333508.86,13898
2023-09-15 01:00:00,2339049.56,2348424.51,2339049.56,2343737.04,19532
2023-09-15 02:00:00,2364273.14,2378717.46,2323502.89,2328159.2,8898
2023-09-15 03:00:00,2328165.53,2337496.85,2328165.53,2332831.19,12968
2023-09-15 04:00:00,2332200.03,2332200.03,2303685.75,2327544.94,5593
2023-09-15 05:00:00,2322609.1,2333318.49,2300134.56,2304744.04,10460
2023-09-15 06:00:00,2314181.41,2326508.48,2314181.41,2314541.71,7837
2023-09-15 07:00:00,2313331.72,2394348.39,2299904.34,2312547.33,17951
2023-09-15 08:00:00,2313411.85,2317308.57,2308057.84,2312683.2,8542
2023-09-15 09:00:00,2297513.58,2297513.58,2251129.44,2292927.73,10978
2023-09-15 10:00:00,2322161.33,2351176.61,2322161.33,2326814.96,15095
2023-09-15 11:00:00,2341194.03,2428192.7,2341194.03,2345885.8,11742
2023-09-15 12:00:00,2361084.21,2388986.87,2361084.21,2365815.84,7561
2023-09-15 13:00:00,2355624.09,2399541.18,2355624.09,2360344.78,12481
2023-09-15 14:00:00,2351932.5,2386055.01,2301362.67,2327724.41,10609
2023-09-15 15:00:00,2358012.1,2393668.81,2358012.1,2367241.88,11025
2023-09-15 16:00:00,2355616.62,2402312.14,2338914.65,2366483.95,9238
2023-09-15 17:00:00,2347794.82,2357204.81,2347794.82,2352499.81,8817
2023-09-15 18:00:00,2349617.03,2366453.61,2324982.48,2361730.15,10270
2023-09-15 19:00:00,2365105.88,2428499.27,2348077.34,2385018.49,12311
2023-09-15 20:00:00,2374152.43,2390688.17,2362740.12,2384141.37,18046
2023-09-15 21:00:00,2404373.67,2418039.24,2392366.31,2408713.46,10786
2023-09-15 22:00:00,2406428.66,2509801.77,2379839.3,2428397.11,6932
2023-09-15 23:00:00,2408090.52,2408090.52,2393526.06,2404400.92,10240
2023-09-16 00:00:00,2394609.15,2394609.15,2379494.72,2389829.49,15570
2023-09-16 01:00:00,2406896.51,2412800.01,2406896.51,2407984.04,7801
2023-09-16 02:00:00,2357878.87,2357878.87,2342391.78,2353172.52,7246
2023-09-16 03:00:00,2343427.47,2356444.05,2316714.35,2351740.57,14299
2023-09-16 04:00:00,2330438.88,2330438.88,2320894.36,2325787.31,14503
2023-09-16 05:00:00,2332640.4,2338386.72,2312176.88,2319588.08,11484
2023-09-16 06:00:00,2328876.65,2363624.99,2306447.5,2317116.96,9298
2023-09-16 07:00:00,2302250.74,2373197.85,2302250.74,2313685.33,10490
2023-09-16 08:00:00,2304466.21,2334872.0,2302172.79,2306786.37,5955
2023-09-16 09:00:00,2293766.2,2310544.61,2285444.66,2290024.71,9132
2023-09-16 10:00:00,2332949.26,2342299.76,2332949.26,2337624.51,8863
2023-09-16 11:00:00,2355397.76,2386056.25,2329247.41,2375661.51,13803
2023-09-16 12:00:00,2358267.17,2358267.17,2314934.22,2353560.05,12043
2023-09-16 13:00:00,2371280.24,2390345.58,2371280.24,2385574.43,12117
2023-09-16 14:00:00,2387421.41,2401461.17,2365413.94,2377813.82,12951
2023-09-16 15:00:00,2376017.88,2392683.63,2376017.88,2380779.44,11315
2023-09-16 16:00:00,2381068.69,2392550.17,2375126.04,2379885.81,9736
2023-09-16 17:00:00,2362744.56,2372214.48,2362744.56,2367479.52,11774
2023-09-16 18:00:00,2375152.17,2394154.31,2375152.17,2387575.56,10091
2023-09-16 19:00:00,2388865.11,2410996.73,2360128.15,2390101.14,11138
2023-09-16 20:00:00,2385513.08,2385513.08,2375990.07,2380751.58,7947
2023-09-16 21:00:00,2360593.92,2360593.92,2325855.61,2355882.16,9872
2023-09-16 22:00:00,2347503.71,2386663.12,2323159.41,2340492.04,12360
2023-09-16 23:00:00,2316333.17,2316333.17,2282836.46,2311709.75,4109
2023-09-17 00:00:00,2320186.2,2338701.88,2311367.53,2315999.52,17764
2023-09-17 01:00:00,2326275.52,2345645.25,2281112.1,2297210.03,10318
2023-09-17 02:00:00,2294750.88,2301622.08,2269309.94,2297028.02,11092
2023-09-17 03:00:00,2322869.08,2378668.34,2322869.08,2327524.12,7384
2023-09-17 04:00:00,2348906.55,2376732.22,2348906.55,2353613.78,9317
2023-09-17 05:00:00,2350239.92,2375282.54,2350239.92,2354949.82,10977
2023-09-17 06:00:00,2354190.14,2387874.28,2350538.48,2355248.98,21929
2023-09-17 07:00:00,2386428.69,2455963.5,2386428.69,2393338.86,12516
2023-09-17 08:00:00,2398672.89,2409031.05,2398672.89,2403479.85,9396
2023-09-17 09:00:00,2391724.16,2423413.2,2391724.16,2396517.2,7586
2023-09-17 10:00:00,2373238.1,2373238.1,2336578.1,2368501.1,11872
2023-09-17 11:00:00,2368748.32,2391187.51,2366000.04,2377521.38,14573
2023-09-17 12:00:00,2384278.41,2399353.98,2331917.24,2394564.85,9085
2023-09-17 13:00:00,2377546.93,2387076.18,2377546.93,2382311.56,7809
2023-09-17 14:00:00,2393539.69,2393539.69,2383984.64,2388762.17,8504
2023-09-17 15:00:00,2386906.22,2386906.22,2377377.65,2382141.94,20627
2023-09-17 16:00:00,2391137.79,2391137.79,2378741.1,2379408.18,9798
2023-09-17 17:00:00,2345991.17,2345991.17,2257321.08,2332077.17,11577
2023-09-17 18:00:00,2326624.62,2335277.17,2326624.62,2331287.2,8560
2023-09-17 19:00:00,2347443.58,2375945.59,2347443.58,2353260.1,10910
2023-09-17 20:00:00,2365291.33,2368347.35,2299408.15,2343583.83,9045
2023-09-17 21:00:00,2340889.6,2356206.23,2323570.53,2347537.27,10863
2023-09-17 22:00:00,2351598.61,2363424.56,2331138.93,2335810.55,8643
2023-09-17 23:00:00,2345785.48,2363497.95,2345785.48,2346058.86,11745
2023-09-18 00:00:00,2349474.14,2349474.14,2280717.93,2344784.57,9709
2023-09-18 01:00:00,2348379.38,2348379.38,2298517.98,2329761.92,11547
2023-09-18 02:00:00,2354152.03,2360864.87,2354152.03,2358869.77,11296
2023-09-18 03:00:00,2374285.66,2428627.61,2374285.66,2379043.75,9183
2023-09-18 04:00:00,2374933.3,2406409.1,2363791.83,2368528.89,11286
2023-09-18 05:00:00,2375227.96,2393759.91,2375227.96,2379987.93,14230
2023-09-18 06:00:00,2386891.83,2415072.03,2386891.83,2391675.18,7356
2023-09-18 07:00:00,2400026.98,2471481.26,2400026.98,2404836.65,13105
2023-09-18 08:00:00,2376239.3,2376239.3,2316040.02,2371496.31,10033
2023-09-18 09:00:00,2387899.09,2444676.57,2387899.09,2392684.46,12955
2023-09-18 10:00:00,2377433.09,2398416.38,2377433.09,2382197.48,13592
2023-09-18 11:00:00,2381227.46,2381227.46,2343316.33,2376474.51,13344
2023-09-18 12:00:00,2424384.36,2434101.34,2424384.36,2429242.85,9201
2023-09-18 13:00:00,2429172.37,2445836.32,2429172.37,2434040.45,9378
2023-09-18 14:00:00,2436594.22,2436594.22,2412355.53,2424954.24,15910
2023-09-18 15:00:00,2380475.21,2380475.21,2348765.23,2380380.06,10368
2023-09-18 16:00:00,2404053.0,2413688.48,2404053.0,2408870.74,16329
2023-09-18 17:00:00,2398879.35,2430531.35,2377616.36,2382381.12,8147
2023-09-18 18:00:00,2368976.69,2368976.69,2342378.53,2364248.19,8719
2023-09-18 19:00:00,2361470.17,2364936.23,2328368.81,2360215.8,14133
2023-09-18 20:00:00,2385325.72,2394886.14,2385325.72,2390105.93,3868
2023-09-18 21:00:00,2381676.15,2409660.07,2381453.57,2406286.7,7793
2023-09-18 22:00:00,2397655.49,2408218.08,2367724.93,2403411.26,6731
2023-09-18 23:00:00,2414691.84,2414691.84,2338749.81,2409872.1,9909
2023-09-19 00:00:00,2408481.35,2449181.37,2385809.74,2398114.69,11199
2023-09-19 01:00:00,2394471.72,2427204.45,2358421.83,2401553.82,11119
2023-09-19 02:00:00,2408358.85,2408358.85,2398744.64,2403551.75,5376
2023-09-19 03:00:00,2418811.85,2427878.36,2418811.85,2423032.3,15944
2023-09-19 04:00:00,2436740.61,2446507.11,2436740.61,2441623.86,9443
2023-09-19 05:00:00,2445012.79,2473776.47,2445012.79,2449912.62,18382
2023-09-19 06:00:00,2441683.31,2455195.21,2404479.59,2440628.45,15588
2023-09-19 07:00:00,2424954.49,2481418.96,2400728.81,2453920.45,10677
2023-09-19 08:00:00,2437428.43,2475391.17,2422633.59,2449917.27,7317
2023-09-19 09:00:00,2459717.74,2481528.87,2421479.54,2426332.21,15146
2023-09-19 10:00:00,2422575.43,2422575.43,2399663.91,2417739.95,11444
2023-09-19 11:00:00,2425615.04,2458178.62,2414452.22,2419290.8,12961
2023-09-19 12:00:00,2430796.98,2500712.19,2423749.25,2437057.3,12047
2023-09-19 13:00:00,2423466.0,2457466.03,2418662.96,2432220.97,11290
2023-09-19 14:00:00,2424613.65,2424613.65,2383462.36,2407307.5,7949
2023-09-19 15:00:00,2394515.67,2413692.86,2387745.52,2408875.11,8645
2023-09-19 16:00:00,2428872.99,2439351.88,2406640.82,2411463.75,9186
2023-09-19 17:00:00,2410490.21,2457350.53,2410490.21,2415320.86,11395
2023-09-19 18:00:00,2411601.21,2472936.68,2411601.21,2433452.67,9243
2023-09-19 19:00:00,2447827.69,2457638.62,2447827.69,2452733.15,8467
2023-09-19 20:00:00,2448712.14,2455254.54,2438254.61,2438830.39,16905
2023-09-19 21:00:00,2420034.32,2430181.93,2413075.99,2425331.27,9225
2023-09-19 22:00:00,2406356.84,2409070.59,2370613.98,2404262.06,7684
2023-09-19 23:00:00,2404341.48,2423762.18,2404341.48,2418684.72,9341
2023-09-20 00:00:00,2438901.84,2452154.35,2438901.84,2447259.83,11046
2023-09-20 01:00:00,2440825.48,2440825.48,2419377.47,2439390.02,12017
2023-09-20 02:00:00,2439835.61,2439835.61,2428615.08,2433482.05,9652
2023-09-20 03:00:00,2459338.17,2467204.99,2459338.17,2461845.79,5729
2023-09-20 04:00:00,2464742.56,2485432.7,2464742.56,2469681.93,13936
2023-09-20 05:00:00,2480682.14,2480682.14,2451702.58,2475730.68,11237
2023-09-20 06:00:00,2453456.93,2453456.93,2443662.69,2448559.81,6546
2023-09-20 07:00:00,2455497.9,2506848.04,2438703.59,2460554.39,8402
2023-09-20 08:00:00,2447475.89,2496229.35,2431387.61,2439618.78,11699
2023-09-20 09:00:00,2440531.2,2460955.03,2411150.14,2415982.11,13400
2023-09-20 10:00:00,2414189.28,2414189.28,2404551.8,2409370.54,4237
2023-09-20 11:00:00,2403284.2,2403284.2,2397273.92,2398487.23,10012
2023-09-20 12:00:00,2401884.66,2405141.45,2390595.48,2395386.25,5034
2023-09-20 13:00:00,2404566.74,2431105.83,2307341.92,2368638.87,6721
2023-09-20 14:00:00,2374874.82,2438012.56,2374874.82,2390017.95,5686
2023-09-20 15:00:00,2408947.25,2442148.14,2408947.25,2413774.8,13429
2023-09-20 16:00:00,2388142.71,2388142.71,2362790.15,2375925.45,8979
2023-09-20 17:00:00,2366166.97,2439364.88,2366166.97,2397462.19,7927
2023-09-20 18:00:00,2403259.19,2407545.6,2367255.73,2383065.53,5717
2023-09-20 19:00:00,2397170.57,2406778.47,2397170.57,2401974.52,6045
2023-09-20 20:00:00,2401932.41,2424250.89,2397079.54,2401883.31,13105
2023-09-20 21:00:00,2409771.24,2416388.55,2388890.14,2403685.34,17974
2023-09-20 22:00:00,2394160.15,2406030.05,2391495.95,2401227.59,10631
2023-09-20 23:00:00,2421490.77,2429068.75,2421490.77,2426343.46,12793
2023-09-21 00:00:00,2417075.49,2439231.94,2374335.69,2401856.24,11759
2023-09-21 01:00:00,2410350.19,2423006.32,2410350.19,2415180.55,12163
2023-09-21 02:00:00,2407995.88,2462549.54,2407995.88,2437596.82,9587
2023-09-21 03:00:00,2456226.05,2456226.05,2446420.76,2451323.4,9116
2023-09-21 04:00:00,2449854.39,2501610.0,2449854.39,2496616.77,9178
2023-09-21 05:00:00,2489398.29,2525487.75,2477075.04,2482039.12,7741
2023-09-21 06:00:00,2493485.93,2503479.86,2493485.93,2498482.89,10410
2023-09-21 07:00:00,2497429.43,2497429.43,2487459.65,2492444.54,12538
2023-09-21 08:00:00,2500778.34,2532745.61,2500778.34,2514034.0,11997
2023-09-21 09:00:00,2504131.9,2529419.0,2504131.9,2509150.21,11182
2023-09-21 10:00:00,2501777.22,2501777.22,2462969.3,2496783.66,10651
2023-09-21 11:00:00,2514618.47,2598395.79,2514618.47,2519657.79,9777
2023-09-21 12:00:00,2509508.48,2509508.48,2499490.49,2504499.49,11157
2023-09-21 13:00:00,2476346.84,2476346.84,2466461.22,2471404.03,8553
2023-09-21 14:00:00,2463571.36,2469757.06,2434163.74,2458680.08,9948
2023-09-21 15:00:00,2465637.32,2506865.97,2464587.47,2469526.52,11661
2023-09-21 16:00:00,2490388.71,2500370.22,2490388.71,2495379.46,11503
2023-09-21 17:00:00,2488169.9,2526631.69,2483787.65,2493971.78,10004
2023-09-21 18:00:00,2512194.77,2522263.69,2512194.77,2517229.23,11548
2023-09-21 19:00:00,2503440.96,2503440.96,2479476.93,2484445.82,8218
2023-09-21 20:00:00,2477429.25,2477429.25,2467539.31,2472484.28,6285
2023-09-21 21:00:00,2471332.51,2473818.19,2459460.69,2464389.47,16004
2023-09-21 22:00:00,2460764.46,2507076.53,2447540.29,2460315.61,9013
2023-09-21 23:00:00,2446947.52,2471843.11,2418449.96,2460479.98,5198
2023-09-22 00:00:00,2467919.49,2479656.12,2467919.49,2472865.22,9557
2023-09-22 01:00:00,2462795.95,2462795.95,2449861.22,2461738.61,7676
2023-09-22 02:00:00,2455162.47,2467920.67,2439814.46,2462994.68,5202
2023-09-22 03:00:00,2462175.99,2475166.08,2418135.79,2460536.12,8998
2023-09-22 04:00:00,2445386.23,2445386.23,2435624.21,2440505.22,10265
2023-09-22 05:00:00,2441920.72,2462420.76,2433075.44,2437951.34,7872
2023-09-22 06:00:00,2432232.18,2439794.65,2432232.18,2434924.8,12761
2023-09-22 07:00:00,2426811.48,2435189.87,2426811.48,2431674.83,7172
2023-09-22 08:00:00,2440557.41,2488884.15,2420917.66,2432578.53,6654
2023-09-22 09:00:00,2429452.38,2439189.66,2429452.38,2434321.02,19988
2023-09-22 10:00:00,2437748.04,2439061.78,2394770.68,2425888.08,14287
2023-09-22 11:00:00,2428305.53,2456649.11,2424324.45,2451745.62,12044
2023-09-22 12:00:00,2429095.51,2429095.51,2422738.25,2427593.43,10566
2023-09-22 13:00:00,2418764.37,2418764.37,2406088.2,2413936.5,11161
2023-09-22 14:00:00,2447460.06,2514288.79,2447460.06,2470116.13,13278
2023-09-22 15:00:00,2459057.25,2498862.3,2442634.97,2447530.03,14458
2023-09-22 16:00:00,2438773.09,2476299.06,2396120.17,2420075.85,10307
2023-09-22 17:00:00,2418127.99,2448220.17,2418127.99,2435666.81,16117
2023-09-22 18:00:00,2399393.94,2399393.94,2372854.22,2394604.73,6493
2023-09-22 19:00:00,2397227.93,2397227.93,2372872.32,2392443.05,10685
2023-09-22 20:00:00,2432045.57,2441793.25,2432045.57,2436919.41,10695
2023-09-22 21:00:00,2418342.4,2418342.4,2401569.13,2406381.89,13345
2023-09-22 22:00:00,2384872.57,2384872.57,2327346.74,2369343.86,13021
2023-09-22 23:00:00,2347953.47,2347953.47,2322422.7,2344161.11,7494
2023-09-23 00:00:00,2347001.35,2398217.26,2347001.35,2366469.73,9086
2023-09-23 01:00:00,2387441.65,2397762.92,2387441.65,2392226.1,6858
2023-09-23 02:00:00,2388779.18,2395595.93,2362509.11,2384946.83,7471
2023-09-23 03:00:00,2402656.9,2407117.01,2396577.07,2401379.83,7430
2023-09-23 04:00:00,2414474.39,2440142.93,2414474.39,2430926.48,13612
2023-09-23 05:00:00,2442171.79,2470726.17,2438665.75,2467153.41,7259
2023-09-23 06:00:00,2457027.49,2473967.74,2409723.78,2460994.25,12604
2023-09-23 07:00:00,2418733.47,2418733.47,2352305.83,2413905.66,7874
2023-09-23 08:00:00,2398970.22,2404206.92,2394609.29,2399408.1,8390
2023-09-23 09:00:00,2395528.83,2404511.98,2376473.63,2393499.74,8084
2023-09-23 10:00:00,2395975.65,2395975.65,2365748.27,2391193.26,8866
2023-09-23 11:00:00,2396930.25,2402362.6,2385622.49,2390403.3,6911
2023-09-23 12:00:00,2410350.55,2435409.31,2410350.55,2415180.92,6276
2023-09-23 13:00:00,2440166.23,2446865.4,2440166.23,2441981.43,8585
2023-09-23 14:00:00,2443733.14,2443733.14,2394183.15,2438855.43,18351
2023-09-23 15:00:00,2456280.53,2467938.37,2456280.53,2461202.94,8316
2023-09-23 16:00:00,2462749.85,2472620.59,2462749.85,2467685.22,12088
2023-09-23 17:00:00,2472886.45,2472886.45,2463014.65,2467950.55,5060
2023-09-23 18:00:00,2474336.49,2510308.74,2455598.81,2485221.6,6829
2023-09-23 19:00:00,2479795.94,2535193.3,2479795.94,2484765.47,9565
2023-09-23 20:00:00,2519564.1,2537107.01,2519564.1,2524613.32,12787
2023-09-23 21:00:00,2496130.4,2496130.4,2485791.68,2490773.23,10028
2023-09-23 22:00:00,2492497.24,2519699.43,2473108.18,2478064.31,9988
2023-09-23 23:00:00,2489409.15,2522027.4,2463573.04,2473991.36,9985
2023-09-24 00:00:00,2461628.51,2490213.9,2441235.98,2481578.05,13953
2023-09-24 01:00:00,2501207.85,2564861.95,2501207.85,2505546.08,13708
2023-09-24 02:00:00,2515504.85,2519632.34,2422484.16,2501997.31,6875
2023-09-24 03:00:00,2477216.6,2477216.6,2449656.62,2470153.55,10286
2023-09-24 04:00:00,2484084.18,2520269.28,2479626.49,2486150.52,15909
2023-09-24 05:00:00,2490451.32,2552863.52,2490451.32,2499625.37,10081
2023-09-24 06:00:00,2473677.18,2497959.38,2452487.93,2457402.73,11321
2023-09-24 07:00:00,2452202.83,2461988.28,2449140.69,2457074.13,7856
2023-09-24 08:00:00,2456965.1,2456965.1,2398866.29,2424977.06,8052
2023-09-24 09:00:00,2416461.74,2422722.22,2408520.49,2413347.18,12194
2023-09-24 10:00:00,2406542.98,2406542.98,2391892.89,2397724.55,12842
2023-09-24 11:00:00,2405445.96,2443270.59,2405445.96,2416565.1,12785
2023-09-24 12:00:00,2427833.13,2443915.57,2404750.22,2420921.1,13143
2023-09-24 13:00:00,2427718.91,2465251.74,2344978.71,2397323.88,15013
2023-09-24 14:00:00,2403049.33,2454048.26,2403049.33,2417633.84,16352
2023-09-24 15:00:00,2396131.66,2396131.66,2375696.78,2391348.96,6893
2023-09-24 16:00:00,2383928.77,2431994.71,2372271.92,2401195.4,10896
2023-09-24 17:00:00,2411582.71,2414605.21,2383282.24,2388058.36,8484
2023-09-24 18:00:00,2389271.01,2389271.01,2367544.08,2384502.01,9495
2023-09-24 19:00:00,2382208.37,2402905.95,2338334.07,2398109.74,13356
2023-09-24 20:00:00,2406585.08,2416230.71,2406585.08,2411407.9,10905
2023-09-24 21:00:00,2435236.75,2455134.01,2435236.75,2440116.98,6348
2023-09-24 22:00:00,2432592.55,2467914.63,2387351.59,2439343.52,15392
2023-09-24 23:00:00,2445439.3,2458718.49,2441499.15,2446391.93,11956
2023-09-25 00:00:00,2444878.54,2444878.54,2404498.12,2438186.69,9284
2023-09-25 01:00:00,2437922.14,2459840.38,2437922.14,2442807.76,8889
2023-09-25 02:00:00,2446837.71,2503540.03,2423281.96,2452386.22,13231
2023-09-25 03:00:00,2451758.73,2451758.73,2440591.13,2450704.22,9616
2023-09-25 04:00:00,2419841.68,2419841.68,2410181.63,2415011.65,10774
2023-09-25 05:00:00,2410795.18,2428778.96,2401799.27,2423931.1,10823
2023-09-25 06:00:00,2428227.28,2437959.65,2428227.28,2433093.47,13155
2023-09-25 07:00:00,2416221.45,2428069.52,2416221.45,2421063.58,8175
2023-09-25 08:00:00,2402624.46,2402624.46,2375388.42,2397828.8,12045
2023-09-25 09:00:00,2421378.59,2435237.34,2421378.59,2430106.46,11221
2023-09-25 10:00:00,2436711.31,2446477.69,2436711.31,2441594.5,14301
2023-09-25 11:00:00,2450286.62,2462982.42,2404374.33,2438160.05,10557
2023-09-25 12:00:00,2436971.53,2454405.08,2411980.39,2416814.02,13542
2023-09-25 13:00:00,2435743.38,2440048.18,2400400.93,2403032.25,14603
2023-09-25 14:00:00,2426880.6,2436607.58,2426880.6,2431744.09,17967
2023-09-25 15:00:00,2444037.18,2461589.33,2431258.82,2436131.08,9514
2023-09-25 16:00:00,2431465.79,2431465.79,2421759.34,2426612.56,22811
2023-09-25 17:00:00,2433823.87,2453420.4,2433823.87,2438701.28,14760
2023-09-25 18:00:00,2430355.0,2430355.0,2412973.33,2423867.25,6878
2023-09-25 19:00:00,2450857.97,2460681.05,2450857.97,2455769.51,13722
2023-09-25 20:00:00,2483245.48,2488369.43,2483245.48,2483402.62,10701
2023-09-25 21:00:00,2467832.03,2477870.67,2455076.48,2472924.82,7754
2023-09-25 22:00:00,2462312.25,2462312.25,2444360.11,2459760.74,5739
2023-09-25 23:00:00,2413191.82,2413191.82,2397368.69,2407453.49,7694
2023-09-26 00:00:00,2390947.4,2420078.59,2376674.22,2381437.1,7729
2023-09-26 01:00:00,2364578.9,2364578.9,2344807.39,2359859.18,11832
2023-09-26 02:00:00,2361390.28,2370761.56,2361390.28,2368029.4,12656
2023-09-26 03:00:00,2362173.31,2398443.84,2362173.31,2366907.12,10140
2023-09-26 04:00:00,2347954.06,2347954.06,2341474.95,2346167.28,11862
2023-09-26 05:00:00,2351829.53,2351829.53,2342440.99,2347135.26,6199
2023-09-26 06:00:00,2358448.02,2367900.72,2358448.02,2363174.37,13751
2023-09-26 07:00:00,2374199.43,2392997.59,2374199.43,2378957.34,11184
2023-09-26 08:00:00,2363587.14,2363587.14,2320455.14,2346896.99,5863
2023-09-26 09:00:00,2337300.05,2363786.47,2307315.15,2350874.33,13832
2023-09-26 10:00:00,2335256.02,2335256.02,2291660.69,2330594.83,7237
2023-09-26 11:00:00,2350341.76,2390892.26,2350341.76,2355051.86,13553
2023-09-26 12:00:00,2371506.01,2381011.05,2371506.01,2376258.53,8632
2023-09-26 13:00:00,2368658.04,2368658.04,2359202.32,2363930.18,9864
2023-09-26 14:00:00,2354187.94,2359601.04,2320058.46,2354891.26,10986
2023-09-26 15:00:00,2352611.13,2358615.31,2347598.7,2352303.3,9396
2023-09-26 16:00:00,2338757.89,2343685.62,2298176.77,2315462.37,13537
2023-09-26 17:00:00,2324957.3,2334737.47,2324957.3,2330077.32,7551
2023-09-26 18:00:00,2327788.63,2337118.45,2327788.63,2332453.54,14910
2023-09-26 19:00:00,2347271.65,2394701.85,2325604.36,2358419.47,18997
2023-09-26 20:00:00,2348208.93,2348208.93,2338834.85,2343521.89,15904
2023-09-26 21:00:00,2343370.75,2343370.75,2325296.31,2338693.36,12891
2023-09-26 22:00:00,2323000.35,2323000.35,2312604.52,2317239.0,10475
2023-09-26 23:00:00,2317704.87,2332800.66,2297982.12,2306587.41,8085
2023-09-27 00:00:00,2313315.67,2380794.1,2273285.15,2293192.24,18500
2023-09-27 01:00:00,2316718.42,2326003.87,2316718.42,2321361.15,17304
2023-09-27 02:00:00,2320897.73,2320983.19,2288491.61,2316350.49,8708
2023-09-27 03:00:00,2322532.34,2331841.09,2322532.34,2327186.72,7981
2023-09-27 04:00:00,2330327.19,2332623.95,2323312.07,2327968.01,8452
2023-09-27 05:00:00,2316444.54,2316444.54,2303483.35,2311820.89,8320
2023-09-27 06:00:00,2313067.6,2359934.96,2312758.94,2317393.73,9058
2023-09-27 07:00:00,2312790.5,2392857.61,2297848.77,2337239.85,9192
2023-09-27 08:00:00,2324744.27,2337056.26,2317118.07,2321761.59,8195
2023-09-27 09:00:00,2319693.27,2365085.92,2319693.27,2345450.44,11116
2023-09-27 10:00:00,2341070.46,2341070.46,2331724.87,2336397.66,10216
2023-09-27 11:00:00,2336015.23,2381798.86,2330187.76,2334857.47,9103
2023-09-27 12:00:00,2332315.54,2409339.51,2327007.43,2352740.5,9230
2023-09-27 13:00:00,2355061.93,2365150.72,2342212.9,2346906.71,9236
2023-09-27 14:00:00,2345143.86,2367233.11,2310673.78,2354837.11,17017
2023-09-27 15:00:00,2364382.17,2381400.71,2350909.83,2355621.07,8234
2023-09-27 16:00:00,2358754.02,2426270.24,2307418.02,2364915.22,5461
2023-09-27 17:00:00,2329979.42,2329979.42,2320678.11,2325328.77,14672
2023-09-27 18:00:00,2303534.81,2303534.81,2289598.43,2298936.93,9151
2023-09-27 19:00:00,2315530.27,2370240.32,2315530.27,2320170.62,6259
2023-09-27 20:00:00,2345973.38,2353205.24,2345973.38,2348508.22,12248
2023-09-27 21:00:00,2340099.98,2392414.52,2303782.87,2338372.16,7043
2023-09-27 22:00:00,2338574.02,2346296.23,2336055.72,2341613.0,13175
2023-09-27 23:00:00,2346294.98,2373189.84,2346294.98,2355019.31,10450
2023-09-28 00:00:00,2349077.9,2380985.05,2349077.9,2375506.3,11023
2023-09-28 01:00:00,2347034.3,2347034.3,2337664.9,2342349.6,10145
2023-09-28 02:00:00,2358926.4,2367813.76,2286922.27,2333249.73,5474
2023-09-28 03:00:00,2333855.23,2382893.97,2333855.23,2335232.92,6449
2023-09-28 04:00:00,2345157.03,2361570.47,2345157.03,2356856.76,15814
2023-09-28 05:00:00,2407300.29,2421485.93,2407300.29,2412124.54,9154
2023-09-28 06:00:00,2413689.83,2413689.83,2401685.35,2412017.06,7630
2023-09-28 07:00:00,2393489.94,2393489.94,2383935.09,2388712.52,10450
2023-09-28 08:00:00,2401839.19,2406964.18,2397355.54,2402159.86,8498
2023-09-28 09:00:00,2431570.99,2462434.18,2431570.99,2433013.19,10049
2023-09-28 10:00:00,2445753.49,2483823.42,2426183.18,2438526.61,9789
2023-09-28 11:00:00,2423990.01,2428430.55,2412044.98,2423583.38,9098
2023-09-28 12:00:00,2441569.19,2451355.04,2441569.19,2446462.12,10362
2023-09-28 13:00:00,2443296.56,2505618.84,2443296.56,2462436.86,12174
2023-09-28 14:00:00,2453638.06,2461613.03,2408861.34,2443684.71,13524
2023-09-28 15:00:00,2449311.52,2459128.4,2449311.52,2454219.96,11946
2023-09-28 16:00:00,2443199.11,2513414.95,2443199.11,2476613.3,16586
2023-09-28 17:00:00,2496700.73,2507492.49,2496700.73,2501704.14,7569
2023-09-28 18:00:00,2516414.39,2534698.62,2495137.58,2500137.86,15961
2023-09-28 19:00:00,2500583.39,2502084.7,2487723.61,2492709.03,10609
2023-09-28 20:00:00,2503689.62,2523063.17,2503689.62,2518027.12,9870
2023-09-28 21:00:00,2519157.69,2539077.45,2487140.3,2492124.54,9916
2023-09-28 22:00:00,2500285.44,2506472.33,2466393.48,2501469.39,6324
2023-09-28 23:00:00,2478365.47,2478365.47,2468471.8,2473418.63,10236
2023-09-29 00:00:00,2491481.16,2510166.58,2491481.16,2496474.1,11029
2023-09-29 01:00:00,2513712.94,2560527.35,2482144.64,2491520.47,5549
2023-09-29 02:00:00,2497340.58,2522999.52,2490226.55,2517963.59,17729
2023-09-29 03:00:00,2532330.51,2532330.51,2522221.41,2527275.96,16150
2023-09-29 04:00:00,2505717.6,2505717.6,2495714.73,2500716.16,8286
2023-09-29 05:00:00,2508017.2,2550554.56,2508017.2,2529992.0,6902
2023-09-29 06:00:00,2544115.87,2565723.37,2544115.87,2560602.16,7360
2023-09-29 07:00:00,2569472.59,2599874.53,2569472.59,2575878.82,13445
2023-09-29 08:00:00,2572836.56,2604718.5,2550731.63,2555843.32,10932
2023-09-29 09:00:00,2556574.66,2625459.39,2541547.15,2546640.43,9744
2023-09-29 10:00:00,2552419.51,2552419.51,2503392.72,2547324.86,11658
2023-09-29 11:00:00,2535358.05,2535358.05,2518900.84,2530297.46,8832
2023-09-29 12:00:00,2558681.46,2568936.7,2558681.46,2563809.08,8836
2023-09-29 13:00:00,2558348.82,2568602.72,2558348.82,2563475.77,8594
2023-09-29 14:00:00,2507480.03,2507480.03,2498578.06,2503585.23,11932
2023-09-29 15:00:00,2535860.73,2553313.94,2487862.05,2510651.89,16070
2023-09-29 16:00:00,2505075.03,2518941.43,2490277.05,2503247.47,16520
2023-09-29 17:00:00,2486104.02,2515724.56,2451196.01,2501899.07,10671
2023-09-29 18:00:00,2486743.2,2506174.35,2459731.18,2494665.6,5637
2023-09-29 19:00:00,2501568.55,2516814.07,2493321.35,2511790.49,9813
2023-09-29 20:00:00,2529404.09,2574436.22,2529404.09,2534473.04,13549
2023-09-29 21:00:00,2543868.38,2543868.38,2514837.49,2538790.8,5701
2023-09-29 22:00:00,2524977.81,2535097.96,2524977.81,2530037.88,8058
2023-09-29 23:00:00,2525613.26,2596162.07,2525613.26,2528026.8,10702
2023-09-30 00:00:00,2522368.57,2532478.26,2522368.57,2527423.42,8634
2023-09-30 01:00:00,2514912.79,2514912.79,2493464.9,2509893.01,14457
2023-09-30 02:00:00,2516769.95,2526857.2,2516769.95,2521813.57,5724
2023-09-30 03:00:00,2535745.77,2535745.77,2499858.78,2530684.4,11896
2023-09-30 04:00:00,2511367.49,2573544.42,2421701.95,2561413.46,13679
2023-09-30 05:00:00,2561697.04,2616781.73,2553993.79,2584770.6,10315
2023-09-30 06:00:00,2578974.7,2578974.7,2546905.62,2566058.83,14284
2023-09-30 07:00:00,2557887.32,2585267.78,2535387.93,2580107.57,10587
2023-09-30 08:00:00,2574714.58,2574714.58,2551025.38,2556137.66,11550
2023-09-30 09:00:00,2562950.13,2582865.91,2562950.13,2568086.31,12056
2023-09-30 10:00:00,2566375.06,2571486.83,2541039.73,2554009.6,15225
2023-09-30 11:00:00,2535054.03,2535054.03,2511904.53,2530203.03,11460
2023-09-30 12:00:00,2532001.74,2540000.28,2529860.56,2534930.42,8847
2023-09-30 13:00:00,2483237.81,2483237.81,2440237.92,2478281.25,7473
2023-09-30 14:00:00,2465410.77,2465410.77,2439831.13,2444720.57,9285
2023-09-30 15:00:00,2448889.87,2449769.92,2439990.4,2444880.16,10031
2023-09-30 16:00:00,2446594.44,2455116.87,2414411.06,2450216.43,10771
2023-09-30 17:00:00,2441365.59,2453123.99,2441365.59,2446258.1,11063
2023-09-30 18:00:00,2432842.66,2432842.66,2383335.52,2418390.75,12677
2023-09-30 19:00:00,2412135.99,2412135.99,2402506.71,2407321.35,9927
2023-09-30 20:00:00,2415828.46,2425511.14,2415828.46,2420669.8,9038
2023-09-30 21:00:00,2421987.43,2486954.22,2416057.79,2437160.45,8210
2023-09-30 22:00:00,2453566.39,2455896.67,2436103.97,2440985.95,7742
2023-09-30 23:00:00,2452739.98,2472981.63,2452739.98,2468045.54,10264
2023-10-01 00:00:00,2473652.81,2501571.53,2473652.81,2478610.03,5204
2023-10-01 01:00:00,2465829.57,2465829.57,2460542.91,2465473.86,10733
2023-10-01 02:00:00,2473277.79,2473950.41,2457575.33,2462500.33,9967
2023-10-01 03:00:00,2453020.89,2460509.26,2377259.96,2437184.31,9317
2023-10-01 04:00:00,2433833.25,2444156.98,2432153.66,2439278.42,8821
2023-10-01 05:00:00,2460656.82,2499119.26,2460656.82,2465573.51,8427
2023-10-01 06:00:00,2480640.39,2512019.91,2480640.39,2482138.33,12930
2023-10-01 07:00:00,2507437.74,2517487.59,2507437.74,2512462.66,5911
2023-10-01 08:00:00,2509844.92,2514995.02,2482461.79,2506519.55,7880
2023-10-01 09:00:00,2529686.82,2539825.84,2529686.82,2534756.33,10387
2023-10-01 10:00:00,2534953.29,2534953.29,2524833.72,2529893.51,12630
2023-10-01 11:00:00,2544255.56,2573385.61,2544255.56,2559713.49,16195
2023-10-01 12:00:00,2551656.9,2562096.76,2471088.15,2556982.79,7030
2023-10-01 13:00:00,2565445.91,2607201.45,2556515.44,2569643.1,10178
2023-10-01 14:00:00,2595054.34,2605800.59,2595054.34,2597736.93,10630
2023-10-01 15:00:00,2596040.17,2631377.45,2583970.04,2589148.34,9910
2023-10-01 16:00:00,2584650.43,2595009.75,2584650.43,2589830.09,8130
2023-10-01 17:00:00,2583704.68,2618340.84,2569272.22,2613114.61,14861
2023-10-01 18:00:00,2621506.15,2633097.18,2583953.41,2604920.1,19265
2023-10-01 19:00:00,2589401.56,2589401.56,2566877.49,2572021.53,9461
2023-10-01 20:00:00,2608918.76,2628178.68,2608918.76,2614147.05,4617
2023-10-01 21:00:00,2603912.42,2603912.42,2523618.13,2598714.99,6051
2023-10-01 22:00:00,2604370.92,2632819.88,2552937.46,2597593.13,12749
2023-10-01 23:00:00,2609257.82,2647557.9,2551127.85,2617669.08,11526
2023-10-02 00:00:00,2625986.28,2631932.4,2593853.21,2599051.31,7372
2023-10-02 01:00:00,2598396.71,2601070.07,2519029.93,2573178.36,9016
2023-10-02 02:00:00,2558826.42,2583604.85,2521182.66,2575564.43,9024
2023-10-02 03:00:00,2535659.85,2535659.85,2514267.8,2534824.06,11373
2023-10-02 04:00:00,2520711.86,2547782.98,2508995.55,2528178.73,10135
2023-10-02 05:00:00,2539436.13,2595498.09,2532187.4,2532966.14,14688
2023-10-02 06:00:00,2526000.34,2551449.29,2526000.34,2526901.72,9410
2023-10-02 07:00:00,2499916.83,2499916.83,2489937.12,2494926.98,8596
2023-10-02 08:00:00,2500189.65,2548934.15,2500189.65,2529085.4,8342
2023-10-02 09:00:00,2521537.0,2536087.18,2451124.97,2531025.13,13558
2023-10-02 10:00:00,2555217.17,2577969.72,2555217.17,2560337.84,8919
2023-10-02 11:00:00,2557057.79,2557057.79,2547843.04,2552948.94,13423
2023-10-02 12:00:00,2538122.69,2538122.69,2508359.82,2533056.58,9065
2023-10-02 13:00:00,2543294.57,2543294.57,2524294.53,2538218.13,7698
2023-10-02 14:00:00,2538113.05,2538113.05,2499200.05,2533046.96,11010
2023-10-02 15:00:00,2517726.06,2543683.02,2503273.06,2508289.64,8112
2023-10-02 16:00:00,2533871.16,2544470.43,2533871.16,2539391.65,8723
2023-10-02 17:00:00,2530838.47,2530838.47,2520735.32,2525786.89,11103
2023-10-02 18:00:00,2492886.52,2492886.52,2482934.88,2487910.7,9620
2023-10-02 19:00:00,2490391.21,2522093.51,2490391.21,2517059.39,5786
2023-10-02 20:00:00,2512285.58,2512285.58,2451638.56,2507271.03,7151
2023-10-02 21:00:00,2519253.23,2525298.75,2438611.83,2495948.37,13447
2023-10-02 22:00:00,2466635.4,2466635.4,2451542.14,2461711.98,12014
2023-10-02 23:00:00,2495274.83,2561777.86,2495274.83,2500275.38,10453
2023-10-03 00:00:00,2510377.62,2528103.7,2470506.86,2475457.77,13003
2023-10-03 01:00:00,2469997.29,2489210.17,2469997.29,2479502.68,8100
2023-10-03 02:00:00,2482623.45,2505670.01,2482623.45,2500668.67,10033
2023-10-03 03:00:00,2505778.98,2524836.88,2505778.98,2510800.58,12603
2023-10-03 04:00:00,2505526.05,2552367.84,2505526.05,2510547.14,13417
2023-10-03 05:00:00,2498490.21,2498490.21,2471762.05,2476715.48,12910
2023-10-03 06:00:00,2472441.37,2517159.55,2451457.11,2463236.22,14378
2023-10-03 07:00:00,2475586.61,2475586.61,2465704.03,2470645.32,10368
2023-10-03 08:00:00,2457896.48,2500799.21,2453076.59,2457992.57,7829
2023-10-03 09:00:00,2470854.06,2481816.11,2463285.78,2465962.52,11056
2023-10-03 10:00:00,2473291.99,2488178.72,2459512.68,2483212.29,5904
2023-10-03 11:00:00,2492417.21,2510358.97,2486628.67,2505348.28,9613
2023-10-03 12:00:00,2502873.41,2502873.41,2474399.83,2481701.54,8566
2023-10-03 13:00:00,2483267.38,2561990.36,2483267.38,2528917.41,15399
2023-10-03 14:00:00,2507504.28,2549987.9,2489734.77,2544898.11,13123
2023-10-03 15:00:00,2531959.56,2574173.13,2526001.93,2544143.62,9801
2023-10-03 16:00:00,2554912.21,2610127.3,2519365.89,2566150.83,6145
2023-10-03 17:00:00,2609450.74,2619092.44,2609450.74,2613864.71,15681
2023-10-03 18:00:00,2615768.24,2616920.78,2573341.38,2578498.38,8889
2023-10-03 19:00:00,2588098.88,2615462.07,2566071.53,2571213.95,12409
2023-10-03 20:00:00,2568839.05,2568839.05,2514163.16,2519201.56,13632
2023-10-03 21:00:00,2518965.96,2546051.04,2518965.96,2524013.99,13267
2023-10-03 22:00:00,2531004.73,2565773.77,2531004.73,2532118.38,14540
2023-10-03 23:00:00,2533820.19,2536535.23,2494785.0,2531472.29,4734
2023-10-04 00:00:00,2547060.92,2572366.7,2511076.04,2518186.63,18154
2023-10-04 01:00:00,2479842.88,2479842.88,2472060.04,2477014.07,11453
2023-10-04 02:00:00,2485758.66,2492802.52,2482851.21,2487826.87,9571
2023-10-04 03:00:00,2515048.67,2544125.1,2515048.67,2520088.85,21634
2023-10-04 04:00:00,2512292.33,2512292.33,2503876.65,2508894.44,5762
2023-10-04 05:00:00,2514461.55,2572197.62,2514461.55,2519500.55,11282
2023-10-04 06:00:00,2510462.17,2510462.17,2483306.31,2488282.88,16803
2023-10-04 07:00:00,2494189.92,2505369.33,2440055.7,2500368.59,14770
2023-10-04 08:00:00,2485456.99,2496596.11,2419228.0,2494488.27,11605
2023-10-04 09:00:00,2488597.61,2488597.61,2476489.76,2481452.66,8122
2023-10-04 10:00:00,2485816.35,2485816.35,2464311.71,2469250.22,9994
2023-10-04 11:00:00,2461856.21,2474623.22,2460302.46,2465232.92,12559
2023-10-04 12:00:00,2467402.75,2477614.32,2467402.75,2477080.48,10600
2023-10-04 13:00:00,2472943.81,2517777.51,2432883.86,2454056.93,16023
2023-10-04 14:00:00,2445939.23,2471271.83,2445939.23,2450840.91,10875
2023-10-04 15:00:00,2457002.26,2486182.56,2427713.28,2454944.59,9444
2023-10-04 16:00:00,2442547.12,2442547.12,2432796.43,2437671.77,10497
2023-10-04 17:00:00,2474120.43,2499923.8,2474120.43,2479078.58,11213
2023-10-04 18:00:00,2470261.26,2470261.26,2427804.58,2465330.6,7206
2023-10-04 19:00:00,2451553.81,2476056.34,2426017.7,2456145.18,12612
2023-10-04 20:00:00,2463053.84,2468510.15,2424333.61,2441333.05,8198
2023-10-04 21:00:00,2477817.07,2487748.2,2477817.07,2482782.63,9005
2023-10-04 22:00:00,2492425.3,2502414.98,2492425.3,2497420.14,10561
2023-10-04 23:00:00,2501075.53,2523582.7,2476013.89,2480975.84,8714
2023-10-05 00:00:00,2493302.94,2529455.82,2474786.45,2506974.01,8323
2023-10-05 01:00:00,2508800.82,2514996.11,2480477.62,2513281.26,10769
2023-10-05 02:00:00,2516510.16,2550475.89,2516510.16,2520452.89,8484
2023-10-05 03:00:00,2519899.84,2519899.84,2465289.55,2514870.1,9818
2023-10-05 04:00:00,2495735.72,2558073.51,2490185.85,2501322.61,8833
2023-10-05 05:00:00,2508094.57,2518259.52,2505242.2,2510805.63,10592
2023-10-05 06:00:00,2506724.38,2506751.39,2466773.77,2501747.9,12107
2023-10-05 07:00:00,2513295.54,2575275.0,2513295.54,2541471.01,12526
2023-10-05 08:00:00,2520586.81,2520586.81,2515456.23,2515555.7,7338
2023-10-05 09:00:00,2543890.69,2554086.64,2543890.69,2548988.67,15897
2023-10-05 10:00:00,2558692.57,2606932.97,2541603.09,2546696.48,7527
2023-10-05 11:00:00,2541117.65,2558215.75,2541117.65,2553109.53,11225
2023-10-05 12:00:00,2568484.79,2575462.01,2568484.79,2570321.36,12150
2023-10-05 13:00:00,2556252.6,2573688.99,2535954.23,2556011.45,10504
2023-10-05 14:00:00,2568636.61,2578931.75,2568636.61,2573784.18,13005
2023-10-05 15:00:00,2520660.32,2520660.32,2510597.81,2515629.07,10561
2023-10-05 16:00:00,2501757.58,2507870.61,2492850.16,2502864.88,9552
2023-10-05 17:00:00,2491709.86,2491709.86,2481762.91,2486736.38,10117
2023-10-05 18:00:00,2478970.3,2492326.4,2419107.09,2464934.37,12059
2023-10-05 19:00:00,2471323.93,2477609.42,2436749.11,2465436.44,11081
2023-10-05 20:00:00,2473097.15,2500520.99,2473097.15,2478053.26,9872
2023-10-05 21:00:00,2475621.37,2501449.33,2473663.8,2496456.41,12576
2023-10-05 22:00:00,2488725.33,2527504.57,2474480.24,2504597.99,15272
2023-10-05 23:00:00,2498762.81,2498762.81,2489712.9,2493775.26,9861
2023-10-06 00:00:00,2488697.2,2507646.73,2487699.21,2504690.99,10773
2023-10-06 01:00:00,2510103.64,2515053.01,2491625.88,2510032.95,11356
2023-10-06 02:00:00,2526665.85,2582193.71,2526665.85,2531729.31,10187
2023-10-06 03:00:00,2544024.1,2554220.59,2544024.1,2549122.35,9027
2023-10-06 04:00:00,2555281.02,2555281.02,2540905.2,2550180.66,10439
2023-10-06 05:00:00,2540344.4,2540344.4,2526822.18,2531885.95,10954
2023-10-06 06:00:00,2526152.38,2526152.38,2496939.03,2519865.22,8907
2023-10-06 07:00:00,2520396.32,2565628.1,2507842.19,2510723.74,12801
2023-10-06 08:00:00,2511881.27,2511958.27,2501930.49,2506944.38,11422
2023-10-06 09:00:00,2488568.3,2520411.47,2486917.56,2515380.71,9187
2023-10-06 10:00:00,2514218.99,2537654.03,2504708.99,2532588.85,10567
2023-10-06 11:00:00,2539178.43,2555895.37,2528039.07,2533105.28,12455
2023-10-06 12:00:00,2542519.35,2550996.68,2529091.52,2535016.56,12493
2023-10-06 13:00:00,2526583.87,2544546.69,2526583.87,2539467.75,5935
2023-10-06 14:00:00,2535037.65,2535037.65,2518501.93,2529977.69,5928
2023-10-06 15:00:00,2534930.13,2543550.95,2483789.1,2512642.56,8514
2023-10-06 16:00:00,2484372.5,2484372.5,2474454.84,2479413.67,10629
2023-10-06 17:00:00,2484152.21,2485615.88,2420276.28,2469986.13,7763
2023-10-06 18:00:00,2478033.23,2489673.73,2455585.51,2484704.32,6270
2023-10-06 19:00:00,2485443.11,2501610.83,2469903.08,2474852.79,10997
2023-10-06 20:00:00,2470630.09,2479971.85,2470071.77,2475021.81,6196
2023-10-06 21:00:00,2484475.87,2494616.26,2484475.87,2489454.78,17407
2023-10-06 22:00:00,2491993.93,2509346.55,2491993.93,2504337.87,8118
2023-10-06 23:00:00,2481359.28,2490751.9,2447333.71,2485780.34,8477
2023-10-07 00:00:00,2505528.09,2518788.46,2505528.09,2510549.19,8527
2023-10-07 01:00:00,2508909.56,2575841.7,2488722.19,2536856.71,14068
2023-10-07 02:00:00,2520267.92,2520267.92,2461405.25,2515237.44,12836
2023-10-07 03:00:00,2521682.76,2533704.98,2491092.87,2501277.35,4928
2023-10-07 04:00:00,2524302.79,2534420.24,2524302.79,2529361.51,9138
2023-10-07 05:00:00,2529436.13,2545872.24,2497203.86,2528586.97,11245
2023-10-07 06:00:00,2501555.26,2501555.26,2465688.91,2485094.81,11632
2023-10-07 07:00:00,2478818.83,2478818.83,2456494.2,2461417.03,11463
2023-10-07 08:00:00,2462379.23,2495737.49,2457511.62,2462436.5,8538
2023-10-07 09:00:00,2460439.07,2493070.63,2404786.51,2445072.54,8851
2023-10-07 10:00:00,2443084.58,2448632.87,2438857.88,2443745.38,10109
2023-10-07 11:00:00,2452361.68,2453486.16,2446489.67,2451392.46,7200
2023-10-07 12:00:00,2472634.79,2547417.3,2472634.79,2487265.14,10868
2023-10-07 13:00:00,2496731.82,2496731.82,2481147.42,2486119.66,12893
2023-10-07 14:00:00,2502623.0,2512902.04,2502623.0,2512701.41,12642
2023-10-07 15:00:00,2527353.1,2571094.52,2527353.1,2545439.49,14294
2023-10-07 16:00:00,2544767.86,2641041.67,2544767.86,2576922.49,10023
2023-10-07 17:00:00,2589963.49,2671250.59,2575360.3,2582803.65,13828
2023-10-07 18:00:00,2546032.85,2546032.85,2535039.24,2540969.53,14729
2023-10-07 19:00:00,2550445.16,2554878.69,2529254.51,2552489.73,7117
2023-10-07 20:00:00,2570546.79,2591237.07,2570546.79,2575698.19,8520
2023-10-07 21:00:00,2573888.34,2579247.14,2568950.75,2574098.95,7633
2023-10-07 22:00:00,2605718.85,2654455.43,2605718.85,2610940.73,21474
2023-10-07 23:00:00,2631688.15,2632579.0,2622069.7,2627324.35,13161
2023-10-08 00:00:00,2648774.13,2652724.69,2583388.7,2636614.57,13260
2023-10-08 01:00:00,2651219.04,2661845.17,2651219.04,2656532.11,9292
2023-10-08 02:00:00,2664418.56,2664418.56,2656584.69,2659100.36,8706
2023-10-08 03:00:00,2611973.84,2611973.84,2594991.97,2600192.36,13662
2023-10-08 04:00:00,2593510.89,2593510.89,2538408.27,2588334.22,14385
2023-10-08 05:00:00,2602708.01,2674622.74,2602708.01,2613042.99,4739
2023-10-08 06:00:00,2605848.85,2618505.33,2588689.62,2593877.38,14041
2023-10-08 07:00:00,2590537.37,2590537.37,2578116.0,2588356.6,16138
2023-10-08 08:00:00,2570962.67,2570962.67,2540378.03,2565831.01,9042
2023-10-08 09:00:00,2598833.23,2617946.99,2598833.23,2604041.31,11295
2023-10-08 10:00:00,2604698.96,2665751.45,2601011.67,2638460.14,10380
2023-10-08 11:00:00,2626234.63,2626234.63,2591582.0,2616068.07,10289
2023-10-08 12:00:00,2630073.6,2683559.8,2610719.61,2617166.03,15659
2023-10-08 13:00:00,2605706.25,2605706.25,2583616.86,2600505.24,10663
2023-10-08 14:00:00,2611609.66,2616650.57,2607236.85,2612461.77,9928
2023-10-08 15:00:00,2612953.47,2626849.61,2539385.4,2621606.4,9067
2023-10-08 16:00:00,2622339.41,2642020.14,2622339.41,2636746.65,10809
2023-10-08 17:00:00,2638580.83,2646090.57,2635527.33,2640808.95,14714
2023-10-08 18:00:00,2695392.13,2706195.3,2695392.13,2700793.71,15777
2023-10-08 19:00:00,2687277.82,2687277.82,2654131.33,2671162.12,17423
2023-10-08 20:00:00,2671257.59,2671257.59,2589089.04,2628776.72,8427
2023-10-08 21:00:00,2635925.6,2635925.6,2612648.71,2617884.48,11106
2023-10-08 22:00:00,2586208.65,2586208.65,2576233.41,2582613.54,12756
2023-10-08 23:00:00,2557464.31,2558582.83,2486723.9,2551428.64,10825
2023-10-09 00:00:00,2537705.02,2537705.02,2508969.36,2532639.74,18830
2023-10-09 01:00:00,2527956.87,2527956.87,2511677.6,2516711.02,4943
2023-10-09 02:00:00,2506123.63,2506123.63,2457000.7,2501121.39,5851
2023-10-09 03:00:00,2501179.41,2521636.19,2501179.41,2516602.99,10626
2023-10-09 04:00:00,2516564.08,2516564.08,2507687.34,2510306.73,10869
2023-10-09 05:00:00,2506097.01,2530117.66,2506097.01,2511119.25,12460
2023-10-09 06:00:00,2512335.49,2539033.15,2506829.52,2533965.22,11800
2023-10-09 07:00:00,2544960.46,2544960.46,2485228.48,2521388.88,9230
2023-10-09 08:00:00,2507566.5,2524936.15,2473874.91,2519896.35,6732
2023-10-09 09:00:00,2526423.8,2548630.76,2526423.8,2531486.77,7170
2023-10-09 10:00:00,2496004.21,2496004.21,2490283.96,2494855.94,7505
2023-10-09 11:00:00,2454200.12,2454200.12,2446860.41,2451763.94,9962
2023-10-09 12:00:00,2457759.13,2488670.18,2430426.16,2466472.49,6809
2023-10-09 13:00:00,2477280.74,2509798.71,2477280.74,2483438.97,12443
2023-10-09 14:00:00,2519239.47,2536554.19,2519239.47,2531491.21,7669
2023-10-09 15:00:00,2533315.76,2543469.33,2533315.76,2538392.55,15458
2023-10-09 16:00:00,2541260.04,2563751.57,2529488.27,2558634.3,12393
2023-10-09 17:00:00,2554171.58,2573452.69,2550420.69,2556640.53,16051
2023-10-09 18:00:00,2559909.43,2596526.59,2559909.43,2565039.51,5023
2023-10-09 19:00:00,2596488.48,2641342.59,2596488.48,2601691.86,8519
2023-10-09 20:00:00,2561375.16,2561375.16,2530217.9,2556262.63,7183
2023-10-09 21:00:00,2562056.06,2598385.22,2562056.06,2567190.44,6263
2023-10-09 22:00:00,2608416.58,2618285.23,2608416.58,2613643.87,16334
2023-10-09 23:00:00,2600722.29,2652174.92,2553899.37,2618682.92,11684
2023-10-10 00:00:00,2647433.35,2658044.3,2647433.35,2652738.83,13474
2023-10-10 01:00:00,2641180.94,2641180.94,2630637.3,2635909.12,11943
2023-10-10 02:00:00,2656038.32,2674867.81,2627808.09,2633074.24,8404
2023-10-10 03:00:00,2626592.21,2642845.56,2626592.21,2631855.93,10290
2023-10-10 04:00:00,2610642.37,2610642.37,2577153.63,2582318.27,8122
2023-10-10 05:00:00,2574836.01,2575221.43,2510645.01,2558694.56,9788
2023-10-10 06:00:00,2559104.89,2580650.7,2533114.62,2538191.0,11908
2023-10-10 07:00:00,2553708.8,2582506.98,2553708.8,2558826.46,7580
2023-10-10 08:00:00,2565185.43,2580311.49,2547173.24,2579484.72,16260
2023-10-10 09:00:00,2572950.88,2612866.09,2523631.75,2587601.56,10340
2023-10-10 10:00:00,2599031.31,2611085.14,2599031.31,2605873.4,15460
2023-10-10 11:00:00,2604658.14,2666789.16,2557177.66,2602191.11,9738
2023-10-10 12:00:00,2622940.91,2632968.84,2622940.91,2627713.41,12131
2023-10-10 13:00:00,2622713.53,2677056.81,2622713.53,2626421.07,7403
2023-10-10 14:00:00,2630620.31,2698505.54,2621005.89,2626258.4,9593
2023-10-10 15:00:00,2608272.56,2677689.49,2606296.05,2619170.55,11053
2023-10-10 16:00:00,2633252.62,2638109.69,2627578.31,2632844.0,6059
2023-10-10 17:00:00,2627283.09,2627283.09,2616794.94,2622039.01,11439
2023-10-10 18:00:00,2636567.53,2663006.56,2636567.53,2641851.23,4697
2023-10-10 19:00:00,2635465.18,2635465.18,2558081.34,2615165.28,10254
2023-10-10 20:00:00,2596207.44,2596207.44,2585843.34,2591025.39,9511
2023-10-10 21:00:00,2601053.0,2628091.68,2601053.0,2606265.53,8748
2023-10-10 22:00:00,2599341.49,2660269.94,2599021.3,2604229.76,15127
2023-10-10 23:00:00,2609715.21,2625784.27,2589303.19,2594492.18,7297
2023-10-11 00:00:00,2608609.0,2668892.35,2608609.0,2613836.67,10865
2023-10-11 01:00:00,2605238.5,2605238.5,2574745.38,2600291.96,7951
2023-10-11 02:00:00,2604298.3,2608720.35,2591481.33,2596236.65,13468
2023-10-11 03:00:00,2621114.12,2646957.69,2621114.12,2626366.85,11596
2023-10-11 04:00:00,2652824.53,2668509.37,2652824.53,2658140.81,14265
2023-10-11 05:00:00,2656976.67,2705226.65,2656976.67,2689078.29,13902
2023-10-11 06:00:00,2683119.89,2683119.89,2669642.04,2677827.08,13677
2023-10-11 07:00:00,2667375.3,2724045.08,2653746.27,2700314.82,10632
2023-10-11 08:00:00,2678951.51,2678951.51,2596266.62,2673604.3,9290
2023-10-11 09:00:00,2649707.2,2654984.35,2644385.62,2649684.99,7932
2023-10-11 10:00:00,2628689.62,2628689.62,2567525.46,2596113.71,8658
2023-10-11 11:00:00,2616170.93,2654060.46,2616170.93,2632070.86,11906
2023-10-11 12:00:00,2631518.88,2631518.88,2564495.65,2611933.53,7023
2023-10-11 13:00:00,2608928.0,2653303.34,2603628.06,2608845.75,13766
2023-10-11 14:00:00,2594483.55,2594483.55,2577190.61,2589304.94,10025
2023-10-11 15:00:00,2597054.45,2614838.2,2597054.45,2604952.56,10547
2023-10-11 16:00:00,2624968.19,2643917.47,2526545.4,2597003.42,9480
2023-10-11 17:00:00,2575103.41,2575103.41,2564656.82,2569796.41,11862
2023-10-11 18:00:00,2579243.14,2627466.19,2568294.41,2581140.98,6876
2023-10-11 19:00:00,2572836.64,2572836.64,2547286.47,2552391.25,12857
2023-10-11 20:00:00,2549034.93,2551900.13,2520770.51,2538058.03,9279
2023-10-11 21:00:00,2503331.47,2503331.47,2493338.13,2498334.8,10901
2023-10-11 22:00:00,2488411.64,2507038.6,2470453.98,2475404.79,12421
2023-10-11 23:00:00,2460218.67,2531701.58,2458673.04,2486357.99,7431
2023-10-12 00:00:00,2457799.05,2457799.05,2410007.0,2453275.48,8292
2023-10-12 01:00:00,2439415.66,2439415.66,2409971.27,2432142.56,12159
2023-10-12 02:00:00,2436822.0,2446588.82,2436822.0,2441705.41,10082
2023-10-12 03:00:00,2443508.64,2444939.13,2435135.8,2440015.84,14605
2023-10-12 04:00:00,2462753.89,2495651.24,2462753.89,2488962.78,11631
2023-10-12 05:00:00,2521748.52,2567467.52,2521748.52,2532994.05,20041
2023-10-12 06:00:00,2524469.83,2524469.83,2476774.3,2519430.97,7606
2023-10-12 07:00:00,2532185.01,2541074.0,2532185.01,2536001.99,9034
2023-10-12 08:00:00,2544689.5,2612197.35,2544689.5,2555775.36,13697
2023-10-12 09:00:00,2546527.27,2551582.32,2535517.02,2546489.34,10655
2023-10-12 10:00:00,2527886.06,2527886.06,2510691.83,2519126.15,13002
2023-10-12 11:00:00,2512328.0,2552958.82,2485035.5,2524090.47,13504
2023-10-12 12:00:00,2530512.16,2530512.16,2520410.32,2525461.24,6172
2023-10-12 13:00:00,2523976.53,2526376.76,2516291.43,2521334.1,8904
2023-10-12 14:00:00,2530465.98,2568431.54,2530465.98,2535537.06,17161
2023-10-12 15:00:00,2529373.54,2529373.54,2471098.59,2524324.89,9135
2023-10-12 16:00:00,2510585.56,2510585.56,2481986.78,2505574.41,9453
2023-10-12 17:00:00,2508804.04,2518859.36,2508804.04,2513831.7,9451
2023-10-12 18:00:00,2522350.75,2532800.5,2522350.75,2527405.56,6893
2023-10-12 19:00:00,2513091.37,2513091.37,2493537.78,2508075.22,13150
2023-10-12 20:00:00,2527965.94,2590743.75,2527965.94,2533032.01,9502
2023-10-12 21:00:00,2506070.13,2506070.13,2484214.58,2501067.99,5046
2023-10-12 22:00:00,2479986.89,2566218.5,2476809.97,2495616.45,9500
2023-10-12 23:00:00,2496199.13,2553983.66,2492034.27,2497028.33,10310
2023-10-13 00:00:00,2501625.7,2534755.31,2478682.59,2490653.02,13146
2023-10-13 01:00:00,2481889.03,2491140.49,2481195.82,2486168.16,8339
2023-10-13 02:00:00,2526385.03,2542074.61,2526385.03,2531447.93,9951
2023-10-13 03:00:00,2531532.92,2534892.08,2513709.33,2518746.82,8035
2023-10-13 04:00:00,2569392.79,2579690.96,2569392.79,2574541.88,6310
2023-10-13 05:00:00,2583403.43,2591452.89,2576183.06,2586280.33,6493
2023-10-13 06:00:00,2584974.39,2608694.15,2584974.39,2590154.7,10350
2023-10-13 07:00:00,2598397.57,2607163.08,2596755.24,2601959.16,10008
2023-10-13 08:00:00,2651446.76,2662073.8,2651446.76,2656760.28,4386
2023-10-13 09:00:00,2665537.81,2665537.81,2627783.7,2633049.8,7232
2023-10-13 10:00:00,2613449.98,2613449.98,2587564.25,2608233.51,7611
2023-10-13 11:00:00,2598114.12,2598114.12,2587742.41,2592928.27,12173
2023-10-13 12:00:00,2592263.07,2603567.17,2582330.38,2595289.34,9032
2023-10-13 13:00:00,2565387.49,2565387.49,2518751.27,2560266.95,14684
2023-10-13 14:00:00,2564123.51,2569419.65,2559162.49,2564291.07,10808
2023-10-13 15:00:00,2597888.12,2631364.48,2597888.12,2603094.31,11929
2023-10-13 16:00:00,2603143.65,2648079.87,2587814.77,2607508.05,8010
2023-10-13 17:00:00,2598077.25,2607510.92,2583579.36,2602306.31,9892
2023-10-13 18:00:00,2593890.75,2608568.24,2585331.48,2590512.5,8391
2023-10-13 19:00:00,2599052.81,2646074.75,2584661.69,2611573.24,8220
2023-10-13 20:00:00,2589626.7,2614339.61,2589626.7,2594816.34,13106
2023-10-13 21:00:00,2618089.3,2684921.36,2618089.3,2635767.32,8036
2023-10-13 22:00:00,2671506.54,2696566.68,2671506.54,2676860.26,8691
2023-10-13 23:00:00,2674162.74,2713179.4,2674162.74,2679521.78,8340
2023-10-14 00:00:00,2678276.61,2681599.12,2647246.95,2676246.62,6538
2023-10-14 01:00:00,2675509.53,2701349.3,2657583.71,2695957.39,8402
2023-10-14 02:00:00,2706231.15,2718721.42,2674153.74,2716082.59,9234
2023-10-14 03:00:00,2701485.96,2701485.96,2680169.12,2692960.23,10164
2023-10-14 04:00:00,2685206.73,2711499.56,2660372.29,2677596.74,10269
2023-10-14 05:00:00,2651181.74,2651181.74,2635573.74,2645889.96,13838
2023-10-14 06:00:00,2648528.08,2659143.42,2648528.08,2653835.75,13058
2023-10-14 07:00:00,2636333.07,2672207.05,2595928.76,2666873.3,22415
2023-10-14 08:00:00,2640583.76,2640583.76,2630042.5,2635313.13,10656
2023-10-14 09:00:00,2631962.5,2644100.77,2619998.66,2625249.15,8181
2023-10-14 10:00:00,2615455.91,2615455.91,2560123.86,2596730.36,10193
2023-10-14 11:00:00,2584908.62,2584908.62,2574589.63,2579749.12,12687
2023-10-14 12:00:00,2575502.77,2653631.19,2571001.66,2594402.44,6923
2023-10-14 13:00:00,2597988.19,2604964.89,2553370.62,2581083.77,14647
2023-10-14 14:00:00,2582862.19,2582862.19,2555302.91,2577706.78,12487
2023-10-14 15:00:00,2562899.71,2572656.86,2527035.29,2546635.84,8333
2023-10-14 16:00:00,2550345.43,2560567.25,2550345.43,2555456.34,8439
2023-10-14 17:00:00,2553870.51,2564106.47,2553870.51,2558988.49,8484
2023-10-14 18:00:00,2565832.65,2616203.05,2523610.16,2548060.04,11639
2023-10-14 19:00:00,2554161.76,2554161.76,2520646.85,2549063.63,9709
2023-10-14 20:00:00,2552604.1,2562834.98,2552604.1,2557719.54,11511
2023-10-14 21:00:00,2563982.61,2634852.58,2540038.16,2545128.42,9607
2023-10-14 22:00:00,2524615.15,2524615.15,2514536.84,2519575.99,9428
2023-10-14 23:00:00,2545108.51,2626039.04,2545108.51,2563185.36,11631
2023-10-15 00:00:00,2555840.07,2559160.08,2548943.87,2554051.98,13164
2023-10-15 01:00:00,2567766.99,2602610.85,2550513.28,2556679.77,10718
2023-10-15 02:00:00,2581992.09,2618394.06,2577143.85,2582308.47,9472
2023-10-15 03:00:00,2618233.16,2677200.86,2618233.16,2659853.14,12131
2023-10-15 04:00:00,2636768.44,2636768.44,2626242.42,2631505.43,8638
2023-10-15 05:00:00,2631171.97,2662128.91,2618874.13,2641540.86,17218
2023-10-15 06:00:00,2631338.47,2631338.47,2620834.12,2626086.3,7542
2023-10-15 07:00:00,2620514.08,2620514.08,2609997.17,2615227.63,11602
2023-10-15 08:00:00,2599709.11,2606379.87,2581369.56,2601177.51,17182
2023-10-15 09:00:00,2595488.92,2595488.92,2577320.62,2579427.01,19299
2023-10-15 10:00:00,2597989.71,2598970.72,2568234.2,2581945.35,9915
2023-10-15 11:00:00,2559259.45,2559259.45,2499686.23,2554151.15,11023
2023-10-15 12:00:00,2551849.77,2611904.67,2542580.65,2578733.53,8256
2023-10-15 13:00:00,2598932.87,2625669.81,2578226.89,2583393.68,11444
2023-10-15 14:00:00,2585625.13,2661454.4,2566201.2,2595569.63,7414
2023-10-15 15:00:00,2583132.67,2613881.81,2583132.67,2588309.29,14089
2023-10-15 16:00:00,2591220.8,2617893.34,2558645.94,2583623.63,6481
2023-10-15 17:00:00,2587881.27,2598253.54,2587881.27,2593067.4,10129
2023-10-15 18:00:00,2576376.95,2576376.95,2566092.01,2571234.48,12550
2023-10-15 19:00:00,2565536.33,2589931.21,2562671.86,2567807.47,7312
2023-10-15 20:00:00,2559232.39,2559232.39,2505200.48,2554124.14,9685
2023-10-15 21:00:00,2553991.2,2562834.84,2483756.11,2540653.79,14771
2023-10-15 22:00:00,2527443.25,2527443.25,2438312.38,2502749.24,8418
2023-10-15 23:00:00,2520161.33,2546005.8,2518792.91,2538000.08,10623
2023-10-16 00:00:00,2542816.7,2546954.7,2520822.72,2529749.61,9610
2023-10-16 01:00:00,2543677.94,2591647.71,2540481.24,2560202.75,11982
2023-10-16 02:00:00,2582145.59,2590345.62,2582145.59,2587320.23,12945
2023-10-16 03:00:00,2573760.18,2573760.18,2548322.78,2563432.3,8778
2023-10-16 04:00:00,2569369.59,2582805.57,2540167.55,2545258.07,16020
2023-10-16 05:00:00,2587879.92,2647100.22,2587879.92,2604074.72,7018
2023-10-16 06:00:00,2602932.51,2657488.73,2598215.14,2643654.95,7000
2023-10-16 07:00:00,2653238.96,2685675.06,2622585.05,2643038.49,9963
2023-10-16 08:00:00,2637427.73,2654026.61,2625393.99,2648729.15,10169
2023-10-16 09:00:00,2646279.27,2690515.46,2629658.05,2634927.91,6998
2023-10-16 10:00:00,2639675.2,2650255.07,2639675.2,2644965.13,6296
2023-10-16 11:00:00,2634936.4,2634936.4,2624417.7,2629677.05,10244
2023-10-16 12:00:00,2592335.0,2592335.0,2565119.39,2587160.68,10539
2023-10-16 13:00:00,2587364.76,2594196.43,2557670.96,2562796.55,11754
2023-10-16 14:00:00,2573309.78,2573309.78,2558984.44,2568173.43,10132
2023-10-16 15:00:00,2550128.44,2550128.44,2547916.06,2549124.82,10706
2023-10-16 16:00:00,2551847.84,2613075.33,2521008.53,2553445.91,9960
2023-10-16 17:00:00,2542683.22,2542683.22,2526914.69,2536567.68,7279
2023-10-16 18:00:00,2521307.95,2555254.06,2521307.95,2526792.06,11328
2023-10-16 19:00:00,2528414.99,2562502.47,2517016.6,2551360.58,7043
2023-10-16 20:00:00,2555643.27,2567317.37,2555643.27,2562192.99,7169
2023-10-16 21:00:00,2566716.17,2572223.24,2561826.71,2567089.07,7655
2023-10-16 22:00:00,2586879.15,2595537.82,2586879.15,2590357.1,8159
2023-10-16 23:00:00,2602039.17,2669047.47,2602039.17,2604089.38,8941
2023-10-17 00:00:00,2632362.88,2677482.27,2632362.88,2637638.16,8197
2023-10-17 01:00:00,2633905.8,2633905.8,2620385.57,2628648.5,7326
2023-10-17 02:00:00,2626223.65,2626223.65,2615616.74,2620858.46,8202
2023-10-17 03:00:00,2600116.37,2600116.37,2571980.03,2594926.51,8972
2023-10-17 04:00:00,2589944.09,2613871.09,2582637.67,2589257.08,5851
2023-10-17 05:00:00,2594494.59,2647320.91,2594494.59,2613388.82,7883
2023-10-17 06:00:00,2617193.87,2648807.69,2617193.87,2643520.65,7998
2023-10-17 07:00:00,2659566.2,2672420.36,2659566.2,2664895.99,7040
2023-10-17 08:00:00,2630553.71,2630553.71,2620052.49,2625303.1,10138
2023-10-17 09:00:00,2644976.91,2655578.02,2644976.91,2650277.47,12319
2023-10-17 10:00:00,2635930.86,2650434.27,2605578.58,2610800.18,6887
2023-10-17 11:00:00,2627263.17,2677235.49,2627263.17,2632528.23,3824
2023-10-17 12:00:00,2623812.46,2636368.96,2570246.11,2625942.27,10601
2023-10-17 13:00:00,2637483.63,2660707.54,2637483.63,2642769.17,7535
2023-10-17 14:00:00,2638930.47,2651468.36,2609611.29,2614840.97,10556
2023-10-17 15:00:00,2637024.01,2647593.24,2637024.01,2642308.62,8124
2023-10-17 16:00:00,2630972.49,2632608.62,2555807.76,2611583.56,12274
2023-10-17 17:00:00,2605632.5,2605632.5,2557622.48,2600028.95,13157
2023-10-17 18:00:00,2587359.73,2587359.73,2577030.95,2582195.34,12066
2023-10-17 19:00:00,2557213.88,2557213.88,2544507.01,2549606.22,9089
2023-10-17 20:00:00,2546748.13,2588681.34,2527585.73,2557761.39,15862
2023-10-17 21:00:00,2596025.8,2621130.26,2596025.8,2601228.26,11905
2023-10-17 22:00:00,2655922.93,2666567.91,2655922.93,2661245.42,12044
2023-10-17 23:00:00,2673080.82,2673080.82,2657978.52,2663305.13,9098
2023-10-18 00:00:00,2680499.17,2729874.42,2680499.17,2687453.03,6647
2023-10-18 01:00:00,2694000.48,2712735.38,2685579.55,2690961.47,12666
2023-10-18 02:00:00,2694736.59,2792144.76,2694736.59,2700136.87,9723
2023-10-18 03:00:00,2713507.51,2751132.05,2641233.42,2690277.91,10478
2023-10-18 04:00:00,2698230.32,2698230.32,2637905.78,2692844.63,7809
2023-10-18 05:00:00,2712979.16,2712979.16,2663124.19,2702847.95,10491
2023-10-18 06:00:00,2692993.17,2692993.17,2665725.17,2687617.94,7534
2023-10-18 07:00:00,2689746.91,2689746.91,2679009.4,2684378.16,7005
2023-10-18 08:00:00,2684940.96,2696995.1,2668801.12,2681762.08,13362
2023-10-18 09:00:00,2687524.79,2714512.16,2687524.79,2698625.29,14098
2023-10-18 10:00:00,2678215.54,2678215.54,2595316.78,2672869.8,11313
2023-10-18 11:00:00,2668975.45,2676411.16,2646216.95,2671069.02,9965
2023-10-18 12:00:00,2706798.35,2717647.24,2706798.35,2712222.8,11876
2023-10-18 13:00:00,2729562.03,2753519.82,2729562.03,2735032.1,11027
2023-10-18 14:00:00,2755324.24,2766367.62,2755324.24,2760845.93,7096
2023-10-18 15:00:00,2761002.88,2761002.88,2726897.46,2755491.9,14271
2023-10-18 16:00:00,2751832.1,2771453.26,2751556.35,2757179.97,10032
2023-10-18 17:00:00,2764445.7,2822919.92,2754265.4,2774126.67,8683
2023-10-18 18:00:00,2797116.34,2845209.06,2797116.34,2802721.78,17764
2023-10-18 19:00:00,2754948.01,2754948.01,2743950.22,2749449.12,11550
2023-10-18 20:00:00,2730732.89,2730732.89,2714421.3,2714750.9,13507
2023-10-18 21:00:00,2731762.71,2776205.03,2731762.71,2740806.01,10227
2023-10-18 22:00:00,2726874.34,2735515.23,2724595.01,2730055.12,12595
2023-10-18 23:00:00,2733288.06,2743529.87,2685806.39,2711195.92,15196
2023-10-19 00:00:00,2686119.39,2686119.39,2675396.36,2680757.87,8162
2023-10-19 01:00:00,2667458.11,2673175.65,2665132.61,2667839.97,4186
2023-10-19 02:00:00,2642614.36,2642614.36,2632065.01,2637339.68,11317
2023-10-19 03:00:00,2674872.15,2714851.36,2674872.15,2684251.22,14710
2023-10-19 04:00:00,2692218.17,2692218.17,2671893.63,2682884.42,7470
2023-10-19 05:00:00,2686234.8,2686234.8,2620556.45,2680873.06,9615
2023-10-19 06:00:00,2686716.2,2727935.84,2686716.2,2693150.32,9095
2023-10-19 07:00:00,2705935.4,2750350.53,2696340.93,2713015.23,8841
2023-10-19 08:00:00,2710557.82,2763270.57,2664872.84,2731497.0,9247
2023-10-19 09:00:00,2746347.36,2757354.76,2746347.36,2751851.06,8081
2023-10-19 10:00:00,2760434.65,2783687.03,2729910.18,2732814.08,6300
2023-10-19 11:00:00,2727960.32,2727960.32,2717070.26,2722515.29,7319
2023-10-19 12:00:00,2737694.24,2752244.16,2695737.46,2736644.29,5071
2023-10-19 13:00:00,2724464.8,2738182.27,2715588.02,2721030.08,9271
2023-10-19 14:00:00,2707103.23,2738503.17,2651947.93,2718099.7,9739
2023-10-19 15:00:00,2717881.42,2729804.05,2701041.51,2724355.34,7700
2023-10-19 16:00:00,2733379.15,2746199.96,2733379.15,2738856.87,6950
2023-10-19 17:00:00,2700691.9,2700691.9,2689910.7,2695301.3,10426
2023-10-19 18:00:00,2689971.66,2718954.44,2617660.03,2709910.99,11452
2023-10-19 19:00:00,2704034.71,2704034.71,2679306.33,2702797.41,13484
2023-10-19 20:00:00,2687023.99,2742612.18,2684140.21,2716934.25,12336
2023-10-19 21:00:00,2719118.07,2737318.61,2706349.18,2731854.9,14435
2023-10-19 22:00:00,2758205.42,2815434.52,2758205.42,2764485.7,7054
2023-10-19 23:00:00,2771981.09,2863717.64,2771704.62,2789778.57,10948
2023-10-20 00:00:00,2786991.74,2819222.81,2786991.74,2813595.61,14671
2023-10-20 01:00:00,2832668.84,2842755.27,2832668.84,2838345.53,9236
2023-10-20 02:00:00,2824265.98,2840735.33,2815964.56,2835065.2,11499
2023-10-20 03:00:00,2820344.3,2838130.31,2820344.3,2825996.3,14546
2023-10-20 04:00:00,2831288.99,2842636.84,2831288.99,2836962.92,10733
2023-10-20 05:00:00,2838166.91,2849769.61,2812662.94,2844081.45,17108
2023-10-20 06:00:00,2832232.56,2832232.56,2818022.4,2826579.4,5684
2023-10-20 07:00:00,2831860.32,2832485.84,2802370.67,2826832.18,10358
2023-10-20 08:00:00,2822569.1,2822569.1,2746488.13,2816935.23,9525
2023-10-20 09:00:00,2829816.86,2851150.01,2768689.8,2788855.09,12624
2023-10-20 10:00:00,2806045.94,2847825.34,2806045.94,2811669.28,5078
2023-10-20 11:00:00,2805337.9,2805337.9,2774146.12,2804897.39,7410
2023-10-20 12:00:00,2838551.63,2849928.59,2838551.63,2844240.11,10620
2023-10-20 13:00:00,2838040.42,2841943.01,2790741.13,2796333.8,7276
2023-10-20 14:00:00,2793636.58,2801159.04,2742623.4,2776612.62,14240
2023-10-20 15:00:00,2772608.69,2772608.69,2748563.15,2771653.26,9286
2023-10-20 16:00:00,2786440.15,2797608.25,2786440.15,2792024.2,12779
2023-10-20 17:00:00,2793915.58,2800030.97,2788853.2,2794442.09,10084
2023-10-20 18:00:00,2791905.83,2808970.96,2789130.58,2794720.02,9530
2023-10-20 19:00:00,2780228.85,2789589.07,2716025.24,2762162.89,10894
2023-10-20 20:00:00,2736767.9,2736767.9,2667955.19,2731305.29,16076
2023-10-20 21:00:00,2741185.25,2741185.25,2730242.4,2735713.83,11632
2023-10-20 22:00:00,2707724.98,2707724.98,2696773.34,2702177.69,12248
2023-10-20 23:00:00,2694766.77,2694766.77,2684009.21,2689387.99,5695
2023-10-21 00:00:00,2700170.09,2724797.86,2694740.97,2700141.25,13551
2023-10-21 01:00:00,2682961.41,2682961.41,2672250.99,2677606.2,12761
2023-10-21 02:00:00,2676079.34,2718616.3,2670164.45,2713189.92,9543
2023-10-21 03:00:00,2714690.21,2741707.5,2714690.21,2738665.52,8550
2023-10-21 04:00:00,2706888.51,2706888.51,2646121.28,2700351.79,10943
2023-10-21 05:00:00,2684323.23,2684323.23,2673607.37,2678965.3,14428
2023-10-21 06:00:00,2647762.32,2647762.32,2624220.35,2629479.31,12262
2023-10-21 07:00:00,2640782.13,2654969.4,2610822.82,2616054.93,11974
2023-10-21 08:00:00,2614690.29,2641872.36,2552254.33,2636599.17,8408
2023-10-21 09:00:00,2635992.55,2635992.55,2620236.62,2630731.09,8383
2023-10-21 10:00:00,2637139.96,2680344.09,2637139.96,2644009.3,17779
2023-10-21 11:00:00,2627184.69,2627184.69,2604217.55,2613757.0,17583
2023-10-21 12:00:00,2629904.29,2641602.03,2629904.29,2635174.64,9792
2023-10-21 13:00:00,2631649.1,2631649.1,2600865.09,2626396.31,8553
2023-10-21 14:00:00,2635591.15,2635591.15,2626397.84,2630330.49,14662
2023-10-21 15:00:00,2637093.54,2637093.54,2626566.22,2631829.88,8225
2023-10-21 16:00:00,2610313.37,2610313.37,2561571.34,2607936.98,6419
2023-10-21 17:00:00,2593319.38,2593319.38,2582966.81,2588143.1,7506
2023-10-21 18:00:00,2609294.24,2620727.83,2609294.24,2614523.28,9491
2023-10-21 19:00:00,2623765.34,2632760.09,2622250.07,2627505.08,8396
2023-10-21 20:00:00,2626750.49,2678793.92,2626750.49,2653772.09,12060
2023-10-21 21:00:00,2655676.23,2737343.59,2616857.65,2663063.83,15019
2023-10-21 22:00:00,2663542.73,2672665.6,2614242.85,2667926.9,15766
2023-10-21 23:00:00,2637135.39,2637135.39,2631310.84,2631871.65,9802
2023-10-22 00:00:00,2627329.07,2649762.64,2625753.57,2629671.17,11472
2023-10-22 01:00:00,2627596.14,2661912.79,2627596.14,2632861.87,8383
2023-10-22 02:00:00,2674874.37,2749620.04,2674874.37,2678486.33,6463
2023-10-22 03:00:00,2683194.18,2699903.04,2665661.65,2694514.01,9176
2023-10-22 04:00:00,2709651.03,2737085.16,2673291.39,2728402.39,8292
2023-10-22 05:00:00,2724930.42,2755752.4,2714139.75,2739802.72,8095
2023-10-22 06:00:00,2739101.88,2739101.88,2681085.26,2721262.27,9964
2023-10-22 07:00:00,2717805.39,2751195.27,2717000.71,2722445.6,11255
2023-10-22 08:00:00,2720733.15,2731637.9,2720733.15,2726185.53,9506
2023-10-22 09:00:00,2708939.84,2708939.84,2671639.42,2703532.77,11686
2023-10-22 10:00:00,2704976.5,2704976.5,2671207.45,2694690.74,8651
2023-10-22 11:00:00,2685030.62,2702382.03,2685030.62,2690411.44,11874
2023-10-22 12:00:00,2720747.46,2743818.04,2720747.46,2726199.86,8456
2023-10-22 13:00:00,2693576.22,2693576.22,2655570.97,2678262.15,8030
2023-10-22 14:00:00,2679879.68,2711363.26,2662834.21,2705951.36,8354
2023-10-22 15:00:00,2691592.58,2691592.58,2679567.46,2684937.33,12089
2023-10-22 16:00:00,2684267.09,2721415.08,2645507.92,2655788.56,7672
2023-10-22 17:00:00,2678658.64,2733246.0,2678658.64,2684026.69,15480
2023-10-22 18:00:00,2695718.84,2706523.33,2695718.84,2701121.09,20477
2023-10-22 19:00:00,2723391.16,2793740.35,2723391.16,2728848.85,10591
2023-10-22 20:00:00,2739653.48,2750634.05,2739653.48,2745143.77,9234
2023-10-22 21:00:00,2783229.9,2848819.44,2783229.9,2788807.51,6756
2023-10-22 22:00:00,2798585.64,2801876.29,2790524.8,2796283.72,12036
2023-10-22 23:00:00,2792585.0,2792585.0,2781436.95,2787010.98,11693
2023-10-23 00:00:00,2797800.31,2881037.11,2784127.66,2789707.08,17808
2023-10-23 01:00:00,2803574.18,2849888.01,2785717.59,2812755.68,9010
2023-10-23 02:00:00,2793823.21,2793823.21,2749870.04,2788246.72,12165
2023-10-23 03:00:00,2790352.93,2811971.3,2762887.06,2768423.91,11433
2023-10-23 04:00:00,2754135.51,2785593.94,2729548.48,2757760.03,8702
2023-10-23 05:00:00,2733164.25,2733164.25,2678195.2,2707364.48,11954
2023-10-23 06:00:00,2717281.41,2722580.35,2682708.26,2710562.13,7037
2023-10-23 07:00:00,2686943.63,2686943.63,2646869.6,2668824.3,11960
2023-10-23 08:00:00,2658878.63,2677878.61,2610928.48,2672533.54,13352
2023-10-23 09:00:00,2693573.29,2713966.03,2672717.1,2693822.7,14710
2023-10-23 10:00:00,2704946.55,2726135.83,2653086.04,2684468.73,11495
2023-10-23 11:00:00,2711340.1,2728356.13,2711340.1,2722910.31,8245
2023-10-23 12:00:00,2695194.32,2695194.32,2684435.06,2689814.69,7614
2023-10-23 13:00:00,2709232.26,2742357.81,2709232.26,2717335.25,10563
2023-10-23 14:00:00,2707574.02,2737519.88,2707574.02,2732055.77,12375
2023-10-23 15:00:00,2730695.25,2735747.92,2634663.1,2692629.42,15116
2023-10-23 16:00:00,2730899.64,2759041.28,2730899.64,2753534.21,14345
2023-10-23 17:00:00,2760169.79,2776009.35,2744287.07,2749786.64,9109
2023-10-23 18:00:00,2719226.5,2790009.08,2697878.75,2728025.92,5920
2023-10-23 19:00:00,2700342.57,2700342.57,2677221.78,2696036.17,10544
2023-10-23 20:00:00,2703030.23,2739395.57,2687146.63,2692531.7,7373
2023-10-23 21:00:00,2693695.0,2696670.35,2685905.2,2691287.77,11590
2023-10-23 22:00:00,2708317.23,2723076.71,2692431.85,2695142.41,8733
2023-10-23 23:00:00,2695356.22,2695356.22,2624933.65,2689976.27,8512
2023-10-24 00:00:00,2705515.99,2754802.62,2705515.99,2705582.47,7288
2023-10-24 01:00:00,2708480.72,2733315.6,2687979.35,2697817.35,12224
2023-10-24 02:00:00,2672921.94,2672921.94,2621421.13,2656480.89,13183
2023-10-24 03:00:00,2664190.46,2676428.0,2651657.73,2656971.67,8999
2023-10-24 04:00:00,2614568.33,2614568.33,2604130.93,2609349.63,9954
2023-10-24 05:00:00,2603098.86,2652674.69,2585921.53,2623309.51,7146
2023-10-24 06:00:00,2624773.68,2624773.68,2602793.55,2608009.56,9683
2023-10-24 07:00:00,2633664.36,2659390.38,2612791.96,2618028.01,16978
2023-10-24 08:00:00,2646822.69,2707571.99,2646822.69,2652126.94,11027
2023-10-24 09:00:00,2643409.1,2714701.36,2630436.05,2635707.46,11221
2023-10-24 10:00:00,2640060.59,2668924.46,2628239.8,2663597.27,13040
2023-10-24 11:00:00,2648400.11,2662955.52,2631822.12,2657640.24,9787
2023-10-24 12:00:00,2681726.13,2704914.26,2681726.13,2699515.23,6101
2023-10-24 13:00:00,2697392.58,2698240.84,2682834.75,2692855.13,9639
2023-10-24 14:00:00,2693483.34,2693483.34,2614491.53,2676205.35,9379
2023-10-24 15:00:00,2673340.98,2699422.43,2625664.44,2694034.36,12111
2023-10-24 16:00:00,2690380.78,2698841.54,2683666.79,2686219.35,9895
2023-10-24 17:00:00,2675339.55,2675339.55,2661836.84,2669999.55,7207
2023-10-24 18:00:00,2675598.92,2694922.93,2604502.59,2662818.32,12210
2023-10-24 19:00:00,2660178.68,2670840.72,2660178.68,2665509.7,8408
2023-10-24 20:00:00,2689892.43,2703657.12,2689892.43,2698260.6,8008
2023-10-24 21:00:00,2663233.16,2663233.16,2648624.14,2657345.78,13368
2023-10-24 22:00:00,2653051.34,2687539.03,2649285.43,2661952.59,10086
2023-10-24 23:00:00,2661113.61,2684785.98,2648851.75,2679427.13,7947
2023-10-25 00:00:00,2681230.67,2691977.08,2681230.67,2686603.88,7393
2023-10-25 01:00:00,2701391.22,2767592.59,2696967.79,2717911.11,7260
2023-10-25 02:00:00,2711562.56,2727553.14,2711562.56,2716996.56,16690
2023-10-25 03:00:00,2709627.47,2719160.25,2708305.31,2713732.78,15762
2023-10-25 04:00:00,2726531.53,2745985.12,2722415.45,2727871.19,12886
2023-10-25 05:00:00,2724803.3,2735707.23,2724803.3,2730246.73,10179
2023-10-25 06:00:00,2728536.92,2734558.47,2683988.94,2721569.38,9839
2023-10-25 07:00:00,2728205.7,2739140.39,2728205.7,2733673.04,12891
2023-10-25 08:00:00,2724561.11,2743064.72,2654941.23,2719010.66,16588
2023-10-25 09:00:00,2724122.52,2739845.31,2645449.97,2706231.03,8047
2023-10-25 10:00:00,2701504.58,2701504.58,2690720.13,2696112.35,10779
2023-10-25 11:00:00,2682149.89,2733540.59,2682149.89,2728084.42,16607
2023-10-25 12:00:00,2661950.79,2661950.79,2651324.24,2656637.51,6987
2023-10-25 13:00:00,2657671.43,2676015.38,2639850.42,2669780.02,7861
2023-10-25 14:00:00,2678977.15,2679720.29,2642009.73,2674371.54,11762
2023-10-25 15:00:00,2657006.45,2657006.45,2635948.89,2641231.35,10864
2023-10-25 16:00:00,2633687.55,2657516.73,2622610.16,2653375.99,10841
2023-10-25 17:00:00,2663178.58,2709116.76,2663178.58,2668515.61,7247
2023-10-25 18:00:00,2670391.43,2710245.87,2664421.92,2685342.05,12131
2023-10-25 19:00:00,2635513.74,2635513.74,2627330.61,2630253.24,13627
2023-10-25 20:00:00,2655871.7,2671159.07,2655871.7,2665827.42,8724
2023-10-25 21:00:00,2659280.44,2659280.44,2627741.4,2653972.5,17058
2023-10-25 22:00:00,2668400.14,2678814.64,2668400.14,2673747.64,9210
2023-10-25 23:00:00,2688294.11,2700980.34,2688294.11,2693681.47,9624
2023-10-26 00:00:00,2677486.08,2677486.08,2637051.43,2676996.94,8753
2023-10-26 01:00:00,2694863.33,2750640.95,2694863.33,2695034.54,9420
2023-10-26 02:00:00,2688986.73,2694511.86,2683755.32,2689133.59,14709
2023-10-26 03:00:00,2672880.32,2672880.32,2641268.3,2646561.42,13979
2023-10-26 04:00:00,2656045.82,2682537.35,2592163.42,2677182.99,10377
2023-10-26 05:00:00,2677412.96,2702632.75,2658825.81,2663876.1,16068
2023-10-26 06:00:00,2661410.38,2661410.38,2626631.68,2649699.98,10714
2023-10-26 07:00:00,2651518.56,2651518.56,2640933.66,2646226.11,9952
2023-10-26 08:00:00,2662874.51,2662874.51,2652244.27,2657559.39,11626
2023-10-26 09:00:00,2646190.39,2676010.23,2640724.47,2661180.84,10355
2023-10-26 10:00:00,2653444.43,2687169.31,2607681.26,2677799.9,14807
2023-10-26 11:00:00,2657622.59,2657622.59,2566197.43,2652317.96,7729
2023-10-26 12:00:00,2644445.1,2646803.34,2636237.26,2641520.3,5568
2023-10-26 13:00:00,2639617.13,2659746.95,2639617.13,2644906.94,9734
2023-10-26 14:00:00,2651386.38,2696997.3,2651386.38,2691614.07,13069
2023-10-26 15:00:00,2703394.85,2703394.85,2686775.35,2692159.67,13318
2023-10-26 16:00:00,2701618.9,2724473.31,2701618.9,2719035.24,9958
2023-10-26 17:00:00,2695119.82,2726751.63,2695119.82,2721309.01,9648
2023-10-26 18:00:00,2717289.19,2717289.19,2691993.58,2711865.46,6774
2023-10-26 19:00:00,2713698.25,2713698.25,2663050.27,2708281.69,14180
2023-10-26 20:00:00,2701277.72,2726506.52,2701277.72,2706691.1,10722
2023-10-26 21:00:00,2715479.16,2727744.96,2715479.16,2722300.36,8472
2023-10-26 22:00:00,2748736.13,2763442.77,2748736.13,2754244.62,11915
2023-10-26 23:00:00,2773897.67,2845553.56,2760146.35,2761772.76,11645
2023-10-27 00:00:00,2773561.18,2803934.92,2773561.18,2787551.16,11669
2023-10-27 01:00:00,2768525.21,2768525.21,2757473.21,2762999.21,12464
2023-10-27 02:00:00,2753471.25,2780613.44,2747066.63,2752571.77,7449
2023-10-27 03:00:00,2739654.14,2780432.33,2692377.79,2735872.89,10719
2023-10-27 04:00:00,2741757.5,2750239.89,2740430.51,2743546.45,11808
2023-10-27 05:00:00,2741352.13,2741352.13,2729075.16,2735701.47,10210
2023-10-27 06:00:00,2747234.87,2758245.84,2747234.87,2752740.35,12228
2023-10-27 07:00:00,2737157.0,2758120.68,2690888.27,2731553.49,12962
2023-10-27 08:00:00,2733897.07,2742689.42,2730912.1,2733551.65,10808
2023-10-27 09:00:00,2738455.65,2779438.46,2738455.65,2749854.18,12549
2023-10-27 10:00:00,2730347.37,2730347.37,2653388.74,2703500.1,13673
2023-10-27 11:00:00,2708267.38,2798362.78,2656872.25,2753131.9,10134
2023-10-27 12:00:00,2744738.78,2757339.2,2742741.73,2746654.79,12205
2023-10-27 13:00:00,2706957.21,2706957.21,2696151.0,2701554.11,7774
2023-10-27 14:00:00,2713496.54,2713496.54,2703649.6,2708080.38,8454
2023-10-27 15:00:00,2715194.84,2716895.82,2706049.93,2711472.87,11792
2023-10-27 16:00:00,2715071.79,2721353.84,2694086.39,2712166.31,3848
2023-10-27 17:00:00,2722306.35,2806213.02,2722306.35,2736617.96,19266
2023-10-27 18:00:00,2748887.94,2759905.53,2748887.94,2754396.73,11548
2023-10-27 19:00:00,2736229.21,2790718.9,2724936.75,2761101.16,7336
2023-10-27 20:00:00,2742832.63,2815359.61,2731468.55,2770889.61,10264
2023-10-27 21:00:00,2777610.53,2795002.42,2760593.76,2767612.94,14395
2023-10-27 22:00:00,2793415.81,2834690.25,2793415.81,2807026.05,12908
2023-10-27 23:00:00,2787391.49,2787391.49,2733009.52,2769930.48,11157
2023-10-28 00:00:00,2782458.49,2802297.52,2750902.08,2772260.18,6328
2023-10-28 01:00:00,2756994.77,2836805.41,2699909.64,2772738.6,11092
2023-10-28 02:00:00,2770791.31,2795735.25,2770791.31,2790154.94,8182
2023-10-28 03:00:00,2787698.11,2787698.11,2758939.43,2768859.54,10589
2023-10-28 04:00:00,2734208.52,2734208.52,2723293.52,2728751.02,4655
2023-10-28 05:00:00,2733023.89,2739479.01,2714538.65,2734010.99,4495
2023-10-28 06:00:00,2735508.82,2749635.13,2721900.23,2741791.75,5707
2023-10-28 07:00:00,2768935.05,2871634.62,2768935.05,2776180.65,10531
2023-10-28 08:00:00,2759581.28,2803872.7,2695726.53,2746369.0,9883
2023-10-28 09:00:00,2767609.54,2780387.04,2767609.54,2773155.85,12763
2023-10-28 10:00:00,2781206.73,2831658.0,2781206.73,2826005.99,13644
2023-10-28 11:00:00,2832314.92,2842154.58,2807606.75,2813233.22,8563
2023-10-28 12:00:00,2782216.82,2782216.82,2723339.71,2780441.81,8314
2023-10-28 13:00:00,2801995.79,2819160.13,2764611.47,2770151.77,11986
2023-10-28 14:00:00,2765890.44,2791722.15,2755702.53,2770079.85,9323
2023-10-28 15:00:00,2770781.54,2824200.99,2729114.61,2782492.06,6194
2023-10-28 16:00:00,2788097.36,2788664.72,2744437.91,2767972.19,8291
2023-10-28 17:00:00,2797305.06,2808516.71,2797305.06,2802910.89,16044
2023-10-28 18:00:00,2780621.02,2780621.02,2747831.2,2775070.88,9046
2023-10-28 19:00:00,2740507.8,2740507.8,2729567.65,2735037.73,9198
2023-10-28 20:00:00,2756057.02,2767103.34,2756057.02,2761580.18,8532
2023-10-28 21:00:00,2715985.86,2715985.86,2705143.6,2710564.73,9600
2023-10-28 22:00:00,2712034.41,2714819.77,2703982.16,2709400.97,9734
2023-10-28 23:00:00,2731876.41,2792540.55,2731876.41,2781797.2,13706
2023-10-29 00:00:00,2783888.6,2829667.9,2760319.48,2780613.86,14582
2023-10-29 01:00:00,2763834.99,2763834.99,2748822.93,2754331.6,8334
2023-10-29 02:00:00,2748302.24,2759317.48,2748302.24,2753809.86,8264
2023-10-29 03:00:00,2759005.99,2759005.99,2747992.0,2753498.99,8127
2023-10-29 04:00:00,2755670.46,2857759.44,2752463.01,2757978.97,15748
2023-10-29 05:00:00,2763089.07,2779023.03,2755950.23,2773476.07,8277
2023-10-29 06:00:00,2755116.95,2755116.95,2710419.43,2749617.71,11626
2023-10-29 07:00:00,2754790.52,2794250.39,2725431.21,2788673.04,15553
2023-10-29 08:00:00,2798365.05,2798618.72,2787446.59,2793032.65,7358
2023-10-29 09:00:00,2790962.72,2813744.6,2789157.31,2808128.35,4959
2023-10-29 10:00:00,2796916.38,2796916.38,2764415.17,2791333.71,10811
2023-10-29 11:00:00,2796079.96,2825010.88,2796077.45,2819372.14,9299
2023-10-29 12:00:00,2816041.9,2816041.9,2783332.81,2810421.06,6672
2023-10-29 13:00:00,2798009.19,2819995.56,2774594.93,2814366.83,8039
2023-10-29 14:00:00,2817425.56,2828691.69,2784710.16,2790290.74,11179
2023-10-29 15:00:00,2772040.18,2772040.18,2689119.33,2766507.16,11043
2023-10-29 16:00:00,2752415.51,2788042.18,2738200.05,2782477.23,11090
2023-10-29 17:00:00,2773512.72,2782876.17,2766292.69,2771836.36,9200
2023-10-29 18:00:00,2761443.92,2761443.92,2726197.43,2752617.91,14729
2023-10-29 19:00:00,2744953.75,2744953.75,2716197.49,2739474.8,11128
2023-10-29 20:00:00,2751773.16,2769437.84,2751773.16,2757287.74,11350
2023-10-29 21:00:00,2759503.98,2759503.98,2736320.0,2744237.4,9487
2023-10-29 22:00:00,2747812.89,2751819.36,2738060.9,2743547.99,9878
2023-10-29 23:00:00,2745138.55,2774908.05,2745138.55,2745886.88,10777
2023-10-30 00:00:00,2710196.5,2710196.5,2699377.35,2704786.92,7622
2023-10-30 01:00:00,2682044.03,2682044.03,2671337.26,2676690.65,22843
2023-10-30 02:00:00,2684720.98,2695481.39,2684720.98,2690101.18,7923
2023-10-30 03:00:00,2704517.33,2704517.33,2656559.08,2679191.51,6875
2023-10-30 04:00:00,2691152.85,2734619.85,2691152.85,2708221.88,12037
2023-10-30 05:00:00,2733363.3,2739355.75,2733363.3,2733887.97,11512
2023-10-30 06:00:00,2739442.69,2758242.33,2697776.65,2752736.86,17982
2023-10-30 07:00:00,2789700.56,2825878.42,2789700.56,2795291.14,8976
2023-10-30 08:00:00,2786845.58,2803839.91,2786845.58,2792430.44,12281
2023-10-30 09:00:00,2801522.82,2857299.13,2796333.0,2806482.12,8542
2023-10-30 10:00:00,2801174.31,2801174.31,2773995.64,2791518.97,9858
2023-10-30 11:00:00,2813730.84,2852497.28,2813730.84,2846803.67,12552
2023-10-30 12:00:00,2883106.9,2894662.44,2883106.9,2888884.67,13204
2023-10-30 13:00:00,2877365.04,2935769.58,2877295.18,2882425.09,8140
2023-10-30 14:00:00,2875716.03,2915671.71,2837260.09,2885229.37,11856
2023-10-30 15:00:00,2904950.49,2916593.58,2904950.49,2910772.04,3766
2023-10-30 16:00:00,2904880.16,2904880.16,2893283.83,2899081.99,8935
2023-10-30 17:00:00,2881918.27,2881918.27,2866471.43,2876165.94,11315
2023-10-30 18:00:00,2885068.53,2896631.93,2885068.53,2890850.23,5419
2023-10-30 19:00:00,2880188.79,2891732.63,2880188.79,2885960.71,11727
2023-10-30 20:00:00,2887894.45,2889690.96,2878155.27,2883923.12,6161
2023-10-30 21:00:00,2869193.96,2898035.82,2852389.93,2858106.14,8011
2023-10-30 22:00:00,2838937.09,2838937.09,2807907.71,2813534.78,13648
2023-10-30 23:00:00,2817852.17,2906951.33,2809537.86,2817333.61,8440
2023-10-31 00:00:00,2832841.43,2842016.43,2832841.43,2836343.74,4662
2023-10-31 01:00:00,2833760.73,2833760.73,2822448.31,2828104.52,10340
2023-10-31 02:00:00,2853127.97,2864563.36,2853127.97,2858845.67,15375
2023-10-31 03:00:00,2859018.98,2859018.98,2800455.6,2838044.62,14244
2023-10-31 04:00:00,2816224.46,2816224.46,2742919.63,2810603.26,8709
2023-10-31 05:00:00,2814433.77,2846613.65,2802190.24,2807805.86,9700
2023-10-31 06:00:00,2806828.9,2893083.0,2797583.76,2804854.35,8617
2023-10-31 07:00:00,2816000.28,2905005.98,2816000.28,2821643.57,7146
2023-10-31 08:00:00,2804730.9,2807543.98,2790280.57,2801940.1,7079
2023-10-31 09:00:00,2826962.66,2877440.36,2826962.66,2832627.91,6497
2023-10-31 10:00:00,2851210.92,2881337.2,2845269.37,2875586.03,10626
2023-10-31 11:00:00,2874292.92,2940720.37,2863636.6,2869375.35,11980
2023-10-31 12:00:00,2872350.98,2899600.38,2813796.37,2893812.75,10418
2023-10-31 13:00:00,2898123.98,2937398.3,2806441.47,2862393.82,13078
2023-10-31 14:00:00,2877355.58,2903631.64,2877355.58,2883121.83,12964
2023-10-31 15:00:00,2896253.41,2930318.63,2896253.41,2902057.52,7075
2023-10-31 16:00:00,2895499.13,2921351.48,2869581.46,2915520.44,9358
2023-10-31 17:00:00,2901770.65,2913125.23,2898859.88,2907310.61,9876
2023-10-31 18:00:00,2835575.04,2835575.04,2817308.58,2829915.21,8908
2023-10-31 19:00:00,2818486.33,2818486.33,2782328.85,2812860.6,14811
2023-10-31 20:00:00,2793683.66,2802942.58,2783768.45,2797347.89,9530
2023-10-31 21:00:00,2780421.19,2780421.19,2750285.95,2774871.45,6436
2023-10-31 22:00:00,2756348.04,2784461.43,2740651.54,2778903.62,13483
2023-10-31 23:00:00,2767840.05,2787964.73,2764895.7,2770436.58,5903
2023-11-01 00:00:00,2765265.57,2792746.12,2733201.76,2753384.22,15914
2023-11-01 01:00:00,2745995.37,2745995.37,2726768.25,2732232.71,8246
2023-11-01 02:00:00,2725623.72,2725623.72,2714742.99,2720183.35,11622
2023-11-01 03:00:00,2696749.74,2755229.91,2679382.39,2749730.45,9801
2023-11-01 04:00:00,2743310.24,2743310.24,2732358.9,2737834.57,10778
2023-11-01 05:00:00,2735508.61,2735508.61,2685134.15,2730048.52,17240
2023-11-01 06:00:00,2725402.21,2745787.38,2649436.41,2724022.81,11013
2023-11-01 07:00:00,2736848.44,2736848.44,2658304.15,2736124.99,7793
2023-11-01 08:00:00,2749086.06,2755694.67,2740924.71,2750194.28,11687
2023-11-01 09:00:00,2690280.52,2690280.52,2629152.83,2684910.7,9253
2023-11-01 10:00:00,2708793.16,2719650.05,2708793.16,2714221.61,13526
2023-11-01 11:00:00,2718932.53,2781118.47,2718932.53,2751250.32,15784
2023-11-01 12:00:00,2736163.08,2736163.08,2715519.15,2730701.67,9072
2023-11-01 13:00:00,2735143.69,2747536.27,2707860.54,2713287.11,11581
2023-11-01 14:00:00,2703166.72,2714001.06,2703166.72,2708583.89,21244
2023-11-01 15:00:00,2713007.95,2749195.59,2692002.15,2697396.95,11631
2023-11-01 16:00:00,2685161.88,2713964.71,2659513.86,2708547.62,10619
2023-11-01 17:00:00,2676441.79,2676441.79,2665757.39,2671099.59,13742
2023-11-01 18:00:00,2659815.57,2659815.57,2633229.19,2654506.55,11750
2023-11-01 19:00:00,2691232.44,2702018.94,2691232.44,2696625.69,5311
2023-11-01 20:00:00,2684012.61,2687938.17,2661339.06,2682573.02,15000
2023-11-01 21:00:00,2711583.6,2722451.67,2711583.6,2717017.63,12481
2023-11-01 22:00:00,2735956.49,2793134.04,2724671.59,2730131.86,12476
2023-11-01 23:00:00,2701461.45,2706614.02,2688890.03,2694278.58,8839
2023-11-02 00:00:00,2709387.48,2718283.96,2709387.48,2714817.12,11164
2023-11-02 01:00:00,2701969.17,2723050.38,2657892.53,2717615.15,16485
2023-11-02 02:00:00,2718229.05,2718229.05,2678993.06,2712803.44,6265
2023-11-02 03:00:00,2718357.52,2729252.74,2718357.52,2723805.13,16736
2023-11-02 04:00:00,2719772.27,2744829.77,2719772.27,2739351.07,10332
2023-11-02 05:00:00,2747997.81,2764794.38,2731777.62,2759275.83,9412
2023-11-02 06:00:00,2783179.62,2794334.65,2783179.62,2788757.13,12140
2023-11-02 07:00:00,2788392.35,2833231.71,2788392.35,2799166.61,10820
2023-11-02 08:00:00,2773708.27,2773708.27,2762635.58,2768171.92,13754
2023-11-02 09:00:00,2765360.59,2765360.59,2754321.22,2759840.9,9400
2023-11-02 10:00:00,2823424.33,2862359.14,2823424.33,2829082.49,12104
2023-11-02 11:00:00,2822204.94,2854709.68,2815581.51,2844465.49,9746
2023-11-02 12:00:00,2891436.85,2935236.38,2891436.85,2897231.31,14075
2023-11-02 13:00:00,2918737.73,2925745.28,2918737.73,2924586.91,8709
2023-11-02 14:00:00,2917027.23,2943333.08,2917027.23,2922872.98,9630
2023-11-02 15:00:00,2928564.56,2928564.56,2918915.25,2922719.12,9325
2023-11-02 16:00:00,2933121.5,2943381.01,2857287.18,2914606.33,9003
2023-11-02 17:00:00,2872277.5,2872277.5,2860811.32,2866544.41,9765
2023-11-02 18:00:00,2867636.48,2869198.74,2838402.59,2863471.79,11667
2023-11-02 19:00:00,2866483.52,2894273.4,2857642.35,2888496.41,10127
2023-11-02 20:00:00,2883135.54,2883135.54,2770849.03,2869482.6,13223
2023-11-02 21:00:00,2869816.37,2881318.64,2869816.37,2875567.5,6320
2023-11-02 22:00:00,2881046.82,2914784.38,2881046.82,2891611.56,13127
2023-11-02 23:00:00,2870917.53,2870917.53,2834840.73,2865187.16,7589
2023-11-03 00:00:00,2876019.8,2876019.8,2832263.72,2851497.57,4300
2023-11-03 01:00:00,2850461.63,2865341.88,2819923.36,2825574.51,7084
2023-11-03 02:00:00,2811688.71,2811688.71,2800464.41,2806076.56,10799
2023-11-03 03:00:00,2782188.63,2782188.63,2771717.34,2777271.88,9119
2023-11-03 04:00:00,2761774.18,2761774.18,2743990.84,2759343.61,6893
2023-11-03 05:00:00,2766889.32,2800505.67,2737764.52,2794915.84,10193
2023-11-03 06:00:00,2781049.76,2781049.76,2770491.71,2775498.77,11945
2023-11-03 07:00:00,2775520.8,2815933.26,2775520.8,2781082.97,5776
2023-11-03 08:00:00,2766891.72,2799976.02,2766518.85,2772062.98,6885
2023-11-03 09:00:00,2796154.04,2821740.8,2796154.04,2801757.55,10367
2023-11-03 10:00:00,2817763.87,2838680.08,2817763.87,2833014.06,15951
2023-11-03 11:00:00,2846652.46,2858061.89,2846652.46,2852357.18,10377
2023-11-03 12:00:00,2874726.14,2937428.59,2851906.12,2857621.36,11601
2023-11-03 13:00:00,2851392.32,2851392.32,2844333.22,2850033.28,11265
2023-11-03 14:00:00,2826229.14,2826229.14,2786688.11,2820587.96,13923
2023-11-03 15:00:00,2859820.01,2914690.86,2859820.01,2865551.11,7972
2023-11-03 16:00:00,2850800.04,2850800.04,2831197.16,2845109.82,12583
2023-11-03 17:00:00,2848685.75,2864932.16,2848685.75,2859213.73,12165
2023-11-03 18:00:00,2851945.12,2887490.68,2851945.12,2881727.22,13204
2023-11-03 19:00:00,2879859.69,2915177.42,2832609.29,2865027.96,8883
2023-11-03 20:00:00,2852418.96,2887884.24,2849730.34,2886784.71,15985
2023-11-03 21:00:00,2895118.1,2906721.78,2895118.1,2900919.94,16588
2023-11-03 22:00:00,2915199.82,2937577.58,2915199.82,2937097.75,11543
2023-11-03 23:00:00,2924575.2,2924575.2,2870445.97,2918737.72,7602
2023-11-04 00:00:00,2888056.1,2888056.1,2876595.26,2882291.52,11910
2023-11-04 01:00:00,2857820.28,2880694.6,2817048.24,2867028.17,7401
2023-11-04 02:00:00,2878320.56,2904439.38,2863791.91,2869530.97,13054
2023-11-04 03:00:00,2890225.35,2914365.27,2862603.93,2868340.61,11334
2023-11-04 04:00:00,2860860.67,2933716.36,2826571.01,2856613.05,9509
2023-11-04 05:00:00,2817483.95,2817483.95,2791052.43,2810316.95,9821
2023-11-04 06:00:00,2824004.58,2827936.85,2800412.9,2822292.26,11031
2023-11-04 07:00:00,2862447.67,2873920.41,2862447.67,2868184.04,12234
2023-11-04 08:00:00,2870845.08,2917298.85,2870845.08,2876598.28,7326
2023-11-04 09:00:00,2880955.21,2979652.2,2855084.51,2887940.41,16511
2023-11-04 10:00:00,2898642.71,2903545.0,2876533.72,2897749.51,10675
2023-11-04 11:00:00,2891648.4,2928756.93,2891292.01,2902801.97,9223
2023-11-04 12:00:00,2907779.97,2970832.05,2901111.13,2920231.13,7637
2023-11-04 13:00:00,2924198.11,3004201.9,2917997.16,2923844.85,13211
2023-11-04 14:00:00,2906111.09,2916162.02,2904520.65,2910341.34,8377
2023-11-04 15:00:00,2892124.69,2892124.69,2812556.12,2886351.99,9943
2023-11-04 16:00:00,2882760.83,2882760.83,2825761.92,2877006.82,9860
2023-11-04 17:00:00,2872466.47,2887355.15,2829165.49,2881591.96,8318
2023-11-04 18:00:00,2881145.27,2882700.58,2843261.24,2871128.37,6865
2023-11-04 19:00:00,2879918.07,2881908.75,2870404.13,2876156.44,8946
2023-11-04 20:00:00,2888779.61,2893402.74,2859581.04,2883794.99,9490
2023-11-04 21:00:00,2894464.16,2906065.22,2894464.16,2900264.69,10586
2023-11-04 22:00:00,2920618.79,2932324.67,2920618.79,2926471.73,6861
2023-11-04 23:00:00,2928278.33,2928278.33,2916588.6,2922433.46,13166
2023-11-05 00:00:00,2886951.2,2886951.2,2847407.45,2885646.94,12428
2023-11-05 01:00:00,2882799.06,2914875.65,2844029.17,2874423.07,10289
2023-11-05 02:00:00,2866722.07,2944216.11,2866722.07,2873095.07,7146
2023-11-05 03:00:00,2833414.06,2833414.06,2822103.03,2827758.54,9105
2023-11-05 04:00:00,2831649.19,2866198.49,2822628.88,2860477.53,11680
2023-11-05 05:00:00,2862502.77,2882800.28,2807549.76,2862415.56,7463
2023-11-05 06:00:00,2874671.65,2878495.64,2834771.1,2869821.06,11158
2023-11-05 07:00:00,2894048.69,2903563.7,2894048.69,2899848.39,6606
2023-11-05 08:00:00,2896151.93,2926172.29,2875263.19,2881025.24,8459
2023-11-05 09:00:00,2886051.25,2918235.64,2886051.25,2891834.92,11967
2023-11-05 10:00:00,2891879.55,2903224.84,2848507.51,2885888.52,8575
2023-11-05 11:00:00,2903306.29,2930078.01,2847545.56,2878597.01,10844
2023-11-05 12:00:00,2863627.41,2863627.41,2774810.88,2857911.58,15068
2023-11-05 13:00:00,2892689.12,2947044.34,2892689.12,2895597.0,8867
2023-11-05 14:00:00,2898923.43,2898923.43,2877334.2,2883100.4,13735
2023-11-05 15:00:00,2891042.52,2927902.14,2891042.52,2896836.19,7727
2023-11-05 16:00:00,2854565.25,2854565.25,2799302.11,2848867.51,6542
2023-11-05 17:00:00,2863750.77,2881535.97,2863750.77,2875784.4,8824
2023-11-05 18:00:00,2884944.33,2929187.04,2846959.75,2898273.71,8033
2023-11-05 19:00:00,2903529.56,2915035.32,2849755.88,2896901.33,9233
2023-11-05 20:00:00,2903344.75,2912767.05,2860389.05,2887946.99,13234
2023-11-05 21:00:00,2885247.39,2907258.72,2869077.88,2894417.06,6952
2023-11-05 22:00:00,2939226.69,2961123.69,2939226.69,2945116.92,14955
2023-11-05 23:00:00,2901721.98,2901721.98,2894613.31,2895930.12,14554
2023-11-06 00:00:00,2905165.51,2916809.46,2905165.51,2910987.49,9784
2023-11-06 01:00:00,2890705.36,2890705.36,2808252.49,2884935.49,9348
2023-11-06 02:00:00,2877945.52,2939772.34,2835559.69,2881807.58,6534
2023-11-06 03:00:00,2877907.15,2922000.94,2849044.85,2873543.37,9077
2023-11-06 04:00:00,2862603.42,2867358.84,2802687.97,2861635.56,12050
2023-11-06 05:00:00,2865562.85,2866069.94,2854628.55,2860349.25,5854
2023-11-06 06:00:00,2838569.52,2838569.52,2827237.91,2832903.72,8558
2023-11-06 07:00:00,2851807.79,2960772.77,2851807.79,2857522.84,8753
2023-11-06 08:00:00,2832882.29,2835975.75,2809299.46,2814929.32,5278
2023-11-06 09:00:00,2815780.21,2834953.89,2815584.2,2829295.3,6142
2023-11-06 10:00:00,2819677.43,2824378.66,2811944.97,2822847.0,8566
2023-11-06 11:00:00,2802974.13,2802974.13,2791784.61,2797379.37,7169
2023-11-06 12:00:00,2778212.75,2845699.46,2750694.92,2805135.62,9741
2023-11-06 13:00:00,2777715.76,2777715.76,2766276.24,2772171.42,13202
2023-11-06 14:00:00,2775675.56,2843237.13,2768691.76,2777746.6,5321
2023-11-06 15:00:00,2755302.04,2755302.04,2718586.79,2749802.43,8291
2023-11-06 16:00:00,2744442.87,2771695.03,2709569.24,2766162.7,7605
2023-11-06 17:00:00,2769832.85,2784662.86,2744892.18,2750392.96,13875
2023-11-06 18:00:00,2751799.34,2751799.34,2740814.11,2746306.73,7718
2023-11-06 19:00:00,2756814.33,2764715.74,2728050.67,2759197.35,7545
2023-11-06 20:00:00,2752834.23,2752834.23,2713392.49,2747339.55,7374
2023-11-06 21:00:00,2744367.93,2757798.28,2729476.73,2752293.7,14180
2023-11-06 22:00:00,2734603.8,2734603.8,2677787.28,2724264.82,12620
2023-11-06 23:00:00,2725161.96,2751476.9,2701727.11,2745984.93,8191
2023-11-07 00:00:00,2786430.31,2816410.22,2786430.31,2792014.33,17254
2023-11-07 01:00:00,2796264.39,2863738.64,2759400.14,2859379.19,5104
2023-11-07 02:00:00,2857707.24,2905415.48,2854506.77,2861131.01,9807
2023-11-07 03:00:00,2860045.02,2905054.09,2850919.3,2879082.08,10436
2023-11-07 04:00:00,2841288.85,2841288.85,2829946.38,2835617.62,11276
2023-11-07 05:00:00,2865887.31,2890470.2,2865887.31,2871630.57,9817
2023-11-07 06:00:00,2875914.33,2894556.57,2810825.73,2888779.01,8465
2023-11-07 07:00:00,2881028.51,2881028.51,2861125.1,2875277.95,9188
2023-11-07 08:00:00,2885711.18,2913581.88,2837057.06,2903107.39,11436
2023-11-07 09:00:00,2907115.86,2943009.69,2863223.27,2894118.63,5689
2023-11-07 10:00:00,2886717.7,2886717.7,2821937.25,2880955.79,7068
2023-11-07 11:00:00,2878954.17,2896493.49,2878954.17,2890712.07,6702
2023-11-07 12:00:00,2908866.9,2925872.94,2856090.27,2863636.7,7709
2023-11-07 13:00:00,2880217.05,2893053.83,2878689.55,2887279.28,16178
2023-11-07 14:00:00,2866403.56,2866403.56,2824137.83,2860682.19,14113
2023-11-07 15:00:00,2846382.93,2846382.93,2835574.57,2836143.07,13515
2023-11-07 16:00:00,2851482.03,2858295.98,2810972.2,2816605.41,7370
2023-11-07 17:00:00,2831139.61,2921892.53,2831139.61,2836813.23,14090
2023-11-07 18:00:00,2829700.21,2829700.21,2818404.0,2824052.11,13081
2023-11-07 19:00:00,2800903.63,2800903.63,2789722.38,2795313.01,12576
2023-11-07 20:00:00,2787075.11,2793371.75,2716285.57,2785612.55,12931
2023-11-07 21:00:00,2784041.35,2795199.84,2784041.35,2789620.59,12445
2023-11-07 22:00:00,2773979.68,2773979.68,2750759.53,2767256.32,10779
2023-11-07 23:00:00,2752644.3,2752644.3,2717940.29,2747150.0,9050
2023-11-08 00:00:00,2745189.9,2844619.19,2706174.28,2801660.0,9891
2023-11-08 01:00:00,2794022.83,2794022.83,2759395.8,2785949.51,9389
2023-11-08 02:00:00,2786529.02,2796340.91,2777982.41,2783549.51,6869
2023-11-08 03:00:00,2767822.38,2785864.9,2767822.38,2780304.29,8259
2023-11-08 04:00:00,2782129.07,2782129.07,2770522.85,2776075.0,10598
2023-11-08 05:00:00,2790147.45,2860844.8,2790147.45,2795738.93,8939
2023-11-08 06:00:00,2816141.03,2827428.17,2816141.03,2821784.6,15902
2023-11-08 07:00:00,2804282.38,2848292.45,2785929.6,2817597.29,7999
2023-11-08 08:00:00,2807962.95,2807962.95,2768131.83,2792291.11,6575
2023-11-08 09:00:00,2803362.96,2830129.92,2791540.19,2826018.35,12243
2023-11-08 10:00:00,2820756.72,2832062.36,2820756.72,2826409.54,5909
2023-11-08 11:00:00,2825136.94,2874670.81,2792060.42,2868932.94,10517
2023-11-08 12:00:00,2821939.75,2821939.75,2810674.52,2816307.14,6842
2023-11-08 13:00:00,2809415.56,2829774.41,2774295.83,2824126.15,12270
2023-11-08 14:00:00,2850920.34,2876980.47,2850920.34,2871237.99,14283
2023-11-08 15:00:00,2859160.32,2868676.54,2857224.74,2862950.64,9399
2023-11-08 16:00:00,2863938.51,2863938.51,2852505.62,2858222.07,17560
2023-11-08 17:00:00,2856302.11,2903687.26,2836489.74,2865980.35,14213
2023-11-08 18:00:00,2867607.22,2887446.33,2847503.85,2853224.54,14070
2023-11-08 19:00:00,2855815.61,2900164.52,2787278.93,2847093.1,12075
2023-11-08 20:00:00,2843807.32,2846493.93,2835130.68,2840812.31,14877
2023-11-08 21:00:00,2833949.12,2833949.12,2822635.95,2828292.54,16631
2023-11-08 22:00:00,2835199.77,2893486.61,2835199.77,2859481.76,9599
2023-11-08 23:00:00,2858551.49,2880395.05,2829987.57,2871144.31,15406
2023-11-09 00:00:00,2851354.14,2931563.83,2814569.85,2877230.78,8749
2023-11-09 01:00:00,2881272.81,2901864.9,2843478.18,2896072.75,10140
2023-11-09 02:00:00,2891184.63,2894189.54,2882635.89,2888412.72,8601
2023-11-09 03:00:00,2887922.6,2912880.8,2863533.14,2869271.68,8899
2023-11-09 04:00:00,2866650.69,2883628.95,2832145.79,2855543.4,7162
2023-11-09 05:00:00,2857963.68,2904580.57,2851127.01,2856840.69,8659
2023-11-09 06:00:00,2851769.58,2873629.15,2827657.35,2833323.99,14581
2023-11-09 07:00:00,2830051.99,2830051.99,2772339.47,2824403.19,13982
2023-11-09 08:00:00,2819848.84,2827574.97,2767587.88,2815655.68,14423
2023-11-09 09:00:00,2858988.78,2886272.81,2858988.78,2868243.33,14049
2023-11-09 10:00:00,2846319.64,2846319.64,2748215.31,2803769.6,12548
2023-11-09 11:00:00,2816501.32,2866236.1,2793479.51,2804218.48,11761
2023-11-09 12:00:00,2842614.98,2854008.22,2842614.98,2848311.6,8310
2023-11-09 13:00:00,2847315.01,2871491.92,2847315.01,2853021.06,12558
2023-11-09 14:00:00,2862271.27,2877917.85,2843900.67,2872173.5,10987
2023-11-09 15:00:00,2869194.9,2876627.06,2869194.9,2874944.79,9667
2023-11-09 16:00:00,2880800.83,2885039.23,2821100.73,2859585.29,14312
2023-11-09 17:00:00,2813116.2,2813116.2,2777032.22,2808552.93,4513
2023-11-09 18:00:00,2812157.7,2860267.25,2812157.7,2817793.29,6125
2023-11-09 19:00:00,2824164.24,2849656.87,2780793.41,2803929.08,10322
2023-11-09 20:00:00,2796007.07,2796007.07,2784845.37,2790426.22,12701
2023-11-09 21:00:00,2800125.34,2803588.22,2736343.22,2784712.97,19910
2023-11-09 22:00:00,2826529.89,2842848.26,2826529.89,2830412.48,5410
2023-11-09 23:00:00,2883450.85,2895007.77,2883450.85,2889229.31,9903
2023-11-10 00:00:00,2890514.74,2917488.78,2842879.32,2893870.31,8593
2023-11-10 01:00:00,2890484.41,2892680.69,2863997.9,2882143.42,13678
2023-11-10 02:00:00,2898498.2,2930296.1,2840093.57,2854461.41,7413
2023-11-10 03:00:00,2850894.89,2872605.43,2813978.93,2867177.47,12748
2023-11-10 04:00:00,2874008.21,2957714.82,2874008.21,2909923.37,15366
2023-11-10 05:00:00,2903065.45,2948964.44,2896568.68,2902373.42,8142
2023-11-10 06:00:00,2850565.07,2850565.07,2835261.52,2844875.32,12378
2023-11-10 07:00:00,2860662.73,2879397.5,2860662.73,2862963.97,10124
2023-11-10 08:00:00,2881622.24,2893171.83,2881622.24,2887397.04,9496
2023-11-10 09:00:00,2871552.32,2871552.32,2808085.78,2849901.11,18619
2023-11-10 10:00:00,2862028.55,2862028.55,2827462.28,2856315.92,15349
2023-11-10 11:00:00,2863030.54,2874505.61,2863030.54,2868768.08,19522
2023-11-10 12:00:00,2862453.91,2879302.63,2862453.91,2868190.29,7183
2023-11-10 13:00:00,2861989.51,2874831.49,2845145.35,2850847.05,7599
2023-11-10 14:00:00,2871017.75,2895935.11,2871017.75,2876771.3,9370
2023-11-10 15:00:00,2873498.18,2905382.02,2862232.04,2867967.97,14029
2023-11-10 16:00:00,2860981.86,2860981.86,2826540.14,2834492.9,13160
2023-11-10 17:00:00,2796042.55,2796042.55,2784880.7,2790461.62,15259
2023-11-10 18:00:00,2825181.81,2835493.6,2825181.81,2825261.85,11784
2023-11-10 19:00:00,2837784.54,2904146.59,2837784.54,2843471.48,13672
2023-11-10 20:00:00,2846786.04,2871683.84,2842729.51,2848426.36,14537
2023-11-10 21:00:00,2840031.61,2879364.99,2762371.26,2840773.13,8776
2023-11-10 22:00:00,2825192.22,2837293.89,2809705.08,2831630.63,7251
2023-11-10 23:00:00,2816201.53,2827049.83,2804849.95,2810470.9,7015
2023-11-11 00:00:00,2793134.41,2811189.32,2792206.44,2805578.17,8288
2023-11-11 01:00:00,2767819.83,2767819.83,2756770.65,2762295.24,9647
2023-11-11 02:00:00,2759102.01,2759102.01,2721883.31,2753594.82,7535
2023-11-11 03:00:00,2746366.04,2814447.88,2697244.26,2755030.53,13179
2023-11-11 04:00:00,2773954.22,2782674.55,2771566.07,2777120.31,12912
2023-11-11 05:00:00,2775038.57,2788854.23,2736387.2,2783287.65,11591
2023-11-11 06:00:00,2777889.14,2857141.12,2773198.05,2808073.88,9779
2023-11-11 07:00:00,2838562.26,2849939.26,2838562.26,2844250.76,10574
2023-11-11 08:00:00,2866127.08,2911898.38,2866127.08,2871870.82,14736
2023-11-11 09:00:00,2871749.63,2956134.23,2871749.63,2884221.23,19691
2023-11-11 10:00:00,2891719.76,2932479.07,2876789.4,2885012.0,7393
2023-11-11 11:00:00,2897367.27,2909167.74,2792054.3,2862472.15,8538
2023-11-11 12:00:00,2857020.26,2887507.42,2803889.3,2881743.93,12913
2023-11-11 13:00:00,2876047.06,2927897.61,2869962.44,2922053.51,13760
2023-11-11 14:00:00,2933547.34,2969922.53,2924497.94,2928367.95,12399
2023-11-11 15:00:00,2965969.17,2977856.82,2965969.17,2971912.99,11687
2023-11-11 16:00:00,2935574.59,2935574.59,2925946.39,2929715.16,10766
2023-11-11 17:00:00,2908039.43,2908039.43,2898943.71,2899777.76,19238
2023-11-11 18:00:00,2897357.57,2951329.47,2893345.6,2919711.08,7925
2023-11-11 19:00:00,2914320.1,2930286.03,2830300.36,2924437.15,6675
2023-11-11 20:00:00,2927022.08,2966245.54,2927022.08,2953943.42,5564
2023-11-11 21:00:00,2955646.51,2955646.51,2878868.7,2949747.01,10902
2023-11-11 22:00:00,2926182.72,2926182.72,2919517.5,2925368.24,11243
2023-11-11 23:00:00,2919385.38,2951288.99,2891600.22,2918457.58,10141
2023-11-12 00:00:00,2886327.77,2886327.77,2874805.5,2880566.64,9508
2023-11-12 01:00:00,2898266.57,2935140.98,2808818.27,2855122.39,13713
2023-11-12 02:00:00,2865814.76,2927777.59,2865814.76,2880524.44,9252
2023-11-12 03:00:00,2896392.26,2945602.22,2896392.26,2902196.66,8660
2023-11-12 04:00:00,2918815.23,2918815.23,2890263.27,2910600.81,12923
2023-11-12 05:00:00,2900978.29,2905365.96,2868452.36,2869006.06,13001
2023-11-12 06:00:00,2859988.39,2868322.37,2859988.39,2862597.18,7693
2023-11-12 07:00:00,2842043.9,2842043.9,2825005.13,2836371.15,12801
2023-11-12 08:00:00,2855617.31,2870340.72,2855617.31,2867721.4,6986
2023-11-12 09:00:00,2864733.55,2874662.9,2850542.32,2856254.83,13425
2023-11-12 10:00:00,2839547.7,2839547.7,2828212.18,2833879.94,7639
2023-11-12 11:00:00,2838855.06,2844556.64,2827610.84,2838878.88,11150
2023-11-12 12:00:00,2833731.83,2833731.83,2822419.53,2828075.68,9744
2023-11-12 13:00:00,2837431.3,2878941.75,2837431.3,2867079.07,15302
2023-11-12 14:00:00,2872701.43,2903779.74,2836706.68,2852144.8,13651
2023-11-12 15:00:00,2828438.67,2828438.67,2770089.0,2822793.09,13216
2023-11-12 16:00:00,2811540.11,2811540.11,2757417.13,2778225.45,11535
2023-11-12 17:00:00,2774922.76,2790839.12,2723566.39,2785268.59,10897
2023-11-12 18:00:00,2785372.14,2785372.14,2774252.89,2779812.52,7542
2023-11-12 19:00:00,2760555.53,2760555.53,2754549.99,2755045.44,17666
2023-11-12 20:00:00,2785389.18,2792564.93,2785389.18,2790971.12,9110
2023-11-12 21:00:00,2807626.4,2818879.41,2807626.4,2813252.91,11393
2023-11-12 22:00:00,2812758.54,2824032.12,2812758.54,2818395.33,11312
2023-11-12 23:00:00,2809676.39,2860981.75,2795488.61,2855271.21,13953
2023-11-13 00:00:00,2868226.32,2905326.7,2868226.32,2873974.27,11758
2023-11-13 01:00:00,2862486.84,2862486.84,2820500.12,2856773.29,9753
2023-11-13 02:00:00,2862727.63,2866756.29,2830082.8,2835754.31,12661
2023-11-13 03:00:00,2853521.22,2930367.85,2853521.22,2859239.7,12023
2023-11-13 04:00:00,2854311.1,2939086.24,2833019.61,2871626.7,15918
2023-11-13 05:00:00,2883669.45,2883669.45,2872157.79,2877913.62,6929
2023-11-13 06:00:00,2865635.38,2865635.38,2854195.71,2859915.55,5512
2023-11-13 07:00:00,2874518.2,2882926.9,2871418.21,2877172.55,10200
2023-11-13 08:00:00,2886560.81,2886560.81,2840109.11,2861365.4,16004
2023-11-13 09:00:00,2866334.0,2896895.0,2849282.84,2861926.84,13409
2023-11-13 10:00:00,2892872.33,2908329.26,2892872.33,2898669.67,15461
2023-11-13 11:00:00,2914954.33,2916509.83,2857728.9,2883631.67,12096
2023-11-13 12:00:00,2851931.54,2851931.54,2793341.38,2848162.94,17455
2023-11-13 13:00:00,2833164.84,2833164.84,2727765.01,2827509.82,10841
2023-11-13 14:00:00,2829006.15,2887218.45,2829006.15,2855610.83,8157
2023-11-13 15:00:00,2850551.5,2927187.7,2840840.26,2864960.57,4658
2023-11-13 16:00:00,2861987.57,2870509.14,2859050.02,2864779.58,13528
2023-11-13 17:00:00,2861430.91,2861430.91,2796853.43,2855719.47,8504
2023-11-13 18:00:00,2854178.09,2876145.96,2833996.61,2870405.15,8874
2023-11-13 19:00:00,2858688.03,2858688.03,2847276.1,2852982.06,10591
2023-11-13 20:00:00,2859051.19,2870023.94,2857992.15,2863719.59,7392
2023-11-13 21:00:00,2855320.98,2855320.98,2763309.5,2849621.74,8836
2023-11-13 22:00:00,2860023.53,2861235.97,2830983.72,2832613.22,10278
2023-11-13 23:00:00,2828427.88,2828427.88,2779183.31,2822782.31,6277
2023-11-14 00:00:00,2819071.07,2825306.07,2770644.38,2819666.74,8626
2023-11-14 01:00:00,2818666.69,2836837.72,2818666.69,2824315.32,6435
2023-11-14 02:00:00,2832280.25,2840934.0,2832280.25,2835263.48,9589
2023-11-14 03:00:00,2773918.28,2773918.28,2749250.79,2754760.31,7635
2023-11-14 04:00:00,2738352.34,2751750.02,2700505.03,2746320.03,15027
2023-11-14 05:00:00,2733707.28,2753248.83,2696342.25,2747753.32,14207
2023-11-14 06:00:00,2738519.09,2797251.57,2736875.07,2791668.23,10813
2023-11-14 07:00:00,2782983.14,2812722.84,2769156.49,2774705.9,8653
2023-11-14 08:00:00,2781492.14,2865758.0,2781492.14,2787066.28,5073
2023-11-14 09:00:00,2777448.88,2834678.83,2775497.33,2829020.79,8180
2023-11-14 10:00:00,2804744.71,2804744.71,2798047.4,2804112.38,6823
2023-11-14 11:00:00,2794731.52,2822458.77,2794731.52,2820053.76,12543
2023-11-14 12:00:00,2813191.12,2813191.12,2790075.15,2807575.97,10053
2023-11-14 13:00:00,2811083.85,2816073.26,2750467.27,2802753.12,9152
2023-11-14 14:00:00,2817582.63,2836139.62,2785856.54,2791439.42,7896
2023-11-14 15:00:00,2799145.89,2833809.18,2777293.58,2782499.93,12606
2023-11-14 16:00:00,2806763.61,2876843.75,2806763.61,2852572.18,12019
2023-11-14 17:00:00,2850948.38,2882024.09,2850948.38,2876271.55,6808
2023-11-14 18:00:00,2861071.97,2943181.66,2844443.22,2904723.44,19483
2023-11-14 19:00:00,2917792.74,2923032.58,2911363.78,2917198.18,12627
2023-11-14 20:00:00,2892748.8,2892748.8,2869020.42,2878944.62,9571
2023-11-14 21:00:00,2877268.66,2923459.52,2873028.23,2890683.09,17996
2023-11-14 22:00:00,2909673.22,2923588.28,2909673.22,2917752.78,11761
2023-11-14 23:00:00,2916373.12,2916373.12,2845329.28,2897497.81,11103
2023-11-15 00:00:00,2915896.0,2970472.7,2915896.0,2921739.48,7475
2023-11-15 01:00:00,2934979.07,2944297.45,2932543.76,2938420.61,9471
2023-11-15 02:00:00,2942687.54,2987621.91,2915413.27,2981658.59,10307
2023-11-15 03:00:00,2973322.33,2973322.33,2961452.78,2967387.56,10102
2023-11-15 04:00:00,2962111.99,2978243.95,2931832.61,2937708.03,8005
2023-11-15 05:00:00,2924893.53,2933823.51,2922111.64,2927967.57,8987
2023-11-15 06:00:00,2955979.78,2967827.4,2955979.78,2961903.59,6369
2023-11-15 07:00:00,2963802.66,2979267.04,2863795.63,2915083.06,8425
2023-11-15 08:00:00,2872098.44,2872098.44,2824044.08,2866365.71,9684
2023-11-15 09:00:00,2850141.34,2888506.56,2826542.42,2872115.18,9089
2023-11-15 10:00:00,2883311.14,2891628.03,2852333.27,2865104.26,10707
2023-11-15 11:00:00,2866253.74,2877973.55,2863405.24,2869143.53,13340
2023-11-15 12:00:00,2889131.11,2922893.21,2889131.11,2894920.96,15189
2023-11-15 13:00:00,2888654.2,2921190.46,2878084.91,2883852.62,12952
2023-11-15 14:00:00,2848157.65,2848157.65,2836787.76,2842472.7,13377
2023-11-15 15:00:00,2889460.59,2962288.12,2889460.59,2895251.09,7287
2023-11-15 16:00:00,2900859.14,2900859.14,2855271.71,2873753.52,8991
2023-11-15 17:00:00,2858105.8,2858105.8,2835569.33,2852401.0,10476
2023-11-15 18:00:00,2877185.84,2888717.64,2877185.84,2882951.74,5124
2023-11-15 19:00:00,2880985.31,2917742.37,2867911.67,2876925.78,9511
2023-11-15 20:00:00,2881067.32,2881067.32,2873056.03,2878813.66,10854
2023-11-15 21:00:00,2888520.22,2899243.16,2887669.33,2893456.24,13569
2023-11-15 22:00:00,2915583.67,2939942.57,2915583.67,2921426.53,9035
2023-11-15 23:00:00,2923808.29,2935678.6,2908190.69,2914018.73,14883
2023-11-16 00:00:00,2945323.37,3002271.86,2945323.37,2951225.82,5262
2023-11-16 01:00:00,2904154.74,2904154.74,2892561.31,2898358.02,10444
2023-11-16 02:00:00,2917946.39,2988447.43,2916622.64,2918385.92,8907
2023-11-16 03:00:00,2929293.87,2929293.87,2892494.39,2899169.37,9720
2023-11-16 04:00:00,2908467.24,2939598.31,2908467.24,2933730.85,8593
2023-11-16 05:00:00,2942836.67,2942836.67,2931088.82,2936962.74,11359
2023-11-16 06:00:00,2912610.49,2926336.74,2891266.36,2920495.75,11358
2023-11-16 07:00:00,2931194.73,2942943.01,2931194.73,2937068.87,8455
2023-11-16 08:00:00,2958250.37,2963715.38,2952316.54,2958233.01,6629
2023-11-16 09:00:00,2967580.45,2978044.71,2912248.26,2972100.5,8298
2023-11-16 10:00:00,2949721.06,2949721.06,2929617.18,2944537.63,9625
2023-11-16 11:00:00,2935181.22,2938006.14,2926332.69,2932141.85,12834
2023-11-16 12:00:00,2942899.12,2942899.12,2886703.19,2932082.78,16750
2023-11-16 13:00:00,2922287.44,3025916.23,2910321.17,2931175.73,12931
2023-11-16 14:00:00,2947441.43,2997390.08,2947441.43,2949326.85,7474
2023-11-16 15:00:00,2923234.59,2923234.59,2868160.57,2899832.77,9626
2023-11-16 16:00:00,2894891.19,2915843.93,2880226.21,2910023.88,11262
2023-11-16 17:00:00,2920467.95,2932540.54,2898928.5,2904737.98,9764
2023-11-16 18:00:00,2892596.68,2892596.68,2879693.55,2886823.04,6722
2023-11-16 19:00:00,2894677.62,2901050.29,2815155.29,2872474.34,7046
2023-11-16 20:00:00,2877220.52,2877220.52,2843428.19,2871477.56,12071
2023-11-16 21:00:00,2796745.78,2796745.78,2777511.48,2791163.45,15806
2023-11-16 22:00:00,2789774.53,2789774.53,2778637.71,2784206.12,10655
2023-11-16 23:00:00,2770247.18,2778970.78,2747028.89,2773670.63,11138
2023-11-17 00:00:00,2790193.39,2798467.01,2790193.39,2795784.96,21497
2023-11-17 01:00:00,2780612.24,2834553.34,2780612.24,2786184.6,11361
2023-11-17 02:00:00,2810599.17,2852045.58,2768015.97,2790686.17,12189
2023-11-17 03:00:00,2807471.6,2853496.81,2792760.68,2834971.24,8176
2023-11-17 04:00:00,2845133.52,2870189.76,2791208.2,2864460.84,12333
2023-11-17 05:00:00,2884485.1,2899290.27,2884485.1,2890265.63,9051
2023-11-17 06:00:00,2887341.26,2887341.26,2813621.08,2881578.11,6821
2023-11-17 07:00:00,2883762.54,2912386.51,2883762.54,2898035.39,14027
2023-11-17 08:00:00,2895422.6,2900988.87,2822309.56,2895198.47,8012
2023-11-17 09:00:00,2900068.52,2906388.27,2853084.51,2893486.71,7553
2023-11-17 10:00:00,2900464.83,2912089.94,2900464.83,2906277.38,7074
2023-11-17 11:00:00,2892990.33,2900227.95,2872806.69,2894439.07,9195
2023-11-17 12:00:00,2901965.06,2938673.04,2891734.11,2932807.43,7754
2023-11-17 13:00:00,2925068.82,2982197.14,2913146.58,2929616.33,11847
2023-11-17 14:00:00,2939404.11,2955348.04,2939404.11,2945294.7,11794
2023-11-17 15:00:00,2972622.88,2986179.86,2972622.88,2980219.42,15169
2023-11-17 16:00:00,2996904.54,3008916.19,2996904.54,3002910.37,10571
2023-11-17 17:00:00,2970374.47,2970374.47,2896071.19,2964445.58,12219
2023-11-17 18:00:00,2968002.78,2982658.32,2968002.78,2973950.68,10235
2023-11-17 19:00:00,2986744.56,3041046.38,2986744.56,2992730.02,9088
2023-11-17 20:00:00,3003596.87,3017460.07,2979767.79,3011437.19,23974
2023-11-17 21:00:00,2985705.45,2985705.45,2973786.47,2979745.96,11107
2023-11-17 22:00:00,2955717.33,3017899.84,2955717.33,2961640.61,6563
2023-11-17 23:00:00,2959987.05,2990745.44,2949009.94,2984775.89,9768
2023-11-18 00:00:00,2959477.15,2969683.18,2897650.8,2963755.67,6319
2023-11-18 01:00:00,2952461.35,2999493.44,2937016.45,2955474.69,5654
2023-11-18 02:00:00,2987014.13,2998986.13,2987014.13,2993000.13,9363
2023-11-18 03:00:00,2983709.19,2994821.78,2916349.61,2988844.09,11915
2023-11-18 04:00:00,2974369.62,2974369.62,2962495.89,2968432.75,8814
2023-11-18 05:00:00,2951820.81,2951820.81,2940037.09,2945928.95,10314
2023-11-18 06:00:00,2950633.76,2969664.02,2950633.76,2954218.09,7296
2023-11-18 07:00:00,2927690.64,2927690.64,2862730.75,2921846.94,9706
2023-11-18 08:00:00,2938467.33,2953801.79,2864517.26,2917894.71,15276
2023-11-18 09:00:00,2913257.25,2933888.04,2901473.08,2928031.97,6660
2023-11-18 10:00:00,2954735.61,2966578.23,2954735.61,2960656.92,6041
2023-11-18 11:00:00,2952529.67,3012846.38,2939122.13,2976327.26,17227
2023-11-18 12:00:00,2962170.69,2980440.82,2919905.22,2957491.13,13466
2023-11-18 13:00:00,2958656.08,3026866.91,2958656.08,2985769.17,11740
2023-11-18 14:00:00,2972594.01,3006607.71,2954222.1,2976464.87,10140
2023-11-18 15:00:00,2970187.37,2970187.37,2918984.49,2945033.86,11615
2023-11-18 16:00:00,2931613.27,2990861.17,2917927.77,2941602.37,9967
2023-11-18 17:00:00,2914385.96,3046319.89,2905182.88,2977102.19,10722
2023-11-18 18:00:00,2974177.8,2985733.74,2963384.3,2979774.19,13648
2023-11-18 19:00:00,2972601.3,2985976.4,2972601.3,2978558.42,8617
2023-11-18 20:00:00,2979790.31,3022961.2,2925165.04,3016927.35,10308
2023-11-18 21:00:00,2983595.9,2983595.9,2964206.35,2977640.62,13686
2023-11-18 22:00:00,2976572.97,2976572.97,2939140.58,2945030.64,8514
2023-11-18 23:00:00,2912844.31,2912844.31,2901216.19,2907030.25,8347
2023-11-19 00:00:00,2913829.83,2976274.15,2891805.36,2919250.61,12230
2023-11-19 01:00:00,2931732.61,2931732.61,2920029.09,2925880.85,7434
2023-11-19 02:00:00,2959092.62,2981071.3,2959092.62,2965022.66,10179
2023-11-19 03:00:00,2966042.31,2976591.09,2964708.49,2970649.79,9008
2023-11-19 04:00:00,2966140.69,2966140.69,2930075.67,2960220.25,9976
2023-11-19 05:00:00,2973071.09,3011601.05,2954435.48,2960356.19,8692
2023-11-19 06:00:00,2945436.77,2982669.93,2920077.78,2963290.89,14687
2023-11-19 07:00:00,2928626.11,2928626.11,2868628.89,2922780.54,9312
2023-11-19 08:00:00,2984096.47,2992436.94,2984096.47,2990076.63,11717
2023-11-19 09:00:00,2995011.91,3013138.97,2995011.91,3001013.94,9442
2023-11-19 10:00:00,2979340.01,3016850.57,2943032.18,3003725.01,10344
2023-11-19 11:00:00,3001140.79,3073655.43,2994395.65,3016192.0,14477
2023-11-19 12:00:00,3033928.77,3033928.77,3024188.92,3030249.41,8461
2023-11-19 13:00:00,3025045.82,3025045.82,3016355.39,3022400.19,9702
2023-11-19 14:00:00,3021526.83,3038274.92,2996980.17,3002986.14,9085
2023-11-19 15:00:00,3009178.61,3021239.45,3009178.61,3015209.03,6544
2023-11-19 16:00:00,3020351.2,3039400.47,3019767.94,3021462.4,7706
2023-11-19 17:00:00,3003848.85,3003848.85,2978589.05,2997853.14,7442
2023-11-19 18:00:00,3002863.92,3045172.74,3002863.92,3030585.03,7122
2023-11-19 19:00:00,3045662.9,3075891.03,3002567.2,3033649.97,10083
2023-11-19 20:00:00,3041257.24,3053446.65,3041257.24,3047351.94,9020
2023-11-19 21:00:00,3041871.4,3127703.05,3019808.42,3076653.1,7637
2023-11-19 22:00:00,3066099.32,3075943.43,3043163.17,3069803.83,9266
2023-11-19 23:00:00,3051775.69,3103609.91,3033973.94,3070855.92,12501
2023-11-20 00:00:00,3078059.25,3090396.16,3078059.25,3084227.71,9696
2023-11-20 01:00:00,3056110.15,3064231.02,3006307.87,3058114.79,10958
2023-11-20 02:00:00,3059655.98,3059655.98,3047385.71,3053492.69,13477
2023-11-20 03:00:00,3051906.45,3051906.45,3044966.77,3050992.62,7890
2023-11-20 04:00:00,3027806.04,3027806.04,3015718.99,3021762.51,11734
2023-11-20 05:00:00,3024881.74,3097386.33,3024881.74,3075566.6,9737
2023-11-20 06:00:00,3050179.14,3050179.14,3027126.67,3033193.06,10876
2023-11-20 07:00:00,3029698.75,3029698.75,2990997.4,2996991.38,14412
2023-11-20 08:00:00,3021597.21,3037381.87,3021597.21,3027652.52,10610
2023-11-20 09:00:00,3038541.42,3047827.65,3038541.42,3041744.16,13867
2023-11-20 10:00:00,3033469.97,3033469.97,2996984.18,3011772.64,12604
2023-11-20 11:00:00,3034689.2,3100022.09,3018215.25,3024263.78,12870
2023-11-20 12:00:00,3051084.26,3063313.05,3051084.26,3057198.65,7930
2023-11-20 13:00:00,3056955.76,3056955.76,3026048.77,3050854.05,9285
2023-11-20 14:00:00,3104221.31,3129801.59,3104221.31,3110442.19,11909
2023-11-20 15:00:00,3063441.44,3063441.44,3051212.14,3057326.79,8991
2023-11-20 16:00:00,3062955.9,3100306.62,3062955.9,3069094.09,8331
2023-11-20 17:00:00,3069228.62,3098164.94,3019412.52,3091980.97,12211
2023-11-20 18:00:00,3105539.23,3112797.25,3105539.23,3106584.08,7590
2023-11-20 19:00:00,3122863.59,3125200.05,3055456.93,3092478.59,8800
2023-11-20 20:00:00,3083254.58,3127524.21,3071168.27,3077322.91,21156
2023-11-20 21:00:00,3073678.86,3091468.69,3049086.83,3081724.79,8976
2023-11-20 22:00:00,3097823.33,3156554.56,3089012.64,3095203.05,6800
2023-11-20 23:00:00,3107721.27,3118787.08,3035431.05,3102432.2,8722
2023-11-21 00:00:00,3092166.85,3148517.45,3092166.85,3120319.31,13635
2023-11-21 01:00:00,3093966.34,3129445.9,3080474.46,3084569.44,12714
2023-11-21 02:00:00,3077728.18,3077728.18,3065441.84,3071585.01,8990
2023-11-21 03:00:00,3068989.5,3068989.5,3002612.68,3041701.16,12169
2023-11-21 04:00:00,3051915.06,3115759.77,3016167.18,3027956.93,7312
2023-11-21 05:00:00,3026355.85,3121047.79,3011154.47,3049877.1,12110
2023-11-21 06:00:00,3041803.38,3053958.09,3041766.64,3047862.37,12957
2023-11-21 07:00:00,3101944.26,3157308.13,3101944.26,3108160.58,21581
2023-11-21 08:00:00,3112340.84,3129146.1,3099094.9,3104316.13,14832
2023-11-21 09:00:00,3092986.88,3193226.33,3081879.7,3097359.03,14273
2023-11-21 10:00:00,3098252.87,3098252.87,3085884.59,3092068.73,9779
2023-11-21 11:00:00,3075857.15,3075857.15,2998386.91,3068439.14,13405
2023-11-21 12:00:00,3064602.79,3067310.79,3048845.92,3061188.42,5531
2023-11-21 13:00:00,3067909.89,3156033.56,3036764.26,3084146.67,8917
2023-11-21 14:00:00,3079750.48,3086330.47,3062207.29,3080170.13,9461
2023-11-21 15:00:00,3059735.44,3059735.44,3007311.31,3053628.18,10120
2023-11-21 16:00:00,3032751.37,3032751.37,2984416.3,3025863.79,9851
2023-11-21 17:00:00,3016614.4,3018010.56,3005962.62,3011986.59,13243
2023-11-21 18:00:00,3006427.59,3058595.66,3006002.13,3012026.18,9756
2023-11-21 19:00:00,3033590.86,3057857.36,3033590.86,3039670.2,10387
2023-11-21 20:00:00,3039353.21,3079096.43,2974480.16,3002780.54,23220
2023-11-21 21:00:00,2994190.04,2994190.04,2929610.08,2993875.2,16526
2023-11-21 22:00:00,2998849.76,3043920.15,2952703.1,2996926.62,9516
2023-11-21 23:00:00,2989041.08,2989041.08,2920777.01,2951426.9,18853
2023-11-22 00:00:00,2939581.05,2939581.05,2927846.2,2933713.62,6331
2023-11-22 01:00:00,2925136.5,2926785.82,2898381.27,2920943.93,7908
2023-11-22 02:00:00,2912109.34,2912109.34,2900484.16,2906296.75,14929
2023-11-22 03:00:00,2929911.31,2959617.39,2910260.74,2916092.93,10758
2023-11-22 04:00:00,2913570.64,2975759.97,2911087.21,2916921.05,9908
2023-11-22 05:00:00,2923693.61,2952357.77,2902479.88,2908296.47,9113
2023-11-22 06:00:00,2912495.29,2929497.56,2849859.04,2923650.26,11127
2023-11-22 07:00:00,2963108.82,2974985.01,2963108.82,2969046.92,6471
2023-11-22 08:00:00,3004175.78,3016216.57,3004175.78,3010196.18,10153
2023-11-22 09:00:00,2976238.74,2976238.74,2951830.25,2961651.18,13563
2023-11-22 10:00:00,2967857.22,3031692.21,2957440.53,2977574.81,13075
2023-11-22 11:00:00,2978938.49,2978938.49,2939648.97,2974239.19,8404
2023-11-22 12:00:00,2978157.25,2985183.44,2978157.25,2979224.99,10559
2023-11-22 13:00:00,2955238.43,2976347.82,2955238.43,2970407.0,7495
2023-11-22 14:00:00,2976785.67,2980489.03,2968789.98,2974739.46,10309
2023-11-22 15:00:00,2985554.91,2985554.91,2961696.96,2979595.72,7247
2023-11-22 16:00:00,2972400.85,2972400.85,2960534.97,2966467.91,18069
2023-11-22 17:00:00,2947178.42,2979905.96,2940749.8,2946643.08,13753
2023-11-22 18:00:00,2942356.29,2944986.07,2933229.64,2939107.86,10750
2023-11-22 19:00:00,2940877.86,2954396.74,2878776.67,2948499.74,9274
2023-11-22 20:00:00,2916950.15,2972060.14,2897359.39,2966127.88,12687
2023-11-22 21:00:00,2968652.79,2994848.31,2958245.46,2988870.57,14018
2023-11-22 22:00:00,2996006.75,2996006.75,2952677.97,2977443.0,8519
2023-11-22 23:00:00,2980337.53,2991689.87,2980337.53,2985718.43,13405
2023-11-23 00:00:00,2994966.1,3015981.19,2994966.1,3009961.26,13060
2023-11-23 01:00:00,3018627.22,3052118.82,3018627.22,3037771.91,10251
2023-11-23 02:00:00,3039640.53,3039640.53,3027506.23,3033573.38,10223
2023-11-23 03:00:00,3032392.64,3032392.64,2980454.33,3025718.77,15786
2023-11-23 04:00:00,3040611.13,3052092.5,3022615.23,3028672.57,13877
2023-11-23 05:00:00,3004252.28,3004252.28,2978066.96,2998255.77,10735
2023-11-23 06:00:00,3001217.7,3029674.25,2987653.38,2993640.67,4636
2023-11-23 07:00:00,3018418.6,3063757.97,3006300.76,3012325.42,8752
2023-11-23 08:00:00,3017828.09,3033384.02,3011692.06,3027329.37,8895
2023-11-23 09:00:00,3026107.71,3077615.62,2985892.88,3018863.92,9399
2023-11-23 10:00:00,3025912.75,3132736.9,2981087.8,3023026.03,7007
2023-11-23 11:00:00,3022588.91,3022588.91,2957854.75,3001233.4,13595
2023-11-23 12:00:00,3000594.68,3037376.94,2959030.93,3018486.52,9400
2023-11-23 13:00:00,3032432.67,3054541.98,2973744.34,3015447.57,13741
2023-11-23 14:00:00,3013757.08,3013757.08,2990792.26,3007741.59,13657
2023-11-23 15:00:00,3004500.27,3004500.27,2996977.77,2998503.26,10890
2023-11-23 16:00:00,3003238.02,3003238.02,2970465.42,2997243.54,12760
2023-11-23 17:00:00,2992629.01,2992629.01,2984890.15,2986655.7,11872
2023-11-23 18:00:00,2997790.27,3036367.74,2997790.27,3003797.86,11067
2023-11-23 19:00:00,2999809.13,3000132.39,2962358.11,2994144.1,13025
2023-11-23 20:00:00,3027715.45,3039850.59,3027715.45,3033783.02,12236
2023-11-23 21:00:00,3061967.3,3097633.38,3061967.3,3068103.51,8083
2023-11-23 22:00:00,3047559.75,3047559.75,2997192.17,3041476.8,9742
2023-11-23 23:00:00,3049864.18,3081146.75,3034691.46,3040773.0,9566
2023-11-24 00:00:00,3024407.05,3045993.32,3016169.83,3022214.25,5780
2023-11-24 01:00:00,3005510.7,3045171.47,2973382.88,3013103.15,11885
2023-11-24 02:00:00,3055819.81,3068067.58,3055819.81,3061943.69,9504
2023-11-24 03:00:00,3049240.76,3056616.11,3049240.76,3050515.08,4778
2023-11-24 04:00:00,3050454.1,3062680.36,3050454.1,3056567.23,6567
2023-11-24 05:00:00,3069917.03,3072750.61,3060684.57,3066818.2,7904
2023-11-24 06:00:00,3043843.35,3043843.35,2999639.39,3037767.82,11889
2023-11-24 07:00:00,3020626.29,3020626.29,2965285.29,3014597.1,20142
2023-11-24 08:00:00,3020017.86,3020017.86,2944990.74,2984605.65,7492
2023-11-24 09:00:00,2968746.11,2968746.11,2947063.72,2964729.86,7588
2023-11-24 10:00:00,2911905.94,2911905.94,2829226.77,2898740.17,15264
2023-11-24 11:00:00,2885685.48,2963490.72,2885685.48,2918820.42,5492
2023-11-24 12:00:00,2967797.35,3004700.48,2967797.35,2973744.84,16772
2023-11-24 13:00:00,2979066.08,2994256.6,2979066.08,2979849.82,16298
2023-11-24 14:00:00,2950566.25,2950566.25,2909787.22,2947522.92,18316
2023-11-24 15:00:00,2961380.65,3020372.99,2893326.34,2936328.26,11527
2023-11-24 16:00:00,2943550.28,2973816.08,2924437.31,2930297.91,15199
2023-11-24 17:00:00,2916589.83,2917109.79,2905464.64,2911287.22,8780
2023-11-24 18:00:00,2904516.87,2947124.62,2893925.26,2938275.55,6950
2023-11-24 19:00:00,2956695.67,2968546.16,2956695.67,2962620.92,8018
2023-11-24 20:00:00,2979607.27,2993669.35,2932165.87,2938041.95,6288
2023-11-24 21:00:00,2954495.94,2980355.22,2954495.94,2960416.78,20839
2023-11-24 22:00:00,2994900.35,3006903.95,2994900.35,3000902.15,10411
2023-11-24 23:00:00,3042409.24,3108348.24,3042409.24,3048506.26,10458
2023-11-25 00:00:00,3061484.03,3161218.26,3047161.83,3117608.77,18215
2023-11-25 01:00:00,3136806.5,3144475.98,3081467.56,3087642.84,12004
2023-11-25 02:00:00,3124746.5,3160268.72,3124746.5,3153960.8,10268
2023-11-25 03:00:00,3141153.74,3141153.74,3113161.07,3135293.11,15849
2023-11-25 04:00:00,3107778.77,3129269.74,3105714.39,3111938.26,10454
2023-11-25 05:00:00,3126192.22,3163685.96,3107507.89,3113735.36,11171
2023-11-25 06:00:00,3116976.16,3116976.16,3058098.41,3092338.81,8509
2023-11-25 07:00:00,3092523.63,3131959.41,3089610.53,3097359.64,13609
2023-11-25 08:00:00,3088376.6,3088376.6,3052485.48,3058602.68,16951
2023-11-25 09:00:00,3059593.02,3071338.21,3043901.73,3050001.73,8248
2023-11-25 10:00:00,3055342.62,3102319.33,3048701.73,3079960.83,3905
2023-11-25 11:00:00,3068202.43,3080623.52,3064721.77,3074474.57,11267
2023-11-25 12:00:00,3067691.96,3080561.71,3064971.62,3074412.88,13531
2023-11-25 13:00:00,3076632.97,3112244.42,3076632.97,3082798.57,21579
2023-11-25 14:00:00,3072829.28,3111599.42,3072829.28,3108146.01,13874
2023-11-25 15:00:00,3104604.01,3129359.45,3019950.65,3060274.89,9618
2023-11-25 16:00:00,3070150.11,3077034.72,2998000.17,3072392.84,14343
2023-11-25 17:00:00,3068526.58,3068526.58,3056276.97,3062401.77,4021
2023-11-25 18:00:00,3070183.63,3070183.63,3049975.7,3064055.52,11017
2023-11-25 19:00:00,3081801.85,3098034.15,3081801.85,3087977.81,14816
2023-11-25 20:00:00,3058954.0,3058954.0,2984590.11,3053590.06,11268
2023-11-25 21:00:00,3032577.85,3032577.85,3003162.55,3026524.8,11247
2023-11-25 22:00:00,2984715.92,2984715.92,2972800.89,2978758.41,11454
2023-11-25 23:00:00,2981005.58,2981005.58,2945114.88,2968630.6,10459
2023-11-26 00:00:00,2978367.14,3016459.2,2906050.38,3004801.14,9922
2023-11-26 01:00:00,3014697.35,3039595.63,2997370.58,3003377.33,10354
2023-11-26 02:00:00,2978144.28,2978144.28,2966255.48,2972199.88,10755
2023-11-26 03:00:00,2949008.55,2966507.26,2923339.56,2964121.97,16187
2023-11-26 04:00:00,2938226.19,2938226.19,2916867.5,2932361.47,15524
2023-11-26 05:00:00,2917549.37,2917549.37,2905902.47,2911725.92,6667
2023-11-26 06:00:00,2914563.92,2934476.74,2894705.4,2928619.5,10605
2023-11-26 07:00:00,2911739.15,2911739.15,2901357.61,2907171.96,9575
2023-11-26 08:00:00,2933937.65,2946401.32,2903469.06,2941584.5,5298
2023-11-26 09:00:00,2951095.09,2998441.27,2939855.74,2945747.24,10384
2023-11-26 10:00:00,2950371.34,3009560.24,2928685.54,2953436.26,10275
2023-11-26 11:00:00,2947351.53,2952517.47,2947351.53,2951890.88,8256
2023-11-26 12:00:00,2969851.7,3041163.15,2969851.7,2975803.31,12969
2023-11-26 13:00:00,2992556.2,3016617.72,2992556.2,2998553.31,13779
2023-11-26 14:00:00,3032470.52,3073515.25,2968030.92,3008992.24,10827
2023-11-26 15:00:00,3004068.54,3038549.58,3000386.93,3024446.13,12439
2023-11-26 16:00:00,3018943.63,3051921.92,3013734.23,3019773.77,4453
2023-11-26 17:00:00,3025422.41,3040108.83,3025422.41,3034040.75,8942
2023-11-26 18:00:00,3031677.82,3031677.82,3019575.32,3025626.57,8754
2023-11-26 19:00:00,3032255.07,3032255.07,2986477.05,3026202.66,7566
2023-11-26 20:00:00,3016627.0,3053018.99,3013869.33,3019909.14,8798
2023-11-26 21:00:00,3012120.26,3054251.76,3003546.01,3009565.14,6174
2023-11-26 22:00:00,3014388.03,3048347.46,2988286.74,2994275.29,13600
2023-11-26 23:00:00,3002382.1,3014415.69,3002382.1,3008398.9,12102
2023-11-27 00:00:00,3036284.75,3080668.24,3036284.75,3042369.49,10889
2023-11-27 01:00:00,3064813.71,3090640.3,3064813.71,3070955.62,9037
2023-11-27 02:00:00,3060743.78,3060743.78,3030896.32,3036970.26,7520
2023-11-27 03:00:00,3030415.78,3075023.38,3013228.23,3068885.61,9301
2023-11-27 04:00:00,3046635.67,3064791.84,3005269.36,3058674.49,10592
2023-11-27 05:00:00,3068646.24,3086046.65,3066005.11,3072149.41,11313
2023-11-27 06:00:00,3060338.68,3060338.68,3040910.94,3047004.95,8340
2023-11-27 07:00:00,3049674.55,3087223.08,3017889.33,3049882.97,13787
2023-11-27 08:00:00,3044280.8,3063000.51,3012791.38,3056886.73,7668
2023-11-27 09:00:00,3024594.72,3024594.72,3012520.49,3018557.61,8138
2023-11-27 10:00:00,3009867.46,3040964.1,2992451.67,3034894.31,14718
2023-11-27 11:00:00,3062387.02,3073675.88,3062387.02,3068524.07,8498
2023-11-27 12:00:00,3070837.1,3105430.1,2991594.78,3062152.0,7049
2023-11-27 13:00:00,3080981.01,3100823.09,3080981.01,3094633.83,10899
2023-11-27 14:00:00,3092715.6,3098853.36,2980623.35,3086123.64,9675
2023-11-27 15:00:00,3096365.32,3136890.64,3055701.27,3104433.35,8694
2023-11-27 16:00:00,3049931.3,3049931.3,3037755.92,3043843.61,12932
2023-11-27 17:00:00,3097636.39,3110051.76,3097636.39,3103844.08,9644
2023-11-27 18:00:00,3105890.0,3143820.1,3105890.0,3137545.01,16724
2023-11-27 19:00:00,3131760.63,3131760.63,3089888.26,3123735.87,8703
2023-11-27 20:00:00,3112495.96,3115082.23,3061742.41,3067878.17,14198
2023-11-27 21:00:00,3067347.7,3104882.55,3067347.7,3073494.69,12096
2023-11-27 22:00:00,3068593.79,3114376.13,3032455.77,3035318.64,16752
2023-11-27 23:00:00,3056385.29,3080533.53,3021387.75,3047000.35,7076
2023-11-28 00:00:00,3060062.78,3085725.13,3051026.66,3057140.94,7670
2023-11-28 01:00:00,3038977.73,3038977.73,3032166.04,3032911.9,7309
2023-11-28 02:00:00,3045781.69,3081851.69,2998848.49,3061579.76,8643
2023-11-28 03:00:00,3074561.71,3083901.47,3074561.71,3080723.16,11643
2023-11-28 04:00:00,3098560.95,3150653.6,3096804.62,3103010.64,6028
2023-11-28 05:00:00,3100292.77,3106498.9,3086321.73,3099416.11,11625
2023-11-28 06:00:00,3077086.65,3077086.65,3053928.35,3060048.45,20441
2023-11-28 07:00:00,3077524.65,3089859.42,3077524.65,3083692.04,10348
2023-11-28 08:00:00,3080619.61,3080619.61,3072840.08,3074470.67,4913
2023-11-28 09:00:00,3043880.63,3043880.63,3015328.44,3037805.02,13072
2023-11-28 10:00:00,3065935.8,3136595.83,3065935.8,3072079.96,11266
2023-11-28 11:00:00,3116952.1,3174655.36,3116952.1,3123198.5,8378
2023-11-28 12:00:00,3128075.66,3161012.34,3075813.33,3117077.47,12483
2023-11-28 13:00:00,3123499.54,3172787.13,3123499.54,3167392.78,9733
2023-11-28 14:00:00,3148997.01,3167872.0,3137416.32,3161548.91,12178
2023-11-28 15:00:00,3156668.77,3165955.96,3137660.15,3143948.05,9458
2023-11-28 16:00:00,3126872.13,3127475.29,3114990.36,3121232.82,10346
2023-11-28 17:00:00,3151743.43,3164375.67,3151743.43,3158059.55,10098
2023-11-28 18:00:00,3136729.77,3136729.77,3069855.98,3130468.83,17325
2023-11-28 19:00:00,3141000.91,3168678.95,3141000.91,3143819.38,10360
2023-11-28 20:00:00,3131576.51,3140083.08,3088046.21,3123093.28,10473
2023-11-28 21:00:00,3107684.9,3171466.74,3100263.16,3106476.11,9281
2023-11-28 22:00:00,3128734.48,3165673.51,3122657.32,3128915.15,9390
2023-11-28 23:00:00,3127416.68,3154097.55,3113929.04,3113956.26,10408
2023-11-29 00:00:00,3096462.43,3111541.19,3093268.27,3099467.2,11563
2023-11-29 01:00:00,3118720.74,3192073.23,3118720.74,3124970.68,8048
2023-11-29 02:00:00,3154464.9,3199731.59,3154464.9,3160786.47,11244
2023-11-29 03:00:00,3156801.73,3171594.96,3137028.52,3169893.49,10608
2023-11-29 04:00:00,3151041.87,3151041.87,3094482.49,3144752.36,11143
2023-11-29 05:00:00,3131558.92,3131558.92,3032787.44,3125308.3,7452
2023-11-29 06:00:00,3116185.36,3124528.15,3116185.36,3122430.22,6558
2023-11-29 07:00:00,3122159.86,3132167.27,3119663.61,3125915.44,10035
2023-11-29 08:00:00,3101947.12,3101947.12,3089564.1,3095755.61,24722
2023-11-29 09:00:00,3108129.53,3115087.3,3105059.73,3111282.29,10888
2023-11-29 10:00:00,3107072.56,3115837.06,3086187.96,3109617.83,11182
2023-11-29 11:00:00,3064300.65,3064300.65,3032486.34,3062370.13,14852
2023-11-29 12:00:00,3044816.52,3044816.52,3019373.01,3038739.04,15056
2023-11-29 13:00:00,3033507.12,3033507.12,3010545.58,3027452.22,12318
2023-11-29 14:00:00,3033721.68,3033721.68,2945360.65,3027666.35,7504
2023-11-29 15:00:00,3035246.46,3163945.12,3035246.46,3076355.4,11925
2023-11-29 16:00:00,3074889.14,3087213.34,3074889.14,3081051.24,7853
2023-11-29 17:00:00,3064469.18,3064469.18,3052235.77,3058352.47,7190
2023-11-29 18:00:00,3057819.74,3070075.53,3057819.74,3063947.63,6027
2023-11-29 19:00:00,3058607.92,3058607.92,3030974.66,3054865.89,8602
2023-11-29 20:00:00,3062214.02,3069463.49,3062214.02,3063336.82,11435
2023-11-29 21:00:00,3068321.65,3083901.65,3059674.39,3077746.16,14283
2023-11-29 22:00:00,3096720.24,3113310.64,3075473.91,3107096.45,8616
2023-11-29 23:00:00,3107934.83,3110610.43,3097206.47,3103413.3,9351
2023-11-30 00:00:00,3109009.16,3145037.93,3104794.95,3142140.62,7982
2023-11-30 01:00:00,3151047.87,3198951.21,3151047.87,3159950.76,17039
2023-11-30 02:00:00,3141195.08,3141195.08,3126439.18,3134925.23,8395
2023-11-30 03:00:00,3156186.31,3232503.58,3156186.31,3186574.23,10100
2023-11-30 04:00:00,3186166.78,3202210.84,3179733.39,3186465.17,8679
2023-11-30 05:00:00,3162483.94,3162483.94,3149859.26,3156171.6,8206
2023-11-30 06:00:00,3175808.54,3215157.76,3165128.46,3192425.74,21653
2023-11-30 07:00:00,3231130.18,3301284.44,3231130.18,3237605.39,9483
2023-11-30 08:00:00,3228841.33,3230898.17,3175114.97,3224449.27,14464
2023-11-30 09:00:00,3200650.43,3219352.8,3164993.03,3199917.84,20068
2023-11-30 10:00:00,3193061.56,3215933.78,3179614.29,3185986.26,9698
2023-11-30 11:00:00,3202594.82,3202594.82,3189081.41,3196202.42,7037
2023-11-30 12:00:00,3214013.41,3228521.01,3214013.41,3220454.32,13614
2023-11-30 13:00:00,3218098.97,3230997.16,3218098.97,3224548.07,7195
2023-11-30 14:00:00,3222452.6,3222452.6,3181380.7,3216020.56,11079
2023-11-30 15:00:00,3214226.63,3258952.71,3179853.44,3244796.68,10537
2023-11-30 16:00:00,3249763.26,3281177.1,3221877.99,3223833.82,18736
2023-11-30 17:00:00,3215068.8,3246357.24,3215068.8,3239877.49,16817
2023-11-30 18:00:00,3246971.49,3294298.55,3213484.49,3219924.33,11676
2023-11-30 19:00:00,3213949.68,3226831.24,3213949.68,3220390.46,6869
2023-11-30 20:00:00,3212896.21,3212896.21,3200070.27,3206483.24,9016
2023-11-30 21:00:00,3215827.85,3215827.85,3188817.91,3195208.32,7374
2023-11-30 22:00:00,3182256.62,3182256.62,3175440.87,3176412.34,13084
2023-11-30 23:00:00,3195131.73,3244902.43,3195131.73,3203762.88,13553
2023-12-01 00:00:00,3212898.7,3218467.38,3145420.27,3175093.75,15192
2023-12-01 01:00:00,3154839.92,3154839.92,3144067.83,3148542.83,11375
2023-12-01 02:00:00,3191255.88,3203873.1,3191255.88,3197651.18,6072
2023-12-01 03:00:00,3207821.38,3220678.38,3207821.38,3214249.88,10308
2023-12-01 04:00:00,3190949.56,3190949.56,3138387.96,3141522.25,13842
2023-12-01 05:00:00,3128512.14,3128512.14,3116023.07,3122267.6,7360
2023-12-01 06:00:00,3078874.63,3078874.63,3062549.91,3072729.17,8385
2023-12-01 07:00:00,3052507.72,3052507.72,3037185.56,3048974.87,4719
2023-12-01 08:00:00,2995743.35,2995743.35,2968606.97,2972558.53,11839
2023-12-01 09:00:00,2995855.86,3000400.73,2956237.59,2975957.92,15119
2023-12-01 10:00:00,2958603.55,2960688.05,2932425.44,2954778.49,14533
2023-12-01 11:00:00,2958220.19,2981820.27,2958220.19,2964148.49,12753
2023-12-01 12:00:00,2938015.03,2938015.03,2926286.43,2932150.73,10037
2023-12-01 13:00:00,2937621.98,2949396.02,2937621.98,2943509.0,13842
2023-12-01 14:00:00,2934728.01,2948109.8,2934201.68,2942225.35,10621
2023-12-01 15:00:00,2969229.44,2993082.87,2949143.32,2987108.65,13270
2023-12-01 16:00:00,3021513.88,3050074.13,3021513.88,3027569.02,9834
2023-12-01 17:00:00,3046891.39,3087284.34,3011009.91,3050433.15,10427
2023-12-01 18:00:00,3056426.73,3082670.94,3038162.58,3044251.08,7997
2023-12-01 19:00:00,3089757.75,3150545.27,3089757.75,3095949.65,9796
2023-12-01 20:00:00,3075387.08,3075387.08,3036685.93,3055534.48,7920
2023-12-01 21:00:00,3028211.84,3028211.84,3016123.17,3022167.51,15186
2023-12-01 22:00:00,3031961.11,3031961.11,3017914.32,3023962.25,9448
2023-12-01 23:00:00,3053081.81,3089616.37,3053081.81,3083449.47,8474
2023-12-02 00:00:00,3080456.64,3104932.11,3018924.32,3078214.56,11334
2023-12-02 01:00:00,3087265.09,3087963.08,3037516.23,3073853.66,11054
2023-12-02 02:00:00,3044288.52,3044288.52,3032135.67,3038212.09,8628
2023-12-02 03:00:00,3040722.67,3070794.8,3018584.15,3064665.47,12243
2023-12-02 04:00:00,3083539.55,3104667.26,3083539.55,3089718.99,5531
2023-12-02 05:00:00,3102991.5,3115428.34,3102991.5,3109209.92,4446
2023-12-02 06:00:00,3100714.85,3168756.86,3085355.19,3091538.27,7867
2023-12-02 07:00:00,3095584.51,3105713.34,3067134.83,3073281.39,9789
2023-12-02 08:00:00,3047730.29,3047730.29,3031209.34,3041646.99,8584
2023-12-02 09:00:00,3051395.4,3077821.11,3022772.01,3046705.64,7510
2023-12-02 10:00:00,3032093.56,3032093.56,3016484.46,3022529.52,11325
2023-12-02 11:00:00,3005748.49,3005748.49,2987236.22,2997818.13,13665
2023-12-02 12:00:00,2987635.04,2999385.74,2987412.14,2993398.94,9898
2023-12-02 13:00:00,2968366.66,3019696.8,2968366.66,2987685.68,6897
2023-12-02 14:00:00,2987145.42,2987145.42,2974668.93,2981183.05,9091
2023-12-02 15:00:00,2998542.03,3005580.3,2998542.03,2999581.14,13344
2023-12-02 16:00:00,2994560.81,3019182.72,2964329.9,3007449.34,9820
2023-12-02 17:00:00,3011774.18,3011774.18,2999751.13,3005762.65,10461
2023-12-02 18:00:00,3009766.15,3058883.18,3009766.15,3015797.75,10258
2023-12-02 19:00:00,3002250.76,3002250.76,2990265.72,2996258.24,8191
2023-12-02 20:00:00,3001678.89,3010985.09,2998965.19,3004975.14,11962
2023-12-02 21:00:00,3018485.6,3077079.27,3008183.57,3014212.0,9696
2023-12-02 22:00:00,2988133.59,2988133.59,2976928.87,2982169.25,12795
2023-12-02 23:00:00,3007476.13,3019530.14,3007476.13,3013503.14,11231
2023-12-03 00:00:00,3009489.28,3028157.25,2986899.61,2996914.01,14350
2023-12-03 01:00:00,2999277.77,3035695.6,2999277.77,3005288.34,10437
2023-12-03 02:00:00,2988685.63,3048174.5,2966802.97,3039538.81,10457
2023-12-03 03:00:00,3052753.82,3072136.07,3052753.82,3066004.06,9986
2023-12-03 04:00:00,3069990.81,3084077.52,2990979.95,3068611.59,8757
2023-12-03 05:00:00,3067311.23,3067311.23,3035075.18,3061188.85,8942
2023-12-03 06:00:00,3083521.45,3093256.91,3083521.45,3087082.75,9283
2023-12-03 07:00:00,3110347.98,3110798.68,3075967.01,3104589.5,10647
2023-12-03 08:00:00,3099688.13,3107449.03,3055129.9,3088211.04,9510
2023-12-03 09:00:00,3082598.53,3110033.98,3062499.64,3068636.92,10154
2023-12-03 10:00:00,3019088.81,3019088.81,3012509.59,3018546.68,9742
2023-12-03 11:00:00,3021492.09,3073310.84,3021492.09,3027547.19,10125
2023-12-03 12:00:00,3024818.65,3032793.42,2985110.67,3030121.58,14197
2023-12-03 13:00:00,3056584.87,3112139.21,3056584.87,3062710.29,10750
2023-12-03 14:00:00,3067850.2,3080146.2,3067850.2,3073998.2,8256
2023-12-03 15:00:00,3081867.34,3159535.35,3081306.17,3108992.22,9362
2023-12-03 16:00:00,3120126.8,3120126.8,3024065.91,3090452.25,7495
2023-12-03 17:00:00,3113352.57,3125830.94,3113352.57,3119591.76,9213
2023-12-03 18:00:00,3113982.72,3172268.57,3098343.72,3104552.83,9750
2023-12-03 19:00:00,3122477.98,3173405.64,3078287.07,3123778.37,8772
2023-12-03 20:00:00,3090954.75,3090954.75,3078615.6,3084785.17,5927
2023-12-03 21:00:00,3094635.99,3096944.82,3041355.77,3091633.09,16832
2023-12-03 22:00:00,3070779.84,3070779.84,3005167.51,3042024.71,10311
2023-12-03 23:00:00,3043298.53,3045692.93,3012449.07,3039266.15,9854
2023-12-04 00:00:00,3046085.93,3060409.42,3046085.93,3054300.82,11246
2023-12-04 01:00:00,3050583.08,3050583.08,3038405.11,3044494.09,11717
2023-12-04 02:00:00,3021660.55,3028297.7,2968406.81,3022253.19,10458
2023-12-04 03:00:00,3034083.02,3054593.15,3034083.02,3048496.16,7121
2023-12-04 04:00:00,3040569.63,3055650.15,2991162.59,3049551.05,8480
2023-12-04 05:00:00,3041146.73,3047614.78,3034877.71,3040959.63,11582
2023-12-04 06:00:00,3046917.31,3083802.25,3040122.17,3046214.6,10234
2023-12-04 07:00:00,3109448.91,3121911.63,3109448.91,3115680.27,15264
2023-12-04 08:00:00,3133326.59,3157108.79,3128764.0,3144232.45,8803
2023-12-04 09:00:00,3164958.56,3180693.43,3164958.56,3171301.16,14155
2023-12-04 10:00:00,3182829.15,3244798.47,3147338.59,3177917.66,9119
2023-12-04 11:00:00,3187366.15,3264460.59,3170800.39,3177154.7,13899
2023-12-04 12:00:00,3116244.39,3116244.39,3103804.29,3110024.34,11411
2023-12-04 13:00:00,3098769.4,3098769.4,3086399.07,3092584.23,11564
2023-12-04 14:00:00,3093826.98,3102339.22,3067998.39,3081444.01,9222
2023-12-04 15:00:00,3077161.94,3104647.62,3029960.65,3036032.71,10863
2023-12-04 16:00:00,3053677.54,3126618.3,3006159.02,3012183.39,8983
2023-12-04 17:00:00,2995753.86,2995753.86,2938798.36,2969965.17,13234
2023-12-04 18:00:00,2978105.57,2984201.44,2926708.06,2978244.95,8639
2023-12-04 19:00:00,2963123.84,3012894.07,2932870.81,3006880.31,11473
2023-12-04 20:00:00,3034874.94,3041556.14,3034874.94,3040956.85,9609
2023-12-04 21:00:00,3048224.84,3066803.34,3039277.46,3055930.88,7311
2023-12-04 22:00:00,3045866.68,3063346.9,3029507.63,3035578.78,11467
2023-12-04 23:00:00,3014500.67,3014500.67,2986702.99,2992688.37,15857
2023-12-05 00:00:00,2996446.13,3041372.27,2951687.55,2957602.76,10692
2023-12-05 01:00:00,2942848.93,2942848.93,2877856.72,2936974.98,10937
2023-12-05 02:00:00,2921115.62,2928981.09,2921115.62,2926969.56,10224
2023-12-05 03:00:00,2929193.53,2959133.16,2929193.53,2935063.66,11268
2023-12-05 04:00:00,2934837.28,2937114.18,2916330.56,2922174.91,19274
2023-12-05 05:00:00,2940671.78,2971760.96,2940671.78,2942529.48,9052
2023-12-05 06:00:00,2943198.01,3010266.68,2851248.12,2948000.65,10006
2023-12-05 07:00:00,2965875.1,2985598.11,2953046.49,2958964.42,10418
2023-12-05 08:00:00,2990555.65,3003233.15,2990555.65,2996548.75,12411
2023-12-05 09:00:00,2998051.87,3020377.36,2958646.96,2975335.18,16207
2023-12-05 10:00:00,2976860.82,3022452.4,2976860.82,2994541.67,14055
2023-12-05 11:00:00,2998884.85,3051623.0,2962701.53,3002045.05,10029
2023-12-05 12:00:00,2999192.65,3007960.45,2995314.19,3001316.82,8443
2023-12-05 13:00:00,3015031.99,3036531.86,3015031.99,3030470.91,7912
2023-12-05 14:00:00,3021248.19,3063930.23,3018165.41,3057814.6,11953
2023-12-05 15:00:00,3044061.47,3044061.47,3003288.55,3037985.5,14254
2023-12-05 16:00:00,3036916.78,3038785.5,3023930.35,3038636.99,5802
2023-12-05 17:00:00,3048536.82,3084058.44,3044675.6,3050777.16,21285
2023-12-05 18:00:00,3054477.69,3054477.69,2984802.92,3048380.92,9127
2023-12-05 19:00:00,3047937.19,3073676.16,3047937.19,3067541.08,17316
2023-12-05 20:00:00,3049423.58,3170676.08,3008259.82,3077902.71,8334
2023-12-05 21:00:00,3088173.52,3132894.26,3088173.52,3126640.97,9290
2023-12-05 22:00:00,3093139.91,3093139.91,3039668.41,3086965.97,9072
2023-12-05 23:00:00,3081246.24,3092226.84,3020490.74,3086054.73,13445
2023-12-06 00:00:00,3071197.27,3096568.13,3059333.11,3065464.04,7000
2023-12-06 01:00:00,3078142.86,3135514.85,3078142.86,3084311.49,13045
2023-12-06 02:00:00,3052207.47,3052207.47,2991487.38,3046115.24,11256
2023-12-06 03:00:00,3036606.58,3076986.17,3031487.4,3059849.13,21423
2023-12-06 04:00:00,3054433.58,3054433.58,3042240.23,3048336.9,8691
2023-12-06 05:00:00,3048042.93,3095783.07,3029011.53,3035081.7,14349
2023-12-06 06:00:00,3040808.73,3105052.31,2969724.63,3005150.06,9363
2023-12-06 07:00:00,3007606.23,3007606.23,2957938.1,3001603.02,5842
2023-12-06 08:00:00,3022884.33,3063961.25,2997170.01,3036347.76,9418
2023-12-06 09:00:00,3046996.84,3047756.89,3035590.19,3041673.54,11912
2023-12-06 10:00:00,3050697.74,3101697.06,3013886.96,3062891.02,9608
2023-12-06 11:00:00,3102564.95,3131573.3,3102564.95,3108782.51,12069
2023-12-06 12:00:00,3106959.95,3119131.24,3061026.37,3116750.94,10218
2023-12-06 13:00:00,3121589.83,3134662.03,3004998.87,3103246.06,8828
2023-12-06 14:00:00,3107308.67,3156368.7,3107308.67,3116728.65,9625
2023-12-06 15:00:00,3105619.24,3125304.96,3097369.92,3103577.08,9050
2023-12-06 16:00:00,3108136.23,3156220.33,3069739.36,3092417.1,7080
2023-12-06 17:00:00,3062570.36,3062570.36,3009135.97,3056457.45,13797
2023-12-06 18:00:00,3049840.28,3136216.07,3003900.33,3084415.43,13027
2023-12-06 19:00:00,3083015.85,3083015.85,3071518.39,3077673.74,9308
2023-12-06 20:00:00,3074353.78,3088355.03,3074353.78,3085713.76,13499
2023-12-06 21:00:00,3088707.83,3099017.27,3056419.89,3062544.98,7679
2023-12-06 22:00:00,3087073.13,3105824.49,3073502.48,3077967.9,6884
2023-12-06 23:00:00,3068493.52,3068493.52,2994874.98,3062368.78,5990
2023-12-07 00:00:00,3060413.37,3116236.21,3057337.98,3063464.91,7414
2023-12-07 01:00:00,3071128.12,3096221.11,3054671.26,3090041.03,8140
2023-12-07 02:00:00,3106659.63,3193518.2,3106659.63,3112885.4,8793
2023-12-07 03:00:00,3107467.4,3119922.18,3107467.4,3113694.79,13368
2023-12-07 04:00:00,3080090.98,3080090.98,3063937.74,3070077.9,9196
2023-12-07 05:00:00,3116083.26,3157926.75,3116083.26,3149392.49,8375
2023-12-07 06:00:00,3186767.87,3199540.48,3186767.87,3193154.17,16263
2023-12-07 07:00:00,3205855.25,3214167.59,3205855.25,3207752.08,8474
2023-12-07 08:00:00,3204711.81,3204711.81,3160946.11,3182771.33,28697
2023-12-07 09:00:00,3193226.35,3198028.54,3170058.43,3176411.26,10834
2023-12-07 10:00:00,3165732.54,3165732.54,3087503.74,3159413.71,9316
2023-12-07 11:00:00,3183930.96,3196692.21,3183930.96,3190311.58,15555
2023-12-07 12:00:00,3186922.71,3199695.95,3186922.71,3193309.33,14736
2023-12-07 13:00:00,3186497.14,3186497.14,3162482.49,3168820.13,9046
2023-12-07 14:00:00,3150163.27,3160652.37,3131209.98,3154343.69,8714
2023-12-07 15:00:00,3160130.85,3188325.15,3115296.39,3181961.23,10369
2023-12-07 16:00:00,3213974.82,3239585.2,3213974.82,3220415.65,7621
2023-12-07 17:00:00,3219023.2,3276345.14,3130815.13,3254710.09,13277
2023-12-07 18:00:00,3235857.14,3317244.36,3235857.14,3266408.9,4752
2023-12-07 19:00:00,3285032.09,3285032.09,3226835.66,3250393.86,6893
2023-12-07 20:00:00,3178748.36,3178748.36,3150000.56,3156313.19,6421
2023-12-07 21:00:00,3156426.44,3277469.18,3156426.44,3162751.94,12913
2023-12-07 22:00:00,3154739.04,3202015.66,3154739.04,3161061.17,11131
2023-12-07 23:00:00,3166082.84,3228146.78,3156884.11,3163210.54,8551
2023-12-08 00:00:00,3169349.27,3169349.27,3093847.25,3163023.23,9452
2023-12-08 01:00:00,3133450.74,3133450.74,3120941.95,3127196.34,7808
2023-12-08 02:00:00,3132925.64,3148661.65,3125668.65,3142376.89,7806
2023-12-08 03:00:00,3152182.3,3206269.98,3152182.3,3158499.3,9627
2023-12-08 04:00:00,3177701.38,3181243.2,3167878.09,3174893.41,8820
2023-12-08 05:00:00,3181649.01,3213994.85,3160741.51,3197134.47,11128
2023-12-08 06:00:00,3205965.92,3269860.13,3167473.74,3209031.61,14681
2023-12-08 07:00:00,3199965.09,3199965.09,3179131.97,3193577.94,9407
2023-12-08 08:00:00,3192121.97,3204572.06,3181846.95,3188223.39,9700
2023-12-08 09:00:00,3183763.54,3207290.33,3162696.94,3187527.84,7681
2023-12-08 10:00:00,3184096.31,3195308.18,3180983.23,3187357.95,7969
2023-12-08 11:00:00,3204043.58,3216389.1,3204043.58,3210464.51,19715
2023-12-08 12:00:00,3220472.13,3229284.32,3207356.76,3222838.64,8148
2023-12-08 13:00:00,3262428.38,3357590.57,3262428.38,3272063.33,10205
2023-12-08 14:00:00,3292636.06,3372537.32,3269630.19,3321964.87,11197
2023-12-08 15:00:00,3326446.11,3347328.58,3271958.3,3311231.17,7650
2023-12-08 16:00:00,3250150.43,3250150.43,3136437.78,3195482.96,9648
2023-12-08 17:00:00,3201229.64,3230793.21,3178480.47,3224344.52,7917
2023-12-08 18:00:00,3211031.86,3211031.86,3198213.37,3204622.61,12314
2023-12-08 19:00:00,3187370.47,3187370.47,3178374.07,3179608.81,7417
2023-12-08 20:00:00,3187144.08,3187144.08,3117797.72,3167023.13,10742
2023-12-08 21:00:00,3160409.98,3160450.32,3147833.76,3154142.04,8423
2023-12-08 22:00:00,3161679.33,3215411.73,3153827.5,3169545.73,8322
2023-12-08 23:00:00,3167288.67,3167288.67,3125759.68,3127741.41,10070
2023-12-09 00:00:00,3100170.78,3171705.86,3095535.71,3101739.19,13237
2023-12-09 01:00:00,3107498.46,3119953.36,3107498.46,3113725.91,11399
2023-12-09 02:00:00,3108344.22,3138326.84,3105421.85,3132062.72,8328
2023-12-09 03:00:00,3130134.23,3156042.57,3125250.14,3149743.08,11363
2023-12-09 04:00:00,3151339.48,3208807.68,3084593.01,3129541.07,13044
2023-12-09 05:00:00,3105640.42,3112184.16,3012522.08,3105972.21,5139
2023-12-09 06:00:00,3115364.37,3162720.33,3090016.99,3096209.4,13836
2023-12-09 07:00:00,3100364.1,3112293.79,3099869.46,3106081.63,9874
2023-12-09 08:00:00,3140623.34,3198274.93,3140623.34,3146917.18,15343
2023-12-09 09:00:00,3100858.7,3100858.7,3092330.71,3094669.36,6196
2023-12-09 10:00:00,3086883.61,3133408.23,3086883.61,3093069.75,8144
2023-12-09 11:00:00,3074778.67,3074778.67,3059901.12,3063526.33,8437
2023-12-09 12:00:00,3031175.59,3031175.59,3022259.25,3028315.89,8634
2023-12-09 13:00:00,3059965.81,3066712.07,3059965.81,3060590.89,12284
2023-12-09 14:00:00,3039148.07,3102908.58,2963443.58,3080453.62,9189
2023-12-09 15:00:00,3085069.26,3142398.22,3063184.33,3096690.97,12192
2023-12-09 16:00:00,3093958.51,3153475.01,3093958.51,3123850.92,7071
2023-12-09 17:00:00,3146849.75,3234014.99,3107440.59,3113667.92,8199
2023-12-09 18:00:00,3113307.38,3161301.12,3078380.39,3105465.41,9292
2023-12-09 19:00:00,3121966.85,3170604.39,3121966.85,3164275.84,8953
2023-12-09 20:00:00,3171480.99,3171480.99,3115994.33,3157208.38,8907
2023-12-09 21:00:00,3164573.86,3247946.92,3164573.86,3176031.39,16470
2023-12-09 22:00:00,3167126.13,3181156.5,3149780.3,3174806.89,10761
2023-12-09 23:00:00,3131830.58,3131830.58,3119328.27,3125579.43,12990
2023-12-10 00:00:00,3111587.28,3111587.28,3047418.77,3075559.5,9586
2023-12-10 01:00:00,3076097.12,3076097.12,3060437.92,3066571.06,10058
2023-12-10 02:00:00,3072929.34,3105389.62,3068076.95,3099191.24,8579
2023-12-10 03:00:00,3118206.84,3153559.66,3116947.04,3123193.43,8725
2023-12-10 04:00:00,3111411.84,3155313.87,3052176.14,3149015.84,7959
2023-12-10 05:00:00,3152746.07,3152746.07,3118164.87,3124413.7,14066
2023-12-10 06:00:00,3121389.0,3174485.84,3113100.74,3168149.54,8914
2023-12-10 07:00:00,3148960.63,3148960.63,3141478.32,3142675.28,12941
2023-12-10 08:00:00,3143929.66,3155735.72,3138278.83,3149436.85,8769
2023-12-10 09:00:00,3165603.98,3207358.83,3079919.74,3150069.81,9232
2023-12-10 10:00:00,3160786.31,3190682.4,3144636.6,3146477.63,9869
2023-12-10 11:00:00,3175631.65,3200646.05,3175631.65,3181995.64,15053
2023-12-10 12:00:00,3177479.61,3185132.62,3124989.2,3162280.84,13365
2023-12-10 13:00:00,3133730.34,3133730.34,3121220.43,3127475.38,6859
2023-12-10 14:00:00,3120324.42,3147656.7,3094784.91,3130479.52,8423
2023-12-10 15:00:00,3135374.95,3136225.44,3098572.71,3122552.66,13826
2023-12-10 16:00:00,3205132.85,3242066.57,3205132.85,3211555.96,9257
2023-12-10 17:00:00,3213076.37,3232386.25,3205063.92,3225934.38,19888
2023-12-10 18:00:00,3217144.85,3217189.64,3204346.57,3210768.11,9101
2023-12-10 19:00:00,3186185.5,3186185.5,3114471.56,3179825.85,13906
2023-12-10 20:00:00,3136245.32,3136245.32,3123725.37,3129985.34,9587
2023-12-10 21:00:00,3122093.05,3122093.05,3100065.96,3106278.52,12073
2023-12-10 22:00:00,3119593.59,3119593.59,3107140.12,3113366.85,6218
2023-12-10 23:00:00,3135927.6,3205781.96,3135927.6,3153332.9,9486
2023-12-11 00:00:00,3157108.58,3242012.18,3155209.96,3183183.84,6417
2023-12-11 01:00:00,3194414.81,3194414.81,3137282.39,3188038.73,9946
2023-12-11 02:00:00,3178370.67,3229688.5,3171856.61,3178213.04,16005
2023-12-11 03:00:00,3190410.91,3190896.72,3178158.61,3184527.66,10291
2023-12-11 04:00:00,3182006.83,3182006.83,3163621.21,3169961.13,9063
2023-12-11 05:00:00,3190044.82,3220857.33,3190044.82,3214428.47,6446
2023-12-11 06:00:00,3211495.65,3212740.57,3184168.05,3206327.92,11019
2023-12-11 07:00:00,3207931.18,3207931.18,3195125.07,3201528.13,12364
2023-12-11 08:00:00,3143047.68,3143047.68,3104189.48,3141447.75,10210
2023-12-11 09:00:00,3145977.12,3173035.65,3126051.97,3138529.93,8883
2023-12-11 10:00:00,3143340.91,3182636.43,3143340.91,3162284.25,6062
2023-12-11 11:00:00,3163132.13,3163132.13,3129127.94,3135398.74,7762
2023-12-11 12:00:00,3125008.9,3125008.9,3076907.89,3118771.36,12304
2023-12-11 13:00:00,3136430.59,3149001.45,3136430.59,3142716.02,10526
2023-12-11 14:00:00,3130127.44,3130127.44,3035037.62,3106978.49,7121
2023-12-11 15:00:00,3132158.37,3144712.11,3132158.37,3138435.24,12831
2023-12-11 16:00:00,3120995.21,3145701.41,3120995.21,3127249.71,6859
2023-12-11 17:00:00,3121654.89,3122101.65,3114333.32,3120574.47,6659
2023-12-11 18:00:00,3099048.88,3101860.45,3051704.97,3095669.11,19596
2023-12-11 19:00:00,3071868.97,3166024.56,3027592.29,3110671.83,8348
2023-12-11 20:00:00,3171237.77,3183948.14,3171237.77,3177592.95,11257
2023-12-11 21:00:00,3190905.12,3204066.77,3143291.14,3197671.42,12299
2023-12-11 22:00:00,3180779.17,3180779.17,3167180.03,3173527.09,8819
2023-12-11 23:00:00,3196700.37,3286333.79,3196700.37,3203106.59,9982
2023-12-12 00:00:00,3199291.93,3199291.93,3123603.94,3192906.11,8463
2023-12-12 01:00:00,3221112.98,3247062.31,3221112.98,3227568.11,7804
2023-12-12 02:00:00,3239612.18,3254487.37,3239612.18,3245183.56,6656
2023-12-12 03:00:00,3168603.61,3168603.61,3149270.17,3162279.05,7668
2023-12-12 04:00:00,3143655.32,3143655.32,3057928.46,3137380.56,10843
2023-12-12 05:00:00,3142488.05,3170696.82,3102905.35,3164368.08,12190
2023-12-12 06:00:00,3171885.91,3182472.41,3161288.58,3169215.61,9758
2023-12-12 07:00:00,3149631.85,3149631.85,3131264.0,3143345.16,9888
2023-12-12 08:00:00,3145576.61,3172142.68,3075013.67,3129545.82,7042
2023-12-12 09:00:00,3090423.49,3090423.49,3078086.47,3084254.98,10599
2023-12-12 10:00:00,3070488.85,3094668.28,3070488.85,3088491.3,10408
2023-12-12 11:00:00,3144218.77,3156820.85,3144218.77,3150519.81,7012
2023-12-12 12:00:00,3166952.88,3197350.29,3166952.88,3173299.48,13152
2023-12-12 13:00:00,3224120.26,3237042.59,3224120.26,3230581.43,9317
2023-12-12 14:00:00,3231124.25,3283335.48,3231124.25,3250372.24,16282
2023-12-12 15:00:00,3252037.97,3279303.44,3229968.5,3272757.92,10752
2023-12-12 16:00:00,3314332.99,3345984.28,3314332.99,3318982.14,11665
2023-12-12 17:00:00,3320987.97,3325841.08,3205762.04,3319202.68,15566
2023-12-12 18:00:00,3310716.85,3310716.85,3252566.55,3304108.63,11674
2023-12-12 19:00:00,3316511.82,3377881.96,3316511.82,3323158.14,7648
2023-12-12 20:00:00,3336865.61,3359090.13,3320458.82,3352385.36,8807
2023-12-12 21:00:00,3356236.06,3375138.34,3255917.07,3326770.66,8332
2023-12-12 22:00:00,3327220.4,3327220.4,3276647.41,3296675.68,9179
2023-12-12 23:00:00,3295332.06,3301052.37,3285617.47,3292201.87,10224
2023-12-13 00:00:00,3293774.26,3346836.64,3293774.26,3306740.09,8591
2023-12-13 01:00:00,3312974.13,3326042.55,3299489.64,3319403.75,10481
2023-12-13 02:00:00,3322812.58,3335542.92,3264445.12,3270987.09,5259
2023-12-13 03:00:00,3282517.04,3352547.39,3275232.17,3315886.49,11541
2023-12-13 04:00:00,3324719.72,3324719.72,3282380.94,3288958.85,12321
2023-12-13 05:00:00,3280925.68,3280925.68,3267828.17,3274376.92,15120
2023-12-13 06:00:00,3257643.11,3313694.63,3237415.47,3243903.28,8893
2023-12-13 07:00:00,3304720.7,3374553.68,3304720.7,3311343.39,9300
2023-12-13 08:00:00,3314426.68,3315445.56,3252562.64,3308827.91,12443
2023-12-13 09:00:00,3283542.78,3283542.78,3270434.82,3276988.8,12203
2023-12-13 10:00:00,3287122.6,3368919.72,3287122.6,3293710.02,11205
2023-12-13 11:00:00,3300181.53,3370659.51,3300181.53,3306795.12,11468
2023-12-13 12:00:00,3320198.07,3320198.07,3274918.77,3293189.41,10696
2023-12-13 13:00:00,3301687.13,3346228.29,3301687.13,3308303.74,7528
2023-12-13 14:00:00,3283979.44,3283979.44,3264400.44,3277424.59,9957
2023-12-13 15:00:00,3272720.14,3282427.26,3251524.56,3258040.65,9028
2023-12-13 16:00:00,3249813.72,3249813.72,3193435.97,3199835.64,9515
2023-12-13 17:00:00,3177483.59,3177483.59,3158419.77,3164749.27,11965
2023-12-13 18:00:00,3173543.3,3219931.34,3173543.3,3213504.33,11094
2023-12-13 19:00:00,3248663.4,3261684.09,3248663.4,3255173.75,11170
2023-12-13 20:00:00,3251723.39,3259043.97,3246033.82,3252538.89,12530
2023-12-13 21:00:00,3285951.86,3299122.01,3285951.86,3292536.94,13149
2023-12-13 22:00:00,3287620.52,3287620.52,3274496.29,3281058.41,6651
2023-12-13 23:00:00,3282593.17,3317211.6,3261752.07,3268288.65,11469
2023-12-14 00:00:00,3262125.68,3279135.71,3257907.8,3264436.67,12896
2023-12-14 01:00:00,3288123.98,3288123.98,3239506.16,3255995.21,12010
2023-12-14 02:00:00,3254630.72,3263163.44,3239339.04,3245830.7,14531
2023-12-14 03:00:00,3265935.88,3281459.57,3265935.88,3272480.84,5893
2023-12-14 04:00:00,3269958.89,3296494.7,3246001.23,3270878.48,4960
2023-12-14 05:00:00,3288339.41,3361324.47,3278711.44,3284443.83,6624
2023-12-14 06:00:00,3298960.45,3319401.4,3298960.45,3305571.59,10833
2023-12-14 07:00:00,3301358.49,3314590.39,3301358.49,3307974.44,8391
2023-12-14 08:00:00,3284016.1,3284016.1,3249902.35,3273546.99,14233
2023-12-14 09:00:00,3235425.44,3235425.44,3206694.44,3231781.92,7204
2023-12-14 10:00:00,3235840.83,3249208.06,3226734.9,3233201.3,10151
2023-12-14 11:00:00,3233708.88,3259077.12,3194983.67,3226113.56,15390
2023-12-14 12:00:00,3232841.29,3232841.29,3219935.74,3226388.52,8046
2023-12-14 13:00:00,3231925.81,3260170.89,3190736.54,3223885.1,8398
2023-12-14 14:00:00,3285322.04,3311057.26,3285322.04,3290090.42,10928
2023-12-14 15:00:00,3254238.99,3254238.99,3192544.24,3247743.5,14060
2023-12-14 16:00:00,3223400.43,3223400.43,3185105.98,3191488.96,11098
2023-12-14 17:00:00,3196047.67,3207131.56,3174858.42,3200730.1,5840
2023-12-14 18:00:00,3224911.17,3266632.8,3130178.22,3190836.16,8185
2023-12-14 19:00:00,3185227.65,3206176.42,3174910.76,3199776.87,8530
2023-12-14 20:00:00,3208954.67,3221491.54,3208954.67,3215061.42,12991
2023-12-14 21:00:00,3238922.16,3312500.16,3162185.66,3247719.14,12779
2023-12-14 22:00:00,3223818.9,3223818.9,3172609.32,3204302.37,13485
2023-12-14 23:00:00,3184709.73,3298901.68,3183064.41,3189443.29,9465
2023-12-15 00:00:00,3194978.58,3213963.7,3194978.58,3201381.34,8052
2023-12-15 01:00:00,3214014.16,3233219.61,3196915.23,3221475.82,20705
2023-12-15 02:00:00,3271139.01,3323341.9,3271139.01,3277694.4,11575
2023-12-15 03:00:00,3292063.85,3304272.42,3275903.76,3297677.06,10998
2023-12-15 04:00:00,3287465.93,3295681.52,3282525.1,3289103.31,7148
2023-12-15 05:00:00,3265350.6,3265350.6,3252315.27,3258832.94,10901
2023-12-15 06:00:00,3246236.1,3246236.1,3198627.52,3239756.58,9822
2023-12-15 07:00:00,3243637.05,3244281.55,3206348.19,3221434.97,11626
2023-12-15 08:00:00,3230886.62,3341295.19,3230886.62,3237361.34,10646
2023-12-15 09:00:00,3248200.7,3248200.7,3194708.74,3241717.27,11064
2023-12-15 10:00:00,3229067.72,3256606.31,3131885.03,3203971.15,11360
2023-12-15 11:00:00,3190143.95,3198917.83,3128402.21,3192532.77,9115
2023-12-15 12:00:00,3209791.03,3241815.69,3209791.03,3216223.48,7480
2023-12-15 13:00:00,3218174.34,3231072.83,3218174.34,3224623.59,7561
2023-12-15 14:00:00,3223754.77,3244661.86,3223655.28,3238185.49,7484
2023-12-15 15:00:00,3238820.34,3262579.72,3182595.42,3245940.21,9585
2023-12-15 16:00:00,3279482.5,3311729.57,3279482.5,3286054.61,10101
2023-12-15 17:00:00,3279870.67,3293016.44,3279870.67,3286443.56,9852
2023-12-15 18:00:00,3276738.41,3276738.41,3227986.56,3270198.02,14238
2023-12-15 19:00:00,3289130.14,3289130.14,3223876.59,3241096.63,11591
2023-12-15 20:00:00,3255231.98,3281806.65,3238716.41,3245206.82,9956
2023-12-15 21:00:00,3206765.77,3206765.77,3171412.63,3177768.17,13219
2023-12-15 22:00:00,3168726.66,3233673.54,3168726.66,3175076.81,12468
2023-12-15 23:00:00,3166854.86,3199076.59,3147868.84,3172066.31,16550
2023-12-16 00:00:00,3145560.29,3145560.29,3076783.1,3139281.73,5917
2023-12-16 01:00:00,3126584.14,3126584.14,3071570.37,3120343.46,15582
2023-12-16 02:00:00,3140894.52,3153483.27,3140894.52,3147188.89,5188
2023-12-16 03:00:00,3151990.97,3163883.83,3133848.57,3157568.69,11970
2023-12-16 04:00:00,3149569.68,3186083.81,3120557.25,3164030.77,6516
2023-12-16 05:00:00,3170772.28,3187397.51,3151824.62,3175341.92,12414
2023-12-16 06:00:00,3174073.16,3186794.89,3174073.16,3180434.03,7231
2023-12-16 07:00:00,3175399.46,3221475.31,3117864.58,3215045.22,8891
2023-12-16 08:00:00,3221813.29,3224648.89,3211776.04,3218212.47,11873
2023-12-16 09:00:00,3215574.93,3215574.93,3170039.22,3179646.54,13544
2023-12-16 10:00:00,3218007.8,3259949.2,3218007.8,3224456.71,7513
2023-12-16 11:00:00,3232885.9,3252450.89,3201411.67,3233550.02,10912
2023-12-16 12:00:00,3228372.79,3228372.79,3191954.14,3216736.91,13431
2023-12-16 13:00:00,3190141.04,3190141.04,3127291.46,3183773.49,14415
2023-12-16 14:00:00,3190041.48,3202827.22,3190041.48,3196434.35,7444
2023-12-16 15:00:00,3194487.21,3240122.01,3188448.02,3194837.69,12679
2023-12-16 16:00:00,3195914.63,3273831.03,3170108.54,3237563.09,16273
2023-12-16 17:00:00,3223697.91,3255119.25,3116112.02,3227089.49,13552
2023-12-16 18:00:00,3210883.95,3210883.95,3198066.05,3204475.0,9403
2023-12-16 19:00:00,3214194.09,3235448.74,3180317.54,3228990.76,8538
2023-12-16 20:00:00,3223403.78,3259228.3,3199694.19,3252722.86,8457
2023-12-16 21:00:00,3261351.46,3261351.46,3212320.18,3254841.77,15138
2023-12-16 22:00:00,3261838.32,3275951.81,3261838.32,3270326.97,18252
2023-12-16 23:00:00,3269652.04,3272293.81,3206502.71,3265762.29,11322
2023-12-17 00:00:00,3277320.57,3277365.37,3205534.97,3268867.65,9717
2023-12-17 01:00:00,3290042.8,3328456.94,3290042.8,3296636.07,6031
2023-12-17 02:00:00,3291363.07,3340454.81,3217392.58,3308079.38,8638
2023-12-17 03:00:00,3314589.23,3321398.62,3261020.59,3297268.46,7450
2023-12-17 04:00:00,3319057.42,3334928.63,3319057.42,3328272.09,11077
2023-12-17 05:00:00,3323834.6,3323834.6,3249738.87,3256251.37,14044
2023-12-17 06:00:00,3301806.2,3328755.52,3301806.2,3308423.05,8558
2023-12-17 07:00:00,3262687.9,3262687.9,3249663.19,3256175.54,17949
2023-12-17 08:00:00,3243728.59,3243728.59,3230779.58,3237254.08,11412
2023-12-17 09:00:00,3241768.19,3241768.19,3154214.77,3235297.6,8854
2023-12-17 10:00:00,3248067.03,3278641.84,3195605.82,3230747.77,9027
2023-12-17 11:00:00,3250418.05,3263445.78,3250418.05,3256931.91,12239
2023-12-17 12:00:00,3230605.61,3230605.61,3149138.13,3226530.61,8152
2023-12-17 13:00:00,3226865.15,3239798.48,3226865.15,3233331.82,5368
2023-12-17 14:00:00,3224025.22,3224025.22,3181112.0,3217590.04,11236
2023-12-17 15:00:00,3223427.91,3232465.49,3162809.09,3226013.46,14981
2023-12-17 16:00:00,3230771.6,3230771.6,3184898.29,3224322.96,13362
2023-12-17 17:00:00,3224902.13,3233426.19,3220518.3,3226972.24,12228
2023-12-17 18:00:00,3211924.12,3218937.6,3206087.55,3212512.57,8493
2023-12-17 19:00:00,3206563.19,3206563.19,3195943.53,3200162.86,21768
2023-12-17 20:00:00,3203170.01,3216008.37,3203170.01,3209589.19,11385
2023-12-17 21:00:00,3242088.53,3242088.53,3208400.71,3235617.3,8992
2023-12-17 22:00:00,3225661.09,3225726.09,3170985.82,3219287.52,6592
2023-12-17 23:00:00,3215324.73,3215324.73,3195451.66,3197183.22,10246
2023-12-18 00:00:00,3199216.68,3221924.94,3180502.5,3215493.95,10097
2023-12-18 01:00:00,3222101.38,3222101.38,3194963.73,3215670.04,18239
2023-12-18 02:00:00,3215115.67,3239653.58,3200265.15,3238496.7,14571
2023-12-18 03:00:00,3221865.62,3221865.62,3207480.38,3213908.19,7133
2023-12-18 04:00:00,3206852.09,3206852.09,3166295.06,3168392.11,6344
2023-12-18 05:00:00,3152693.45,3237960.59,3152693.45,3159011.48,13580
2023-12-18 06:00:00,3150622.29,3150622.29,3136051.74,3144333.62,9807
2023-12-18 07:00:00,3155222.6,3156091.22,3075898.53,3148441.28,10455
2023-12-18 08:00:00,3149963.35,3164140.74,3131649.79,3137925.64,11255
2023-12-18 09:00:00,3138992.7,3169802.23,3122462.49,3163475.28,10985
2023-12-18 10:00:00,3162283.17,3185563.04,3154559.57,3160881.33,11174
2023-12-18 11:00:00,3158215.67,3181608.47,3150846.49,3169854.99,8049
2023-12-18 12:00:00,3167931.64,3183557.19,3160600.82,3178484.72,6028
2023-12-18 13:00:00,3177698.34,3193326.81,3144438.27,3187548.72,7312
2023-12-18 14:00:00,3179563.51,3201804.45,3169382.04,3190322.09,11091
2023-12-18 15:00:00,3197580.56,3230935.35,3195347.4,3206865.54,8962
2023-12-18 16:00:00,3194046.65,3213005.66,3176960.19,3188140.0,7935
2023-12-18 17:00:00,3221528.41,3282811.12,3221528.41,3227984.38,8479
2023-12-18 18:00:00,3232318.23,3287253.52,3215933.64,3222378.4,17646
2023-12-18 19:00:00,3195260.99,3195260.99,3182505.45,3188883.22,8419
2023-12-18 20:00:00,3212470.59,3306600.87,3190783.92,3197178.28,12051
2023-12-18 21:00:00,3202734.5,3202734.5,3144445.62,3177854.95,10467
2023-12-18 22:00:00,3179791.06,3212102.74,3179791.06,3199414.77,10385
2023-12-18 23:00:00,3248162.43,3274513.08,3248162.43,3259926.29,11978
2023-12-19 00:00:00,3239220.74,3242406.76,3098884.46,3237473.65,8699
2023-12-19 01:00:00,3239876.22,3305917.61,3239876.22,3246368.96,9538
2023-12-19 02:00:00,3232267.31,3251333.26,3166069.49,3199329.7,13686
2023-12-19 03:00:00,3205569.83,3266779.5,3181118.88,3214091.46,10010
2023-12-19 04:00:00,3199144.73,3199144.73,3186373.69,3192759.21,12671
2023-12-19 05:00:00,3185668.4,3192126.53,3163866.37,3179988.79,7504
2023-12-19 06:00:00,3155869.17,3155869.17,3126992.4,3155865.47,6982
2023-12-19 07:00:00,3174531.05,3184645.97,3174531.05,3180892.83,12614
2023-12-19 08:00:00,3171243.2,3253919.49,3155387.47,3211543.87,7113
2023-12-19 09:00:00,3209811.79,3240486.1,3209811.79,3214522.55,8283
2023-12-19 10:00:00,3215379.07,3215379.07,3188727.1,3193979.84,7313
2023-12-19 11:00:00,3195387.15,3248462.17,3190435.94,3239090.71,10119
2023-12-19 12:00:00,3239926.21,3239926.21,3194299.15,3219766.94,8321
2023-12-19 13:00:00,3171179.32,3171179.32,3163908.71,3164849.62,6398
2023-12-19 14:00:00,3181775.91,3188845.33,3181775.91,3182480.37,10975
2023-12-19 15:00:00,3164726.73,3164726.73,3152093.09,3158409.91,8235
2023-12-19 16:00:00,3179356.66,3231397.11,3179356.66,3190248.81,9768
2023-12-19 17:00:00,3178082.94,3190820.75,3178082.94,3184451.84,8737
2023-12-19 18:00:00,3209353.3,3224222.44,3198307.55,3204716.98,9936
2023-12-19 19:00:00,3238075.31,3267897.77,3238075.31,3244564.44,10130
2023-12-19 20:00:00,3269869.51,3274872.7,3208765.57,3212944.45,9510
2023-12-19 21:00:00,3196219.86,3207013.6,3188114.1,3200816.28,14034
2023-12-19 22:00:00,3196073.36,3208883.28,3196073.36,3202478.32,16947
2023-12-19 23:00:00,3238731.01,3303952.49,3238731.01,3246196.58,12644
2023-12-20 00:00:00,3244334.64,3280808.73,3183535.33,3229156.09,10472
2023-12-20 01:00:00,3241582.44,3266758.39,3199690.26,3215174.99,8253
2023-12-20 02:00:00,3223959.11,3236880.79,3223959.11,3230419.95,8062
2023-12-20 03:00:00,3223218.56,3256734.51,3186649.56,3216783.87,9518
2023-12-20 04:00:00,3219046.99,3229837.79,3216944.22,3223391.0,7892
2023-12-20 05:00:00,3191068.02,3191068.02,3122965.53,3184698.63,10812
2023-12-20 06:00:00,3240721.79,3266202.38,3240721.79,3247216.22,12194
2023-12-20 07:00:00,3259664.67,3280956.22,3205620.56,3212044.65,11520
2023-12-20 08:00:00,3209205.21,3244057.89,3181283.05,3206703.43,16825
2023-12-20 09:00:00,3202059.19,3215759.17,3175422.16,3209340.48,8577
2023-12-20 10:00:00,3262539.4,3269366.63,3262539.4,3262840.95,13149
2023-12-20 11:00:00,3261985.27,3321558.14,3203196.22,3227141.89,6069
2023-12-20 12:00:00,3265983.49,3288149.07,3265983.49,3281585.9,11865
2023-12-20 13:00:00,3303975.35,3334453.39,3293515.58,3300115.81,9350
2023-12-20 14:00:00,3312442.72,3314869.42,3301636.4,3308252.91,10481
2023-12-20 15:00:00,3280736.88,3280736.88,3248278.53,3277943.9,12352
2023-12-20 16:00:00,3285805.63,3298404.29,3250305.99,3291820.65,7824
2023-12-20 17:00:00,3285653.69,3285653.69,3263956.44,3269912.44,8444
2023-12-20 18:00:00,3296293.3,3381530.79,3296293.3,3302899.09,11154
2023-12-20 19:00:00,3323157.12,3355291.91,3267193.73,3273497.99,7616
2023-12-20 20:00:00,3276004.82,3276004.82,3175681.89,3269465.89,6061
2023-12-20 21:00:00,3270497.18,3270497.18,3247425.36,3253933.22,11478
2023-12-20 22:00:00,3260671.29,3287552.04,3192585.53,3228161.99,10149
2023-12-20 23:00:00,3247693.39,3254563.88,3247693.39,3250010.45,16056
2023-12-21 00:00:00,3239355.88,3271522.41,3212542.58,3264992.42,18647
2023-12-21 01:00:00,3286685.15,3365436.46,3243895.02,3296960.83,8203
2023-12-21 02:00:00,3282114.29,3282114.29,3208989.99,3246483.28,8885
2023-12-21 03:00:00,3280595.73,3282365.31,3248040.37,3275813.68,10891
2023-12-21 04:00:00,3300248.35,3348573.98,3300248.35,3341890.2,12500
2023-12-21 05:00:00,3330382.25,3330382.25,3317087.31,3323734.78,9801
2023-12-21 06:00:00,3364017.44,3430871.23,3364017.44,3370758.96,8021
2023-12-21 07:00:00,3377385.26,3382323.09,3348893.19,3355604.4,10570
2023-12-21 08:00:00,3334255.58,3334255.58,3304699.22,3311321.86,7058
2023-12-21 09:00:00,3301255.6,3306388.78,3292864.79,3299789.2,10676
2023-12-21 10:00:00,3326986.01,3332303.5,3277548.09,3325652.19,9353
2023-12-21 11:00:00,3305235.46,3305235.46,3284197.16,3298638.18,14500
2023-12-21 12:00:00,3286824.63,3286824.63,3240230.05,3280264.1,9997
2023-12-21 13:00:00,3266256.02,3301885.92,3228546.23,3295295.33,6139
2023-12-21 14:00:00,3286857.85,3300031.63,3286857.85,3293444.74,13974
2023-12-21 15:00:00,3290204.8,3318506.08,3290204.8,3307405.25,14575
2023-12-21 16:00:00,3312457.04,3325639.87,3237578.9,3311080.62,8400
2023-12-21 17:00:00,3327182.22,3333456.89,3320656.74,3321049.92,7196
2023-12-21 18:00:00,3338189.48,3338189.48,3298976.67,3305587.84,14369
2023-12-21 19:00:00,3326110.27,3333585.0,3302686.43,3309305.04,9408
2023-12-21 20:00:00,3307857.22,3322602.28,3274854.93,3281417.76,5683
2023-12-21 21:00:00,3308611.13,3321872.1,3308611.13,3315241.62,9101
2023-12-21 22:00:00,3301486.52,3301486.52,3288306.93,3294896.73,8477
2023-12-21 23:00:00,3304462.28,3389723.7,3294441.37,3323634.67,10333
2023-12-22 00:00:00,3306946.41,3322595.05,3306946.41,3313573.56,11536
2023-12-22 01:00:00,3309484.12,3348061.0,3309484.12,3316116.36,10101
2023-12-22 02:00:00,3306182.83,3306182.83,3263162.54,3299583.66,15700
2023-12-22 03:00:00,3311119.42,3352610.74,3247113.0,3270363.24,10156
2023-12-22 04:00:00,3230550.77,3230550.77,3217654.36,3224102.56,9007
2023-12-22 05:00:00,3206366.2,3206366.2,3192953.31,3199966.27,22098
2023-12-22 06:00:00,3192212.97,3245017.3,3192212.97,3196839.82,9648
2023-12-22 07:00:00,3207349.11,3288865.47,3201397.31,3207939.68,11258
2023-12-22 08:00:00,3232708.38,3245665.13,3232708.38,3239186.76,8170
2023-12-22 09:00:00,3223599.95,3240584.57,3223599.95,3230060.07,10953
2023-12-22 10:00:00,3222652.11,3222652.11,3141226.02,3210184.98,11008
2023-12-22 11:00:00,3209471.55,3220219.95,3170838.95,3177193.33,8890
2023-12-22 12:00:00,3177332.47,3203163.11,3162461.64,3196769.57,7718
2023-12-22 13:00:00,3193842.38,3271060.46,3193842.38,3238669.16,8998
2023-12-22 14:00:00,3227162.01,3292129.11,3215741.27,3275063.62,8891
2023-12-22 15:00:00,3287835.81,3301013.51,3287835.81,3294424.66,8760
2023-12-22 16:00:00,3306071.48,3317192.25,3306071.48,3310571.11,16338
2023-12-22 17:00:00,3308704.06,3410424.01,3293494.89,3354227.11,12255
2023-12-22 18:00:00,3363269.56,3364602.07,3333681.15,3357886.29,10865
2023-12-22 19:00:00,3338469.61,3380034.12,3333316.71,3369854.67,9533
2023-12-22 20:00:00,3360750.14,3360750.14,3285188.47,3354359.15,11355
2023-12-22 21:00:00,3318214.55,3318214.55,3304968.18,3311591.36,9217
2023-12-22 22:00:00,3297411.48,3297411.48,3267838.91,3290829.82,11199
2023-12-22 23:00:00,3296489.16,3296489.16,3249203.39,3289909.34,9392
2023-12-23 00:00:00,3283022.86,3303300.36,3213522.98,3290990.86,16758
2023-12-23 01:00:00,3335445.44,3348813.96,3335445.44,3342129.7,8607
2023-12-23 02:00:00,3333308.47,3341815.25,3333308.47,3339988.45,15443
2023-12-23 03:00:00,3361279.32,3388855.71,3361279.32,3368015.35,9433
2023-12-23 04:00:00,3354776.24,3356521.29,3343122.0,3349821.64,7468
2023-12-23 05:00:00,3343141.49,3343141.49,3329795.62,3336468.55,8070
2023-12-23 06:00:00,3312989.31,3316845.26,3255804.98,3296547.63,9188
2023-12-23 07:00:00,3302552.24,3350353.5,3269319.52,3275871.26,11194
2023-12-23 08:00:00,3284234.52,3297397.78,3284234.52,3290816.15,9851
2023-12-23 09:00:00,3284493.87,3308586.36,3217563.72,3290852.07,7058
2023-12-23 10:00:00,3309423.94,3322688.17,3309423.94,3316056.06,12717
2023-12-23 11:00:00,3308024.35,3370042.94,3306569.18,3318983.68,13850
2023-12-23 12:00:00,3304625.63,3339108.89,3300650.59,3307265.12,9285
2023-12-23 13:00:00,3362402.67,3365309.63,3362402.67,3364040.64,10447
2023-12-23 14:00:00,3349924.99,3419766.18,3330761.22,3355920.36,8263
2023-12-23 15:00:00,3354227.21,3389649.73,3354227.21,3382883.96,9741
2023-12-23 16:00:00,3384366.64,3384366.64,3336193.7,3364906.94,5751
2023-12-23 17:00:00,3377326.58,3385657.06,3372141.46,3378899.26,14535
2023-12-23 18:00:00,3387914.4,3434162.56,3387914.4,3398005.32,6275
2023-12-23 19:00:00,3412095.54,3412095.54,3327151.97,3395890.19,7511
2023-12-23 20:00:00,3329858.44,3329858.44,3316251.83,3322897.62,9072
2023-12-23 21:00:00,3327890.72,3327890.72,3259083.27,3321248.22,16682
2023-12-23 22:00:00,3357230.01,3359317.22,3350469.27,3352612.0,11935
2023-12-23 23:00:00,3373430.02,3412285.89,3321806.86,3362809.22,8252
2023-12-24 00:00:00,3363384.58,3376865.08,3363384.58,3370124.83,10089
2023-12-24 01:00:00,3366932.53,3391967.41,3270940.79,3317281.39,8941
2023-12-24 02:00:00,3302896.39,3302896.39,3287967.11,3296303.78,16530
2023-12-24 03:00:00,3305243.85,3323596.35,3268728.2,3307488.63,10049
2023-12-24 04:00:00,3286094.66,3329361.24,3266863.15,3317898.66,10424
2023-12-24 05:00:00,3337575.96,3356047.47,3317988.12,3349348.77,9964
2023-12-24 06:00:00,3357170.66,3396025.61,3334923.95,3341607.17,8675
2023-12-24 07:00:00,3342856.36,3405945.03,3342856.36,3349555.47,11085
2023-12-24 08:00:00,3348814.93,3352940.13,3324416.09,3346247.63,8573
2023-12-24 09:00:00,3374122.14,3387800.9,3289364.34,3315831.96,11085
2023-12-24 10:00:00,3254266.61,3254266.61,3224199.0,3253654.77,13089
2023-12-24 11:00:00,3258911.48,3275062.57,3258911.48,3268525.52,13623
2023-12-24 12:00:00,3271250.09,3324728.15,3267390.14,3275606.39,6555
2023-12-24 13:00:00,3267528.39,3267528.39,3227267.48,3261006.38,13120
2023-12-24 14:00:00,3256787.86,3280120.39,3214476.6,3220918.44,8434
2023-12-24 15:00:00,3236866.35,3256606.33,3236866.35,3243353.05,8288
2023-12-24 16:00:00,3234144.05,3274272.92,3234144.05,3240625.3,9001
2023-12-24 17:00:00,3253354.34,3300084.05,3253354.34,3259874.09,11270
2023-12-24 18:00:00,3306060.11,3332662.49,3306060.11,3312685.48,10944
2023-12-24 19:00:00,3260688.73,3260688.73,3247672.01,3254180.37,11416
2023-12-24 20:00:00,3245752.71,3245752.71,3232795.61,3239274.16,10852
2023-12-24 21:00:00,3251273.35,3324378.18,3201441.26,3238457.93,14493
2023-12-24 22:00:00,3245225.47,3328071.41,3245225.47,3281745.34,8806
2023-12-24 23:00:00,3246144.5,3246144.5,3197244.86,3239665.17,15686
2023-12-25 00:00:00,3289965.31,3302258.01,3289965.31,3295666.67,10041
2023-12-25 01:00:00,3314363.56,3342826.08,3293587.12,3300187.49,7105
2023-12-25 02:00:00,3304707.49,3304707.49,3271875.42,3298111.27,11046
2023-12-25 03:00:00,3299557.07,3299981.32,3286807.74,3293394.53,13183
2023-12-25 04:00:00,3314251.38,3354854.11,3234270.72,3282627.72,10246
2023-12-25 05:00:00,3308727.7,3319142.39,3308727.7,3312517.35,9997
2023-12-25 06:00:00,3283511.65,3283511.65,3236412.12,3283223.72,14075
2023-12-25 07:00:00,3289109.35,3297084.45,3245573.85,3294225.5,12683
2023-12-25 08:00:00,3260670.41,3294669.22,3226391.06,3284893.43,7915
2023-12-25 09:00:00,3274433.72,3317293.75,3259642.18,3266174.53,9434
2023-12-25 10:00:00,3322687.48,3376216.53,3322687.48,3338248.52,9939
2023-12-25 11:00:00,3327780.76,3376945.76,3324548.14,3347556.99,14608
2023-12-25 12:00:00,3346293.71,3368244.07,3327245.77,3361521.03,13232
2023-12-25 13:00:00,3383903.2,3395689.4,3383903.2,3388911.58,11496
2023-12-25 14:00:00,3379051.39,3426912.99,3255048.54,3343706.32,13526
2023-12-25 15:00:00,3382312.11,3518973.01,3382312.11,3389090.29,9659
2023-12-25 16:00:00,3320338.83,3320338.83,3307083.99,3313711.41,15400
2023-12-25 17:00:00,3299241.6,3299241.6,3250871.48,3292656.28,15283
2023-12-25 18:00:00,3288224.0,3288224.0,3257025.98,3281660.68,9363
2023-12-25 19:00:00,3266928.36,3310577.23,3231361.37,3299426.05,10213
2023-12-25 20:00:00,3295280.07,3312874.09,3250795.08,3306261.56,7813
2023-12-25 21:00:00,3302277.31,3313180.96,3295557.92,3302162.24,8801
2023-12-25 22:00:00,3312702.84,3355040.39,3295975.78,3302580.95,4766
2023-12-25 23:00:00,3283522.7,3283522.7,3244654.97,3276968.76,13854
2023-12-26 00:00:00,3245990.25,3245990.25,3175742.47,3239511.23,10076
2023-12-26 01:00:00,3257524.34,3270580.55,3257524.34,3264052.45,11832
2023-12-26 02:00:00,3279576.46,3315091.83,3279576.46,3286148.76,6959
2023-12-26 03:00:00,3272188.45,3332520.27,3254643.13,3330810.38,17709
2023-12-26 04:00:00,3314767.65,3314767.65,3251623.67,3308151.35,13085
2023-12-26 05:00:00,3327389.24,3334092.68,3327389.24,3327437.8,11043
2023-12-26 06:00:00,3321031.05,3325532.44,3254550.47,3318894.65,12103
2023-12-26 07:00:00,3344224.0,3439137.16,3344224.0,3350925.85,7089
2023-12-26 08:00:00,3355024.42,3379989.84,3350819.12,3376280.73,10133
2023-12-26 09:00:00,3399362.57,3407183.26,3352900.23,3377612.41,12295
2023-12-26 10:00:00,3361994.19,3370446.94,3356992.06,3363719.5,7758
2023-12-26 11:00:00,3379951.48,3393498.38,3379951.48,3386724.93,8364
2023-12-26 12:00:00,3408253.41,3416442.22,3392749.93,3399549.03,6463
2023-12-26 13:00:00,3411872.88,3435773.96,3280655.58,3374493.98,14952
2023-12-26 14:00:00,3360117.25,3392454.22,3327174.8,3333842.49,13001
2023-12-26 15:00:00,3327758.02,3331672.81,3277593.4,3325022.77,8996
2023-12-26 16:00:00,3329407.75,3385678.47,3327673.8,3365858.81,6987
2023-12-26 17:00:00,3379508.44,3405786.89,3372745.22,3394024.01,14270
2023-12-26 18:00:00,3360933.36,3360933.36,3268682.56,3357708.3,14076
2023-12-26 19:00:00,3327252.99,3327252.99,3316354.48,3323000.48,10864
2023-12-26 20:00:00,3314609.05,3372738.32,3301125.54,3357486.61,12062
2023-12-26 21:00:00,3330322.49,3330322.49,3317027.79,3323675.14,9569
2023-12-26 22:00:00,3334774.7,3344059.49,3291476.68,3337384.72,12585
2023-12-26 23:00:00,3336094.64,3416596.17,3316603.57,3319517.06,11790
2023-12-27 00:00:00,3320695.89,3370337.57,3317785.23,3363610.35,12213
2023-12-27 01:00:00,3370519.58,3370519.58,3332819.62,3339498.62,12228
2023-12-27 02:00:00,3342783.07,3390601.52,3308269.09,3369551.23,9880
2023-12-27 03:00:00,3376535.6,3378013.81,3364528.73,3371271.27,11449
2023-12-27 04:00:00,3369661.06,3407391.55,3369661.06,3374767.2,17135
2023-12-27 05:00:00,3332637.82,3332637.82,3205638.67,3316787.47,14695
2023-12-27 06:00:00,3264324.12,3264324.12,3226754.96,3257808.51,9223
2023-12-27 07:00:00,3247180.13,3281683.77,3221076.9,3256823.4,12630
2023-12-27 08:00:00,3261831.78,3381397.06,3261831.78,3268368.51,13116
2023-12-27 09:00:00,3248186.83,3320058.57,3235982.49,3242467.42,11821
2023-12-27 10:00:00,3226030.94,3226030.94,3211961.95,3219591.76,12620
2023-12-27 11:00:00,3235393.57,3248361.08,3235393.57,3241877.33,9445
2023-12-27 12:00:00,3256215.97,3294916.3,3256215.97,3262741.46,9704
2023-12-27 13:00:00,3262581.26,3325625.81,3257045.25,3263572.4,12818
2023-12-27 14:00:00,3282237.36,3295392.62,3282237.36,3288814.99,10885
2023-12-27 15:00:00,3266495.44,3266495.44,3203508.68,3259975.49,8128
2023-12-27 16:00:00,3277152.17,3306244.37,3186589.34,3255292.86,10492
2023-12-27 17:00:00,3276372.58,3310789.34,3276372.58,3304180.97,12049
2023-12-27 18:00:00,3299895.32,3314245.09,3259639.05,3307629.83,10024
2023-12-27 19:00:00,3305808.15,3350850.39,3305808.15,3312433.01,10842
2023-12-27 20:00:00,3355531.25,3392687.87,3355531.25,3375856.49,5403
2023-12-27 21:00:00,3380974.42,3380974.42,3326963.54,3333630.8,8389
2023-12-27 22:00:00,3310086.95,3387934.42,3268106.13,3354862.19,9943
2023-12-27 23:00:00,3391667.01,3405260.87,3391667.01,3398463.94,14844
2023-12-28 00:00:00,3381040.72,3418559.62,3377358.91,3384127.17,15287
2023-12-28 01:00:00,3390462.89,3465021.4,3337104.41,3403677.92,8652
2023-12-28 02:00:00,3404938.53,3455689.04,3321210.72,3370761.41,11104
2023-12-28 03:00:00,3356734.02,3356734.02,3342133.99,3348831.65,6190
2023-12-28 04:00:00,3360007.26,3387739.98,3347505.03,3358036.51,10690
2023-12-28 05:00:00,3352638.04,3384721.91,3325776.63,3377965.98,10009
2023-12-28 06:00:00,3401016.86,3423633.72,3371960.24,3405493.02,11819
2023-12-28 07:00:00,3427666.91,3490178.38,3427666.91,3443731.11,13339
2023-12-28 08:00:00,3440332.27,3440332.27,3339821.81,3433465.34,8051
2023-12-28 09:00:00,3452442.72,3466280.17,3452442.72,3459361.45,6245
2023-12-28 10:00:00,3476759.88,3500758.3,3427371.41,3440098.75,12702
2023-12-28 11:00:00,3453912.45,3495079.38,3453912.45,3457504.04,14127
2023-12-28 12:00:00,3464322.25,3498146.29,3419249.65,3454025.73,8427
2023-12-28 13:00:00,3450632.74,3464462.93,3450632.74,3457547.84,10557
2023-12-28 14:00:00,3467501.2,3486320.05,3435686.74,3460157.01,8857
2023-12-28 15:00:00,3454034.65,3454034.65,3400424.29,3405299.48,8175
2023-12-28 16:00:00,3369434.14,3369434.14,3366583.32,3368812.54,9088
2023-12-28 17:00:00,3373315.47,3420588.84,3328555.52,3369213.36,8641
2023-12-28 18:00:00,3373063.79,3391795.87,3313668.89,3320309.51,9183
2023-12-28 19:00:00,3337360.72,3350736.92,3337360.72,3344048.82,13065
2023-12-28 20:00:00,3362980.54,3374098.8,3362980.54,3367364.07,7679
2023-12-28 21:00:00,3356247.0,3388985.28,3334588.35,3374144.76,8755
2023-12-28 22:00:00,3347234.88,3347234.88,3333872.67,3340553.77,7836
2023-12-28 23:00:00,3371280.6,3421122.47,3371280.6,3378036.68,15231
2023-12-29 00:00:00,3427397.03,3449493.96,3427397.03,3431283.74,15301
2023-12-29 01:00:00,3425889.65,3434876.15,3405608.37,3428382.68,12148
2023-12-29 02:00:00,3433439.75,3449686.63,3433439.75,3435934.17,9456
2023-12-29 03:00:00,3427464.96,3438534.55,3427464.96,3434333.63,11553
2023-12-29 04:00:00,3433351.7,3497344.46,3355805.48,3442071.85,13596
2023-12-29 05:00:00,3429240.11,3437849.78,3424125.83,3430987.8,10125
2023-12-29 06:00:00,3434490.66,3485976.47,3416378.65,3423225.1,6925
2023-12-29 07:00:00,3419199.57,3449216.37,3357106.35,3442331.7,13808
2023-12-29 08:00:00,3481315.05,3507516.01,3481315.05,3500514.98,17599
2023-12-29 09:00:00,3474975.93,3474975.93,3441238.56,3448134.83,13049
2023-12-29 10:00:00,3440808.42,3491975.14,3428361.22,3437092.71,7594
2023-12-29 11:00:00,3406527.3,3478595.54,3389924.95,3396718.39,9426
2023-12-29 12:00:00,3429893.36,3464236.98,3429893.36,3436766.89,11478
2023-12-29 13:00:00,3419891.12,3419891.12,3353803.34,3413064.99,7562
2023-12-29 14:00:00,3406375.2,3416815.06,3292944.13,3367483.42,12549
2023-12-29 15:00:00,3380756.95,3422451.22,3376435.18,3383201.59,9203
2023-12-29 16:00:00,3421498.2,3495923.16,3421498.2,3428354.91,11264
2023-12-29 17:00:00,3415441.62,3471048.92,3388784.66,3440438.54,8812
2023-12-29 18:00:00,3436364.02,3470289.79,3404144.88,3438750.26,9818
2023-12-29 19:00:00,3436022.01,3511815.75,3436022.01,3442907.83,10595
2023-12-29 20:00:00,3455135.74,3482032.6,3455135.74,3475082.43,14422
2023-12-29 21:00:00,3447015.17,3447015.17,3438231.13,3440134.9,9450
2023-12-29 22:00:00,3434346.68,3436518.33,3388283.46,3429659.01,12561
2023-12-29 23:00:00,3413786.95,3417266.55,3396157.03,3410445.66,8716
2023-12-30 00:00:00,3392286.05,3392286.05,3295285.45,3372884.3,8609
2023-12-30 01:00:00,3355001.25,3442930.02,3355001.25,3361724.7,10977
2023-12-30 02:00:00,3384187.25,3397751.13,3384187.25,3390969.19,12478
2023-12-30 03:00:00,3402807.44,3404234.91,3335986.93,3403243.57,11659
2023-12-30 04:00:00,3407260.89,3474541.42,3400706.84,3416814.93,9418
2023-12-30 05:00:00,3421164.8,3429370.14,3343241.76,3415563.82,11307
2023-12-30 06:00:00,3427484.99,3431774.93,3418075.23,3424925.08,15277
2023-12-30 07:00:00,3403427.96,3403427.96,3389841.42,3396634.69,9090
2023-12-30 08:00:00,3397581.79,3451134.99,3344698.05,3384331.57,6072
2023-12-30 09:00:00,3393663.79,3393663.79,3313596.02,3386890.01,8003
2023-12-30 10:00:00,3384849.84,3398416.37,3384849.84,3391633.1,14498
2023-12-30 11:00:00,3398691.25,3483444.3,3296513.6,3397276.67,5400
2023-12-30 12:00:00,3384452.66,3396569.67,3383010.51,3389790.09,10899
2023-12-30 13:00:00,3387670.19,3387670.19,3299382.11,3376282.91,11122
2023-12-30 14:00:00,3424056.93,3473355.38,3424056.93,3461358.58,7152
2023-12-30 15:00:00,3475621.49,3485367.11,3471453.47,3478410.29,8701
2023-12-30 16:00:00,3484174.77,3509766.2,3478358.32,3480239.39,8171
2023-12-30 17:00:00,3467714.22,3467714.22,3451547.0,3463526.7,7222
2023-12-30 18:00:00,3448890.55,3448890.55,3435122.53,3442006.54,11906
2023-12-30 19:00:00,3454383.98,3468048.64,3424450.35,3431312.97,13044
2023-12-30 20:00:00,3446029.53,3490064.46,3429927.79,3433331.26,17965
2023-12-30 21:00:00,3392339.23,3392339.23,3367534.91,3374283.48,9770
2023-12-30 22:00:00,3353378.11,3353378.11,3303754.85,3329293.22,11476
2023-12-30 23:00:00,3334888.6,3383994.12,3269300.93,3313588.73,8608
2023-12-31 00:00:00,3335822.4,3362508.24,3315360.89,3322004.9,8983
2023-12-31 01:00:00,3330756.89,3333495.87,3311111.98,3317747.48,4833
2023-12-31 02:00:00,3353653.76,3367095.25,3353653.76,3360374.51,12884
2023-12-31 03:00:00,3368450.47,3370670.93,3300745.95,3319206.99,16609
2023-12-31 04:00:00,3316749.01,3351685.51,3260995.84,3301431.0,10315
2023-12-31 05:00:00,3339668.95,3353054.4,3339668.95,3346361.67,9797
2023-12-31 06:00:00,3341856.02,3403818.83,3322484.65,3350670.21,11213
2023-12-31 07:00:00,3368543.73,3382044.9,3368543.73,3375294.32,5073
2023-12-31 08:00:00,3405458.37,3475463.21,3405458.37,3430469.31,11632
2023-12-31 09:00:00,3432845.03,3432845.03,3364138.28,3405489.78,13466
2023-12-31 10:00:00,3407618.46,3489866.98,3370222.83,3399127.68,10858
2023-12-31 11:00:00,3395268.28,3395268.28,3381714.31,3388491.3,11660
2023-12-31 12:00:00,3338879.13,3338879.13,3313847.98,3332214.7,8062
2023-12-31 13:00:00,3333242.51,3333242.51,3319165.62,3325817.25,14996
2023-12-31 14:00:00,3345642.83,3359052.22,3345642.83,3352347.52,9641
2023-12-31 15:00:00,3361122.3,3374593.73,3361122.3,3367858.02,10255
2023-12-31 16:00:00,3375018.85,3391857.67,3362517.1,3384483.59,8312
2023-12-31 17:00:00,3386008.51,3404819.72,3365704.64,3372449.54,9282
2023-12-31 18:00:00,3360685.72,3360685.72,3346948.62,3353655.93,8416
2023-12-31 19:00:00,3350524.59,3432173.79,3350048.18,3389118.96,11328
2023-12-31 20:00:00,3380200.22,3380200.22,3291016.46,3373453.31,5232
2023-12-31 21:00:00,3379109.91,3387644.24,3374120.71,3380882.48,9562
2023-12-31 22:00:00,3388678.61,3390962.89,3356538.22,3384194.5,9674
2023-12-31 23:00:00,3378311.12,3430015.99,3376754.47,3423169.65,11905
2024-01-01 00:00:00,3441614.46,3460639.68,3384096.99,3445977.95,8052
