time,open,high,low,close,volume
2023-01-01 00:00:00,3000.0,3006.0,2994.0,3000.0,5411
2023-01-01 01:00:00,3015.04,3070.1,2984.7,2995.72,11510
2023-01-01 02:00:00,3009.47,3040.2,3009.47,3015.5,9151
2023-01-01 03:00:00,3015.42,3119.08,3003.35,3062.35,13850
2023-01-01 04:00:00,3056.33,3109.72,3048.85,3054.96,13116
2023-01-01 05:00:00,3053.67,3053.73,3041.54,3047.64,6363
2023-01-01 06:00:00,3089.5,3102.96,3089.5,3096.76,18268
2023-01-01 07:00:00,3113.47,3127.23,3113.47,3120.99,8730
2023-01-01 08:00:00,3130.15,3193.79,3043.75,3106.01,11684
2023-01-01 09:00:00,3116.96,3131.44,3116.96,3123.21,16600
2023-01-01 10:00:00,3161.05,3207.55,3101.35,3108.47,9609
2023-01-01 11:00:00,3101.34,3121.61,3087.55,3093.74,6687
2023-01-01 12:00:00,3095.27,3107.68,3095.27,3101.47,9552
2023-01-01 13:00:00,3047.13,3047.13,3034.97,3041.05,8715
2023-01-01 14:00:00,3010.07,3010.07,2931.04,2987.69,15796
2023-01-01 15:00:00,2990.9,2998.76,2967.67,2970.76,9197
2023-01-01 16:00:00,2973.9,3037.2,2895.7,2940.34,10935
2023-01-01 17:00:00,2944.23,3003.62,2944.23,2950.13,11020
2023-01-01 18:00:00,2926.69,2946.32,2814.75,2923.14,8390
2023-01-01 19:00:00,2887.14,2887.14,2820.9,2881.38,10106
2023-01-01 20:00:00,2880.74,2930.78,2861.04,2924.93,4896
2023-01-01 21:00:00,2920.26,2920.26,2912.65,2918.64,6272
2023-01-01 22:00:00,2906.78,2939.71,2866.7,2921.09,12708
2023-01-01 23:00:00,2909.16,2974.65,2872.61,2879.03,11130
2023-01-02 00:00:00,2912.43,2912.43,2857.77,2863.5,8746
2023-01-02 01:00:00,2884.78,2886.7,2861.52,2867.25,5740
2023-01-02 02:00:00,2842.44,2842.44,2828.41,2834.08,12532
2023-01-02 03:00:00,2851.2,2851.2,2793.9,2845.51,12567
2023-01-02 04:00:00,2834.28,2834.28,2811.51,2828.62,11889
2023-01-02 05:00:00,2805.24,2826.35,2786.26,2820.71,14037
2023-01-02 06:00:00,2809.52,2809.52,2798.3,2803.91,10788
2023-01-02 07:00:00,2857.2,2861.19,2857.2,2857.46,14539
2023-01-02 08:00:00,2872.43,2879.47,2825.67,2857.58,14839
2023-01-02 09:00:00,2832.87,2832.87,2821.56,2827.22,10995
2023-01-02 10:00:00,2840.71,2903.03,2818.62,2851.42,9099
2023-01-02 11:00:00,2821.98,2821.98,2765.75,2816.35,7605
2023-01-02 12:00:00,2835.12,2899.51,2817.22,2822.86,10605
2023-01-02 13:00:00,2785.96,2785.96,2709.12,2766.96,11589
2023-01-02 14:00:00,2758.58,2761.52,2724.63,2730.1,10125
2023-01-02 15:00:00,2727.53,2757.85,2689.63,2736.24,11778
2023-01-02 16:00:00,2751.98,2763.01,2751.98,2757.49,14145
2023-01-02 17:00:00,2744.75,2798.65,2731.09,2762.96,5535
2023-01-02 18:00:00,2762.18,2765.88,2754.84,2760.36,14221
2023-01-02 19:00:00,2750.46,2758.08,2747.07,2752.57,7513
2023-01-02 20:00:00,2715.47,2715.47,2676.5,2711.69,9533
2023-01-02 21:00:00,2704.81,2704.81,2687.05,2692.43,14749
2023-01-02 22:00:00,2675.89,2717.47,2675.11,2680.47,10549
2023-01-02 23:00:00,2704.69,2742.5,2704.69,2710.11,14653
2023-01-03 00:00:00,2715.93,2725.79,2698.87,2720.35,14281
2023-01-03 01:00:00,2674.34,2674.34,2660.82,2672.14,7162
2023-01-03 02:00:00,2646.51,2754.48,2638.37,2681.78,10698
2023-01-03 03:00:00,2691.85,2748.13,2666.7,2672.04,10497
2023-01-03 04:00:00,2641.85,2656.31,2584.94,2654.42,10858
2023-01-03 05:00:00,2666.51,2732.48,2666.51,2671.86,16243
2023-01-03 06:00:00,2687.77,2722.26,2687.77,2700.84,18789
2023-01-03 07:00:00,2685.02,2757.09,2680.58,2727.37,15711
2023-01-03 08:00:00,2699.45,2710.27,2699.45,2704.86,15476
2023-01-03 09:00:00,2702.49,2725.01,2693.93,2697.22,17805
2023-01-03 10:00:00,2674.04,2744.09,2662.46,2707.26,11201
2023-01-03 11:00:00,2706.51,2743.3,2664.58,2735.14,8863
2023-01-03 12:00:00,2731.28,2731.28,2717.28,2722.73,13340
2023-01-03 13:00:00,2723.59,2724.0,2713.12,2718.56,6767
2023-01-03 14:00:00,2712.98,2712.98,2683.47,2688.85,6474
2023-01-03 15:00:00,2666.23,2666.23,2600.71,2657.06,11906
2023-01-03 16:00:00,2658.76,2681.29,2658.76,2680.12,10427
2023-01-03 17:00:00,2695.38,2723.65,2653.48,2718.21,9285
2023-01-03 18:00:00,2722.59,2732.17,2711.78,2717.21,7101
2023-01-03 19:00:00,2722.59,2751.56,2713.58,2746.07,8384
2023-01-03 20:00:00,2751.67,2762.7,2751.67,2757.19,8053
2023-01-03 21:00:00,2747.46,2826.18,2729.96,2740.01,14391
2023-01-03 22:00:00,2742.65,2761.64,2728.48,2751.1,8334
2023-01-03 23:00:00,2782.12,2800.86,2782.12,2795.27,10269
2023-01-04 00:00:00,2811.03,2818.48,2789.64,2795.23,9102
2023-01-04 01:00:00,2835.21,2870.69,2835.21,2840.89,8747
2023-01-04 02:00:00,2771.47,2771.47,2760.4,2765.94,9320
2023-01-04 03:00:00,2753.81,2795.76,2725.88,2790.18,14813
2023-01-04 04:00:00,2800.36,2830.88,2762.07,2793.66,13207
2023-01-04 05:00:00,2787.84,2787.84,2719.98,2786.19,9739
2023-01-04 06:00:00,2790.09,2795.47,2784.31,2789.89,11432
2023-01-04 07:00:00,2754.01,2754.01,2728.9,2734.37,11002
2023-01-04 08:00:00,2734.83,2734.83,2697.26,2729.37,5470
2023-01-04 09:00:00,2719.14,2784.73,2706.74,2740.47,11240
2023-01-04 10:00:00,2740.54,2788.52,2740.54,2782.95,10081
2023-01-04 11:00:00,2774.92,2774.92,2763.84,2769.38,5506
2023-01-04 12:00:00,2776.9,2778.35,2742.18,2747.67,8640
2023-01-04 13:00:00,2740.23,2740.23,2695.86,2734.76,7025
2023-01-04 14:00:00,2732.03,2765.02,2690.96,2761.49,7246
2023-01-04 15:00:00,2765.51,2788.84,2735.36,2771.92,13993
2023-01-04 16:00:00,2760.36,2832.16,2645.26,2758.13,9167
2023-01-04 17:00:00,2744.58,2801.31,2696.84,2773.83,10952
2023-01-04 18:00:00,2779.99,2789.69,2772.27,2777.82,11112
2023-01-04 19:00:00,2800.42,2823.06,2800.42,2806.49,5163
2023-01-04 20:00:00,2791.35,2860.47,2686.99,2787.53,9406
2023-01-04 21:00:00,2787.14,2815.75,2646.16,2779.37,12860
2023-01-04 22:00:00,2775.19,2819.03,2732.13,2769.41,8398
2023-01-04 23:00:00,2734.69,2734.69,2678.8,2729.23,11505
2023-01-05 00:00:00,2733.22,2752.32,2733.22,2738.7,12476
2023-01-05 01:00:00,2727.0,2791.6,2667.16,2747.17,9674
2023-01-05 02:00:00,2755.77,2755.77,2712.58,2748.46,18352
2023-01-05 03:00:00,2758.92,2758.92,2738.27,2743.03,5878
2023-01-05 04:00:00,2713.85,2713.85,2699.18,2704.58,7039
2023-01-05 05:00:00,2692.3,2694.74,2683.63,2694.17,18819
2023-01-05 06:00:00,2691.28,2691.28,2631.37,2685.91,13261
2023-01-05 07:00:00,2673.8,2673.8,2659.78,2665.11,15879
2023-01-05 08:00:00,2669.97,2692.38,2656.64,2661.97,12999
2023-01-05 09:00:00,2679.56,2679.56,2646.48,2674.21,16126
2023-01-05 10:00:00,2721.49,2732.4,2721.49,2726.94,8194
2023-01-05 11:00:00,2733.1,2752.92,2727.58,2733.04,9086
2023-01-05 12:00:00,2738.67,2770.83,2718.41,2741.44,15280
2023-01-05 13:00:00,2735.12,2746.08,2735.12,2740.6,14600
2023-01-05 14:00:00,2693.57,2693.57,2631.03,2688.19,11265
2023-01-05 15:00:00,2685.67,2694.09,2630.11,2688.71,7007
2023-01-05 16:00:00,2688.21,2697.0,2688.21,2691.61,11437
2023-01-05 17:00:00,2746.12,2830.54,2746.12,2760.56,18801
2023-01-05 18:00:00,2761.89,2761.89,2750.87,2756.38,13050
2023-01-05 19:00:00,2760.58,2828.01,2760.58,2766.11,14026
2023-01-05 20:00:00,2766.73,2821.66,2760.83,2766.36,8071
2023-01-05 21:00:00,2750.67,2750.67,2729.14,2734.61,9047
2023-01-05 22:00:00,2748.08,2789.16,2705.13,2767.77,8188
2023-01-05 23:00:00,2782.04,2831.44,2733.73,2790.2,11175
2023-01-06 00:00:00,2808.29,2819.54,2808.29,2813.91,12647
2023-01-06 01:00:00,2794.59,2794.59,2708.64,2789.01,8876
2023-01-06 02:00:00,2824.51,2896.74,2824.51,2830.17,16587
2023-01-06 03:00:00,2796.52,2796.52,2774.68,2790.94,8257
2023-01-06 04:00:00,2799.92,2814.58,2799.92,2808.97,10057
2023-01-06 05:00:00,2842.51,2972.89,2842.51,2873.08,13831
2023-01-06 06:00:00,2865.84,2865.84,2839.65,2845.34,9661
2023-01-06 07:00:00,2824.55,2835.87,2824.55,2830.21,13516
2023-01-06 08:00:00,2828.76,2840.1,2828.76,2834.43,6979
2023-01-06 09:00:00,2828.22,2854.17,2815.55,2821.2,12567
2023-01-06 10:00:00,2783.47,2783.47,2714.55,2777.91,9444
2023-01-06 11:00:00,2765.09,2786.79,2743.73,2781.23,9792
2023-01-06 12:00:00,2757.93,2757.93,2751.56,2752.43,15186
2023-01-06 13:00:00,2768.46,2793.0,2761.55,2767.08,8921
2023-01-06 14:00:00,2748.01,2748.01,2737.04,2742.52,10530
2023-01-06 15:00:00,2754.13,2792.92,2753.2,2787.35,14246
2023-01-06 16:00:00,2795.28,2807.34,2760.98,2766.51,10937
2023-01-06 17:00:00,2759.87,2759.87,2753.34,2758.85,11194
2023-01-06 18:00:00,2755.6,2788.8,2747.35,2783.23,8250
2023-01-06 19:00:00,2784.61,2790.89,2685.88,2749.73,11057
2023-01-06 20:00:00,2753.25,2763.13,2731.1,2757.61,11462
2023-01-06 21:00:00,2790.29,2801.47,2790.29,2795.88,10141
2023-01-06 22:00:00,2770.13,2770.13,2745.99,2751.49,8931
2023-01-06 23:00:00,2763.69,2763.69,2736.15,2758.17,11993
2023-01-07 00:00:00,2763.31,2772.51,2733.75,2766.97,7669
2023-01-07 01:00:00,2784.98,2796.14,2784.98,2790.56,13449
2023-01-07 02:00:00,2778.15,2816.99,2718.21,2756.81,9558
2023-01-07 03:00:00,2726.61,2726.61,2717.94,2721.17,11253
2023-01-07 04:00:00,2731.74,2802.79,2731.74,2737.22,5599
2023-01-07 05:00:00,2741.56,2773.56,2741.56,2747.05,12420
2023-01-07 06:00:00,2757.28,2757.28,2712.21,2755.6,16752
2023-01-07 07:00:00,2743.16,2807.34,2743.16,2766.87,10894
2023-01-07 08:00:00,2762.85,2793.46,2724.99,2749.2,23892
2023-01-07 09:00:00,2751.76,2810.16,2751.76,2757.27,8169
2023-01-07 10:00:00,2778.5,2778.5,2717.24,2767.1,15579
2023-01-07 11:00:00,2754.05,2754.05,2743.06,2748.55,21962
2023-01-07 12:00:00,2796.92,2817.02,2796.92,2802.53,14818
2023-01-07 13:00:00,2809.73,2847.7,2803.24,2817.66,7938
2023-01-07 14:00:00,2792.57,2799.72,2730.31,2785.01,10289
2023-01-07 15:00:00,2799.74,2866.89,2799.74,2805.35,17058
2023-01-07 16:00:00,2774.75,2784.7,2690.86,2779.14,7071
2023-01-07 17:00:00,2785.55,2845.9,2768.05,2803.15,16904
2023-01-07 18:00:00,2832.31,2843.66,2832.31,2837.99,7801
2023-01-07 19:00:00,2832.54,2881.51,2795.27,2815.87,19396
2023-01-07 20:00:00,2839.56,2876.09,2839.56,2845.25,8309
2023-01-07 21:00:00,2837.5,2921.06,2828.79,2858.89,9563
2023-01-07 22:00:00,2878.76,2890.3,2878.76,2884.53,8716
2023-01-07 23:00:00,2921.03,2980.59,2921.03,2942.0,10511
2023-01-08 00:00:00,2936.65,2965.47,2930.37,2936.25,12902
2023-01-08 01:00:00,2914.69,2921.11,2877.89,2915.28,13444
2023-01-08 02:00:00,2899.67,2899.67,2884.68,2890.46,8803
2023-01-08 03:00:00,2873.8,2873.8,2862.46,2868.07,9333
2023-01-08 04:00:00,2884.13,2939.46,2751.93,2867.47,13044
2023-01-08 05:00:00,2885.88,2907.51,2726.44,2879.15,7435
2023-01-08 06:00:00,2885.01,2894.76,2872.92,2888.98,12197
2023-01-08 07:00:00,2909.22,2962.83,2909.22,2915.05,11442
2023-01-08 08:00:00,2923.02,2923.02,2875.57,2917.18,12983
2023-01-08 09:00:00,2930.49,3003.28,2930.49,2962.23,7440
2023-01-08 10:00:00,2987.17,3012.63,2935.56,2955.99,6666
2023-01-08 11:00:00,3014.27,3129.4,3014.27,3039.88,11052
2023-01-08 12:00:00,3048.64,3067.26,3048.64,3061.14,8269
2023-01-08 13:00:00,3049.38,3067.5,2986.05,3036.22,6767
2023-01-08 14:00:00,3010.93,3010.93,2998.91,3004.92,8109
2023-01-08 15:00:00,3038.4,3039.45,2995.73,3021.6,9787
2023-01-08 16:00:00,3035.57,3040.81,3010.56,3016.59,11060
2023-01-08 17:00:00,3034.38,3042.24,3034.38,3040.46,8846
2023-01-08 18:00:00,3052.96,3063.17,2968.7,3057.05,4977
2023-01-08 19:00:00,3065.6,3065.6,3038.13,3056.7,5856
2023-01-08 20:00:00,3038.29,3038.29,3016.94,3032.23,8564
2023-01-08 21:00:00,2992.66,2992.66,2921.92,2987.32,5027
2023-01-08 22:00:00,2983.45,2983.45,2939.95,2975.68,17152
2023-01-08 23:00:00,2997.64,3009.65,2997.64,3003.64,7558
2023-01-09 00:00:00,3006.13,3100.07,3006.13,3012.15,12412
2023-01-09 01:00:00,2992.17,2996.96,2963.78,2975.8,9472
2023-01-09 02:00:00,2989.22,3019.89,2968.61,2983.06,11335
2023-01-09 03:00:00,2980.71,3002.76,2928.48,2996.76,8774
2023-01-09 04:00:00,2987.54,2995.61,2930.78,2971.7,14078
2023-01-09 05:00:00,2971.97,2993.94,2938.06,2978.39,15287
2023-01-09 06:00:00,2976.22,3004.27,2976.22,2982.18,13742
2023-01-09 07:00:00,2964.56,3060.85,2905.58,2949.44,10809
2023-01-09 08:00:00,2949.33,3010.07,2949.33,2962.28,9891
2023-01-09 09:00:00,2971.27,3017.01,2954.17,2981.32,14422
2023-01-09 10:00:00,3006.04,3036.27,3006.04,3016.35,7867
2023-01-09 11:00:00,3029.55,3057.0,3029.55,3050.9,8135
2023-01-09 12:00:00,3045.5,3101.74,3004.04,3010.06,10877
2023-01-09 13:00:00,2983.87,2983.87,2977.36,2983.32,5872
2023-01-09 14:00:00,3009.55,3031.54,2933.28,3001.11,11571
2023-01-09 15:00:00,2998.99,3025.01,2998.99,3018.97,12096
2023-01-09 16:00:00,3046.73,3093.6,2975.6,3037.02,16446
2023-01-09 17:00:00,3152.59,3164.94,3152.59,3158.62,14613
2023-01-09 18:00:00,3185.57,3185.57,3172.86,3179.22,10423
2023-01-09 19:00:00,3216.91,3224.68,3216.91,3218.24,8561
2023-01-09 20:00:00,3207.53,3283.09,3180.85,3251.8,13420
2023-01-09 21:00:00,3269.11,3282.21,3269.11,3275.66,6008
2023-01-09 22:00:00,3273.88,3273.88,3260.81,3267.34,10275
2023-01-09 23:00:00,3288.31,3301.49,3288.31,3294.9,10531
2023-01-10 00:00:00,3277.7,3277.7,3265.4,3271.16,7934
2023-01-10 01:00:00,3283.42,3283.42,3263.51,3265.54,6345
2023-01-10 02:00:00,3257.71,3257.71,3204.83,3251.67,12654
2023-01-10 03:00:00,3266.06,3291.27,3212.54,3256.69,6409
2023-01-10 04:00:00,3262.14,3342.67,3262.14,3336.0,13631
2023-01-10 05:00:00,3281.31,3281.31,3268.22,3274.76,6310
2023-01-10 06:00:00,3293.51,3315.01,3293.51,3300.11,14045
2023-01-10 07:00:00,3254.7,3254.7,3218.28,3248.2,16908
2023-01-10 08:00:00,3240.61,3275.78,3228.58,3235.05,8115
2023-01-10 09:00:00,3266.94,3276.3,3266.94,3273.49,10484
2023-01-10 10:00:00,3270.22,3292.7,3270.22,3278.11,9712
2023-01-10 11:00:00,3245.55,3245.55,3234.48,3244.58,16983
2023-01-10 12:00:00,3229.88,3229.88,3194.81,3223.44,10682
2023-01-10 13:00:00,3241.91,3254.91,3241.91,3248.41,4734
2023-01-10 14:00:00,3255.89,3260.33,3194.89,3226.84,7982
2023-01-10 15:00:00,3236.01,3304.42,3230.16,3236.63,12698
2023-01-10 16:00:00,3247.24,3247.24,3200.91,3240.75,8022
2023-01-10 17:00:00,3248.89,3301.36,3196.53,3221.83,19553
2023-01-10 18:00:00,3288.49,3301.57,3288.49,3294.98,13433
2023-01-10 19:00:00,3291.14,3325.61,3283.29,3318.97,16092
2023-01-10 20:00:00,3259.62,3259.62,3247.17,3253.11,12480
2023-01-10 21:00:00,3237.36,3279.45,3203.17,3262.05,5699
2023-01-10 22:00:00,3249.29,3249.29,3236.32,3242.81,12406
2023-01-10 23:00:00,3257.81,3310.91,3257.81,3273.85,11164
2023-01-11 00:00:00,3295.83,3347.96,3235.69,3250.24,13897
2023-01-11 01:00:00,3265.34,3294.93,3141.55,3249.34,9860
2023-01-11 02:00:00,3249.25,3275.48,3186.42,3268.94,10407
2023-01-11 03:00:00,3276.89,3307.28,3217.84,3300.68,13460
2023-01-11 04:00:00,3282.18,3282.18,3256.55,3263.08,10124
2023-01-11 05:00:00,3261.29,3261.29,3168.84,3254.78,14181
2023-01-11 06:00:00,3248.38,3248.38,3239.74,3241.9,9302
2023-01-11 07:00:00,3229.64,3229.64,3216.75,3223.2,11395
2023-01-11 08:00:00,3266.65,3288.16,3266.65,3284.24,11801
2023-01-11 09:00:00,3289.91,3314.31,3289.12,3300.8,8833
2023-01-11 10:00:00,3294.01,3311.25,3198.87,3261.28,12608
2023-01-11 11:00:00,3262.31,3301.31,3207.1,3294.72,6309
2023-01-11 12:00:00,3362.25,3375.73,3362.25,3368.99,14852
2023-01-11 13:00:00,3392.36,3414.2,3392.36,3407.38,7194
2023-01-11 14:00:00,3379.96,3419.44,3350.69,3357.41,10217
2023-01-11 15:00:00,3332.56,3373.03,3304.02,3343.65,11052
2023-01-11 16:00:00,3369.88,3512.31,3359.86,3389.71,8214
2023-01-11 17:00:00,3389.04,3389.04,3361.31,3368.05,9428
2023-01-11 18:00:00,3379.39,3433.21,3379.39,3386.17,8651
2023-01-11 19:00:00,3408.99,3416.34,3408.99,3415.82,8450
2023-01-11 20:00:00,3393.21,3393.21,3283.53,3386.44,12291
2023-01-11 21:00:00,3376.39,3394.09,3376.39,3387.31,10575
2023-01-11 22:00:00,3311.74,3311.74,3242.08,3278.23,8172
2023-01-11 23:00:00,3270.51,3270.51,3240.47,3246.96,9790
2023-01-12 00:00:00,3244.2,3248.12,3235.16,3241.64,11795
2023-01-12 01:00:00,3238.44,3245.34,3163.61,3203.41,15730
2023-01-12 02:00:00,3253.36,3266.4,3253.36,3259.88,7090
2023-01-12 03:00:00,3228.74,3231.45,3208.99,3215.42,9783
2023-01-12 04:00:00,3221.56,3236.6,3196.1,3204.1,8280
2023-01-12 05:00:00,3194.72,3217.93,3194.72,3211.5,10126
2023-01-12 06:00:00,3229.09,3268.4,3229.09,3261.88,6085
2023-01-12 07:00:00,3223.67,3223.67,3210.8,3217.24,14852
2023-01-12 08:00:00,3219.32,3271.02,3219.32,3258.57,11063
2023-01-12 09:00:00,3257.25,3342.96,3233.23,3262.06,13640
2023-01-12 10:00:00,3258.78,3258.78,3146.62,3232.55,16374
2023-01-12 11:00:00,3238.83,3258.94,3107.55,3250.99,9598
2023-01-12 12:00:00,3266.84,3267.36,3168.92,3260.84,8101
2023-01-12 13:00:00,3250.34,3250.64,3232.68,3244.15,10402
2023-01-12 14:00:00,3235.86,3256.26,3181.52,3249.76,11665
2023-01-12 15:00:00,3252.06,3252.06,3226.6,3240.3,12677
2023-01-12 16:00:00,3243.87,3298.66,3229.57,3247.4,8834
2023-01-12 17:00:00,3257.47,3320.7,3257.47,3272.71,10739
2023-01-12 18:00:00,3322.35,3338.09,3322.35,3329.01,8246
2023-01-12 19:00:00,3324.16,3334.4,3251.03,3290.27,7586
2023-01-12 20:00:00,3358.46,3400.1,3358.46,3365.19,12515
2023-01-12 21:00:00,3308.09,3308.09,3256.57,3301.48,7105
2023-01-12 22:00:00,3306.32,3306.32,3274.59,3299.73,14837
2023-01-12 23:00:00,3316.26,3329.55,3316.26,3322.9,14557
2023-01-13 00:00:00,3324.07,3342.51,3235.84,3335.84,7508
2023-01-13 01:00:00,3324.7,3324.7,3293.12,3318.07,10537
2023-01-13 02:00:00,3324.63,3359.33,3286.2,3314.43,10198
2023-01-13 03:00:00,3313.12,3357.4,3281.93,3301.17,9098
2023-01-13 04:00:00,3286.6,3286.6,3236.28,3284.74,12656
2023-01-13 05:00:00,3301.42,3323.24,3290.78,3316.61,9202
2023-01-13 06:00:00,3299.17,3383.48,3292.52,3332.06,6506
2023-01-13 07:00:00,3344.51,3387.02,3245.46,3311.87,7769
2023-01-13 08:00:00,3338.98,3421.82,3338.98,3345.67,7294
2023-01-13 09:00:00,3358.67,3408.55,3352.79,3359.51,8429
2023-01-13 10:00:00,3386.62,3502.05,3386.62,3390.79,9325
2023-01-13 11:00:00,3409.15,3422.82,3409.15,3415.98,11708
2023-01-13 12:00:00,3383.36,3397.28,3349.03,3390.5,12091
2023-01-13 13:00:00,3364.31,3450.45,3318.08,3374.57,12919
2023-01-13 14:00:00,3396.94,3410.55,3396.94,3403.75,7254
2023-01-13 15:00:00,3391.71,3451.48,3364.74,3428.42,11722
2023-01-13 16:00:00,3429.16,3438.01,3424.29,3431.15,6804
2023-01-13 17:00:00,3441.46,3445.58,3431.83,3438.71,15220
2023-01-13 18:00:00,3480.06,3494.0,3480.06,3487.03,12442
2023-01-13 19:00:00,3485.04,3538.59,3421.78,3469.52,8512
2023-01-13 20:00:00,3485.49,3500.19,3485.49,3492.47,14088
2023-01-13 21:00:00,3495.87,3495.87,3462.34,3488.89,11144
2023-01-13 22:00:00,3470.68,3512.97,3412.6,3484.76,13531
2023-01-13 23:00:00,3501.56,3534.48,3490.66,3527.43,7567
2023-01-14 00:00:00,3552.4,3585.85,3552.4,3560.79,8660
2023-01-14 01:00:00,3569.38,3601.27,3525.16,3594.08,8466
2023-01-14 02:00:00,3622.54,3709.67,3622.54,3645.76,9609
2023-01-14 03:00:00,3643.02,3657.63,3643.02,3650.33,9297
2023-01-14 04:00:00,3680.67,3768.44,3672.13,3679.49,14612
2023-01-14 05:00:00,3678.91,3678.91,3664.23,3671.57,15996
2023-01-14 06:00:00,3680.03,3753.12,3680.03,3687.4,7856
2023-01-14 07:00:00,3693.57,3693.57,3583.09,3686.19,9276
2023-01-14 08:00:00,3706.15,3776.24,3614.3,3693.61,8766
2023-01-14 09:00:00,3714.06,3727.26,3712.38,3719.82,10738
2023-01-14 10:00:00,3705.51,3705.51,3685.17,3692.56,8022
2023-01-14 11:00:00,3767.73,3782.83,3767.73,3775.28,16140
2023-01-14 12:00:00,3760.21,3778.42,3710.2,3740.37,8239
2023-01-14 13:00:00,3705.36,3705.36,3690.57,3697.97,12634
2023-01-14 14:00:00,3738.23,3753.22,3738.23,3745.73,5294
2023-01-14 15:00:00,3730.59,3807.66,3720.96,3780.04,9891
2023-01-14 16:00:00,3794.78,3815.78,3794.78,3808.16,5796
2023-01-14 17:00:00,3790.02,3935.66,3768.55,3836.66,9618
2023-01-14 18:00:00,3841.83,3845.53,3832.57,3840.25,11876
2023-01-14 19:00:00,3836.24,3836.24,3801.51,3809.13,5797
2023-01-14 20:00:00,3823.82,3823.82,3808.56,3816.19,7037
2023-01-14 21:00:00,3829.45,3829.45,3750.11,3793.99,6970
2023-01-14 22:00:00,3787.95,3883.41,3743.47,3835.95,10524
2023-01-14 23:00:00,3848.67,3907.38,3760.9,3834.35,10243
2023-01-15 00:00:00,3809.76,3833.17,3798.57,3806.18,12812
2023-01-15 01:00:00,3805.44,3805.44,3790.25,3797.85,9484
2023-01-15 02:00:00,3821.79,3825.65,3810.37,3818.01,8564
2023-01-15 03:00:00,3792.6,3807.8,3792.6,3800.2,6827
2023-01-15 04:00:00,3774.8,3780.06,3737.69,3772.52,5606
2023-01-15 05:00:00,3778.59,3793.73,3778.59,3786.16,9120
2023-01-15 06:00:00,3792.64,3922.31,3785.75,3799.95,7601
2023-01-15 07:00:00,3795.62,3918.76,3742.51,3784.59,15061
2023-01-15 08:00:00,3771.74,3771.74,3762.1,3770.7,9221
2023-01-15 09:00:00,3776.42,3816.37,3776.42,3783.98,8026
2023-01-15 10:00:00,3739.91,3739.91,3642.79,3732.44,11041
2023-01-15 11:00:00,3687.99,3746.19,3675.92,3683.29,9350
2023-01-15 12:00:00,3668.09,3668.09,3657.68,3660.77,12062
2023-01-15 13:00:00,3643.07,3667.3,3542.39,3657.37,10214
2023-01-15 14:00:00,3629.28,3689.58,3585.11,3673.59,10791
2023-01-15 15:00:00,3665.41,3741.04,3628.92,3733.57,9439
2023-01-15 16:00:00,3733.83,3778.47,3719.81,3770.93,8457
2023-01-15 17:00:00,3774.09,3784.76,3736.64,3769.46,13094
2023-01-15 18:00:00,3785.25,3832.29,3765.92,3773.46,10909
2023-01-15 19:00:00,3747.14,3747.14,3706.7,3739.67,10113
2023-01-15 20:00:00,3738.97,3794.21,3691.83,3743.81,8213
2023-01-15 21:00:00,3729.97,3760.6,3695.64,3737.65,8238
2023-01-15 22:00:00,3738.18,3794.51,3738.18,3754.9,11057
2023-01-15 23:00:00,3735.52,3735.52,3720.61,3728.07,9548
2023-01-16 00:00:00,3721.87,3760.16,3721.87,3752.66,13026
2023-01-16 01:00:00,3808.6,3871.56,3808.6,3816.23,7756
2023-01-16 02:00:00,3824.52,3824.52,3809.26,3816.89,10478
2023-01-16 03:00:00,3829.79,3845.14,3829.79,3837.47,10817
2023-01-16 04:00:00,3853.38,3959.53,3809.3,3869.45,11933
2023-01-16 05:00:00,3855.43,3867.88,3789.51,3858.59,10951
2023-01-16 06:00:00,3869.03,3880.13,3868.36,3872.39,13497
2023-01-16 07:00:00,3885.65,3885.65,3870.14,3877.89,11422
2023-01-16 08:00:00,3876.97,3894.6,3856.03,3886.82,10983
2023-01-16 09:00:00,3874.14,3874.14,3853.56,3861.29,11007
2023-01-16 10:00:00,3850.16,3875.21,3836.25,3867.47,18173
2023-01-16 11:00:00,3893.1,3989.52,3884.59,3892.38,12718
2023-01-16 12:00:00,3887.27,3977.92,3854.11,3955.3,9835
2023-01-16 13:00:00,3965.05,4007.26,3898.11,3999.26,11498
2023-01-16 14:00:00,4034.31,4100.56,4034.31,4092.38,8238
2023-01-16 15:00:00,4088.17,4088.17,4041.79,4065.56,7948
2023-01-16 16:00:00,4105.12,4124.92,4105.12,4107.05,10264
2023-01-16 17:00:00,4153.67,4153.67,4111.78,4120.02,8589
2023-01-16 18:00:00,4209.0,4225.87,4209.0,4217.43,13885
2023-01-16 19:00:00,4218.44,4218.44,4179.1,4187.98,15160
2023-01-16 20:00:00,4165.75,4165.75,4094.04,4157.44,10402
2023-01-16 21:00:00,4145.66,4145.66,4129.11,4137.39,16934
2023-01-16 22:00:00,4100.45,4100.45,3989.11,4053.09,10341
2023-01-16 23:00:00,4080.0,4080.0,4028.66,4036.73,9168
2023-01-17 00:00:00,4024.92,4045.97,4002.77,4010.79,10628
2023-01-17 01:00:00,4015.18,4030.34,4015.18,4022.3,13810
2023-01-17 02:00:00,4039.2,4062.73,3972.84,4041.67,10586
2023-01-17 03:00:00,4049.12,4195.72,4041.03,4124.4,13783
2023-01-17 04:00:00,4123.54,4178.12,4078.52,4169.78,15265
2023-01-17 05:00:00,4143.03,4233.19,4111.51,4150.64,8867
2023-01-17 06:00:00,4126.25,4126.25,4109.78,4118.01,8056
2023-01-17 07:00:00,4140.48,4225.26,4140.48,4144.19,5986
2023-01-17 08:00:00,4102.07,4102.07,3993.33,4093.88,12006
2023-01-17 09:00:00,4167.6,4184.31,4167.6,4175.95,15190
2023-01-17 10:00:00,4223.3,4240.23,4223.3,4231.76,12908
2023-01-17 11:00:00,4225.5,4225.5,4208.63,4217.06,8307
2023-01-17 12:00:00,4176.46,4176.46,4019.0,4148.94,18567
2023-01-17 13:00:00,4193.55,4220.38,4193.55,4211.96,10316
2023-01-17 14:00:00,4202.94,4235.86,4175.44,4212.79,9857
2023-01-17 15:00:00,4211.4,4287.24,4183.24,4271.76,17156
2023-01-17 16:00:00,4216.42,4216.42,4117.28,4208.0,8150
2023-01-17 17:00:00,4193.06,4196.44,4184.24,4188.07,8340
2023-01-17 18:00:00,4151.6,4216.39,4085.12,4194.16,12856
2023-01-17 19:00:00,4156.41,4210.5,4127.93,4202.1,9117
2023-01-17 20:00:00,4228.2,4228.2,4183.23,4188.74,14501
2023-01-17 21:00:00,4229.71,4229.71,4132.81,4221.27,13891
2023-01-17 22:00:00,4227.04,4230.66,4173.31,4181.16,6758
2023-01-17 23:00:00,4172.91,4203.38,4172.91,4180.99,8590
2023-01-18 00:00:00,4224.29,4299.92,4171.62,4192.07,6158
2023-01-18 01:00:00,4166.72,4228.43,4109.39,4219.99,8298
2023-01-18 02:00:00,4248.06,4289.48,4248.06,4256.57,5176
2023-01-18 03:00:00,4232.82,4319.73,4182.99,4213.69,11105
2023-01-18 04:00:00,4178.86,4178.86,4121.1,4153.66,7284
2023-01-18 05:00:00,4141.09,4274.51,4138.19,4213.84,13215
2023-01-18 06:00:00,4236.08,4323.31,4225.67,4234.14,9094
2023-01-18 07:00:00,4216.3,4216.3,4199.46,4207.88,8255
2023-01-18 08:00:00,4246.4,4352.56,4246.4,4280.57,8913
2023-01-18 09:00:00,4319.05,4431.93,4283.1,4291.68,8976
2023-01-18 10:00:00,4309.79,4388.86,4273.1,4349.39,13697
2023-01-18 11:00:00,4365.13,4528.23,4349.73,4358.45,8749
2023-01-18 12:00:00,4417.42,4505.74,4417.42,4456.18,10999
2023-01-18 13:00:00,4532.74,4551.16,4532.74,4542.08,9015
2023-01-18 14:00:00,4549.96,4623.5,4534.95,4536.62,6553
2023-01-18 15:00:00,4578.53,4630.61,4578.53,4587.7,18879
2023-01-18 16:00:00,4614.78,4633.27,4614.78,4624.02,11882
2023-01-18 17:00:00,4685.26,4721.14,4685.26,4694.65,8123
2023-01-18 18:00:00,4668.98,4689.32,4627.71,4654.47,12593
2023-01-18 19:00:00,4641.93,4702.53,4573.62,4693.14,8302
2023-01-18 20:00:00,4746.67,4837.54,4746.67,4750.01,8216
2023-01-18 21:00:00,4746.13,4746.13,4661.53,4670.87,13976
2023-01-18 22:00:00,4682.47,4682.47,4508.12,4620.54,11687
2023-01-18 23:00:00,4539.58,4539.58,4456.85,4530.52,7544
2023-01-19 00:00:00,4518.43,4682.62,4518.43,4524.25,8626
2023-01-19 01:00:00,4554.43,4572.68,4554.43,4563.55,9754
2023-01-19 02:00:00,4630.36,4648.92,4630.36,4639.64,7176
2023-01-19 03:00:00,4625.9,4649.66,4614.5,4649.33,8722
2023-01-19 04:00:00,4695.98,4831.18,4695.98,4732.88,9047
2023-01-19 05:00:00,4690.19,4690.19,4564.7,4672.37,13219
2023-01-19 06:00:00,4623.45,4709.72,4588.11,4597.3,16298
2023-01-19 07:00:00,4600.89,4610.17,4533.19,4600.97,15121
2023-01-19 08:00:00,4616.03,4712.23,4616.03,4625.28,9154
2023-01-19 09:00:00,4645.84,4667.91,4607.08,4630.0,13046
2023-01-19 10:00:00,4592.45,4592.45,4352.99,4538.57,10246
2023-01-19 11:00:00,4508.51,4565.76,4475.7,4540.7,11900
2023-01-19 12:00:00,4495.41,4495.41,4477.46,4486.44,15445
2023-01-19 13:00:00,4514.32,4604.86,4514.32,4523.37,13043
2023-01-19 14:00:00,4546.95,4586.9,4537.4,4546.49,15349
2023-01-19 15:00:00,4518.12,4518.12,4424.53,4509.1,6435
2023-01-19 16:00:00,4500.99,4500.99,4482.76,4491.74,8606
2023-01-19 17:00:00,4499.45,4537.96,4445.46,4449.43,14923
2023-01-19 18:00:00,4443.9,4457.94,4443.9,4452.81,18392
2023-01-19 19:00:00,4493.51,4511.52,4493.51,4502.51,14131
2023-01-19 20:00:00,4472.48,4472.48,4454.63,4463.55,13378
2023-01-19 21:00:00,4483.86,4501.83,4483.86,4492.85,6745
2023-01-19 22:00:00,4492.68,4552.23,4421.79,4474.93,9257
2023-01-19 23:00:00,4454.08,4454.08,4426.72,4445.19,13646
2023-01-20 00:00:00,4437.95,4475.65,4437.95,4446.84,9160
2023-01-20 01:00:00,4441.36,4445.72,4384.51,4406.34,7250
2023-01-20 02:00:00,4396.71,4396.71,4379.15,4387.93,13238
2023-01-20 03:00:00,4349.48,4349.48,4281.37,4340.8,13049
2023-01-20 04:00:00,4425.5,4443.24,4425.5,4434.37,9622
2023-01-20 05:00:00,4438.97,4451.21,4433.67,4442.55,16952
2023-01-20 06:00:00,4426.2,4426.2,4412.72,4417.36,12164
2023-01-20 07:00:00,4424.63,4442.36,4424.63,4433.5,7289
2023-01-20 08:00:00,4447.17,4447.17,4400.79,4434.93,13890
2023-01-20 09:00:00,4448.04,4448.04,4410.71,4431.44,13745
2023-01-20 10:00:00,4456.79,4474.65,4456.79,4465.72,6815
2023-01-20 11:00:00,4497.68,4579.71,4497.68,4506.69,14050
2023-01-20 12:00:00,4464.83,4623.69,4419.38,4488.75,12504
2023-01-20 13:00:00,4477.78,4477.78,4363.32,4468.84,12563
2023-01-20 14:00:00,4463.85,4466.24,4396.76,4462.82,9953
2023-01-20 15:00:00,4373.25,4373.25,4342.08,4364.52,12307
2023-01-20 16:00:00,4312.19,4312.19,4294.98,4303.59,8581
2023-01-20 17:00:00,4309.59,4402.66,4300.37,4370.25,8593
2023-01-20 18:00:00,4441.31,4459.11,4441.31,4450.21,6911
2023-01-20 19:00:00,4453.96,4475.42,4430.4,4445.53,11137
2023-01-20 20:00:00,4469.31,4495.56,4469.31,4478.27,5530
2023-01-20 21:00:00,4490.06,4508.05,4490.06,4499.05,13431
2023-01-20 22:00:00,4628.97,4656.25,4628.97,4646.95,21361
2023-01-20 23:00:00,4654.73,4738.61,4654.73,4706.61,19085
2023-01-21 00:00:00,4709.63,4709.63,4697.63,4707.04,8727
2023-01-21 01:00:00,4683.73,4728.81,4611.42,4667.72,14423
2023-01-21 02:00:00,4600.64,4600.64,4588.56,4597.76,12147
2023-01-21 03:00:00,4590.3,4623.11,4559.53,4613.88,7992
2023-01-21 04:00:00,4628.08,4628.08,4575.65,4584.82,9454
2023-01-21 05:00:00,4558.26,4558.26,4515.82,4524.87,7965
2023-01-21 06:00:00,4546.42,4638.03,4492.58,4501.59,15055
2023-01-21 07:00:00,4498.46,4507.65,4376.47,4458.55,6364
2023-01-21 08:00:00,4516.77,4583.83,4516.77,4541.93,14750
2023-01-21 09:00:00,4558.25,4598.56,4558.25,4589.38,5954
2023-01-21 10:00:00,4575.94,4604.87,4410.53,4595.68,13203
2023-01-21 11:00:00,4616.07,4717.12,4616.07,4671.77,7680
2023-01-21 12:00:00,4695.96,4695.96,4672.71,4682.08,10309
2023-01-21 13:00:00,4663.31,4672.68,4565.34,4647.57,11335
2023-01-21 14:00:00,4717.02,4735.92,4717.02,4726.47,11160
2023-01-21 15:00:00,4744.14,4780.63,4624.82,4759.09,7207
2023-01-21 16:00:00,4724.72,4724.72,4705.86,4715.29,8780
2023-01-21 17:00:00,4687.05,4722.29,4649.29,4712.87,8493
2023-01-21 18:00:00,4686.85,4686.85,4668.14,4677.5,11949
2023-01-21 19:00:00,4627.4,4627.4,4521.53,4618.17,10295
2023-01-21 20:00:00,4657.67,4672.29,4634.32,4668.6,11496
2023-01-21 21:00:00,4756.87,4921.6,4756.87,4766.4,7317
2023-01-21 22:00:00,4726.76,4761.14,4660.57,4705.16,16022
2023-01-21 23:00:00,4695.41,4748.45,4649.75,4738.97,8240
2023-01-22 00:00:00,4723.75,4723.75,4684.51,4714.32,8269
2023-01-22 01:00:00,4723.66,4828.73,4688.32,4697.72,12859
2023-01-22 02:00:00,4691.07,4691.07,4666.73,4676.08,6165
2023-01-22 03:00:00,4669.32,4676.27,4632.44,4641.72,10693
2023-01-22 04:00:00,4605.74,4660.19,4540.83,4650.89,6614
2023-01-22 05:00:00,4635.39,4678.61,4432.04,4618.41,8093
2023-01-22 06:00:00,4627.74,4647.47,4495.13,4638.2,6902
2023-01-22 07:00:00,4635.98,4735.63,4585.6,4642.83,10085
2023-01-22 08:00:00,4632.92,4669.5,4627.25,4638.59,11151
2023-01-22 09:00:00,4648.48,4648.69,4536.06,4602.69,15001
2023-01-22 10:00:00,4606.65,4644.87,4573.44,4582.6,7748
2023-01-22 11:00:00,4615.69,4634.19,4615.69,4624.94,23297
2023-01-22 12:00:00,4607.19,4738.15,4559.92,4655.62,20850
2023-01-22 13:00:00,4625.44,4625.44,4605.65,4616.21,16152
2023-01-22 14:00:00,4593.27,4676.55,4560.28,4627.93,11379
2023-01-22 15:00:00,4661.2,4687.65,4661.2,4670.54,9329
2023-01-22 16:00:00,4607.3,4607.3,4573.27,4598.1,9712
2023-01-22 17:00:00,4612.6,4645.75,4554.46,4630.72,9123
2023-01-22 18:00:00,4615.79,4615.79,4568.46,4606.57,10354
2023-01-22 19:00:00,4636.63,4683.91,4631.32,4640.6,10940
2023-01-22 20:00:00,4617.3,4620.78,4579.1,4611.55,16740
2023-01-22 21:00:00,4631.35,4682.5,4524.68,4533.75,11917
2023-01-22 22:00:00,4503.53,4503.53,4345.21,4465.61,8000
2023-01-22 23:00:00,4507.3,4507.3,4457.56,4474.99,13637
2023-01-23 00:00:00,4512.49,4526.76,4462.62,4494.1,10112
2023-01-23 01:00:00,4485.02,4495.43,4449.31,4459.86,10393
2023-01-23 02:00:00,4467.66,4505.19,4378.33,4496.2,16518
2023-01-23 03:00:00,4463.58,4463.58,4366.05,4427.17,13169
2023-01-23 04:00:00,4435.8,4440.3,4422.57,4431.44,11599
2023-01-23 05:00:00,4399.38,4399.38,4375.25,4384.02,8408
2023-01-23 06:00:00,4370.9,4370.9,4193.03,4362.17,15931
2023-01-23 07:00:00,4362.84,4432.57,4362.84,4371.58,13622
2023-01-23 08:00:00,4345.74,4345.74,4331.8,4340.48,8033
2023-01-23 09:00:00,4320.15,4339.41,4221.48,4330.75,10441
2023-01-23 10:00:00,4354.02,4391.27,4115.85,4382.51,6231
2023-01-23 11:00:00,4415.69,4415.69,4352.98,4364.03,14275
2023-01-23 12:00:00,4396.82,4417.44,4348.97,4408.63,6508
2023-01-23 13:00:00,4390.81,4390.81,4343.54,4365.22,11442
2023-01-23 14:00:00,4387.39,4421.87,4387.39,4396.18,11448
2023-01-23 15:00:00,4410.69,4487.95,4410.69,4468.29,8597
2023-01-23 16:00:00,4371.8,4371.8,4327.98,4363.07,10207
2023-01-23 17:00:00,4367.37,4407.71,4289.7,4335.12,10742
2023-01-23 18:00:00,4359.94,4376.95,4359.94,4368.21,10675
2023-01-23 19:00:00,4394.7,4394.7,4307.46,4366.76,8494
2023-01-23 20:00:00,4382.17,4399.74,4382.17,4390.96,9222
2023-01-23 21:00:00,4380.4,4380.4,4362.91,4371.66,11910
2023-01-23 22:00:00,4402.23,4407.1,4374.49,4383.26,9474
2023-01-23 23:00:00,4392.87,4392.87,4375.34,4384.1,10432
2023-01-24 00:00:00,4406.13,4488.89,4406.13,4444.18,10027
2023-01-24 01:00:00,4454.65,4472.5,4454.65,4463.57,20508
2023-01-24 02:00:00,4458.57,4559.27,4353.64,4486.76,9807
2023-01-24 03:00:00,4487.48,4515.46,4395.87,4475.72,9769
2023-01-24 04:00:00,4470.16,4470.16,4389.19,4461.24,6071
2023-01-24 05:00:00,4456.37,4494.57,4440.43,4449.33,10238
2023-01-24 06:00:00,4435.95,4566.52,4414.26,4475.0,8998
2023-01-24 07:00:00,4454.6,4554.94,4454.6,4463.53,13659
2023-01-24 08:00:00,4475.52,4553.03,4475.52,4484.49,9966
2023-01-24 09:00:00,4578.09,4679.82,4578.09,4587.26,13465
2023-01-24 10:00:00,4573.94,4660.38,4540.25,4635.8,6939
2023-01-24 11:00:00,4635.71,4637.34,4618.82,4628.08,13698
2023-01-24 12:00:00,4650.11,4730.4,4650.11,4692.57,12047
2023-01-24 13:00:00,4677.29,4704.57,4677.29,4680.76,8814
2023-01-24 14:00:00,4646.26,4760.5,4582.01,4591.19,5207
2023-01-24 15:00:00,4570.63,4570.63,4542.67,4551.77,13866
2023-01-24 16:00:00,4490.14,4490.14,4448.36,4472.72,8690
2023-01-24 17:00:00,4472.02,4473.53,4455.67,4464.6,17876
2023-01-24 18:00:00,4464.42,4533.34,4464.42,4473.36,13131
2023-01-24 19:00:00,4548.71,4566.94,4548.71,4557.82,13796
2023-01-24 20:00:00,4612.34,4614.74,4571.87,4581.03,13000
2023-01-24 21:00:00,4597.27,4597.27,4500.12,4578.83,10864
2023-01-24 22:00:00,4616.4,4676.86,4616.4,4625.65,7654
2023-01-24 23:00:00,4538.47,4538.47,4520.36,4529.42,7719
2023-01-25 00:00:00,4510.44,4613.71,4452.84,4548.44,10066
2023-01-25 01:00:00,4583.21,4601.58,4583.21,4592.39,17153
2023-01-25 02:00:00,4540.35,4540.35,4509.38,4531.28,9828
2023-01-25 03:00:00,4583.15,4709.03,4583.15,4592.33,14379
2023-01-25 04:00:00,4607.16,4693.44,4607.16,4616.39,8278
2023-01-25 05:00:00,4614.32,4614.32,4533.19,4605.11,10064
2023-01-25 06:00:00,4633.88,4654.55,4633.88,4643.17,3713
2023-01-25 07:00:00,4652.46,4768.64,4643.99,4759.13,10220
2023-01-25 08:00:00,4751.75,4791.78,4613.1,4776.35,14334
2023-01-25 09:00:00,4787.28,4912.68,4787.28,4796.87,14737
2023-01-25 10:00:00,4760.11,4849.16,4760.11,4782.87,13630
2023-01-25 11:00:00,4759.41,4759.41,4740.41,4749.91,16023
2023-01-25 12:00:00,4787.4,4804.07,4783.21,4798.7,8304
2023-01-25 13:00:00,4774.64,4837.85,4736.85,4765.34,10100
2023-01-25 14:00:00,4800.48,4841.33,4767.88,4777.43,9373
2023-01-25 15:00:00,4749.21,4772.25,4725.67,4762.73,9501
2023-01-25 16:00:00,4785.03,4804.21,4785.03,4794.62,8104
2023-01-25 17:00:00,4809.84,4829.12,4809.84,4819.48,10810
2023-01-25 18:00:00,4869.34,4884.35,4869.34,4879.09,10474
2023-01-25 19:00:00,4872.06,4872.06,4712.65,4862.34,11842
2023-01-25 20:00:00,4867.36,4867.36,4753.18,4857.64,11181
2023-01-25 21:00:00,4813.04,4827.45,4761.87,4817.81,15191
2023-01-25 22:00:00,4814.3,4814.3,4795.08,4804.69,14870
2023-01-25 23:00:00,4821.94,4841.66,4821.94,4832.0,5648
2023-01-26 00:00:00,4826.49,4936.51,4732.98,4878.24,14270
2023-01-26 01:00:00,4839.49,4910.0,4778.47,4841.26,11672
2023-01-26 02:00:00,4829.89,5006.37,4829.89,4893.18,9102
2023-01-26 03:00:00,4959.98,5027.44,4959.98,4969.91,6443
2023-01-26 04:00:00,4976.2,5190.38,4971.59,4999.88,8318
2023-01-26 05:00:00,5094.46,5157.49,5094.46,5104.66,17027
2023-01-26 06:00:00,5083.6,5083.6,5038.23,5073.46,11611
2023-01-26 07:00:00,5050.4,5050.4,4906.45,5018.18,9223
2023-01-26 08:00:00,4946.16,4946.16,4923.89,4936.29,7184
2023-01-26 09:00:00,5010.76,5030.84,5010.76,5020.8,9752
2023-01-26 10:00:00,5002.51,5073.63,4829.87,5063.5,13151
2023-01-26 11:00:00,5067.51,5156.66,5059.66,5069.8,14820
2023-01-26 12:00:00,5083.31,5103.68,5083.31,5093.49,7754
2023-01-26 13:00:00,5054.26,5054.26,4948.5,5044.17,8082
2023-01-26 14:00:00,5168.88,5189.6,5168.88,5179.24,13481
2023-01-26 15:00:00,5181.21,5250.68,5120.88,5195.15,10522
2023-01-26 16:00:00,5177.47,5220.53,5108.16,5210.11,19003
2023-01-26 17:00:00,5247.36,5268.39,5247.36,5257.87,13186
2023-01-26 18:00:00,5282.3,5380.41,5282.3,5292.88,15268
2023-01-26 19:00:00,5303.57,5360.3,5303.57,5314.2,11212
2023-01-26 20:00:00,5318.79,5318.79,5190.48,5280.5,6625
2023-01-26 21:00:00,5321.66,5325.68,5139.73,5315.05,9386
2023-01-26 22:00:00,5415.4,5618.9,5415.4,5426.25,8471
2023-01-26 23:00:00,5498.83,5520.86,5498.83,5509.84,6758
2023-01-27 00:00:00,5560.01,5619.76,5511.07,5608.55,20272
2023-01-27 01:00:00,5599.11,5622.3,5584.07,5588.35,7627
2023-01-27 02:00:00,5563.39,5672.02,5530.02,5541.1,9949
2023-01-27 03:00:00,5554.35,5554.35,5491.7,5543.27,6813
2023-01-27 04:00:00,5544.66,5611.31,5544.66,5555.77,13203
2023-01-27 05:00:00,5615.92,5656.52,5615.92,5627.18,9096
2023-01-27 06:00:00,5550.09,5550.09,5300.78,5539.43,7909
2023-01-27 07:00:00,5558.74,5732.45,5558.74,5635.4,13660
2023-01-27 08:00:00,5625.21,5647.07,5443.79,5635.8,6538
2023-01-27 09:00:00,5632.01,5632.01,5609.52,5620.77,12796
2023-01-27 10:00:00,5561.15,5681.69,5561.15,5572.29,11561
2023-01-27 11:00:00,5498.81,5498.81,5409.84,5487.83,6010
2023-01-27 12:00:00,5532.51,5554.69,5532.51,5543.6,10523
2023-01-27 13:00:00,5562.46,5568.51,5546.28,5557.4,10305
2023-01-27 14:00:00,5504.92,5504.92,5442.41,5493.94,15039
2023-01-27 15:00:00,5441.95,5441.95,5394.46,5431.09,10968
2023-01-27 16:00:00,5433.1,5433.1,5170.59,5422.25,17303
2023-01-27 17:00:00,5419.37,5535.38,5419.37,5524.33,10368
2023-01-27 18:00:00,5507.38,5618.39,5507.38,5519.42,6806
2023-01-27 19:00:00,5531.55,5531.55,5433.63,5444.52,8067
2023-01-27 20:00:00,5463.84,5607.12,5282.14,5440.76,5758
2023-01-27 21:00:00,5446.35,5446.35,5424.61,5435.48,8573
2023-01-27 22:00:00,5306.32,5306.32,5287.83,5295.73,14702
2023-01-27 23:00:00,5299.88,5313.25,5158.54,5302.64,8740
2023-01-28 00:00:00,5296.99,5310.69,5289.49,5300.09,10995
2023-01-28 01:00:00,5337.03,5358.42,5337.03,5347.72,7879
2023-01-28 02:00:00,5447.67,5469.5,5447.67,5458.58,13953
2023-01-28 03:00:00,5520.29,5665.52,5520.29,5531.35,15466
2023-01-28 04:00:00,5580.42,5626.69,5515.12,5526.18,9246
2023-01-28 05:00:00,5484.67,5484.67,5462.78,5473.73,11112
2023-01-28 06:00:00,5570.18,5776.22,5570.18,5627.42,11078
2023-01-28 07:00:00,5611.1,5652.15,5462.0,5640.87,12616
2023-01-28 08:00:00,5608.17,5790.59,5536.92,5651.76,10483
2023-01-28 09:00:00,5605.73,5671.81,5605.73,5660.49,15815
2023-01-28 10:00:00,5692.0,5693.42,5670.7,5682.06,8309
2023-01-28 11:00:00,5679.09,5695.22,5650.3,5683.85,11140
2023-01-28 12:00:00,5672.1,5672.1,5649.46,5660.78,9119
2023-01-28 13:00:00,5637.66,5650.71,5606.87,5639.43,10192
2023-01-28 14:00:00,5672.01,5672.01,5636.53,5647.83,9815
2023-01-28 15:00:00,5641.1,5728.52,5615.6,5626.85,9770
2023-01-28 16:00:00,5599.86,5608.14,5585.1,5596.29,6463
2023-01-28 17:00:00,5617.15,5684.64,5601.49,5612.71,10517
2023-01-28 18:00:00,5634.82,5689.81,5597.22,5608.44,7907
2023-01-28 19:00:00,5654.41,5716.19,5654.41,5704.78,9714
2023-01-28 20:00:00,5571.93,5571.93,5549.68,5560.81,10636
2023-01-28 21:00:00,5546.58,5755.27,5418.16,5633.21,9598
2023-01-28 22:00:00,5683.26,5726.71,5683.26,5715.28,12583
2023-01-28 23:00:00,5675.29,5702.13,5591.92,5604.77,5691
2023-01-29 00:00:00,5605.66,5606.79,5584.41,5595.6,9473
2023-01-29 01:00:00,5573.75,5596.09,5573.75,5584.92,13341
2023-01-29 02:00:00,5531.88,5531.88,5493.59,5515.17,15741
2023-01-29 03:00:00,5492.86,5492.86,5470.94,5481.9,10122
2023-01-29 04:00:00,5463.21,5463.21,5357.95,5430.28,8654
2023-01-29 05:00:00,5513.46,5629.48,5513.46,5537.98,8228
2023-01-29 06:00:00,5543.13,5612.69,5543.13,5601.48,10105
2023-01-29 07:00:00,5673.35,5870.62,5673.35,5684.72,6169
2023-01-29 08:00:00,5678.04,5748.61,5678.04,5737.14,8275
2023-01-29 09:00:00,5692.9,5692.9,5555.76,5681.54,9675
2023-01-29 10:00:00,5672.99,5672.99,5644.22,5661.67,10112
2023-01-29 11:00:00,5644.16,5763.91,5611.1,5700.6,11676
2023-01-29 12:00:00,5717.21,5817.11,5628.79,5640.07,11170
2023-01-29 13:00:00,5680.28,5828.35,5680.28,5691.66,7362
2023-01-29 14:00:00,5666.12,5734.16,5518.71,5688.25,8264
2023-01-29 15:00:00,5680.02,5688.39,5635.53,5677.03,12843
2023-01-29 16:00:00,5678.6,5740.3,5678.6,5728.84,14199
2023-01-29 17:00:00,5734.95,5776.97,5654.14,5765.44,8155
2023-01-29 18:00:00,5756.03,5766.38,5743.36,5754.87,20026
2023-01-29 19:00:00,5821.96,5844.58,5821.96,5833.63,7801
2023-01-29 20:00:00,5791.51,5791.51,5679.87,5779.95,13779
2023-01-29 21:00:00,5789.76,5874.65,5789.76,5827.05,14416
2023-01-29 22:00:00,5867.34,6073.15,5867.34,5873.06,11139
2023-01-29 23:00:00,5858.73,5949.38,5745.26,5865.32,11322
2023-01-30 00:00:00,5805.69,6020.59,5805.64,5895.67,9278
2023-01-30 01:00:00,5860.98,5937.16,5675.27,5831.31,10744
2023-01-30 02:00:00,5885.45,5904.67,5885.45,5897.24,9161
2023-01-30 03:00:00,5940.79,6020.5,5773.88,5897.09,7526
2023-01-30 04:00:00,5863.33,5969.13,5826.12,5876.63,8712
2023-01-30 05:00:00,5932.1,6017.06,5932.1,5950.57,15623
2023-01-30 06:00:00,5911.74,5930.68,5789.55,5918.84,7681
2023-01-30 07:00:00,5902.71,5959.21,5833.18,5844.87,10455
2023-01-30 08:00:00,5852.45,5901.77,5751.55,5763.08,4847
2023-01-30 09:00:00,5798.28,5853.24,5798.28,5809.9,12559
2023-01-30 10:00:00,5784.16,5793.08,5621.44,5745.07,9388
2023-01-30 11:00:00,5774.16,5970.26,5774.16,5859.04,11759
2023-01-30 12:00:00,5807.64,5899.59,5724.81,5745.64,12789
2023-01-30 13:00:00,5844.56,6061.66,5844.56,5856.27,7300
2023-01-30 14:00:00,5868.38,5891.91,5868.38,5880.15,8279
2023-01-30 15:00:00,5889.19,5889.19,5839.88,5885.52,7399
2023-01-30 16:00:00,5921.04,5985.39,5857.1,5863.95,16851
2023-01-30 17:00:00,5865.89,5924.11,5853.34,5898.91,9993
2023-01-30 18:00:00,5906.16,5919.56,5895.92,5907.74,7063
2023-01-30 19:00:00,5930.5,5997.37,5758.47,5985.4,8689
2023-01-30 20:00:00,5991.61,6015.63,5991.61,6003.62,11899
2023-01-30 21:00:00,5998.43,6050.79,5998.43,6024.11,7987
2023-01-30 22:00:00,6060.41,6085.5,5933.56,6013.11,21005
2023-01-30 23:00:00,6034.78,6098.38,6009.0,6021.04,8616
2023-01-31 00:00:00,6039.27,6087.7,6039.27,6051.38,7394
2023-01-31 01:00:00,5969.02,5969.02,5919.8,5957.11,16688
2023-01-31 02:00:00,5923.31,5923.31,5874.78,5886.55,7323
2023-01-31 03:00:00,5896.78,5954.44,5843.79,5942.55,12141
2023-01-31 04:00:00,5942.54,6036.22,5813.28,5964.36,7485
2023-01-31 05:00:00,5952.69,6018.44,5952.69,5964.62,13503
2023-01-31 06:00:00,5965.35,6204.93,5965.35,5977.3,9185
2023-01-31 07:00:00,5984.85,6022.08,5923.45,6010.06,7256
2023-01-31 08:00:00,6000.52,6000.52,5976.57,5988.54,8509
2023-01-31 09:00:00,5958.89,5964.51,5940.7,5952.6,9642
2023-01-31 10:00:00,5964.2,6152.3,5964.2,5976.15,6890
2023-01-31 11:00:00,5916.34,5959.42,5788.05,5928.13,11848
2023-01-31 12:00:00,5952.61,6011.14,5952.61,5964.53,9904
2023-01-31 13:00:00,5884.31,5884.31,5860.81,5872.56,8689
2023-01-31 14:00:00,5847.11,5957.76,5826.79,5945.87,11524
2023-01-31 15:00:00,5974.3,5998.24,5974.3,5986.27,5889
2023-01-31 16:00:00,6002.85,6025.73,6002.85,6013.7,11792
2023-01-31 17:00:00,6073.66,6091.21,6073.66,6085.84,7520
2023-01-31 18:00:00,6188.82,6213.63,6188.82,6201.22,12215
2023-01-31 19:00:00,6165.87,6353.93,6068.34,6277.36,8028
2023-01-31 20:00:00,6183.8,6183.8,6114.03,6171.45,14469
2023-01-31 21:00:00,6115.15,6115.15,6061.63,6102.94,10373
2023-01-31 22:00:00,6112.76,6112.76,6063.93,6076.08,5162
2023-01-31 23:00:00,6077.71,6094.22,6077.71,6089.89,14215
2023-02-01 00:00:00,6132.03,6146.61,6132.03,6134.34,7204
2023-02-01 01:00:00,6135.15,6185.9,6088.99,6101.2,7110
2023-02-01 02:00:00,6147.59,6147.59,6112.94,6125.19,9259
2023-02-01 03:00:00,6102.52,6102.52,6078.15,6090.34,13402
2023-02-01 04:00:00,6092.11,6108.53,5966.2,6064.77,15139
2023-02-01 05:00:00,5994.59,5994.59,5879.07,5990.02,7962
2023-02-01 06:00:00,5956.45,5957.75,5933.97,5945.86,16079
2023-02-01 07:00:00,5887.95,5887.95,5864.44,5876.19,10536
2023-02-01 08:00:00,5841.69,5841.69,5807.7,5830.03,6891
2023-02-01 09:00:00,5814.45,5948.61,5814.45,5905.12,10140
2023-02-01 10:00:00,5871.97,5871.97,5848.53,5860.25,11528
2023-02-01 11:00:00,6018.11,6061.43,6018.11,6030.17,13157
2023-02-01 12:00:00,6060.98,6115.62,6060.98,6073.13,9689
2023-02-01 13:00:00,6080.45,6109.39,6073.34,6097.19,11437
2023-02-01 14:00:00,6090.94,6090.94,6017.06,6056.39,8709
2023-02-01 15:00:00,6073.76,6159.43,6073.76,6112.38,13931
2023-02-01 16:00:00,6101.49,6101.49,6077.13,6089.31,18520
2023-02-01 17:00:00,6097.6,6122.04,6097.6,6109.82,6659
2023-02-01 18:00:00,6269.99,6295.12,6269.99,6282.55,5188
2023-02-01 19:00:00,6286.7,6305.37,6167.54,6289.46,15960
2023-02-01 20:00:00,6363.52,6469.0,6363.52,6376.27,9675
2023-02-01 21:00:00,6346.72,6356.19,6259.38,6343.5,6774
2023-02-01 22:00:00,6386.96,6503.53,6135.82,6354.28,14904
2023-02-01 23:00:00,6354.39,6550.24,6354.39,6482.2,9336
2023-02-02 00:00:00,6448.38,6533.68,6434.74,6453.8,14171
2023-02-02 01:00:00,6544.21,6772.52,6544.21,6586.35,6564
2023-02-02 02:00:00,6633.89,6660.48,6633.89,6647.19,8673
2023-02-02 03:00:00,6635.44,6635.44,6557.91,6622.2,11467
2023-02-02 04:00:00,6650.62,6691.46,6650.62,6678.1,8601
2023-02-02 05:00:00,6691.69,6771.14,6691.69,6757.62,10511
2023-02-02 06:00:00,6779.68,6847.34,6578.59,6813.71,9396
2023-02-02 07:00:00,6784.17,6932.61,6577.45,6717.68,9870
2023-02-02 08:00:00,6689.83,6742.57,6465.57,6681.11,12018
2023-02-02 09:00:00,6665.95,6690.83,6664.12,6677.48,7701
2023-02-02 10:00:00,6691.38,6766.91,6672.28,6685.65,14657
2023-02-02 11:00:00,6717.02,6931.06,6627.86,6741.3,6445
2023-02-02 12:00:00,6783.2,6830.23,6739.26,6766.8,14386
2023-02-02 13:00:00,6765.14,6765.14,6674.54,6687.92,10768
2023-02-02 14:00:00,6740.18,6741.23,6713.77,6727.23,9676
2023-02-02 15:00:00,6770.58,6827.14,6770.58,6782.62,9120
2023-02-02 16:00:00,6854.33,7019.35,6737.47,6834.84,14415
2023-02-02 17:00:00,6909.92,6986.24,6909.92,6923.77,9327
2023-02-02 18:00:00,6960.5,7168.54,6910.8,6996.28,6785
2023-02-02 19:00:00,7028.53,7056.7,7028.53,7042.61,8593
2023-02-02 20:00:00,7075.04,7216.26,7036.88,7050.98,8571
2023-02-02 21:00:00,6958.8,6958.8,6931.02,6944.91,8670
2023-02-02 22:00:00,6989.59,7027.76,6974.92,6988.9,12546
2023-02-02 23:00:00,6973.76,7031.33,6973.76,7017.3,12228
2023-02-03 00:00:00,7039.93,7169.12,7039.93,7050.34,10285
2023-02-03 01:00:00,7007.38,7014.81,6884.18,6972.04,5542
2023-02-03 02:00:00,6984.68,7060.94,6895.07,6908.89,15409
2023-02-03 03:00:00,6922.16,7010.87,6793.73,6996.88,11508
2023-02-03 04:00:00,6993.81,7021.84,6993.81,7007.83,7928
2023-02-03 05:00:00,6987.1,7084.47,6790.18,7070.33,8577
2023-02-03 06:00:00,7092.91,7166.58,7048.03,7086.11,4676
2023-02-03 07:00:00,7087.8,7116.2,7087.8,7102.0,13016
2023-02-03 08:00:00,7169.35,7198.08,7169.35,7183.72,8098
2023-02-03 09:00:00,7220.88,7287.53,7145.3,7159.62,19215
2023-02-03 10:00:00,7164.69,7338.51,7073.31,7180.52,9074
2023-02-03 11:00:00,7173.74,7400.0,7146.26,7160.58,13132
2023-02-03 12:00:00,7128.52,7157.09,7128.52,7142.8,6085
2023-02-03 13:00:00,7159.13,7239.57,7119.94,7134.21,9630
2023-02-03 14:00:00,7099.64,7178.73,7018.1,7164.4,9748
2023-02-03 15:00:00,7129.3,7280.33,7129.3,7143.58,8203
2023-02-03 16:00:00,7163.8,7263.84,6952.31,7249.34,9842
2023-02-03 17:00:00,7206.68,7206.68,7182.91,7197.31,8844
2023-02-03 18:00:00,7207.97,7281.11,7183.35,7197.75,12384
2023-02-03 19:00:00,7185.47,7185.47,7149.25,7179.61,8010
2023-02-03 20:00:00,7285.04,7314.24,7285.04,7299.64,16284
2023-02-03 21:00:00,7256.18,7342.95,7150.23,7328.29,10928
2023-02-03 22:00:00,7379.85,7434.27,7331.64,7419.43,13787
2023-02-03 23:00:00,7335.4,7335.4,7251.21,7320.76,13371
2023-02-04 00:00:00,7306.75,7369.38,7306.75,7354.67,6927
2023-02-04 01:00:00,7380.04,7450.22,7380.04,7435.35,12593
2023-02-04 02:00:00,7440.53,7531.86,7440.53,7455.44,5570
2023-02-04 03:00:00,7452.63,7626.08,7452.63,7550.5,7308
2023-02-04 04:00:00,7531.42,7539.53,7509.43,7524.48,7244
2023-02-04 05:00:00,7643.38,7744.21,7643.38,7646.49,12223
2023-02-04 06:00:00,7599.25,8113.46,7510.32,7839.65,4927
2023-02-04 07:00:00,7838.96,7838.96,7808.68,7824.32,15324
2023-02-04 08:00:00,7869.71,7922.99,7786.78,7802.38,9240
2023-02-04 09:00:00,7804.68,7963.57,7804.68,7931.83,11017
2023-02-04 10:00:00,8057.24,8087.32,8057.24,8073.38,7636
2023-02-04 11:00:00,8027.62,8059.8,8027.62,8043.71,9508
2023-02-04 12:00:00,8040.71,8206.57,8006.71,8022.75,10003
2023-02-04 13:00:00,8014.92,8029.37,7886.27,8013.34,10858
2023-02-04 14:00:00,8053.42,8053.42,7904.31,7917.07,17556
2023-02-04 15:00:00,7877.85,7974.03,7841.02,7856.74,7178
2023-02-04 16:00:00,7845.33,7874.19,7610.2,7790.29,13045
2023-02-04 17:00:00,7764.98,7930.81,7690.66,7743.42,11161
2023-02-04 18:00:00,7743.11,7770.39,7711.46,7754.88,9991
2023-02-04 19:00:00,7726.69,7821.27,7666.72,7787.57,8306
2023-02-04 20:00:00,7909.11,7940.81,7909.11,7924.96,12825
2023-02-04 21:00:00,7874.05,7874.05,7739.16,7858.33,12233
2023-02-04 22:00:00,7935.56,8001.24,7935.56,7951.46,9351
2023-02-04 23:00:00,7963.95,7963.95,7738.12,7948.06,9785
2023-02-05 00:00:00,7942.23,8042.89,7942.23,7958.14,5008
2023-02-05 01:00:00,8023.1,8109.1,8023.1,8027.09,11293
2023-02-05 02:00:00,8015.0,8066.77,7812.47,7949.19,16213
2023-02-05 03:00:00,7978.48,8010.46,7978.48,7994.47,6475
2023-02-05 04:00:00,8006.37,8065.44,8006.37,8022.42,10328
2023-02-05 05:00:00,8060.74,8093.05,8060.74,8076.89,11491
2023-02-05 06:00:00,8098.67,8131.13,8098.67,8114.9,9365
2023-02-05 07:00:00,8312.76,8417.02,8312.76,8332.3,9091
2023-02-05 08:00:00,8291.1,8326.5,8275.39,8291.97,9009
2023-02-05 09:00:00,8267.41,8277.54,8231.3,8261.02,12650
2023-02-05 10:00:00,8260.93,8330.23,8084.11,8222.59,12392
2023-02-05 11:00:00,8177.68,8193.15,8076.09,8190.12,13019
2023-02-05 12:00:00,8221.49,8285.72,8101.02,8150.9,4284
2023-02-05 13:00:00,8219.66,8453.26,8219.66,8263.9,9327
2023-02-05 14:00:00,8324.83,8598.76,8238.95,8397.76,11755
2023-02-05 15:00:00,8342.83,8466.05,8296.47,8362.86,13378
2023-02-05 16:00:00,8354.75,8369.52,8289.2,8305.81,9076
2023-02-05 17:00:00,8343.23,8559.09,8343.23,8359.95,8058
2023-02-05 18:00:00,8384.99,8453.15,8270.22,8326.93,9572
2023-02-05 19:00:00,8346.93,8617.05,8281.65,8394.92,8884
2023-02-05 20:00:00,8425.92,8443.27,8349.06,8426.42,13175
2023-02-05 21:00:00,8404.65,8404.65,8271.8,8310.2,13826
2023-02-05 22:00:00,8298.88,8599.05,8089.22,8455.82,10233
2023-02-05 23:00:00,8590.43,8737.4,8590.43,8624.94,7380
2023-02-06 00:00:00,8567.75,8644.16,8567.75,8584.92,21469
2023-02-06 01:00:00,8549.36,8743.65,8539.44,8564.96,9574
2023-02-06 02:00:00,8629.23,8640.86,8587.02,8604.23,8794
2023-02-06 03:00:00,8586.44,8746.74,8454.21,8647.8,11596
2023-02-06 04:00:00,8628.74,8836.86,8595.59,8720.28,16320
2023-02-06 05:00:00,8895.84,9095.76,8895.84,8913.66,21453
2023-02-06 06:00:00,8890.38,8935.89,8843.3,8911.82,11330
2023-02-06 07:00:00,8870.55,8931.37,8835.77,8853.47,9192
2023-02-06 08:00:00,8845.83,9035.68,8725.67,8743.15,7976
2023-02-06 09:00:00,8781.39,8784.47,8675.04,8692.42,9721
2023-02-06 10:00:00,8738.97,8777.23,8686.54,8703.95,8062
2023-02-06 11:00:00,8860.1,8895.61,8860.1,8877.85,7284
2023-02-06 12:00:00,8870.75,8870.75,8783.86,8845.38,8613
2023-02-06 13:00:00,8873.11,9078.58,8873.11,8880.04,13219
2023-02-06 14:00:00,8910.76,8910.76,8875.19,8892.98,15324
2023-02-06 15:00:00,8921.0,9020.78,8921.0,9015.13,10264
2023-02-06 16:00:00,9157.13,9280.35,9157.13,9261.83,7442
2023-02-06 17:00:00,9247.55,9347.02,9190.62,9225.53,7252
2023-02-06 18:00:00,9196.6,9211.82,9175.04,9193.43,12030
2023-02-06 19:00:00,9275.82,9356.07,8890.17,9305.46,12474
2023-02-06 20:00:00,9351.96,9402.87,9351.96,9384.1,17592
2023-02-06 21:00:00,9470.97,9593.97,9470.97,9574.82,10805
2023-02-06 22:00:00,9626.15,9872.63,9626.15,9645.44,11313
2023-02-06 23:00:00,9664.26,9664.26,9453.0,9623.57,15367
2023-02-07 00:00:00,9681.89,9751.77,9675.79,9695.18,10318
2023-02-07 01:00:00,9798.87,9895.97,9798.87,9818.51,16687
2023-02-07 02:00:00,9894.39,9934.05,9894.39,9914.22,11176
2023-02-07 03:00:00,9900.84,10003.72,9869.38,9978.92,15720
2023-02-07 04:00:00,9942.73,10121.2,9882.97,10101.0,7812
2023-02-07 05:00:00,10214.35,10497.34,10214.35,10234.82,8341
2023-02-07 06:00:00,10344.43,10631.66,10113.62,10392.36,8331
2023-02-07 07:00:00,10375.23,10495.05,10375.23,10474.1,18665
2023-02-07 08:00:00,10447.9,10624.13,10447.9,10468.84,10663
2023-02-07 09:00:00,10476.31,10610.84,10476.31,10497.31,13946
2023-02-07 10:00:00,10455.03,10690.67,10455.03,10639.35,13053
2023-02-07 11:00:00,10648.42,10983.09,10370.58,10563.14,14512
2023-02-07 12:00:00,10517.71,10636.86,10507.36,10615.63,14062
2023-02-07 13:00:00,10579.14,10827.87,10579.14,10585.64,8782
2023-02-07 14:00:00,10580.24,10622.72,10414.31,10601.52,12001
2023-02-07 15:00:00,10718.98,10863.89,10718.98,10752.56,9911
2023-02-07 16:00:00,10779.62,10807.64,10779.62,10786.07,6695
2023-02-07 17:00:00,10798.35,10896.15,10672.12,10803.67,12927
2023-02-07 18:00:00,10687.5,10687.5,10648.91,10666.17,15994
2023-02-07 19:00:00,10737.55,10781.65,10644.76,10760.13,9418
2023-02-07 20:00:00,10821.91,10865.28,10821.91,10843.59,8352
2023-02-07 21:00:00,10989.69,11117.63,10989.69,11095.44,5939
2023-02-07 22:00:00,11050.32,11075.55,11050.32,11072.46,8478
2023-02-07 23:00:00,11131.32,11131.32,11086.89,11109.1,14391
2023-02-08 00:00:00,11171.32,11171.32,11126.73,11149.02,11768
2023-02-08 01:00:00,11225.93,11455.57,11225.93,11340.18,15227
2023-02-08 02:00:00,11314.32,11430.35,11094.13,11340.49,14539
2023-02-08 03:00:00,11370.24,11473.67,11370.24,11384.07,14371
2023-02-08 04:00:00,11466.18,11786.4,11443.15,11466.08,8980
2023-02-08 05:00:00,11468.29,11522.15,11437.69,11499.15,15568
2023-02-08 06:00:00,11435.03,11692.7,11435.03,11457.94,6086
2023-02-08 07:00:00,11468.96,11567.87,11468.96,11491.94,17939
2023-02-08 08:00:00,11453.77,11652.22,11383.3,11628.97,8719
2023-02-08 09:00:00,11538.97,11643.47,11410.58,11517.99,13185
2023-02-08 10:00:00,11424.54,11567.86,11324.63,11544.77,11200
2023-02-08 11:00:00,11539.73,11539.73,11450.35,11473.3,15854
2023-02-08 12:00:00,11480.64,11709.82,11419.4,11624.62,12693
2023-02-08 13:00:00,11609.98,11609.98,11339.16,11454.69,8064
2023-02-08 14:00:00,11423.3,11423.3,11175.49,11400.5,7093
2023-02-08 15:00:00,11432.82,11478.65,11432.82,11455.73,8682
2023-02-08 16:00:00,11626.75,11697.51,11626.75,11650.05,12789
2023-02-08 17:00:00,11645.29,11791.21,11629.74,11653.04,8602
2023-02-08 18:00:00,11621.02,11621.02,11574.63,11597.83,8514
2023-02-08 19:00:00,11674.99,11855.49,11674.99,11831.82,6985
2023-02-08 20:00:00,11755.65,11755.65,11644.28,11667.61,18466
2023-02-08 21:00:00,11454.21,11454.21,11115.3,11416.94,10355
2023-02-08 22:00:00,11401.27,11591.8,11401.27,11480.04,7448
2023-02-08 23:00:00,11414.9,11455.8,11302.98,11432.94,8089
2023-02-09 00:00:00,11471.75,11471.75,11303.09,11325.74,15737
2023-02-09 01:00:00,11397.23,11621.2,11397.23,11420.07,10536
2023-02-09 02:00:00,11423.96,11483.47,11388.5,11460.55,12585
2023-02-09 03:00:00,11463.73,11513.2,11344.64,11406.55,11672
2023-02-09 04:00:00,11345.1,11416.35,10979.13,11269.72,14403
2023-02-09 05:00:00,11276.22,11406.53,11276.22,11382.77,9675
2023-02-09 06:00:00,11384.18,11601.17,11245.7,11470.76,11175
2023-02-09 07:00:00,11500.35,11574.07,11448.52,11471.47,8527
2023-02-09 08:00:00,11676.54,11723.34,11676.54,11699.94,9556
2023-02-09 09:00:00,11668.09,11736.55,11560.85,11584.02,7677
2023-02-09 10:00:00,11438.84,11438.84,11393.17,11416.01,10016
2023-02-09 11:00:00,11370.79,11370.79,11067.51,11348.09,7623
2023-02-09 12:00:00,11372.2,11378.33,11332.91,11355.62,13320
2023-02-09 13:00:00,11345.11,11571.71,11345.11,11396.54,11019
2023-02-09 14:00:00,11403.94,11444.12,11249.97,11381.22,8171
2023-02-09 15:00:00,11342.98,11439.69,11342.98,11434.79,5139
2023-02-09 16:00:00,11323.87,11323.87,11278.67,11301.27,12747
2023-02-09 17:00:00,11272.71,11503.76,11272.71,11480.79,10279
2023-02-09 18:00:00,11578.13,11935.37,11460.76,11483.72,9642
2023-02-09 19:00:00,11604.05,11900.23,11604.05,11627.3,8591
2023-02-09 20:00:00,11632.06,11703.49,11590.94,11680.13,18771
2023-02-09 21:00:00,11721.97,11770.19,11721.97,11746.7,8891
2023-02-09 22:00:00,11803.25,11917.63,11803.25,11826.91,11379
2023-02-09 23:00:00,11865.11,12031.85,11865.11,11892.63,5804
2023-02-10 00:00:00,11967.19,12006.17,11922.07,11982.21,9763
2023-02-10 01:00:00,12131.8,12156.73,12131.8,12156.11,12880
2023-02-10 02:00:00,12166.97,12589.89,12166.97,12191.36,11174
2023-02-10 03:00:00,12232.76,12618.23,12225.78,12290.29,7281
2023-02-10 04:00:00,12264.87,12314.03,12264.87,12289.45,9719
2023-02-10 05:00:00,12455.59,12505.51,12455.59,12480.55,10686
2023-02-10 06:00:00,12535.74,12535.74,12379.29,12404.1,9008
2023-02-10 07:00:00,12616.78,12818.85,12616.78,12642.06,5128
2023-02-10 08:00:00,12651.52,12671.43,12414.87,12646.14,5473
2023-02-10 09:00:00,12495.54,12495.54,12445.66,12470.6,10473
2023-02-10 10:00:00,12532.79,12602.5,12486.78,12496.84,8390
2023-02-10 11:00:00,12431.42,12492.05,12395.19,12420.03,14735
2023-02-10 12:00:00,12511.72,12561.87,12511.72,12536.79,16487
2023-02-10 13:00:00,12480.02,12488.25,12223.14,12463.33,10477
2023-02-10 14:00:00,12392.05,12741.24,12392.05,12416.89,10885
2023-02-10 15:00:00,12212.38,12212.38,12163.63,12188.0,9978
2023-02-10 16:00:00,12140.2,12194.76,12120.02,12143.04,11396
2023-02-10 17:00:00,11877.95,11877.95,11830.53,11854.24,7800
2023-02-10 18:00:00,11698.52,11698.52,11313.7,11675.17,8803
2023-02-10 19:00:00,11755.25,11873.97,11755.25,11778.81,8367
2023-02-10 20:00:00,11889.98,11898.02,11855.51,11885.92,16023
2023-02-10 21:00:00,11925.85,12096.89,11925.85,11949.75,11048
2023-02-10 22:00:00,11867.6,11867.6,11579.14,11843.91,11846
2023-02-10 23:00:00,11814.68,11889.44,11814.68,11850.67,7572
2023-02-11 00:00:00,11837.77,11958.27,11733.13,11862.87,9793
2023-02-11 01:00:00,11758.72,11758.72,11529.67,11735.25,9665
2023-02-11 02:00:00,11733.84,12074.7,11598.36,11928.23,11781
2023-02-11 03:00:00,12023.27,12071.46,12023.27,12047.36,9797
2023-02-11 04:00:00,12039.34,12039.34,11676.65,12032.35,7529
2023-02-11 05:00:00,12071.94,12071.94,12023.75,12047.84,7304
2023-02-11 06:00:00,12075.78,12109.85,12061.51,12085.68,12280
2023-02-11 07:00:00,11869.55,11869.55,11742.93,11845.85,7807
2023-02-11 08:00:00,11852.44,11852.44,11702.72,11828.79,10280
2023-02-11 09:00:00,11783.56,12037.0,11755.61,11759.31,14821
2023-02-11 10:00:00,11696.5,11724.4,11629.03,11652.33,13914
2023-02-11 11:00:00,11609.3,11853.97,11609.3,11632.57,9961
2023-02-11 12:00:00,11835.99,12004.03,11835.99,11859.7,13684
2023-02-11 13:00:00,11857.48,11974.29,11707.48,11950.39,9412
2023-02-11 14:00:00,12011.36,12069.44,11666.18,11893.56,15745
2023-02-11 15:00:00,11950.93,12011.93,11950.93,11975.94,8586
2023-02-11 16:00:00,12135.25,12183.89,12135.25,12159.57,6793
2023-02-11 17:00:00,12261.86,12370.35,12261.86,12286.43,15694
2023-02-11 18:00:00,12252.56,12486.16,12075.15,12305.72,10934
2023-02-11 19:00:00,12211.82,12260.76,12211.82,12236.29,13730
2023-02-11 20:00:00,12310.87,12540.42,12310.87,12335.54,10629
2023-02-11 21:00:00,12314.64,12421.78,12168.11,12396.98,12742
2023-02-11 22:00:00,12496.97,12567.81,12496.97,12522.02,12306
2023-02-11 23:00:00,12522.9,12639.93,12522.9,12614.7,9812
2023-02-12 00:00:00,12681.63,12786.38,12650.3,12760.86,11892
2023-02-12 01:00:00,12764.56,12931.22,12358.18,12701.24,13695
2023-02-12 02:00:00,12678.92,13212.12,12544.61,12882.4,14732
2023-02-12 03:00:00,12782.56,12919.5,12702.84,12918.01,7921
2023-02-12 04:00:00,13173.12,13227.55,13173.12,13201.14,6923
2023-02-12 05:00:00,13200.96,13206.85,13090.56,13116.79,6364
2023-02-12 06:00:00,13307.24,13475.73,13307.24,13358.27,8649
2023-02-12 07:00:00,13451.15,13451.15,13366.74,13393.53,10564
2023-02-12 08:00:00,13386.87,13654.41,13286.08,13312.71,10745
2023-02-12 09:00:00,13229.15,13282.17,13229.15,13255.66,7797
2023-02-12 10:00:00,13282.79,13282.79,13194.9,13221.34,9530
2023-02-12 11:00:00,13261.14,13358.62,13261.14,13287.72,11404
2023-02-12 12:00:00,13293.16,13394.45,13293.16,13367.71,11714
2023-02-12 13:00:00,13390.99,13447.8,13271.54,13298.14,10893
2023-02-12 14:00:00,13410.88,13713.79,12959.78,13303.89,9532
2023-02-12 15:00:00,13496.39,13760.96,13496.39,13603.66,12024
2023-02-12 16:00:00,13823.62,14109.4,13823.62,13851.32,29843
2023-02-12 17:00:00,13892.06,14211.92,13892.06,13919.9,8372
2023-02-12 18:00:00,13904.33,13960.06,13904.33,13932.2,7330
2023-02-12 19:00:00,13928.05,14110.77,13928.05,13955.96,7280
2023-02-12 20:00:00,14021.81,14395.1,14021.81,14049.91,6851
2023-02-12 21:00:00,13937.41,13937.41,13881.77,13909.59,14182
2023-02-12 22:00:00,13907.85,13907.85,13852.33,13880.09,15064
2023-02-12 23:00:00,13765.4,13765.4,13623.65,13650.95,14241
2023-02-13 00:00:00,13591.21,13764.95,13512.86,13714.66,11039
2023-02-13 01:00:00,13644.32,13840.69,13405.18,13813.06,9651
2023-02-13 02:00:00,13808.09,13943.88,13708.02,13752.59,7586
2023-02-13 03:00:00,13953.49,14028.26,13953.49,13981.46,6426
2023-02-13 04:00:00,13841.28,13841.28,13786.03,13813.66,9876
2023-02-13 05:00:00,13642.28,13642.28,13587.82,13615.05,9549
2023-02-13 06:00:00,13627.45,13682.07,13627.45,13654.76,12120
2023-02-13 07:00:00,13781.63,13836.87,13781.63,13809.25,5695
2023-02-13 08:00:00,14026.54,14082.76,14026.54,14054.65,9709
2023-02-13 09:00:00,14092.51,14127.83,13915.5,13996.27,8399
2023-02-13 10:00:00,14129.65,14186.28,14129.65,14157.96,21405
2023-02-13 11:00:00,14131.18,14187.82,14131.18,14159.5,17107
2023-02-13 12:00:00,14214.74,14287.44,13897.17,14141.52,8689
2023-02-13 13:00:00,14264.85,14383.35,14247.64,14276.19,17305
2023-02-13 14:00:00,14349.23,14406.75,14349.23,14377.99,6611
2023-02-13 15:00:00,14181.04,14181.04,14124.43,14152.74,13632
2023-02-13 16:00:00,14213.56,14401.84,14213.56,14373.09,9750
2023-02-13 17:00:00,14423.96,14610.81,14318.45,14581.65,9408
2023-02-13 18:00:00,14542.76,14542.76,14464.7,14493.69,14343
2023-02-13 19:00:00,14548.41,14587.01,14528.77,14557.89,13485
2023-02-13 20:00:00,14666.15,14666.15,14607.61,14636.88,9803
2023-02-13 21:00:00,14651.73,14831.61,14651.73,14681.1,17508
2023-02-13 22:00:00,14574.59,14757.03,14574.59,14603.8,12818
2023-02-13 23:00:00,14581.07,14663.03,14480.27,14509.29,7618
2023-02-14 00:00:00,14428.12,14540.6,14358.12,14511.58,15152
2023-02-14 01:00:00,14604.01,15027.89,14604.01,14691.23,5973
2023-02-14 02:00:00,14748.57,14976.73,14748.57,14778.12,9752
2023-02-14 03:00:00,14792.88,14867.44,14697.86,14727.32,10838
2023-02-14 04:00:00,14620.78,14933.24,14486.81,14848.75,8459
2023-02-14 05:00:00,14684.27,14684.27,14306.07,14421.89,9244
2023-02-14 06:00:00,14568.52,14611.36,14568.52,14597.71,7977
2023-02-14 07:00:00,14392.98,14392.98,14315.83,14344.52,7134
2023-02-14 08:00:00,14327.0,14327.0,14283.12,14298.4,13661
2023-02-14 09:00:00,14170.25,14170.25,13897.83,14141.96,12402
2023-02-14 10:00:00,13990.61,13990.61,13793.6,13962.69,13397
2023-02-14 11:00:00,14108.31,14291.0,14108.31,14136.58,9215
2023-02-14 12:00:00,14006.66,14104.97,13785.22,14076.81,8932
2023-02-14 13:00:00,14106.21,14162.75,14106.21,14134.48,8718
2023-02-14 14:00:00,14153.1,14153.1,13872.59,14135.29,7949
2023-02-14 15:00:00,14183.27,14240.11,14183.27,14211.69,6022
2023-02-14 16:00:00,14185.11,14455.29,14029.11,14230.1,10744
2023-02-14 17:00:00,14217.11,14217.11,14023.21,14051.31,9317
2023-02-14 18:00:00,14178.15,14333.12,14134.86,14202.69,12026
2023-02-14 19:00:00,14167.48,14167.48,13995.49,14139.2,14914
2023-02-14 20:00:00,14073.2,14259.62,13798.64,13923.14,7660
2023-02-14 21:00:00,13960.67,13965.81,13843.92,13871.67,6396
2023-02-14 22:00:00,13919.41,14121.78,13919.41,14093.59,9458
2023-02-14 23:00:00,14195.9,14345.84,14195.9,14224.35,11820
2023-02-15 00:00:00,14210.27,14210.27,13914.44,14181.91,10556
2023-02-15 01:00:00,14185.5,14364.81,14106.42,14139.68,10912
2023-02-15 02:00:00,14129.86,14129.86,14077.73,14101.65,9848
2023-02-15 03:00:00,14358.6,14445.78,14358.6,14409.09,7297
2023-02-15 04:00:00,14361.95,14901.46,14173.73,14472.53,12984
2023-02-15 05:00:00,14393.46,14811.54,14193.35,14543.15,11434
2023-02-15 06:00:00,14673.56,15264.12,14673.56,14702.96,4888
2023-02-15 07:00:00,14715.43,14807.21,14715.43,14744.92,7825
2023-02-15 08:00:00,14791.29,14791.29,14459.95,14712.03,16184
2023-02-15 09:00:00,14664.45,14877.78,14664.45,14688.75,10020
2023-02-15 10:00:00,14703.71,15089.5,14655.0,14684.37,13280
2023-02-15 11:00:00,14756.37,14849.57,14655.95,14685.32,11958
2023-02-15 12:00:00,14792.31,15035.89,14792.31,14800.88,8508
2023-02-15 13:00:00,14733.39,14844.31,14413.53,14814.68,7748
2023-02-15 14:00:00,14901.63,14961.36,14901.63,14931.5,10859
2023-02-15 15:00:00,14894.79,15030.6,14894.79,14924.64,9447
2023-02-15 16:00:00,14963.12,14963.12,14912.21,14942.09,11611
2023-02-15 17:00:00,14929.2,14957.64,14638.0,14642.91,15607
2023-02-15 18:00:00,14715.93,14939.62,14579.6,14787.1,9620
2023-02-15 19:00:00,14816.47,14875.85,14816.47,14846.16,11350
2023-02-15 20:00:00,14874.73,15198.0,14782.79,15004.02,15642
2023-02-15 21:00:00,14595.69,14595.69,14537.42,14566.56,13721
2023-02-15 22:00:00,14761.17,15155.53,14761.17,14884.94,14521
2023-02-15 23:00:00,14958.17,15072.61,14840.57,14870.31,7635
2023-02-16 00:00:00,15015.12,15134.26,15015.12,15045.21,11611
2023-02-16 01:00:00,15041.11,15211.34,14752.65,14891.54,8206
2023-02-16 02:00:00,14961.49,15021.45,14961.49,14991.47,10245
2023-02-16 03:00:00,14866.43,14866.43,14750.96,14836.75,10102
2023-02-16 04:00:00,14745.03,14800.18,14719.98,14749.47,12080
2023-02-16 05:00:00,14788.05,15075.33,14788.05,15045.24,10312
2023-02-16 06:00:00,14977.14,15052.18,14976.8,15022.14,13723
2023-02-16 07:00:00,14986.21,15295.39,14977.32,15061.78,8616
2023-02-16 08:00:00,14989.51,15232.32,14837.02,15201.92,13860
2023-02-16 09:00:00,15254.11,15399.73,15254.11,15284.68,9062
2023-02-16 10:00:00,15234.24,15344.3,15194.41,15313.67,11129
2023-02-16 11:00:00,15409.47,15429.29,15212.71,15376.45,17853
2023-02-16 12:00:00,15727.41,16081.97,15727.41,15758.93,17627
2023-02-16 13:00:00,15789.84,15979.89,15567.44,15752.97,12207
2023-02-16 14:00:00,15820.56,15820.56,15674.13,15788.98,5844
2023-02-16 15:00:00,15871.73,15993.78,15871.73,15961.86,6843
2023-02-16 16:00:00,16112.38,16162.4,16112.38,16144.67,13386
2023-02-16 17:00:00,16213.2,16374.59,16094.34,16341.9,11614
2023-02-16 18:00:00,16469.74,16482.06,16202.21,16449.16,7625
2023-02-16 19:00:00,16448.9,16534.18,16092.18,16257.56,11559
2023-02-16 20:00:00,16264.58,16562.88,16117.55,16529.82,8703
2023-02-16 21:00:00,16576.53,16629.42,15893.63,16336.21,7097
2023-02-16 22:00:00,16420.3,16420.3,16076.72,16387.53,6757
2023-02-16 23:00:00,16281.07,16281.07,15792.04,16262.06,11345
2023-02-17 00:00:00,16274.05,16334.82,16220.16,16252.67,10751
2023-02-17 01:00:00,16276.16,16389.92,16276.16,16308.77,9471
2023-02-17 02:00:00,16331.03,16611.75,16331.03,16363.75,6635
2023-02-17 03:00:00,16444.53,16854.05,16223.05,16435.42,10570
2023-02-17 04:00:00,16673.55,16740.38,16673.55,16706.96,15076
2023-02-17 05:00:00,16750.13,16788.12,16750.13,16783.69,8692
2023-02-17 06:00:00,16774.26,16774.26,16596.44,16740.78,8424
2023-02-17 07:00:00,16814.87,17174.4,16636.72,16904.64,15208
2023-02-17 08:00:00,16968.45,17419.52,16968.45,17108.1,12398
2023-02-17 09:00:00,16910.1,16910.1,16592.59,16891.15,15463
2023-02-17 10:00:00,16959.04,17027.02,16959.04,16993.03,9073
2023-02-17 11:00:00,17078.94,17329.96,17078.94,17113.17,9389
2023-02-17 12:00:00,17102.24,17269.52,17025.05,17059.17,9239
2023-02-17 13:00:00,17043.11,17331.45,17043.11,17296.86,13194
2023-02-17 14:00:00,17296.07,17301.74,17142.1,17267.2,7766
2023-02-17 15:00:00,17406.9,17741.2,17252.01,17286.58,12699
2023-02-17 16:00:00,17227.73,17297.17,17218.53,17253.04,7756
2023-02-17 17:00:00,17218.65,17287.66,17218.65,17253.15,9640
2023-02-17 18:00:00,17092.07,17092.07,17023.84,17057.95,7635
2023-02-17 19:00:00,17089.88,17163.74,16772.86,16806.47,11762
2023-02-17 20:00:00,16831.66,17115.1,16831.66,17080.93,6820
2023-02-17 21:00:00,17001.22,17047.72,16894.41,16932.8,16331
2023-02-17 22:00:00,16891.54,16964.94,16728.54,16762.06,10379
2023-02-17 23:00:00,16598.63,16598.63,16383.54,16395.16,9983
2023-02-18 00:00:00,16291.49,16324.48,16259.32,16291.9,13197
2023-02-18 01:00:00,16108.42,16108.42,16044.12,16076.27,11652
2023-02-18 02:00:00,16339.85,16622.87,16339.85,16351.27,7667
2023-02-18 03:00:00,16443.45,16557.31,16004.99,16524.26,10589
2023-02-18 04:00:00,16444.57,16444.57,16378.92,16411.75,10888
2023-02-18 05:00:00,16299.78,16826.79,16234.43,16793.2,10064
2023-02-18 06:00:00,16929.76,17243.15,16929.76,16963.69,5526
2023-02-18 07:00:00,16953.56,17281.47,16874.8,16908.62,14231
2023-02-18 08:00:00,16836.67,16836.67,16445.92,16478.87,8186
2023-02-18 09:00:00,16639.32,17168.69,16471.88,16867.87,10776
2023-02-18 10:00:00,16663.75,16663.75,16273.29,16630.48,10534
2023-02-18 11:00:00,16401.91,16401.91,16002.16,16354.41,6730
2023-02-18 12:00:00,16466.61,16725.44,16466.61,16529.73,6925
2023-02-18 13:00:00,16788.74,16978.88,16788.74,16944.99,11003
2023-02-18 14:00:00,17009.35,17441.56,17009.35,17185.82,14160
2023-02-18 15:00:00,17182.12,17319.57,16946.15,17285.0,11276
2023-02-18 16:00:00,17251.2,17424.56,17197.09,17389.78,15909
2023-02-18 17:00:00,17306.5,17592.37,17233.15,17540.45,9901
2023-02-18 18:00:00,17639.2,17790.63,17639.2,17674.55,7845
2023-02-18 19:00:00,17687.45,17758.34,17687.45,17722.9,8783
2023-02-18 20:00:00,17705.8,17951.22,17703.55,17739.03,8922
2023-02-18 21:00:00,17760.41,17760.41,17689.51,17724.96,21803
2023-02-18 22:00:00,17643.44,17740.71,17519.83,17586.01,5783
2023-02-18 23:00:00,17633.18,17633.18,17498.97,17534.04,14371
2023-02-19 00:00:00,17321.55,17345.18,17195.55,17230.01,12902
2023-02-19 01:00:00,17202.17,17247.71,16980.45,17213.28,9013
2023-02-19 02:00:00,17074.08,17074.08,16992.42,17040.0,10408
2023-02-19 03:00:00,16883.12,16883.12,16744.77,16849.42,8331
2023-02-19 04:00:00,16780.14,16970.1,16426.28,16883.14,12225
2023-02-19 05:00:00,17091.75,17160.26,17091.75,17126.01,8707
2023-02-19 06:00:00,17253.99,17323.15,17253.99,17288.57,5539
2023-02-19 07:00:00,17046.65,17046.65,16927.38,17012.63,8398
2023-02-19 08:00:00,16915.8,17215.67,16415.0,16843.28,11819
2023-02-19 09:00:00,16853.67,17042.1,16650.84,17008.09,7624
2023-02-19 10:00:00,16856.59,16856.59,16612.39,16839.69,5348
2023-02-19 11:00:00,16825.52,16889.78,16439.41,16804.19,8630
2023-02-19 12:00:00,16820.46,16935.92,16813.47,16902.12,8233
2023-02-19 13:00:00,16882.97,17100.58,16224.3,16738.35,13401
2023-02-19 14:00:00,16670.71,16930.77,16465.26,16760.62,7592
2023-02-19 15:00:00,16734.73,16734.73,16303.34,16536.49,11466
2023-02-19 16:00:00,16469.42,17073.52,16407.27,16440.15,6510
2023-02-19 17:00:00,16420.6,16532.58,16420.6,16499.58,8266
2023-02-19 18:00:00,16358.1,16358.1,16058.6,16236.97,6497
2023-02-19 19:00:00,16314.62,16531.69,16284.43,16317.07,6256
2023-02-19 20:00:00,16202.35,16446.37,16107.73,16320.41,9154
2023-02-19 21:00:00,16386.36,16452.04,16386.36,16419.2,7147
2023-02-19 22:00:00,16413.25,16496.05,16319.72,16463.12,13729
2023-02-19 23:00:00,16661.18,16921.53,16661.18,16698.41,5939
2023-02-20 00:00:00,16828.22,17098.83,16562.2,16724.54,10932
2023-02-20 01:00:00,16622.76,17212.04,16622.76,16656.07,8399
2023-02-20 02:00:00,16624.67,16689.81,16413.39,16682.09,6750
2023-02-20 03:00:00,16746.45,16831.79,16746.45,16780.01,18076
2023-02-20 04:00:00,16643.29,16859.82,16537.32,16793.44,10640
2023-02-20 05:00:00,16781.4,16838.99,16771.77,16805.38,7039
2023-02-20 06:00:00,16784.02,17158.29,16656.57,16689.95,10800
2023-02-20 07:00:00,16703.11,16750.37,16177.54,16582.71,9051
2023-02-20 08:00:00,16524.98,16524.98,16120.89,16351.49,17332
2023-02-20 09:00:00,16446.07,17008.13,15777.69,16650.74,10390
2023-02-20 10:00:00,16478.18,16478.18,16147.5,16445.29,8236
2023-02-20 11:00:00,16359.74,16368.85,15955.23,16336.18,11098
2023-02-20 12:00:00,16285.16,16285.16,16191.85,16224.3,6883
2023-02-20 13:00:00,16276.75,16551.89,16085.24,16381.25,7274
2023-02-20 14:00:00,16372.59,16372.59,16202.31,16339.91,10647
2023-02-20 15:00:00,16523.4,16611.15,16523.4,16556.51,7396
2023-02-20 16:00:00,16482.96,16482.96,15963.8,16450.06,12414
2023-02-20 17:00:00,16372.74,16537.71,16372.74,16504.7,8191
2023-02-20 18:00:00,16366.48,16404.03,16338.54,16371.28,8736
2023-02-20 19:00:00,16575.72,17060.75,16575.72,16737.68,15394
2023-02-20 20:00:00,16591.74,16772.84,16507.8,16540.88,15983
2023-02-20 21:00:00,16482.76,16633.64,16423.78,16600.44,13759
2023-02-20 22:00:00,16681.45,16719.94,16681.45,16714.88,9816
2023-02-20 23:00:00,16758.22,16825.39,16758.22,16791.81,11429
2023-02-21 00:00:00,16908.35,16911.02,16732.46,16766.0,10000
2023-02-21 01:00:00,16760.53,16933.38,16716.37,16749.87,7285
2023-02-21 02:00:00,16781.0,16796.82,16384.95,16763.3,13834
2023-02-21 03:00:00,16763.75,16763.75,16286.57,16743.92,5903
2023-02-21 04:00:00,16818.47,16948.29,16818.47,16914.46,11674
2023-02-21 05:00:00,17266.69,17336.04,17266.69,17301.3,13776
2023-02-21 06:00:00,17286.61,17460.8,16820.78,17206.08,19348
2023-02-21 07:00:00,17003.4,17003.4,16746.84,16969.46,8775
2023-02-21 08:00:00,16993.13,16993.13,16785.39,16959.21,9694
2023-02-21 09:00:00,17146.34,17445.92,16964.05,17411.1,10073
2023-02-21 10:00:00,17435.87,17435.87,17019.81,17271.47,16223
2023-02-21 11:00:00,17528.97,17599.22,17528.97,17564.1,18530
2023-02-21 12:00:00,17702.6,17992.4,17702.6,17866.83,8979
2023-02-21 13:00:00,17801.8,17801.8,17060.73,17766.27,9684
2023-02-21 14:00:00,17697.78,18055.21,17676.76,17870.61,10463
2023-02-21 15:00:00,18152.7,18204.45,18152.7,18168.11,14056
2023-02-21 16:00:00,18228.17,18336.58,17790.84,18096.54,10713
2023-02-21 17:00:00,18094.19,18094.19,17455.96,18058.08,7958
2023-02-21 18:00:00,17994.91,18299.01,17900.26,17950.33,17361
2023-02-21 19:00:00,17906.68,17971.73,16737.55,17764.83,6863
2023-02-21 20:00:00,17683.83,17683.83,17557.28,17648.54,10923
2023-02-21 21:00:00,17699.25,17764.54,17395.57,17430.43,11429
2023-02-21 22:00:00,17405.13,17828.97,17304.97,17440.03,5702
2023-02-21 23:00:00,17632.47,17632.47,17234.49,17306.38,9673
2023-02-22 00:00:00,17317.33,17427.14,17317.33,17352.03,11247
2023-02-22 01:00:00,17140.95,17140.95,16951.77,17080.83,7758
2023-02-22 02:00:00,17110.25,17266.67,17110.25,17144.54,9239
2023-02-22 03:00:00,17261.34,17956.28,17261.34,17295.93,12849
2023-02-22 04:00:00,16982.59,16982.59,16500.0,16948.69,7254
2023-02-22 05:00:00,17129.47,17697.17,16844.19,17020.18,6844
2023-02-22 06:00:00,17205.44,17556.83,17205.44,17239.92,13503
2023-02-22 07:00:00,17066.34,17066.34,16646.79,17032.27,10798
2023-02-22 08:00:00,17294.82,17364.14,17294.82,17329.48,7687
2023-02-22 09:00:00,17286.39,17563.76,17286.39,17408.39,13111
2023-02-22 10:00:00,17322.46,17322.46,17117.6,17287.88,15253
2023-02-22 11:00:00,17262.15,17385.62,17249.22,17283.79,9828
2023-02-22 12:00:00,17353.45,17427.65,17353.45,17388.23,15097
2023-02-22 13:00:00,17442.22,17442.22,16909.41,17407.41,9155
2023-02-22 14:00:00,17489.68,17906.2,17473.78,17508.79,9474
2023-02-22 15:00:00,17476.24,17476.24,16965.85,17349.59,8025
2023-02-22 16:00:00,17359.75,17420.87,17359.75,17386.09,8273
2023-02-22 17:00:00,17414.09,17551.61,17107.39,17141.67,9564
2023-02-22 18:00:00,17276.27,17454.83,16959.24,17129.98,10777
2023-02-22 19:00:00,17136.11,17343.71,16899.63,16979.56,15102
2023-02-22 20:00:00,17054.02,17465.98,16826.82,16860.54,12610
2023-02-22 21:00:00,17048.35,17116.68,17048.35,17082.52,11305
2023-02-22 22:00:00,17085.83,17447.06,16721.02,17281.15,11972
2023-02-22 23:00:00,17361.26,17426.4,17361.26,17396.06,8002
2023-02-23 00:00:00,17425.62,17527.73,17157.47,17208.95,9015
2023-02-23 01:00:00,17217.44,17217.44,16516.89,17160.94,17483
2023-02-23 02:00:00,17198.77,17415.98,17083.91,17381.22,16386
2023-02-23 03:00:00,17363.09,17464.7,17039.68,17413.01,7447
2023-02-23 04:00:00,17696.88,17867.36,17696.88,17831.7,8220
2023-02-23 05:00:00,17871.81,17981.37,17871.81,17907.62,11375
2023-02-23 06:00:00,17977.51,17982.96,17911.17,17947.07,8564
2023-02-23 07:00:00,18065.85,18113.19,17616.32,17894.66,8241
2023-02-23 08:00:00,17819.38,18072.2,17819.38,17923.59,13486
2023-02-23 09:00:00,17665.31,17935.91,17389.94,17900.11,8202
2023-02-23 10:00:00,17998.05,18460.42,17998.05,18034.12,9026
2023-02-23 11:00:00,17948.57,18250.44,17795.06,18214.01,14415
2023-02-23 12:00:00,18092.42,18261.54,18034.6,18070.74,10368
2023-02-23 13:00:00,17864.71,17864.71,17793.39,17829.05,6745
2023-02-23 14:00:00,17876.33,17977.08,16976.26,17500.26,13054
2023-02-23 15:00:00,17535.51,17633.5,17535.51,17598.3,4333
2023-02-23 16:00:00,17441.86,17441.86,17193.82,17407.04,10306
2023-02-23 17:00:00,17107.28,17107.28,16722.02,17032.28,7731
2023-02-23 18:00:00,17038.63,17143.91,16906.0,17109.69,8597
2023-02-23 19:00:00,17519.35,17589.57,17519.35,17554.46,6769
2023-02-23 20:00:00,17583.3,17761.41,17525.19,17560.31,12144
2023-02-23 21:00:00,17770.29,17891.89,17671.87,17717.39,6902
2023-02-23 22:00:00,17730.02,17773.74,17702.78,17738.26,12582
2023-02-23 23:00:00,17690.9,17824.67,17690.9,17726.35,15109
2023-02-24 00:00:00,17782.25,18266.55,17519.83,17898.46,10194
2023-02-24 01:00:00,17808.0,17886.17,17291.22,17850.47,12514
2023-02-24 02:00:00,17923.38,18176.58,17793.99,17904.3,13349
2023-02-24 03:00:00,17943.78,18063.57,17719.4,17967.99,11651
2023-02-24 04:00:00,17845.62,18084.14,17814.44,17850.14,8592
2023-02-24 05:00:00,18000.36,18072.51,18000.36,18036.44,11493
2023-02-24 06:00:00,17973.11,18045.15,17973.11,18009.13,12742
2023-02-24 07:00:00,17960.36,17960.36,17770.69,17875.11,8453
2023-02-24 08:00:00,17928.17,18381.93,17928.17,17978.7,9037
2023-02-24 09:00:00,17906.75,17906.75,17783.35,17818.99,8718
2023-02-24 10:00:00,17794.66,17890.08,17794.66,17830.32,11753
2023-02-24 11:00:00,17870.59,17870.59,17694.62,17834.92,9521
2023-02-24 12:00:00,18002.74,18297.14,18002.74,18038.82,5806
2023-02-24 13:00:00,17888.72,18408.97,17782.21,18131.3,14527
2023-02-24 14:00:00,18167.35,18167.35,17866.6,18131.09,6138
2023-02-24 15:00:00,18109.31,18323.67,18106.14,18287.1,8023
2023-02-24 16:00:00,18513.39,18587.6,18513.39,18550.49,12038
2023-02-24 17:00:00,18637.02,18676.28,18621.39,18658.71,7459
2023-02-24 18:00:00,18792.77,18792.77,18625.32,18662.64,18559
2023-02-24 19:00:00,18413.48,18489.21,18377.84,18414.67,15936
2023-02-24 20:00:00,18254.19,18254.19,18097.22,18217.76,9645
2023-02-24 21:00:00,18182.76,18273.61,18129.25,18165.58,7251
2023-02-24 22:00:00,18340.17,18602.71,18021.22,18057.34,13956
2023-02-24 23:00:00,17992.62,18064.73,17992.62,18028.68,10122
2023-02-25 00:00:00,17955.41,18078.54,17552.9,18044.9,19860
2023-02-25 01:00:00,18208.46,18267.62,18046.03,18148.28,9025
2023-02-25 02:00:00,18111.92,18170.37,18104.54,18140.82,8057
2023-02-25 03:00:00,18055.01,18273.19,17925.83,18236.72,11014
2023-02-25 04:00:00,18217.59,18290.61,18217.59,18254.1,15375
2023-02-25 05:00:00,18003.89,18003.89,17855.46,17891.24,5301
2023-02-25 06:00:00,17776.89,17776.89,17603.88,17726.79,11640
2023-02-25 07:00:00,17679.41,18218.0,16945.74,17708.9,6939
2023-02-25 08:00:00,17570.22,17570.22,17360.92,17498.88,12547
2023-02-25 09:00:00,17580.54,18100.96,17580.54,17615.77,5849
2023-02-25 10:00:00,17864.18,18103.82,17864.18,17899.98,16353
2023-02-25 11:00:00,17910.31,18165.97,17909.55,18129.71,9610
2023-02-25 12:00:00,18224.72,18330.17,18059.7,18095.89,12067
2023-02-25 13:00:00,18340.39,18500.04,18340.39,18377.14,10758
2023-02-25 14:00:00,18372.87,18479.41,18372.87,18409.69,11497
2023-02-25 15:00:00,18387.73,18387.73,18314.33,18351.03,10566
2023-02-25 16:00:00,18277.78,18277.78,18204.81,18241.29,8051
2023-02-25 17:00:00,18229.88,18229.88,18154.39,18190.77,11697
2023-02-25 18:00:00,18204.28,18204.28,18088.5,18124.75,12748
2023-02-25 19:00:00,18075.46,18199.36,17820.28,18163.04,18404
2023-02-25 20:00:00,18163.06,18330.95,18163.06,18199.45,9345
2023-02-25 21:00:00,18129.05,18240.55,18126.37,18206.16,7235
2023-02-25 22:00:00,18428.73,18485.85,18256.81,18293.4,9102
2023-02-25 23:00:00,18396.37,18558.21,18251.35,18521.17,13202
2023-02-26 00:00:00,18609.38,18742.18,18395.53,18704.77,11505
2023-02-26 01:00:00,18529.16,18689.35,18125.24,18424.48,7908
2023-02-26 02:00:00,18188.17,18188.17,17913.25,17949.15,21093
2023-02-26 03:00:00,17968.36,18408.03,17694.83,18128.0,13534
2023-02-26 04:00:00,17917.88,17917.88,17846.35,17882.11,11383
2023-02-26 05:00:00,17861.43,17886.44,17749.57,17849.41,7050
2023-02-26 06:00:00,17680.45,17680.45,17481.96,17645.16,8546
2023-02-26 07:00:00,17365.27,17365.27,17295.95,17330.61,8591
2023-02-26 08:00:00,17336.07,17622.82,17267.23,17438.07,13792
2023-02-26 09:00:00,17425.42,17619.52,17222.36,17584.35,6945
2023-02-26 10:00:00,17367.74,17526.36,17365.27,17491.38,12142
2023-02-26 11:00:00,17044.38,17044.38,17005.88,17039.96,12485
2023-02-26 12:00:00,17039.89,17312.11,16874.13,16958.51,6386
2023-02-26 13:00:00,16951.86,17408.17,16951.86,17040.22,12810
2023-02-26 14:00:00,16829.98,16829.98,16637.85,16796.39,8856
2023-02-26 15:00:00,16687.19,16876.55,16687.19,16842.86,12972
2023-02-26 16:00:00,16820.24,16874.53,16735.62,16855.04,10146
2023-02-26 17:00:00,16905.47,17186.87,16905.47,16969.63,12110
2023-02-26 18:00:00,17060.86,17182.71,16970.52,17004.53,10258
2023-02-26 19:00:00,17054.04,17181.14,16816.0,16849.7,8468
2023-02-26 20:00:00,17036.17,17088.03,17036.17,17070.31,8979
2023-02-26 21:00:00,17090.73,17090.73,16784.08,17056.62,11308
2023-02-26 22:00:00,17043.11,17099.6,17031.33,17065.46,7706
2023-02-26 23:00:00,16950.4,16950.4,16882.74,16916.57,8727
2023-02-27 00:00:00,16820.58,17042.49,16820.58,16854.29,11237
2023-02-27 01:00:00,16958.64,16975.2,16642.75,16716.76,20720
2023-02-27 02:00:00,16798.42,16838.6,16593.84,16702.47,13241
2023-02-27 03:00:00,16957.75,17043.49,16957.75,17009.48,11435
2023-02-27 04:00:00,16786.68,16786.68,16713.28,16785.09,12471
2023-02-27 05:00:00,16667.84,16983.18,16263.74,16523.4,10496
2023-02-27 06:00:00,16753.87,16830.59,16753.87,16787.45,8594
2023-02-27 07:00:00,16799.7,16799.7,16732.64,16766.17,8788
2023-02-27 08:00:00,16699.47,16699.47,16308.53,16666.13,7244
2023-02-27 09:00:00,16824.47,16935.06,16824.47,16858.18,7569
2023-02-27 10:00:00,16914.48,16914.48,16409.47,16768.09,15895
2023-02-27 11:00:00,16813.79,17104.35,16813.79,17095.17,9916
2023-02-27 12:00:00,17192.19,17377.44,17192.19,17226.65,13678
2023-02-27 13:00:00,17133.04,17363.76,16971.26,17153.37,10416
2023-02-27 14:00:00,17508.77,17578.95,17508.77,17543.86,11903
2023-02-27 15:00:00,17477.57,17477.57,17247.28,17446.33,13949
2023-02-27 16:00:00,17428.65,17625.35,17428.65,17590.17,10342
2023-02-27 17:00:00,17497.37,17690.03,17133.53,17654.72,17079
2023-02-27 18:00:00,17864.01,18019.75,17864.01,17899.81,9944
2023-02-27 19:00:00,18157.66,18230.44,18157.66,18194.05,7107
2023-02-27 20:00:00,18231.7,18331.26,17481.21,18207.34,6595
2023-02-27 21:00:00,18102.87,18102.87,17696.57,18074.68,11986
2023-02-27 22:00:00,18162.84,18631.6,17693.01,18167.55,10414
2023-02-27 23:00:00,18085.48,18085.48,18013.28,18049.38,12525
2023-02-28 00:00:00,18197.99,18465.1,18197.99,18428.25,16602
2023-02-28 01:00:00,18409.91,18505.51,17632.66,18459.83,10234
2023-02-28 02:00:00,18415.81,18433.79,18360.2,18396.99,12927
2023-02-28 03:00:00,18474.77,18474.77,18401.02,18437.9,7679
2023-02-28 04:00:00,18226.73,18226.73,18153.97,18190.35,8712
2023-02-28 05:00:00,18369.53,18369.53,17981.47,18017.51,11534
2023-02-28 06:00:00,18206.34,18283.55,18206.34,18247.05,9705
2023-02-28 07:00:00,18179.96,18179.96,17824.22,18132.04,6639
2023-02-28 08:00:00,17927.19,17982.21,17860.48,17946.32,12661
2023-02-28 09:00:00,18017.67,18089.89,18017.67,18053.78,8944
2023-02-28 10:00:00,18244.33,18478.09,18244.33,18280.9,5572
2023-02-28 11:00:00,18302.67,18740.82,18302.67,18422.02,12207
2023-02-28 12:00:00,18561.62,18652.87,18561.62,18615.64,14637
2023-02-28 13:00:00,18733.16,18734.38,17971.04,18477.42,12224
2023-02-28 14:00:00,18252.19,18252.19,18176.34,18215.76,7016
2023-02-28 15:00:00,18143.69,18940.58,18027.41,18502.74,8281
2023-02-28 16:00:00,18395.16,18884.36,18256.78,18448.0,11593
2023-02-28 17:00:00,18422.97,18645.47,18370.87,18407.68,10838
2023-02-28 18:00:00,18627.28,18701.94,18627.28,18664.61,13977
2023-02-28 19:00:00,18739.11,19056.66,18739.11,18776.66,12213
2023-02-28 20:00:00,18852.47,18958.56,18831.87,18869.61,11848
2023-02-28 21:00:00,19207.9,19330.11,19207.9,19291.53,11021
2023-02-28 22:00:00,19205.57,19205.57,19030.4,19167.24,8871
2023-02-28 23:00:00,19087.46,19445.35,18852.89,19352.0,13018
2023-03-01 00:00:00,19404.28,19404.28,19326.81,19365.54,9318
2023-03-01 01:00:00,19382.36,20353.05,19382.36,19421.2,12634
2023-03-01 02:00:00,19437.67,19805.35,19437.67,19726.68,14479
2023-03-01 03:00:00,19739.49,19868.93,19739.49,19829.28,8171
2023-03-01 04:00:00,19898.14,19959.87,19898.14,19938.02,10151
2023-03-01 05:00:00,20195.88,20195.88,20115.26,20155.57,9067
2023-03-01 06:00:00,20118.69,20118.69,20053.5,20078.54,18245
2023-03-01 07:00:00,20019.64,20462.4,19865.27,19905.08,12605
2023-03-01 08:00:00,19750.0,19830.54,19653.79,19693.18,13948
2023-03-01 09:00:00,19388.63,19388.63,19212.43,19299.52,8062
2023-03-01 10:00:00,19375.71,19861.4,19132.26,19708.48,7914
2023-03-01 11:00:00,19527.02,19527.02,19449.07,19488.04,8132
2023-03-01 12:00:00,19408.52,19836.71,19408.52,19447.41,7581
2023-03-01 13:00:00,19434.81,19434.81,19357.23,19396.02,7304
2023-03-01 14:00:00,19428.62,19932.14,19195.42,19460.77,6885
2023-03-01 15:00:00,19534.99,19649.57,19534.99,19626.58,11487
2023-03-01 16:00:00,19669.55,19841.36,19479.86,19801.76,15459
2023-03-01 17:00:00,19737.94,19737.94,19646.24,19685.62,12999
2023-03-01 18:00:00,19617.69,19693.99,19366.64,19654.68,18003
2023-03-01 19:00:00,19690.67,19923.77,19674.91,19714.34,6768
2023-03-01 20:00:00,19785.63,20297.97,19627.85,19667.18,6064
2023-03-01 21:00:00,19826.53,20287.13,19826.53,19993.34,7827
2023-03-01 22:00:00,19999.39,20135.26,19648.42,20095.07,9117
2023-03-01 23:00:00,20206.31,20409.0,20206.31,20246.81,5150
2023-03-02 00:00:00,20343.14,20424.68,20343.14,20383.91,15980
2023-03-02 01:00:00,20395.08,20829.45,19996.76,20627.43,11554
2023-03-02 02:00:00,20721.05,21060.18,20622.0,20663.33,11571
2023-03-02 03:00:00,20512.19,20655.42,20274.93,20387.47,10433
2023-03-02 04:00:00,20522.7,20644.08,20039.5,20470.5,13692
2023-03-02 05:00:00,20374.78,20374.78,20293.44,20334.11,7996
2023-03-02 06:00:00,20527.2,20612.9,20148.64,20224.8,8312
2023-03-02 07:00:00,20304.61,20387.75,20200.43,20347.06,7651
2023-03-02 08:00:00,20563.34,20645.76,20563.34,20604.55,11073
2023-03-02 09:00:00,20566.41,20648.84,20566.41,20607.63,14909
2023-03-02 10:00:00,20676.59,20676.59,20629.99,20671.33,7075
2023-03-02 11:00:00,20529.72,21370.37,20516.38,21028.99,20217
2023-03-02 12:00:00,21034.57,21491.46,21034.57,21076.72,10415
2023-03-02 13:00:00,21562.93,21867.79,21562.93,21631.78,7764
2023-03-02 14:00:00,21513.36,21882.8,21334.52,21747.79,11866
2023-03-02 15:00:00,21381.1,21381.1,21304.83,21347.53,8465
2023-03-02 16:00:00,21277.28,21705.88,21178.29,21504.74,8750
2023-03-02 17:00:00,21537.49,21623.81,21537.49,21580.65,14897
2023-03-02 18:00:00,21919.11,22164.06,21812.89,21856.61,15582
2023-03-02 19:00:00,21726.97,22368.34,21497.87,21996.92,11833
2023-03-02 20:00:00,21911.02,21998.84,21911.02,21954.93,14270
2023-03-02 21:00:00,21713.0,21713.0,21645.8,21669.66,5714
2023-03-02 22:00:00,21631.58,22080.05,21571.66,21614.89,12243
2023-03-02 23:00:00,21462.33,21462.33,21376.65,21419.49,11929
2023-03-03 00:00:00,21422.5,21778.6,21244.0,21286.57,8210
2023-03-03 01:00:00,21366.54,21452.18,21366.54,21409.36,14073
2023-03-03 02:00:00,21435.76,21811.9,21435.76,21768.36,13192
2023-03-03 03:00:00,21803.74,21908.18,21803.74,21847.44,8491
2023-03-03 04:00:00,21606.35,21606.35,21263.48,21571.47,11094
2023-03-03 05:00:00,21619.12,21884.86,21619.12,21662.45,11177
2023-03-03 06:00:00,21875.41,21963.09,21875.41,21919.25,7511
2023-03-03 07:00:00,21816.54,21816.54,21729.45,21772.99,9455
2023-03-03 08:00:00,21715.34,22014.07,21690.89,21734.35,7778
2023-03-03 09:00:00,21674.53,21772.27,21674.53,21728.81,10431
2023-03-03 10:00:00,21670.56,22004.03,21367.24,21546.12,18732
2023-03-03 11:00:00,21561.09,22237.81,21368.06,21681.77,11345
2023-03-03 12:00:00,21691.22,21778.19,21603.83,21647.12,10846
2023-03-03 13:00:00,21748.53,22021.64,21688.49,21731.96,11796
2023-03-03 14:00:00,21569.94,21569.94,21304.68,21526.88,10887
2023-03-03 15:00:00,21400.2,21754.31,21381.7,21424.55,14148
2023-03-03 16:00:00,21533.84,21620.14,21533.84,21576.99,19118
2023-03-03 17:00:00,21594.62,21594.62,21217.3,21488.22,11292
2023-03-03 18:00:00,21817.45,22299.95,21817.45,21861.17,9768
2023-03-03 19:00:00,21796.6,21796.6,21501.4,21763.83,10798
2023-03-03 20:00:00,21762.84,21963.69,21762.84,21806.29,7752
2023-03-03 21:00:00,21961.86,22049.88,21961.86,22005.87,9869
2023-03-03 22:00:00,21721.38,21721.38,21586.6,21678.03,13629
2023-03-03 23:00:00,21521.6,21521.6,21239.37,21281.94,7470
2023-03-04 00:00:00,20988.96,20988.96,20718.09,20947.06,10596
2023-03-04 01:00:00,21090.75,21520.2,20990.9,21215.86,10084
2023-03-04 02:00:00,21334.15,21376.66,21051.43,21093.62,11771
2023-03-04 03:00:00,21599.41,21973.62,21599.41,21642.7,8114
2023-03-04 04:00:00,21435.74,21764.99,21435.74,21512.31,11691
2023-03-04 05:00:00,21505.05,21650.5,21505.05,21548.15,6429
2023-03-04 06:00:00,21838.39,22003.16,21838.39,21882.15,10163
2023-03-04 07:00:00,22209.27,22367.4,22209.27,22322.76,14148
2023-03-04 08:00:00,22618.27,22979.58,22618.27,22781.61,9558
2023-03-04 09:00:00,22967.42,23310.03,22921.2,23048.05,10444
2023-03-04 10:00:00,23153.65,23382.74,23153.65,23272.29,14698
2023-03-04 11:00:00,23470.26,23761.58,23334.25,23394.58,13203
2023-03-04 12:00:00,23346.03,23608.35,23002.71,23561.23,11841
2023-03-04 13:00:00,23432.29,23688.2,23361.47,23408.29,8810
2023-03-04 14:00:00,23240.18,23240.18,22658.44,23193.8,11274
2023-03-04 15:00:00,23099.94,23513.78,22776.87,23176.09,5959
2023-03-04 16:00:00,23262.95,23262.95,22796.01,23119.26,11657
2023-03-04 17:00:00,22946.48,23006.07,22706.09,22996.22,6706
2023-03-04 18:00:00,22881.34,23190.96,22832.6,23144.67,11842
2023-03-04 19:00:00,23368.61,23604.37,23123.43,23354.16,5939
2023-03-04 20:00:00,23289.85,23447.94,23210.83,23357.49,8229
2023-03-04 21:00:00,23540.74,23760.57,23540.74,23691.96,6990
2023-03-04 22:00:00,23442.04,23442.04,23223.82,23395.25,9520
2023-03-04 23:00:00,23363.47,23363.47,23078.64,23331.49,7793
2023-03-05 00:00:00,23288.22,23742.63,22797.07,23144.15,8297
2023-03-05 01:00:00,22733.46,22733.46,22628.41,22688.09,8799
2023-03-05 02:00:00,22703.07,22703.07,22345.14,22657.76,18710
2023-03-05 03:00:00,22662.85,22664.02,22573.55,22618.79,12340
2023-03-05 04:00:00,22911.93,23266.67,22911.93,22957.84,8865
2023-03-05 05:00:00,22989.88,23138.89,22989.88,23092.71,8555
2023-03-05 06:00:00,23195.78,23285.31,22802.86,22837.63,16740
2023-03-05 07:00:00,23211.85,23266.38,23211.85,23258.37,7915
2023-03-05 08:00:00,23486.34,23580.47,23486.34,23533.4,17576
2023-03-05 09:00:00,23632.29,24072.31,23325.98,23656.42,9171
2023-03-05 10:00:00,23531.93,24085.26,23341.23,23584.03,7963
2023-03-05 11:00:00,23382.8,23382.8,22972.0,23336.13,13059
2023-03-05 12:00:00,23483.56,23928.41,22699.55,23232.8,9127
2023-03-05 13:00:00,23293.68,23670.17,22824.28,23477.23,5695
2023-03-05 14:00:00,23865.28,24097.45,23865.28,23913.11,8101
2023-03-05 15:00:00,24221.71,24543.12,24221.71,24270.25,12355
2023-03-05 16:00:00,24164.18,24164.18,24078.14,24126.4,10755
2023-03-05 17:00:00,23977.56,24106.01,23615.38,23829.09,11199
2023-03-05 18:00:00,23867.0,24341.07,23796.45,23844.14,9921
2023-03-05 19:00:00,23723.87,23723.87,23258.89,23394.32,14899
2023-03-05 20:00:00,23502.86,23502.86,23409.04,23455.95,11971
2023-03-05 21:00:00,23432.26,23451.5,23344.01,23404.69,8668
2023-03-05 22:00:00,23351.03,23397.58,23231.35,23277.91,9647
2023-03-05 23:00:00,22929.96,22929.96,22838.43,22884.19,6974
2023-03-06 00:00:00,22947.03,23039.0,22947.03,22993.02,12344
2023-03-06 01:00:00,22840.05,22902.05,22603.0,22856.33,11433
2023-03-06 02:00:00,22732.23,22860.47,22527.91,22573.05,8275
2023-03-06 03:00:00,22046.44,22046.44,21283.52,21903.74,16272
2023-03-06 04:00:00,21837.22,21901.58,21340.44,21895.0,8385
2023-03-06 05:00:00,22244.43,23071.46,22244.43,22289.01,9112
2023-03-06 06:00:00,22408.99,23137.93,22208.54,22661.82,13955
2023-03-06 07:00:00,22564.69,22564.69,22503.13,22548.23,6866
2023-03-06 08:00:00,22616.08,22798.32,22306.63,22402.48,18083
2023-03-06 09:00:00,22548.74,22548.74,22387.82,22503.73,12343
2023-03-06 10:00:00,22312.42,22312.42,21882.09,22267.89,8092
2023-03-06 11:00:00,22298.98,22478.32,22291.09,22331.81,7827
2023-03-06 12:00:00,22348.01,22545.12,21740.18,22501.53,14716
2023-03-06 13:00:00,22731.65,22822.76,22731.65,22777.21,12849
2023-03-06 14:00:00,22784.59,22868.01,22700.15,22745.64,15023
2023-03-06 15:00:00,22756.87,22876.61,22382.13,22690.29,9083
2023-03-06 16:00:00,22601.82,22601.82,22270.64,22479.62,10903
2023-03-06 17:00:00,22369.65,22369.65,22239.58,22284.15,5625
2023-03-06 18:00:00,22273.14,22273.14,21619.7,22228.68,6112
2023-03-06 19:00:00,22353.47,22353.47,22120.68,22308.86,7320
2023-03-06 20:00:00,22474.4,22584.54,22467.79,22512.81,12736
2023-03-06 21:00:00,22376.71,22756.25,22278.34,22322.99,11273
2023-03-06 22:00:00,22266.71,23016.24,22266.71,22659.8,8552
2023-03-06 23:00:00,22623.45,22920.99,22500.14,22591.39,6856
2023-03-07 00:00:00,22618.88,22626.43,22321.52,22581.52,7155
2023-03-07 01:00:00,22440.46,22531.77,22190.03,22404.76,6768
2023-03-07 02:00:00,21890.96,21890.96,21714.08,21847.26,10951
2023-03-07 03:00:00,21962.88,22213.34,21728.53,22045.5,8922
2023-03-07 04:00:00,22089.44,22427.36,22089.44,22210.76,9634
2023-03-07 05:00:00,22301.14,22342.55,22076.46,22145.35,8095
2023-03-07 06:00:00,22203.87,22203.87,21769.53,22159.55,9642
2023-03-07 07:00:00,22166.81,22372.98,21856.51,22275.39,7537
2023-03-07 08:00:00,21962.61,21962.61,21720.69,21918.77,11918
2023-03-07 09:00:00,21918.04,22056.36,21216.85,21801.59,9677
2023-03-07 10:00:00,21919.65,22024.28,21919.65,21980.32,11819
2023-03-07 11:00:00,21791.69,21791.69,21456.24,21700.14,5243
2023-03-07 12:00:00,21601.17,21812.76,21127.38,21768.43,12158
2023-03-07 13:00:00,21512.9,21512.9,20947.05,21469.96,6717
2023-03-07 14:00:00,21456.8,22176.2,21456.8,21577.27,12186
2023-03-07 15:00:00,21522.22,22070.93,21138.08,21573.68,13046
2023-03-07 16:00:00,21378.13,21378.13,21180.33,21222.78,17827
2023-03-07 17:00:00,21439.21,21604.17,21439.21,21482.17,9677
2023-03-07 18:00:00,21566.83,21661.58,21283.65,21326.3,14016
2023-03-07 19:00:00,21218.57,21355.62,21113.88,21156.19,8602
2023-03-07 20:00:00,21164.15,21538.46,21164.15,21206.56,8518
2023-03-07 21:00:00,21119.35,21533.83,21114.4,21461.84,12466
2023-03-07 22:00:00,21443.55,21811.8,20532.95,21244.14,12025
2023-03-07 23:00:00,21431.24,21576.69,21221.51,21264.04,10480
2023-03-08 00:00:00,21270.21,21847.96,21092.22,21363.44,7102
2023-03-08 01:00:00,21417.05,21875.86,21417.05,21520.5,9322
2023-03-08 02:00:00,21521.36,21818.88,21521.36,21564.49,7625
2023-03-08 03:00:00,21544.42,21544.42,21445.93,21488.91,11092
2023-03-08 04:00:00,21699.2,21699.2,20733.6,21313.16,13059
2023-03-08 05:00:00,21222.25,21387.12,21222.25,21338.98,8031
2023-03-08 06:00:00,21231.4,21780.48,20735.61,21112.15,8327
2023-03-08 07:00:00,20531.91,20531.91,20434.16,20490.92,8409
2023-03-08 08:00:00,20553.2,20635.58,20553.2,20594.39,13644
2023-03-08 09:00:00,20652.59,20837.72,20652.59,20796.13,10627
2023-03-08 10:00:00,20346.29,20346.29,20075.83,20305.68,8524
2023-03-08 11:00:00,20257.85,20386.83,20070.52,20110.75,15303
2023-03-08 12:00:00,19944.59,20305.05,19785.82,20253.01,15526
2023-03-08 13:00:00,20253.73,20734.03,20253.73,20692.64,9842
2023-03-08 14:00:00,20583.67,20896.62,20429.91,20708.76,8738
2023-03-08 15:00:00,20642.32,21011.85,20075.19,20566.62,14643
2023-03-08 16:00:00,20534.36,20754.67,20534.36,20540.79,10107
2023-03-08 17:00:00,20510.69,20883.56,20510.69,20841.88,13673
2023-03-08 18:00:00,20758.63,20758.63,20673.82,20715.25,11533
2023-03-08 19:00:00,20598.88,20598.88,20347.57,20557.77,6608
2023-03-08 20:00:00,20392.99,20510.11,20295.56,20469.17,6728
2023-03-08 21:00:00,20422.92,20661.04,20242.56,20283.12,20444
2023-03-08 22:00:00,20282.32,20363.61,20282.32,20322.97,12782
2023-03-08 23:00:00,20332.67,20769.78,20031.35,20673.97,11987
2023-03-09 00:00:00,20712.93,20795.94,20712.93,20754.43,12356
2023-03-09 01:00:00,20754.11,20754.11,20671.26,20712.69,10898
2023-03-09 02:00:00,20690.29,20722.09,20324.06,20663.01,8632
2023-03-09 03:00:00,20581.43,20581.43,20025.41,20345.82,8219
2023-03-09 04:00:00,20502.52,20584.7,20502.52,20543.61,12276
2023-03-09 05:00:00,20662.95,20772.6,20395.5,20540.6,10539
2023-03-09 06:00:00,20515.82,20917.06,20475.26,20516.3,12136
2023-03-09 07:00:00,20806.86,21241.27,20806.86,21198.87,7270
2023-03-09 08:00:00,21230.83,21315.92,21230.83,21273.37,12499
2023-03-09 09:00:00,21277.77,21277.77,21077.33,21119.56,14488
2023-03-09 10:00:00,21228.09,21228.09,20996.08,21038.15,12768
2023-03-09 11:00:00,21253.76,21427.34,21253.76,21296.35,8257
2023-03-09 12:00:00,21373.84,21373.84,21288.51,21331.18,7643
2023-03-09 13:00:00,21069.97,21069.97,20985.86,21027.91,12372
2023-03-09 14:00:00,21096.75,21586.48,21096.75,21237.15,11144
2023-03-09 15:00:00,21145.15,21145.15,21060.74,21102.95,9136
2023-03-09 16:00:00,21474.93,21631.77,21474.93,21517.97,12374
2023-03-09 17:00:00,21720.27,21807.32,21720.27,21763.79,7625
2023-03-09 18:00:00,21685.12,22288.36,21661.0,21671.37,13972
2023-03-09 19:00:00,21614.42,22191.63,21313.13,21962.78,11749
2023-03-09 20:00:00,21980.12,22028.21,21946.34,21984.24,7017
2023-03-09 21:00:00,22117.18,22337.83,22117.18,22181.24,13367
2023-03-09 22:00:00,22159.21,22642.67,22131.79,22295.58,12816
2023-03-09 23:00:00,22151.32,22151.32,21400.48,22107.1,7913
2023-03-10 00:00:00,22011.32,22011.32,21923.45,21967.38,10105
2023-03-10 01:00:00,22160.61,22441.4,22160.61,22205.02,9919
2023-03-10 02:00:00,22212.5,22212.5,22089.82,22134.09,22116
2023-03-10 03:00:00,22092.43,22092.43,22004.24,22048.34,11708
2023-03-10 04:00:00,21806.69,21883.55,21796.19,21839.87,8208
2023-03-10 05:00:00,22014.2,22393.71,21754.6,21942.24,6457
2023-03-10 06:00:00,22165.11,22455.88,22165.11,22411.06,9874
2023-03-10 07:00:00,22214.87,22214.87,22126.18,22170.53,8919
2023-03-10 08:00:00,22197.05,22225.83,21397.08,22181.47,12217
2023-03-10 09:00:00,22415.46,22595.7,22415.46,22506.92,12419
2023-03-10 10:00:00,22498.19,23125.77,21676.69,22492.1,7484
2023-03-10 11:00:00,22534.8,22644.73,22148.68,22599.53,11453
2023-03-10 12:00:00,22400.86,22914.41,22293.48,22357.61,9400
2023-03-10 13:00:00,22422.51,22505.28,21986.4,22460.36,10689
2023-03-10 14:00:00,22549.14,22686.53,22234.15,22421.65,9083
2023-03-10 15:00:00,22606.75,23099.44,22606.75,22652.06,10763
2023-03-10 16:00:00,22883.98,22992.49,22883.98,22929.84,10095
2023-03-10 17:00:00,23490.09,23584.24,23490.09,23537.16,9303
2023-03-10 18:00:00,23515.49,23720.45,23281.8,23673.1,15490
2023-03-10 19:00:00,23464.69,23794.76,23464.4,23747.27,16695
2023-03-10 20:00:00,23861.46,24063.63,23741.63,23789.21,9661
2023-03-10 21:00:00,23799.21,23799.21,23650.65,23698.04,12180
2023-03-10 22:00:00,23727.74,24157.08,23727.74,23775.29,9998
2023-03-10 23:00:00,23914.16,24046.29,23651.36,23698.76,12329
2023-03-11 00:00:00,23629.89,24019.04,23505.34,23735.42,12921
2023-03-11 01:00:00,23970.92,24098.64,23970.92,24050.53,14661
2023-03-11 02:00:00,23976.03,23976.03,23619.81,23796.91,13457
2023-03-11 03:00:00,23941.57,24128.67,23795.87,24069.64,10842
2023-03-11 04:00:00,24338.27,24435.82,24338.27,24387.04,7465
2023-03-11 05:00:00,24397.64,24397.64,24185.8,24348.94,12208
2023-03-11 06:00:00,23860.97,23860.97,23208.69,23813.34,7217
2023-03-11 07:00:00,23828.86,23828.86,23543.8,23661.63,16986
2023-03-11 08:00:00,23778.03,25136.73,23313.02,23972.3,9931
2023-03-11 09:00:00,24141.27,24410.24,23913.8,23961.73,11297
2023-03-11 10:00:00,23759.86,23759.86,23665.01,23712.43,9415
2023-03-11 11:00:00,23634.92,23634.92,23540.57,23587.74,7056
2023-03-11 12:00:00,23584.14,24081.68,23584.14,23788.39,10905
2023-03-11 13:00:00,23695.4,23965.63,23279.99,23917.79,7691
2023-03-11 14:00:00,23870.54,23903.14,23309.42,23855.43,8099
2023-03-11 15:00:00,23886.46,23967.93,23715.23,23762.75,9559
2023-03-11 16:00:00,23666.16,23712.55,23297.08,23665.22,12352
2023-03-11 17:00:00,23487.72,23487.72,23342.13,23440.84,12088
2023-03-11 18:00:00,23760.61,23875.28,23760.61,23827.63,5726
2023-03-11 19:00:00,23793.73,23793.73,23642.3,23746.24,10668
2023-03-11 20:00:00,23577.57,24313.1,23577.57,24038.89,11260
2023-03-11 21:00:00,24150.94,24456.73,24017.88,24407.92,11146
2023-03-11 22:00:00,24483.69,24698.56,24317.22,24649.26,11016
2023-03-11 23:00:00,24580.36,24580.36,23740.96,24531.29,6999
2023-03-12 00:00:00,24574.73,24892.76,24574.73,24623.98,8435
2023-03-12 01:00:00,24658.0,24658.0,24003.4,24608.78,15608
2023-03-12 02:00:00,24421.53,24421.53,24096.5,24372.78,8221
2023-03-12 03:00:00,24388.66,24620.66,24388.66,24446.67,10071
2023-03-12 04:00:00,24580.21,24856.23,24096.93,24145.22,8262
2023-03-12 05:00:00,24384.57,24908.4,24384.57,24433.43,11875
2023-03-12 06:00:00,24359.17,24359.17,23673.93,24310.55,11872
2023-03-12 07:00:00,24270.36,24482.93,24241.55,24354.48,21322
2023-03-12 08:00:00,24369.77,24467.44,24369.77,24418.61,7816
2023-03-12 09:00:00,24345.9,24402.83,23765.7,24347.46,9863
2023-03-12 10:00:00,24438.16,24536.11,24438.16,24487.14,6534
2023-03-12 11:00:00,24312.76,24410.21,24312.76,24361.48,11512
2023-03-12 12:00:00,24435.05,24621.75,24369.83,24572.6,12143
2023-03-12 13:00:00,24276.06,24276.06,23661.47,24227.61,11920
2023-03-12 14:00:00,24205.78,24302.8,24205.78,24254.29,7880
2023-03-12 15:00:00,24679.99,24805.11,24679.99,24729.45,11767
2023-03-12 16:00:00,24517.84,24517.84,24419.97,24468.91,9745
2023-03-12 17:00:00,24342.37,24342.37,24150.26,24293.79,12695
2023-03-12 18:00:00,24368.48,25062.64,24368.48,24417.32,8834
2023-03-12 19:00:00,24505.86,24505.86,24408.03,24456.94,7311
2023-03-12 20:00:00,24489.79,24878.64,24489.79,24538.87,11878
2023-03-12 21:00:00,24519.22,24704.34,23682.65,24655.03,11103
2023-03-12 22:00:00,24757.69,24838.91,24757.69,24807.31,10556
2023-03-12 23:00:00,24922.6,25316.41,24838.3,25079.56,11494
2023-03-13 00:00:00,24883.4,25367.83,24862.12,25173.3,9104
2023-03-13 01:00:00,25210.02,25280.94,24856.51,25099.23,9531
2023-03-13 02:00:00,25123.44,25499.42,24814.58,25260.49,8475
2023-03-13 03:00:00,25597.28,25789.73,25597.28,25738.26,6633
2023-03-13 04:00:00,25810.46,25810.46,25636.02,25687.39,8830
2023-03-13 05:00:00,25467.41,25467.41,24895.53,25416.58,7785
2023-03-13 06:00:00,25528.92,25742.42,24901.45,25691.04,14604
2023-03-13 07:00:00,25769.03,26046.5,24949.79,25644.23,6200
2023-03-13 08:00:00,25157.63,25157.63,25010.51,25060.63,11966
2023-03-13 09:00:00,25127.68,25340.6,24448.24,25267.84,10584
2023-03-13 10:00:00,25168.47,25168.47,24451.57,25118.23,14612
2023-03-13 11:00:00,24802.12,25425.53,24754.92,25084.64,13294
2023-03-13 12:00:00,25225.72,25373.82,24943.07,25159.95,13064
2023-03-13 13:00:00,25166.36,25341.26,25136.75,25199.1,12342
2023-03-13 14:00:00,25320.91,25422.4,25320.91,25371.66,15082
2023-03-13 15:00:00,25381.88,25525.11,24911.45,25247.84,7944
2023-03-13 16:00:00,25335.73,26018.66,25319.41,25370.15,16060
2023-03-13 17:00:00,25425.19,25425.19,25241.14,25291.72,10244
2023-03-13 18:00:00,25421.22,25575.75,25421.22,25472.17,8051
2023-03-13 19:00:00,25476.2,25671.76,25476.2,25620.52,7638
2023-03-13 20:00:00,25413.81,25413.81,25070.66,25363.09,13788
2023-03-13 21:00:00,25582.45,25906.24,25582.45,25633.72,4775
2023-03-13 22:00:00,25561.29,25561.29,24717.87,25480.95,5420
2023-03-13 23:00:00,25628.41,25687.3,25628.41,25679.77,13478
2023-03-14 00:00:00,25769.39,26035.89,25711.3,25762.82,8989
2023-03-14 01:00:00,26157.3,26370.52,26157.3,26232.04,8290
2023-03-14 02:00:00,26180.63,26206.18,25943.26,26153.87,8057
2023-03-14 03:00:00,26131.44,26453.82,25506.8,26042.84,14429
2023-03-14 04:00:00,25968.82,26453.77,25968.82,26020.87,12779
2023-03-14 05:00:00,25975.51,25975.51,25738.62,25923.67,8497
2023-03-14 06:00:00,25847.91,26171.81,25847.91,26119.57,13608
2023-03-14 07:00:00,25677.61,25677.61,25619.51,25670.85,10178
2023-03-14 08:00:00,25492.69,25492.69,25188.79,25381.21,12838
2023-03-14 09:00:00,25176.26,25176.26,24850.5,25094.06,11519
2023-03-14 10:00:00,25176.84,25975.44,24731.89,25329.56,14446
2023-03-14 11:00:00,25615.05,25813.86,25615.05,25762.34,11705
2023-03-14 12:00:00,25709.39,25773.44,25594.62,25721.99,12442
2023-03-14 13:00:00,25742.65,25830.64,25614.14,25665.47,12051
2023-03-14 14:00:00,25620.91,25723.6,25620.91,25672.25,6018
2023-03-14 15:00:00,25758.66,26017.1,25077.32,25965.17,12271
2023-03-14 16:00:00,26061.95,26248.35,25221.0,25705.54,10867
2023-03-14 17:00:00,25705.05,25898.2,25705.05,25756.57,21949
2023-03-14 18:00:00,25715.21,26598.02,25715.21,26000.58,10280
2023-03-14 19:00:00,26066.97,26268.97,26066.97,26119.21,11003
2023-03-14 20:00:00,26105.17,26206.43,26101.81,26154.12,18045
2023-03-14 21:00:00,26352.43,26458.05,26352.43,26405.24,6782
2023-03-14 22:00:00,25709.7,25709.7,25607.06,25658.38,6739
2023-03-14 23:00:00,25772.89,25980.56,25772.89,25824.54,9620
2023-03-15 00:00:00,25928.57,26419.31,25618.19,25639.02,11020
2023-03-15 01:00:00,25199.0,25199.0,25098.4,25148.7,9827
2023-03-15 02:00:00,24946.31,25464.89,24461.48,25273.29,13997
2023-03-15 03:00:00,25306.03,25670.98,25306.03,25619.74,9459
2023-03-15 04:00:00,25645.18,25810.19,25476.96,25573.29,8214
2023-03-15 05:00:00,25759.98,25963.99,25759.98,25811.6,13291
2023-03-15 06:00:00,26172.01,26282.85,26172.01,26224.46,9999
2023-03-15 07:00:00,26507.59,26779.73,26507.59,26560.71,11659
2023-03-15 08:00:00,26932.6,27040.55,26932.6,26986.57,10338
2023-03-15 09:00:00,27113.4,27199.26,27113.4,27167.74,5916
2023-03-15 10:00:00,27274.71,27274.71,27109.39,27163.72,9880
2023-03-15 11:00:00,26792.4,26792.4,26641.47,26694.86,11888
2023-03-15 12:00:00,26653.52,26653.52,26554.57,26607.79,12860
2023-03-15 13:00:00,26412.27,26412.27,26306.83,26359.55,10877
2023-03-15 14:00:00,26806.6,26980.44,26806.6,26926.59,8072
2023-03-15 15:00:00,26909.9,26909.9,26708.83,26856.19,5951
2023-03-15 16:00:00,26853.39,26894.8,26636.03,26868.71,13681
2023-03-15 17:00:00,26945.1,27911.29,26945.1,26999.1,9105
2023-03-15 18:00:00,27132.39,27311.2,26934.99,26988.97,9968
2023-03-15 19:00:00,27378.96,27488.69,27378.96,27433.82,7445
2023-03-15 20:00:00,26954.41,27917.63,26540.48,27233.34,13248
2023-03-15 21:00:00,27208.44,27717.18,27208.44,27262.96,9923
2023-03-15 22:00:00,27085.45,27085.45,26732.44,27031.39,7378
2023-03-15 23:00:00,26851.22,26851.22,26591.65,26644.94,15068
2023-03-16 00:00:00,26693.81,26762.97,26406.94,26459.86,12547
2023-03-16 01:00:00,26485.39,26485.39,25837.05,26432.52,14311
2023-03-16 02:00:00,26226.65,26478.55,26005.01,26300.24,10404
2023-03-16 03:00:00,26151.1,26151.1,25437.69,26098.9,8031
2023-03-16 04:00:00,25921.15,25921.15,25572.27,25710.84,6239
2023-03-16 05:00:00,25553.32,25730.59,25287.83,25679.23,9283
2023-03-16 06:00:00,25325.27,25325.27,25136.82,25274.72,7882
2023-03-16 07:00:00,25134.17,25703.14,24867.88,25464.26,10300
2023-03-16 08:00:00,25669.55,25816.71,25426.76,25477.71,9265
2023-03-16 09:00:00,25118.1,25118.1,24626.88,25090.82,10767
2023-03-16 10:00:00,24957.42,25057.45,24957.42,25007.43,11686
2023-03-16 11:00:00,24861.59,24861.59,24432.18,24811.97,8246
2023-03-16 12:00:00,24941.02,24941.02,24513.33,24891.23,8391
2023-03-16 13:00:00,25077.37,25324.67,25077.37,25229.47,8568
2023-03-16 14:00:00,24790.69,24790.69,24691.72,24741.2,14003
2023-03-16 15:00:00,24749.85,25283.49,24719.21,24768.74,4092
2023-03-16 16:00:00,24738.24,24957.81,24506.95,24726.27,5673
2023-03-16 17:00:00,24740.91,25153.4,24278.79,24894.4,13524
2023-03-16 18:00:00,24895.71,24995.49,24895.71,24945.6,12093
2023-03-16 19:00:00,24800.43,24800.43,24701.43,24750.93,11623
2023-03-16 20:00:00,24702.58,24718.11,24075.98,24668.77,14048
2023-03-16 21:00:00,24530.05,24588.66,23824.17,24467.56,14749
2023-03-16 22:00:00,24251.53,24992.8,24205.44,24737.54,9120
2023-03-16 23:00:00,24791.48,24791.48,24609.93,24741.99,6255
2023-03-17 00:00:00,25170.93,25226.66,25170.93,25221.37,9659
2023-03-17 01:00:00,25187.62,25221.39,24688.55,25201.11,10786
2023-03-17 02:00:00,25177.19,25504.2,24706.75,25014.5,7764
2023-03-17 03:00:00,24783.02,24783.02,24576.66,24625.91,7262
2023-03-17 04:00:00,24299.32,24299.32,23855.43,24173.55,9774
2023-03-17 05:00:00,23835.16,23835.16,23637.79,23787.59,10866
2023-03-17 06:00:00,23670.13,23908.27,23579.5,23860.55,9240
2023-03-17 07:00:00,23944.0,24039.97,23944.0,23991.99,10477
2023-03-17 08:00:00,23701.9,23701.9,23564.61,23611.83,12555
2023-03-17 09:00:00,23485.64,24034.79,23390.63,23837.09,8339
2023-03-17 10:00:00,23940.62,24066.21,23682.33,23727.41,14111
2023-03-17 11:00:00,23725.87,23818.99,23711.57,23771.45,9150
2023-03-17 12:00:00,24122.61,24219.3,24122.61,24170.95,10140
2023-03-17 13:00:00,24348.51,24446.1,24348.51,24397.3,11577
2023-03-17 14:00:00,24436.05,24582.98,24110.39,24333.96,10793
2023-03-17 15:00:00,24174.82,24174.82,24049.04,24116.71,10522
2023-03-17 16:00:00,23684.93,23684.93,23131.41,23592.83,11037
2023-03-17 17:00:00,23534.11,23534.11,23382.77,23429.63,7872
2023-03-17 18:00:00,23402.05,23402.05,23210.93,23390.34,10016
2023-03-17 19:00:00,23448.0,23448.0,23158.13,23166.0,11396
2023-03-17 20:00:00,23194.97,23194.97,22916.97,23148.67,6223
2023-03-17 21:00:00,23227.0,23227.0,23114.81,23180.63,14948
2023-03-17 22:00:00,23186.88,23186.88,23094.32,23140.6,6379
2023-03-17 23:00:00,23066.65,23066.65,22717.9,23000.43,10065
2023-03-18 00:00:00,22998.02,23100.28,22466.39,23054.17,4897
2023-03-18 01:00:00,23125.87,23218.55,23125.87,23172.21,13609
2023-03-18 02:00:00,23137.68,23406.1,22509.27,22927.72,14088
2023-03-18 03:00:00,22911.29,23342.54,22716.55,23273.18,8353
2023-03-18 04:00:00,23236.67,23719.11,23216.1,23262.62,10493
2023-03-18 05:00:00,23326.63,23326.63,22947.01,23280.07,10263
2023-03-18 06:00:00,23433.05,23858.89,23414.27,23461.19,5522
2023-03-18 07:00:00,23532.81,23532.81,23481.6,23528.65,14895
2023-03-18 08:00:00,23506.15,23837.85,23506.15,23768.95,7598
2023-03-18 09:00:00,23800.72,24208.67,23800.72,23848.41,11763
2023-03-18 10:00:00,23830.56,23830.56,23661.35,23708.77,7448
2023-03-18 11:00:00,23724.54,23976.08,23139.56,23806.94,12195
2023-03-18 12:00:00,23586.38,23586.38,23321.64,23539.31,10834
2023-03-18 13:00:00,23532.95,23624.96,23092.47,23577.8,6149
2023-03-18 14:00:00,23561.98,23629.29,23355.25,23582.13,8491
2023-03-18 15:00:00,23591.79,23591.79,23344.68,23544.7,14745
2023-03-18 16:00:00,23479.64,24458.12,23479.64,23526.69,8935
2023-03-18 17:00:00,23149.11,23149.11,22988.84,23087.73,20864
2023-03-18 18:00:00,23020.25,23020.25,22659.49,22974.3,8395
2023-03-18 19:00:00,23030.19,23217.77,22966.84,23012.87,10631
2023-03-18 20:00:00,22955.76,23460.57,22688.41,23066.61,12026
2023-03-18 21:00:00,22886.38,22886.38,22795.02,22840.7,10574
2023-03-18 22:00:00,22795.18,23199.72,22637.12,23153.42,13741
2023-03-18 23:00:00,23010.51,23010.51,22918.65,22964.58,9445
2023-03-19 00:00:00,23162.49,23366.82,23162.49,23208.9,12182
2023-03-19 01:00:00,23226.74,23372.19,23097.97,23325.54,9208
2023-03-19 02:00:00,23179.94,23233.05,23140.3,23186.67,9813
2023-03-19 03:00:00,23559.33,23748.27,23559.33,23623.17,9974
2023-03-19 04:00:00,23568.32,23568.32,23258.94,23348.57,15898
2023-03-19 05:00:00,23535.75,23702.31,23535.75,23582.91,15175
2023-03-19 06:00:00,23789.86,23885.21,23789.86,23837.53,14121
2023-03-19 07:00:00,23889.26,23959.57,23639.1,23686.48,11253
2023-03-19 08:00:00,23906.98,24214.59,23906.98,24036.36,17430
2023-03-19 09:00:00,24003.02,24229.84,23707.85,23986.07,13776
2023-03-19 10:00:00,23817.16,24115.96,23460.59,24067.83,6266
2023-03-19 11:00:00,24190.52,24190.52,23642.18,24142.24,9960
2023-03-19 12:00:00,24124.96,24167.48,23524.68,24119.25,5945
2023-03-19 13:00:00,24280.67,24377.99,24280.67,24329.33,9484
2023-03-19 14:00:00,24270.11,24866.21,24270.11,24535.67,17585
2023-03-19 15:00:00,24154.11,24154.11,23905.54,24105.9,7626
2023-03-19 16:00:00,24252.54,24750.06,24252.54,24438.25,12378
2023-03-19 17:00:00,24080.96,24080.96,23984.83,24032.9,15137
2023-03-19 18:00:00,24249.9,24799.62,24249.9,24298.49,7972
2023-03-19 19:00:00,24391.34,25428.3,24391.34,24588.55,9828
2023-03-19 20:00:00,24372.36,24372.36,24275.06,24323.71,9265
2023-03-19 21:00:00,24325.6,24657.59,24184.64,24233.11,10726
2023-03-19 22:00:00,24048.16,24048.16,23744.89,23971.84,11770
2023-03-19 23:00:00,23885.57,23959.95,23885.57,23933.44,8426
2023-03-20 00:00:00,23920.14,23920.14,23598.41,23872.39,12557
2023-03-20 01:00:00,24029.02,24125.33,24029.02,24077.18,8230
2023-03-20 02:00:00,24363.48,24461.13,24363.48,24412.3,9943
2023-03-20 03:00:00,24721.01,24820.09,24721.01,24770.55,9700
2023-03-20 04:00:00,24672.61,24672.61,24586.66,24635.93,9944
2023-03-20 05:00:00,24498.15,24641.06,23937.22,24591.88,12642
2023-03-20 06:00:00,24226.71,24226.71,23865.0,24178.35,6029
2023-03-20 07:00:00,24039.82,24039.82,23943.85,23991.84,11389
2023-03-20 08:00:00,24193.31,24290.28,24193.31,24241.8,6979
2023-03-20 09:00:00,24604.4,24703.01,24604.4,24653.7,11687
2023-03-20 10:00:00,24375.16,24375.16,24303.47,24352.17,9927
2023-03-20 11:00:00,24313.7,24449.04,24167.79,24216.22,7126
2023-03-20 12:00:00,24212.41,24270.63,24173.75,24222.19,10964
2023-03-20 13:00:00,24193.29,24353.08,23845.27,24304.48,7527
2023-03-20 14:00:00,24164.47,24164.47,24068.0,24116.23,8085
2023-03-20 15:00:00,24186.15,24895.49,24186.15,24234.62,11482
2023-03-20 16:00:00,24178.54,24178.54,23807.17,24130.28,9163
2023-03-20 17:00:00,24240.17,24240.17,24092.13,24140.41,8653
2023-03-20 18:00:00,24194.77,24538.72,23804.99,24288.77,10658
2023-03-20 19:00:00,24514.09,24514.09,24121.69,24303.03,7959
2023-03-20 20:00:00,24364.31,24632.43,23759.8,24207.03,12269
2023-03-20 21:00:00,24224.12,24285.35,23940.5,24192.82,10903
2023-03-20 22:00:00,24125.58,24906.32,23795.43,24184.44,11024
2023-03-20 23:00:00,24155.26,24155.26,23998.55,24107.05,4333
2023-03-21 00:00:00,23962.91,24105.89,23356.84,24057.78,20980
2023-03-21 01:00:00,24416.41,24758.25,24416.41,24465.34,12681
2023-03-21 02:00:00,24567.94,24666.41,24567.94,24617.18,8612
2023-03-21 03:00:00,24627.59,24813.7,24504.88,24553.99,6742
2023-03-21 04:00:00,24690.87,24851.61,24690.87,24740.35,14984
2023-03-21 05:00:00,24715.99,24715.99,24595.08,24666.65,8232
2023-03-21 06:00:00,24922.89,25442.57,24922.89,24972.84,8623
2023-03-21 07:00:00,25125.91,25125.91,25025.61,25075.76,15600
2023-03-21 08:00:00,25069.64,25119.11,25006.17,25056.28,7693
2023-03-21 09:00:00,25128.88,25679.36,25128.88,25179.24,7394
2023-03-21 10:00:00,24872.56,24872.56,24733.78,24783.35,10896
2023-03-21 11:00:00,24558.43,24558.43,24460.39,24509.41,12731
2023-03-21 12:00:00,24239.08,24239.08,23810.71,24223.9,5608
2023-03-21 13:00:00,24226.27,24323.37,24226.27,24274.82,4670
2023-03-21 14:00:00,24669.91,24768.79,24669.91,24719.35,8609
2023-03-21 15:00:00,25064.75,25728.57,25064.75,25294.08,10538
2023-03-21 16:00:00,25414.97,25516.83,25414.97,25465.9,9555
2023-03-21 17:00:00,25393.15,25652.69,25393.15,25601.49,11332
2023-03-21 18:00:00,25185.42,25185.42,25084.88,25135.15,10423
2023-03-21 19:00:00,25181.55,25342.09,24581.89,25004.41,11217
2023-03-21 20:00:00,24818.7,24818.7,24393.13,24813.04,12363
2023-03-21 21:00:00,24747.6,24782.99,24196.94,24666.96,9980
2023-03-21 22:00:00,24597.42,24965.57,23978.11,24637.22,8933
2023-03-21 23:00:00,24574.19,24574.19,23978.78,24531.22,9190
2023-03-22 00:00:00,24097.41,24097.41,23934.61,24049.31,11718
2023-03-22 01:00:00,24210.12,24298.69,24210.12,24250.19,8422
2023-03-22 02:00:00,24179.83,24179.83,23952.8,24000.8,9565
2023-03-22 03:00:00,24083.3,24125.23,24028.92,24077.07,12174
2023-03-22 04:00:00,24310.17,24652.96,24310.17,24603.75,5941
2023-03-22 05:00:00,24784.33,24784.33,24336.87,24385.64,7894
2023-03-22 06:00:00,23883.49,23883.49,23722.81,23770.35,8635
2023-03-22 07:00:00,23767.76,23767.76,23672.87,23720.32,8114
2023-03-22 08:00:00,23989.62,24180.77,23989.62,24006.54,9402
2023-03-22 09:00:00,24381.34,25173.8,24381.34,24503.98,12141
2023-03-22 10:00:00,24410.87,24410.87,24096.93,24210.7,10768
2023-03-22 11:00:00,24261.85,24398.92,23924.52,24350.22,7755
2023-03-22 12:00:00,24300.52,24300.52,24201.91,24250.41,8135
2023-03-22 13:00:00,24373.82,24826.44,24192.54,24241.03,5202
2023-03-22 14:00:00,24862.18,25110.38,24862.18,24912.01,6510
2023-03-22 15:00:00,24660.73,25059.58,24492.87,24541.95,11821
2023-03-22 16:00:00,24481.81,24923.03,24426.44,24621.07,12565
2023-03-22 17:00:00,24721.09,24803.3,24598.87,24753.79,17037
2023-03-22 18:00:00,25016.89,25319.09,25016.89,25041.88,7421
2023-03-22 19:00:00,25185.96,25571.04,24945.45,25078.41,9252
2023-03-22 20:00:00,25118.38,25219.05,25118.38,25168.72,7034
2023-03-22 21:00:00,25285.45,25837.75,24767.76,25078.85,13399
2023-03-22 22:00:00,25041.04,25209.93,24705.84,25159.62,7895
2023-03-22 23:00:00,25271.54,25807.8,24932.42,25082.98,12101
2023-03-23 00:00:00,25238.14,25429.91,25193.64,25254.13,7832
2023-03-23 01:00:00,25352.81,25896.92,24608.15,25169.64,6797
2023-03-23 02:00:00,25237.39,25328.4,25237.39,25277.85,9545
2023-03-23 03:00:00,25331.39,25331.39,24830.53,25280.82,10190
2023-03-23 04:00:00,25530.67,25633.0,25530.67,25581.84,9061
2023-03-23 05:00:00,25588.0,25628.01,25525.7,25576.85,9701
2023-03-23 06:00:00,25173.39,25173.39,25072.89,25123.14,10456
2023-03-23 07:00:00,25311.47,25510.13,25036.91,25459.22,6045
2023-03-23 08:00:00,25283.77,25283.77,25182.84,25233.31,9160
2023-03-23 09:00:00,25262.66,25620.36,25026.08,25076.23,11094
2023-03-23 10:00:00,25184.87,25184.87,24886.18,24936.05,9898
2023-03-23 11:00:00,24929.58,25312.97,24754.04,25299.32,18783
2023-03-23 12:00:00,25198.67,25198.67,24482.59,24758.77,7369
2023-03-23 13:00:00,25547.87,25618.4,25547.87,25567.26,7337
2023-03-23 14:00:00,25742.77,26119.73,25742.77,25852.22,5479
2023-03-23 15:00:00,25610.64,25970.05,25222.98,25918.21,14873
2023-03-23 16:00:00,25893.79,25949.57,25728.93,25909.82,7130
2023-03-23 17:00:00,25862.72,26229.85,25862.72,25991.65,8541
2023-03-23 18:00:00,25960.51,26187.92,25897.98,26135.65,9080
2023-03-23 19:00:00,26202.64,26413.27,26202.64,26312.56,13548
2023-03-23 20:00:00,26412.05,26779.79,26412.05,26464.98,8670
2023-03-23 21:00:00,26438.08,26830.25,26438.08,26491.06,12134
2023-03-23 22:00:00,26487.58,26491.95,26386.2,26439.08,6661
2023-03-23 23:00:00,26452.39,26452.39,26346.79,26399.59,20138
2023-03-24 00:00:00,26295.87,26401.26,26295.87,26348.57,10099
2023-03-24 01:00:00,26601.78,26987.44,26601.78,26655.09,13794
2023-03-24 02:00:00,26669.25,26869.33,26669.25,26815.7,7306
2023-03-24 03:00:00,26699.04,26699.04,25949.33,26008.62,15449
2023-03-24 04:00:00,26135.05,26239.8,26135.05,26187.43,7391
2023-03-24 05:00:00,26397.77,26497.91,25761.09,26242.5,13140
2023-03-24 06:00:00,26186.82,26290.01,26186.82,26239.29,8066
2023-03-24 07:00:00,26098.85,26189.86,26085.31,26137.59,6036
2023-03-24 08:00:00,26387.65,26493.41,26387.65,26440.53,9629
2023-03-24 09:00:00,26553.26,27082.22,26553.26,26696.66,12058
2023-03-24 10:00:00,26536.92,26536.92,26338.43,26483.95,13104
2023-03-24 11:00:00,26573.94,26647.31,25309.39,26594.12,13259
2023-03-24 12:00:00,26487.69,26487.69,26277.04,26329.7,11965
2023-03-24 13:00:00,26370.61,26370.61,25904.62,25960.5,6741
2023-03-24 14:00:00,25939.62,25939.62,25267.3,25799.16,6390
2023-03-24 15:00:00,25833.45,26084.92,25707.5,26032.85,8686
2023-03-24 16:00:00,26140.62,26343.41,26140.62,26290.83,16073
2023-03-24 17:00:00,26566.49,26782.32,26223.11,26431.08,11884
2023-03-24 18:00:00,26574.65,26681.17,26574.65,26627.91,8217
2023-03-24 19:00:00,26721.69,26820.82,26721.69,26767.28,15718
2023-03-24 20:00:00,26824.29,26965.32,26254.6,26589.94,15263
2023-03-24 21:00:00,26588.46,26760.27,26217.01,26706.85,10332
2023-03-24 22:00:00,26717.8,26983.77,26717.8,26924.08,11655
2023-03-24 23:00:00,27252.34,27670.77,26850.87,27127.96,18418
2023-03-25 00:00:00,27400.33,28081.4,27396.78,27451.69,9252
2023-03-25 01:00:00,27340.6,27696.89,27340.6,27641.61,10943
2023-03-25 02:00:00,27675.08,27938.44,27675.08,27730.54,10511
2023-03-25 03:00:00,27966.37,28836.32,27966.37,28022.41,10695
2023-03-25 04:00:00,28057.07,28057.07,27155.2,28001.07,8610
2023-03-25 05:00:00,27791.19,27791.19,27680.25,27735.72,12373
2023-03-25 06:00:00,27623.32,28498.42,27623.32,27678.68,13506
2023-03-25 07:00:00,27513.21,27513.21,27319.29,27458.3,6077
2023-03-25 08:00:00,27330.34,27330.34,26788.75,27261.46,9307
2023-03-25 09:00:00,27161.06,27423.12,27161.06,27215.49,8126
2023-03-25 10:00:00,27144.81,27144.81,26936.62,26990.61,13339
2023-03-25 11:00:00,27023.42,27023.42,26849.78,26903.59,6577
2023-03-25 12:00:00,26399.86,26399.86,26329.83,26382.6,7602
2023-03-25 13:00:00,26495.8,26495.8,26270.56,26442.92,7899
2023-03-25 14:00:00,26448.93,26991.15,26393.23,26446.13,8159
2023-03-25 15:00:00,26332.53,26509.2,26226.79,26228.76,8368
2023-03-25 16:00:00,26358.1,26669.85,26358.1,26410.92,9892
2023-03-25 17:00:00,26519.21,27015.69,26519.21,26668.21,8196
2023-03-25 18:00:00,26285.98,26285.98,26181.05,26233.51,15211
2023-03-25 19:00:00,26281.84,26772.02,25886.44,26036.24,10794
2023-03-25 20:00:00,25892.6,25892.6,25161.83,25840.92,8891
2023-03-25 21:00:00,26092.99,26407.64,25436.66,25604.33,9479
2023-03-25 22:00:00,25782.8,26652.99,25782.8,25834.47,8662
2023-03-25 23:00:00,25815.76,26095.19,25743.0,25794.58,9068
2023-03-26 00:00:00,25787.99,25787.99,25685.05,25736.52,15592
2023-03-26 01:00:00,25416.73,25416.73,25161.62,25222.41,14312
2023-03-26 02:00:00,25351.63,25453.24,25351.63,25402.44,4907
2023-03-26 03:00:00,25503.85,25503.85,24541.75,25095.98,14153
2023-03-26 04:00:00,25233.87,25327.98,25077.99,25128.25,8798
2023-03-26 05:00:00,25349.39,25591.73,25165.54,25215.97,7365
2023-03-26 06:00:00,25136.66,25815.87,25136.66,25582.36,12124
2023-03-26 07:00:00,25359.58,25359.58,25203.96,25254.47,9804
2023-03-26 08:00:00,24644.12,24644.12,24102.83,24492.94,14405
2023-03-26 09:00:00,24567.31,24610.85,24512.61,24561.73,6293
2023-03-26 10:00:00,24985.43,25309.78,24985.43,25035.5,9679
2023-03-26 11:00:00,25319.89,25421.37,25319.89,25370.63,7748
2023-03-26 12:00:00,25250.24,25691.78,25081.11,25440.88,9272
2023-03-26 13:00:00,25379.34,25379.34,24906.11,25328.68,9760
2023-03-26 14:00:00,25149.44,26110.31,25149.44,25553.64,11296
2023-03-26 15:00:00,25964.47,26095.09,25263.77,25314.4,12430
2023-03-26 16:00:00,25368.56,25620.53,24554.92,25454.23,10696
2023-03-26 17:00:00,25472.21,25652.74,25472.21,25601.54,9715
2023-03-26 18:00:00,25671.7,26782.75,25671.7,25893.42,9241
2023-03-26 19:00:00,26625.57,27027.76,26625.57,26634.85,5621
2023-03-26 20:00:00,26626.77,26925.26,26542.95,26747.4,7172
2023-03-26 21:00:00,26938.74,27265.49,26560.25,26613.48,14958
2023-03-26 22:00:00,26858.77,26929.44,26077.31,26613.15,7916
2023-03-26 23:00:00,26191.49,26191.49,26086.93,26139.21,11991
2023-03-27 00:00:00,26016.64,26016.64,25650.43,25964.71,9981
2023-03-27 01:00:00,25883.53,25883.53,25514.21,25868.7,10642
2023-03-27 02:00:00,25814.65,25814.65,25692.2,25743.69,8480
2023-03-27 03:00:00,25781.62,25892.5,25470.33,25798.43,8459
2023-03-27 04:00:00,25647.28,25647.28,24958.93,25596.09,11489
2023-03-27 05:00:00,25852.92,26705.37,25852.92,25904.73,6717
2023-03-27 06:00:00,25970.03,25970.03,25336.74,25918.2,11010
2023-03-27 07:00:00,25807.25,25980.84,25477.87,25928.98,8525
2023-03-27 08:00:00,25766.43,26443.66,25766.43,25855.61,20345
2023-03-27 09:00:00,25962.3,25962.3,25603.11,25910.48,11439
2023-03-27 10:00:00,25785.24,26194.6,25581.02,26142.31,8146
2023-03-27 11:00:00,26003.27,26003.27,25919.3,25922.77,10036
2023-03-27 12:00:00,25813.96,25813.96,25710.91,25762.43,9618
2023-03-27 13:00:00,25704.47,25704.47,25652.54,25697.64,7656
2023-03-27 14:00:00,25701.32,25988.24,25309.53,25360.25,15345
2023-03-27 15:00:00,25216.91,25216.91,25116.25,25166.58,7628
2023-03-27 16:00:00,25144.09,25312.66,25014.15,25064.28,13159
2023-03-27 17:00:00,25258.24,25359.47,25258.24,25308.85,8399
2023-03-27 18:00:00,25240.92,25664.01,25240.92,25396.25,6004
2023-03-27 19:00:00,25431.72,25842.98,24922.54,25465.18,10233
2023-03-27 20:00:00,25653.23,25756.05,25653.23,25704.64,12670
2023-03-27 21:00:00,25702.19,25871.52,25518.48,25684.74,15541
2023-03-27 22:00:00,25751.98,26302.16,25751.98,25803.59,7763
2023-03-27 23:00:00,25843.36,25843.36,25254.87,25791.77,8471
2023-03-28 00:00:00,25825.37,25928.88,25825.37,25877.12,8495
2023-03-28 01:00:00,26024.19,26460.61,25194.35,25738.04,8845
2023-03-28 02:00:00,25163.74,25163.74,25063.28,25113.51,13310
2023-03-28 03:00:00,25049.81,25313.74,25049.81,25100.01,10444
2023-03-28 04:00:00,25151.59,25536.44,24878.04,25485.46,15093
2023-03-28 05:00:00,25585.77,25796.37,25585.77,25744.88,10333
2023-03-28 06:00:00,25963.15,26389.83,25963.15,26015.19,8389
2023-03-28 07:00:00,26305.12,26410.55,26305.12,26357.83,9592
2023-03-28 08:00:00,26340.55,26446.12,26340.55,26393.34,12633
2023-03-28 09:00:00,26483.46,26483.46,25963.28,26458.39,10415
2023-03-28 10:00:00,26287.74,26355.62,25675.37,26303.01,8967
2023-03-28 11:00:00,26493.37,27066.95,25922.06,26230.79,10091
2023-03-28 12:00:00,26142.12,26461.62,26142.12,26408.8,8129
2023-03-28 13:00:00,26608.56,26798.42,25900.94,26744.93,10926
2023-03-28 14:00:00,26662.19,26769.05,26662.19,26715.62,4532
2023-03-28 15:00:00,26636.94,27861.24,26597.49,26601.64,5635
2023-03-28 16:00:00,26664.56,26664.56,26558.11,26611.34,12660
2023-03-28 17:00:00,26730.42,26837.56,26730.42,26783.99,12293
2023-03-28 18:00:00,26623.53,26653.3,25721.54,26397.44,8945
2023-03-28 19:00:00,26116.62,26116.62,25178.86,25790.26,10076
2023-03-28 20:00:00,25659.99,26043.93,25610.48,25661.8,15439
2023-03-28 21:00:00,25410.71,25410.71,25309.27,25359.99,10608
2023-03-28 22:00:00,25410.48,25410.48,25248.28,25249.15,11603
2023-03-28 23:00:00,25182.16,25604.92,25182.16,25232.62,10951
2023-03-29 00:00:00,25187.8,25187.8,24643.85,25137.52,10670
2023-03-29 01:00:00,25481.33,25704.62,25481.33,25532.4,11172
2023-03-29 02:00:00,25630.34,25912.81,25596.78,25637.04,11588
2023-03-29 03:00:00,25682.94,25790.58,25682.94,25734.41,15625
2023-03-29 04:00:00,25919.25,25967.65,25863.98,25915.82,5646
2023-03-29 05:00:00,25761.35,25761.35,25579.77,25631.04,11484
2023-03-29 06:00:00,25934.51,26052.2,25418.23,25921.47,8619
2023-03-29 07:00:00,25626.5,26164.46,25588.69,25917.92,8008
2023-03-29 08:00:00,26059.35,26163.79,26059.35,26111.57,8656
2023-03-29 09:00:00,25892.7,25892.7,25799.94,25841.02,13602
2023-03-29 10:00:00,25640.11,25640.11,25153.84,25448.47,10398
2023-03-29 11:00:00,25439.43,25766.6,25040.8,25681.28,11536
2023-03-29 12:00:00,25973.8,26391.72,25429.92,25798.27,12217
2023-03-29 13:00:00,25629.43,25629.43,25177.26,25578.28,14665
2023-03-29 14:00:00,25429.33,25453.51,25351.45,25370.51,15037
2023-03-29 15:00:00,25631.52,25734.25,25631.52,25682.88,10247
2023-03-29 16:00:00,25717.29,25834.82,25339.36,25390.14,10091
2023-03-29 17:00:00,25471.79,25888.85,25471.79,25837.25,12238
2023-03-29 18:00:00,25631.48,25631.48,25566.39,25617.63,9752
2023-03-29 19:00:00,25619.74,26280.18,25293.55,25804.05,5939
2023-03-29 20:00:00,25764.15,25787.3,25684.35,25735.82,17369
2023-03-29 21:00:00,25861.73,26159.39,25861.73,25913.55,8998
2023-03-29 22:00:00,25839.3,25839.3,25298.23,25787.72,13090
2023-03-29 23:00:00,25830.36,25995.69,25366.92,25764.23,5705
2023-03-30 00:00:00,25619.89,26384.07,25215.12,25794.79,10705
2023-03-30 01:00:00,25651.61,25705.88,25446.44,25550.98,14325
2023-03-30 02:00:00,25537.31,25817.23,25115.14,25765.7,7149
2023-03-30 03:00:00,25966.29,26198.26,25120.6,25650.88,14470
2023-03-30 04:00:00,25661.3,26163.76,25561.21,25612.43,7449
2023-03-30 05:00:00,25410.88,25410.88,25082.16,25373.96,10538
2023-03-30 06:00:00,24783.01,24783.01,24380.27,24733.55,11907
2023-03-30 07:00:00,24696.05,25141.75,24044.73,24713.07,9617
2023-03-30 08:00:00,25227.84,25400.1,25227.84,25349.41,11965
2023-03-30 09:00:00,25604.42,25681.86,25160.85,25575.53,12896
2023-03-30 10:00:00,25606.81,25881.04,25540.9,25592.09,14751
2023-03-30 11:00:00,25643.63,25643.63,25469.24,25545.21,16354
2023-03-30 12:00:00,25611.19,26230.34,25522.44,25573.59,12412
2023-03-30 13:00:00,25687.11,26196.33,25687.11,25738.59,14998
2023-03-30 14:00:00,25656.5,25656.5,25398.32,25449.22,13017
2023-03-30 15:00:00,25639.87,26193.39,25534.36,25762.13,12614
2023-03-30 16:00:00,26095.47,26098.61,25919.64,25971.58,7209
2023-03-30 17:00:00,26129.43,26234.16,26129.43,26181.8,10695
2023-03-30 18:00:00,26350.77,26350.77,26264.74,26317.37,8242
2023-03-30 19:00:00,26380.8,26380.8,26122.46,26340.05,14541
2023-03-30 20:00:00,26671.85,27263.28,26485.34,26538.41,8626
2023-03-30 21:00:00,26661.15,26768.01,26661.15,26714.58,6684
2023-03-30 22:00:00,26628.26,26685.91,26579.38,26632.65,7381
2023-03-30 23:00:00,26544.7,26544.7,25989.22,26491.72,5637
2023-03-31 00:00:00,26482.26,26650.93,26482.26,26535.33,14020
2023-03-31 01:00:00,26605.96,27024.44,26605.96,26970.5,13232
2023-03-31 02:00:00,26808.66,26808.66,26588.14,26641.42,6785
2023-03-31 03:00:00,26732.41,27040.45,25614.71,26257.03,8118
2023-03-31 04:00:00,26371.59,26371.59,26092.04,26318.95,7000
2023-03-31 05:00:00,26296.9,26656.35,26296.9,26349.6,9433
2023-03-31 06:00:00,26360.37,27117.27,26360.37,26413.2,11440
2023-03-31 07:00:00,26548.51,26548.51,26442.53,26495.52,10472
2023-03-31 08:00:00,26316.4,26621.58,25975.06,26450.69,9159
2023-03-31 09:00:00,26814.96,26914.07,26814.96,26868.69,10676
2023-03-31 10:00:00,26993.72,26993.72,25988.64,26442.18,8694
2023-03-31 11:00:00,26177.99,26801.17,26150.67,26234.62,12583
2023-03-31 12:00:00,26185.92,26621.75,25966.34,26224.62,9603
2023-03-31 13:00:00,25854.24,25854.24,24809.98,25802.63,7887
2023-03-31 14:00:00,26004.82,26572.37,25726.12,25777.67,8586
2023-03-31 15:00:00,25729.64,26288.55,25729.64,26236.08,5389
2023-03-31 16:00:00,26101.36,26312.1,26101.36,26259.58,7540
2023-03-31 17:00:00,26286.35,26391.71,26286.35,26339.03,11025
2023-03-31 18:00:00,26148.81,26148.81,25957.59,26017.35,6871
2023-03-31 19:00:00,26148.18,26609.46,25821.69,25873.44,10264
2023-03-31 20:00:00,25743.63,25809.14,25743.63,25795.23,7229
2023-03-31 21:00:00,25681.77,25784.36,25480.24,25732.9,11159
2023-03-31 22:00:00,26051.18,26201.48,26039.15,26091.33,6899
2023-03-31 23:00:00,26237.94,26396.19,26237.94,26259.39,7251
2023-04-01 00:00:00,26031.43,26031.43,25927.51,25979.47,10594
2023-04-01 01:00:00,26042.76,26117.7,26042.76,26065.57,10529
2023-04-01 02:00:00,26240.13,26270.65,26202.76,26218.22,10859
2023-04-01 03:00:00,26489.22,26750.08,26489.22,26542.31,16915
2023-04-01 04:00:00,26932.69,27040.64,26932.69,26986.66,7705
2023-04-01 05:00:00,27203.96,27203.96,26666.01,26719.45,11541
2023-04-01 06:00:00,26486.54,26549.3,26228.67,26512.93,9134
2023-04-01 07:00:00,26241.16,26241.16,26136.4,26188.78,9400
2023-04-01 08:00:00,26092.78,26449.49,26092.78,26145.07,12484
2023-04-01 09:00:00,26136.88,26341.28,26136.88,26288.7,16107
2023-04-01 10:00:00,26338.02,26722.43,25882.11,26572.24,11581
2023-04-01 11:00:00,26573.84,27134.67,26364.65,26567.77,8255
2023-04-01 12:00:00,26449.14,26814.49,26106.44,26497.34,9887
2023-04-01 13:00:00,26608.54,26608.54,26502.32,26555.43,8814
2023-04-01 14:00:00,26398.17,26398.17,26292.79,26345.48,14366
2023-04-01 15:00:00,26871.89,26979.59,26871.89,26925.74,8245
2023-04-01 16:00:00,26672.45,26672.45,26444.55,26497.55,10633
2023-04-01 17:00:00,26617.26,26617.26,26511.01,26564.13,8929
2023-04-01 18:00:00,27074.88,27159.95,27074.88,27129.14,12107
2023-04-01 19:00:00,27137.74,27196.71,27088.14,27142.43,14607
2023-04-01 20:00:00,27110.64,27155.11,26512.06,27100.91,10839
2023-04-01 21:00:00,27067.85,27067.85,26959.8,27013.83,5409
2023-04-01 22:00:00,26964.98,27281.26,26538.59,26976.64,15969
2023-04-01 23:00:00,27054.57,28177.72,27049.49,27367.85,8963
2023-04-02 00:00:00,26813.84,26813.84,26436.88,26760.32,10391
2023-04-02 01:00:00,26905.87,27393.69,26839.26,27194.56,9244
2023-04-02 02:00:00,26865.02,26865.02,26757.78,26811.4,13256
2023-04-02 03:00:00,26807.17,26807.17,26700.15,26753.66,12238
2023-04-02 04:00:00,26561.83,26706.18,26072.84,26652.87,14160
2023-04-02 05:00:00,26635.27,26856.4,26508.51,26830.16,14334
2023-04-02 06:00:00,26796.34,26796.34,26355.81,26408.63,11319
2023-04-02 07:00:00,26499.98,26753.08,26499.98,26553.09,12661
2023-04-02 08:00:00,26680.96,27348.94,26680.96,27120.6,11657
2023-04-02 09:00:00,27083.06,27083.06,26635.3,26757.39,10407
2023-04-02 10:00:00,26705.58,27198.2,26562.28,26826.44,12250
2023-04-02 11:00:00,26714.71,26714.71,26608.07,26661.39,10175
2023-04-02 12:00:00,26784.43,27204.94,26521.43,26795.01,13106
2023-04-02 13:00:00,26631.2,27401.78,26559.32,26817.09,8617
2023-04-02 14:00:00,26711.63,26711.63,26605.0,26658.32,11200
2023-04-02 15:00:00,26768.24,26892.69,26587.35,26808.49,19426
2023-04-02 16:00:00,27263.51,28131.89,27263.51,27318.14,12964
2023-04-02 17:00:00,27315.3,27338.93,26893.26,27276.45,11431
2023-04-02 18:00:00,27343.37,27543.88,27343.37,27488.91,13915
2023-04-02 19:00:00,27190.77,27190.77,27082.23,27136.5,16310
2023-04-02 20:00:00,26938.92,26938.92,26831.38,26885.15,8668
2023-04-02 21:00:00,26976.68,27195.43,26976.68,27030.74,10570
2023-04-02 22:00:00,27304.82,27509.66,27304.82,27454.75,10894
2023-04-02 23:00:00,27510.46,27621.13,27510.46,27565.59,10729
2023-04-03 00:00:00,27542.96,27542.96,26971.58,27487.99,14508
2023-04-03 01:00:00,27599.97,27764.75,27079.46,27499.16,9208
2023-04-03 02:00:00,27532.18,27532.18,26927.83,27159.56,9138
2023-04-03 03:00:00,27229.1,27396.69,26617.61,27342.01,11406
2023-04-03 04:00:00,27546.6,27861.16,27546.6,27601.8,13495
2023-04-03 05:00:00,27675.24,27977.36,27078.16,27485.6,13447
2023-04-03 06:00:00,27420.83,27420.83,27162.48,27366.1,6419
2023-04-03 07:00:00,27120.31,27508.98,26964.11,27454.07,14699
2023-04-03 08:00:00,27399.29,27399.29,27289.91,27344.6,9248
2023-04-03 09:00:00,27344.85,27395.09,27285.73,27340.41,13523
2023-04-03 10:00:00,27471.97,27996.72,27471.97,27940.84,11018
2023-04-03 11:00:00,27922.01,28277.23,27823.34,27879.1,9203
2023-04-03 12:00:00,27948.17,28839.03,27731.02,27786.59,10534
2023-04-03 13:00:00,27844.78,27918.98,27558.02,27613.24,8313
2023-04-03 14:00:00,27891.3,28663.64,27779.39,27835.06,10684
2023-04-03 15:00:00,27849.66,27849.66,27738.49,27794.07,10512
2023-04-03 16:00:00,27676.14,27676.14,27565.66,27620.9,8830
2023-04-03 17:00:00,27950.5,28062.53,27950.5,28006.52,9481
2023-04-03 18:00:00,28030.73,28925.27,27805.75,28422.08,8852
2023-04-03 19:00:00,28197.69,28310.71,28197.69,28254.2,12708
2023-04-03 20:00:00,27779.58,27779.58,27421.52,27724.13,12663
2023-04-03 21:00:00,27804.63,28025.84,27804.63,28022.23,9873
2023-04-03 22:00:00,27892.8,27892.8,27548.67,27837.12,6427
2023-04-03 23:00:00,27810.1,28130.2,27810.1,28074.05,10387
2023-04-04 00:00:00,27574.78,27574.78,27277.08,27519.74,12270
2023-04-04 01:00:00,27779.54,28387.43,27592.91,27785.27,9472
2023-04-04 02:00:00,27804.63,27878.2,27399.59,27454.49,7039
2023-04-04 03:00:00,27416.82,27795.79,27338.1,27675.03,18993
2023-04-04 04:00:00,27637.98,27748.75,27637.98,27693.36,9209
2023-04-04 05:00:00,27662.2,27827.09,27383.34,27438.22,8561
2023-04-04 06:00:00,27314.56,27552.6,27286.26,27340.94,17830
2023-04-04 07:00:00,27494.69,28128.13,27494.69,27549.79,14352
2023-04-04 08:00:00,27650.54,27650.54,27236.04,27595.35,11037
2023-04-04 09:00:00,27535.27,27797.27,26649.75,27775.76,7338
2023-04-04 10:00:00,28184.27,28645.55,28184.27,28350.62,22749
2023-04-04 11:00:00,28426.19,28426.19,27852.05,27907.87,13880
2023-04-04 12:00:00,28042.51,28439.15,27919.23,28382.39,5717
2023-04-04 13:00:00,28396.42,28474.34,27411.35,28422.24,12979
2023-04-04 14:00:00,28373.26,28373.26,28114.34,28170.68,9920
2023-04-04 15:00:00,28304.37,29053.92,27744.14,27799.74,9067
2023-04-04 16:00:00,28004.27,28518.59,27705.48,27761.0,10606
2023-04-04 17:00:00,27981.5,28093.65,27981.5,28037.57,9131
2023-04-04 18:00:00,28082.23,28178.5,27958.13,28014.16,10553
2023-04-04 19:00:00,28026.18,28518.07,27801.29,28459.6,11110
2023-04-04 20:00:00,28103.44,28103.44,27463.92,28047.34,10298
2023-04-04 21:00:00,28087.91,28113.35,27530.8,28057.24,11818
2023-04-04 22:00:00,27845.57,27845.57,27394.86,27712.02,9670
2023-04-04 23:00:00,27775.7,27887.03,27775.7,27831.36,9745
2023-04-05 00:00:00,28112.26,28154.85,27700.42,28098.66,6375
2023-04-05 01:00:00,28046.73,28046.73,27899.92,27990.75,6445
2023-04-05 02:00:00,27413.98,27413.98,26489.72,27260.98,8451
2023-04-05 03:00:00,27282.38,27391.73,27282.38,27337.06,11642
2023-04-05 04:00:00,27423.71,27770.01,27423.71,27478.67,13306
2023-04-05 05:00:00,27371.51,27700.59,27371.51,27610.94,12520
2023-04-05 06:00:00,27921.37,28033.28,27921.37,27977.32,13552
2023-04-05 07:00:00,28084.02,28347.52,27304.94,27686.6,7596
2023-04-05 08:00:00,27841.21,27952.8,27841.21,27897.0,14097
2023-04-05 09:00:00,28196.58,28768.27,28196.58,28253.09,11823
2023-04-05 10:00:00,27771.41,27771.41,27697.84,27753.34,11202
2023-04-05 11:00:00,27630.48,28039.81,26946.32,27861.62,6016
2023-04-05 12:00:00,27790.7,27790.7,27679.76,27735.23,10626
2023-04-05 13:00:00,27732.62,27785.64,27674.71,27730.18,10106
2023-04-05 14:00:00,27761.86,28323.26,27349.28,27846.91,11528
2023-04-05 15:00:00,27780.87,27780.87,27669.97,27725.42,9797
2023-04-05 16:00:00,27580.68,27580.68,27497.53,27552.64,10242
2023-04-05 17:00:00,27526.85,28128.21,27526.85,27582.01,6626
2023-04-05 18:00:00,27604.65,27861.23,27112.38,27295.3,14863
2023-04-05 19:00:00,27093.11,27093.11,26948.72,27014.66,11335
2023-04-05 20:00:00,26908.68,27547.57,26908.68,27226.36,23285
2023-04-05 21:00:00,26973.21,26973.21,26572.98,26929.95,9927
2023-04-05 22:00:00,27083.95,27192.5,27083.95,27138.22,16207
2023-04-05 23:00:00,27153.06,27574.07,27094.57,27289.77,13442
2023-04-06 00:00:00,26986.41,26986.41,26777.41,26831.07,11908
2023-04-06 01:00:00,26724.63,26724.63,26532.51,26671.29,7890
2023-04-06 02:00:00,26586.31,27629.14,26547.82,27023.77,9142
2023-04-06 03:00:00,26780.56,27156.99,26374.23,26777.88,13866
2023-04-06 04:00:00,26676.82,26731.36,26170.38,26678.0,16740
2023-04-06 05:00:00,26701.99,26885.8,26701.99,26832.14,7077
2023-04-06 06:00:00,26960.38,27127.88,26464.13,27073.74,10523
2023-04-06 07:00:00,26957.47,28117.09,26660.91,27029.42,16054
2023-04-06 08:00:00,26878.91,27398.26,26837.05,26890.84,16916
2023-04-06 09:00:00,27050.72,27361.46,27050.72,27309.07,10407
2023-04-06 10:00:00,27751.24,27873.51,27751.24,27817.88,4102
2023-04-06 11:00:00,27808.97,28172.11,27808.97,28115.88,12539
2023-04-06 12:00:00,28101.68,28214.32,28101.68,28158.0,13267
2023-04-06 13:00:00,27999.22,27999.22,26878.05,27943.33,7812
2023-04-06 14:00:00,28053.74,28539.74,27670.43,27725.88,14483
2023-04-06 15:00:00,27903.51,28025.7,27863.09,27894.87,10355
2023-04-06 16:00:00,27977.54,28089.67,27977.54,28033.6,15005
2023-04-06 17:00:00,28396.09,29110.45,28396.09,28453.0,9848
2023-04-06 18:00:00,28697.02,28697.02,28042.37,28656.91,8706
2023-04-06 19:00:00,28458.87,28458.87,28173.79,28230.25,6162
2023-04-06 20:00:00,28270.1,28638.11,28270.1,28550.07,14447
2023-04-06 21:00:00,28452.94,28452.94,28216.18,28272.72,9382
2023-04-06 22:00:00,28234.65,28234.65,28121.94,28178.29,13290
2023-04-06 23:00:00,28145.96,28288.74,28057.04,28267.92,7755
2023-04-07 00:00:00,28802.88,29573.56,28802.88,28860.6,12855
2023-04-07 01:00:00,29728.67,29847.82,29728.67,29788.24,11251
2023-04-07 02:00:00,29858.05,30035.67,29346.81,29975.72,8263
2023-04-07 03:00:00,29981.25,29981.25,29861.56,29921.4,13378
2023-04-07 04:00:00,30026.97,30147.32,30026.97,30087.15,9218
2023-04-07 05:00:00,30299.79,30476.54,30299.79,30360.51,8788
2023-04-07 06:00:00,30279.54,30319.32,30198.29,30258.8,10708
2023-04-07 07:00:00,30750.07,30873.32,30750.07,30811.7,6959
2023-04-07 08:00:00,30925.7,31447.4,30815.22,30876.97,8996
2023-04-07 09:00:00,30962.41,31202.36,30962.41,31026.0,10632
2023-04-07 10:00:00,31165.19,31909.86,31165.19,31227.64,13574
2023-04-07 11:00:00,31307.03,32004.78,31185.44,31350.58,11678
2023-04-07 12:00:00,31468.27,31669.27,31330.16,31606.06,8806
2023-04-07 13:00:00,31786.8,31944.46,31328.17,31390.96,19238
2023-04-07 14:00:00,31250.21,31250.21,31188.4,31199.07,9900
2023-04-07 15:00:00,31181.54,31181.54,29954.15,30838.23,6979
2023-04-07 16:00:00,30908.58,31032.46,30908.58,30970.52,12451
2023-04-07 17:00:00,31147.18,31272.02,31147.18,31209.6,5618
2023-04-07 18:00:00,30982.91,31545.75,30231.93,31345.74,8122
2023-04-07 19:00:00,31514.66,31934.59,31514.66,31870.85,6929
2023-04-07 20:00:00,31515.36,32685.03,31433.22,31852.79,9454
2023-04-07 21:00:00,31965.92,32118.48,31532.7,32054.37,8862
2023-04-07 22:00:00,31742.61,31742.61,31615.9,31679.25,11864
2023-04-07 23:00:00,31602.58,31602.58,30917.39,31539.5,9386
2023-04-08 00:00:00,31317.85,31814.48,31187.67,31750.97,19526
2023-04-08 01:00:00,31947.65,32120.73,31947.65,32011.68,10241
2023-04-08 02:00:00,31769.27,31964.5,31266.71,31898.52,11456
2023-04-08 03:00:00,32015.8,32044.81,31795.75,31859.47,8037
2023-04-08 04:00:00,31969.52,31977.46,31288.09,31350.79,21536
2023-04-08 05:00:00,31439.39,32278.01,31164.48,31226.93,14300
2023-04-08 06:00:00,31332.07,31565.74,31138.96,31502.73,7944
2023-04-08 07:00:00,31655.95,32053.14,31655.95,31676.46,10110
2023-04-08 08:00:00,31769.24,32543.9,31769.24,31825.4,11134
2023-04-08 09:00:00,31881.13,32142.02,31573.89,31827.31,7361
2023-04-08 10:00:00,31879.04,31879.04,31399.67,31815.4,10597
2023-04-08 11:00:00,31618.27,31618.27,31523.99,31587.17,9211
2023-04-08 12:00:00,31355.51,31864.56,31314.54,31800.96,11171
2023-04-08 13:00:00,31780.67,31987.42,31590.62,31923.57,13985
2023-04-08 14:00:00,32125.57,32611.7,31946.19,32068.71,5516
2023-04-08 15:00:00,32085.2,32873.43,31816.34,31880.1,7898
2023-04-08 16:00:00,31226.99,31226.99,31102.33,31164.66,12342
2023-04-08 17:00:00,31195.07,31569.9,30972.92,31506.89,13227
2023-04-08 18:00:00,31437.98,31437.98,31279.77,31342.45,10149
2023-04-08 19:00:00,31131.01,31463.42,30995.74,31057.85,7234
2023-04-08 20:00:00,31209.26,31334.34,31209.26,31271.8,9737
2023-04-08 21:00:00,31298.35,31520.63,31076.12,31138.4,14543
2023-04-08 22:00:00,31319.39,31531.76,31012.8,31468.83,10272
2023-04-08 23:00:00,31341.23,31720.49,30934.18,31657.17,10510
2023-04-09 00:00:00,31718.11,32185.18,31613.29,31866.17,8975
2023-04-09 01:00:00,31803.62,32078.69,31345.04,31407.86,12267
2023-04-09 02:00:00,31758.35,32072.91,31758.35,31787.58,11597
2023-04-09 03:00:00,31819.63,31923.42,31795.99,31859.7,8965
2023-04-09 04:00:00,31900.32,32984.2,31575.83,31726.31,10827
2023-04-09 05:00:00,31697.84,31794.77,31697.84,31761.37,12079
2023-04-09 06:00:00,31236.61,31236.61,30473.74,31174.26,6928
2023-04-09 07:00:00,31362.13,31362.13,30627.5,31299.54,5900
2023-04-09 08:00:00,31026.71,31026.71,30194.59,30964.78,8861
2023-04-09 09:00:00,30596.28,30596.28,30474.14,30535.21,9794
2023-04-09 10:00:00,30306.2,30306.2,29531.11,30063.32,9225
2023-04-09 11:00:00,30271.91,30674.41,30271.91,30412.41,15140
2023-04-09 12:00:00,30275.87,31250.99,30050.94,30221.73,15851
2023-04-09 13:00:00,30531.31,31663.81,30531.31,30701.15,10034
2023-04-09 14:00:00,30595.66,30595.66,30309.65,30534.59,9601
2023-04-09 15:00:00,30065.45,30065.45,29945.43,30005.44,9900
2023-04-09 16:00:00,29731.45,29731.45,29121.71,29672.11,10457
2023-04-09 17:00:00,30021.53,30117.93,30021.53,30057.81,7952
2023-04-09 18:00:00,30054.61,30632.15,29957.93,30017.97,10506
2023-04-09 19:00:00,29897.97,29944.4,29798.87,29858.59,13038
2023-04-09 20:00:00,29785.77,30166.39,29710.16,29917.97,13155
2023-04-09 21:00:00,29860.44,30103.75,29675.81,30081.41,13061
2023-04-09 22:00:00,30242.43,30493.69,30179.28,30432.82,9807
2023-04-09 23:00:00,30825.69,31106.52,30825.69,30887.46,8851
2023-04-10 00:00:00,30806.06,30806.06,30712.38,30773.93,9790
2023-04-10 01:00:00,30425.13,30425.13,30297.73,30358.44,13925
2023-04-10 02:00:00,30316.72,30640.78,29655.68,30235.6,9480
2023-04-10 03:00:00,30425.09,31058.32,30122.57,30322.18,8568
2023-04-10 04:00:00,30089.96,30089.96,29969.84,30029.9,9478
2023-04-10 05:00:00,29804.6,29804.6,28957.97,29745.11,6488
2023-04-10 06:00:00,29777.26,29921.04,29777.26,29861.32,9049
2023-04-10 07:00:00,29741.54,29917.41,29096.69,29857.69,7397
2023-04-10 08:00:00,29819.56,30179.37,29819.56,29879.32,8446
2023-04-10 09:00:00,29686.79,29718.68,29077.36,29659.36,6132
2023-04-10 10:00:00,29556.97,29662.48,29544.06,29603.27,4169
2023-04-10 11:00:00,29396.63,29396.63,28550.05,29337.96,9954
2023-04-10 12:00:00,29514.34,29734.99,29514.34,29621.3,6578
2023-04-10 13:00:00,29889.92,30004.84,29888.64,29948.53,9402
2023-04-10 14:00:00,29426.41,29426.41,29336.59,29395.38,8688
2023-04-10 15:00:00,29443.86,29522.72,28685.67,29132.64,14087
2023-04-10 16:00:00,28763.01,28763.01,28393.37,28705.6,12150
2023-04-10 17:00:00,28656.64,29065.79,28479.67,28536.74,19747
2023-04-10 18:00:00,28496.45,28680.14,27142.36,28535.93,8747
2023-04-10 19:00:00,28557.29,28557.29,27862.4,28137.24,12692
2023-04-10 20:00:00,27955.29,27955.29,27757.04,27899.49,10675
2023-04-10 21:00:00,27698.17,27698.17,27590.82,27642.88,9648
2023-04-10 22:00:00,27500.17,28669.73,27500.17,27733.33,14137
2023-04-10 23:00:00,27636.14,28288.13,26876.57,27784.69,11703
2023-04-11 00:00:00,27787.17,27911.12,27526.39,27611.18,7784
2023-04-11 01:00:00,27637.76,27748.54,27637.76,27693.15,10649
2023-04-11 02:00:00,27587.9,27587.9,27515.74,27570.88,10503
2023-04-11 03:00:00,27583.46,27583.46,27101.71,27528.41,12291
2023-04-11 04:00:00,27545.83,28089.12,27285.4,28033.05,4550
2023-04-11 05:00:00,28389.83,28503.62,28389.83,28446.72,11689
2023-04-11 06:00:00,28310.29,28310.29,27190.29,28096.48,9498
2023-04-11 07:00:00,28278.99,28421.24,28130.4,28364.51,8628
2023-04-11 08:00:00,28570.08,28684.59,28570.08,28627.34,7849
2023-04-11 09:00:00,28374.54,28374.54,28256.57,28317.91,9193
2023-04-11 10:00:00,28404.15,28640.63,28038.59,28583.46,9321
2023-04-11 11:00:00,28488.39,29415.55,28486.85,29058.56,10294
2023-04-11 12:00:00,28779.04,28779.04,28690.44,28747.94,12578
2023-04-11 13:00:00,28611.2,28749.9,28372.88,28504.08,12783
2023-04-11 14:00:00,28732.17,28885.51,28732.17,28827.85,9554
2023-04-11 15:00:00,28594.79,28990.71,28489.27,28932.85,16137
2023-04-11 16:00:00,28976.96,29178.52,28976.96,29120.28,14234
2023-04-11 17:00:00,29226.83,30180.2,29226.83,29244.44,7160
2023-04-11 18:00:00,29128.07,29441.82,28513.03,29383.06,5574
2023-04-11 19:00:00,29346.09,29561.53,28947.13,29005.14,14759
2023-04-11 20:00:00,28889.57,29397.12,28889.57,29338.44,13595
2023-04-11 21:00:00,29627.15,29768.7,29627.15,29709.28,15296
2023-04-11 22:00:00,29597.63,29732.95,29597.63,29656.94,16736
2023-04-11 23:00:00,29608.21,29676.53,29608.21,29661.47,14458
2023-04-12 00:00:00,29390.53,29390.53,29156.99,29215.42,9639
2023-04-12 01:00:00,29331.93,29888.65,29331.93,29390.72,7506
2023-04-12 02:00:00,29631.63,29737.76,29523.8,29582.97,5915
2023-04-12 03:00:00,29626.7,29683.59,29524.29,29583.45,13635
2023-04-12 04:00:00,29433.35,30326.05,29409.37,29941.81,11931
2023-04-12 05:00:00,29829.98,30388.46,29829.98,29855.31,7335
2023-04-12 06:00:00,29872.92,30445.58,29796.56,30043.81,14159
2023-04-12 07:00:00,29805.35,29805.35,29471.79,29745.86,11236
2023-04-12 08:00:00,29745.04,30190.41,29006.2,29756.17,13003
2023-04-12 09:00:00,29602.74,29780.05,29602.74,29720.61,8413
2023-04-12 10:00:00,29747.43,29866.66,29747.43,29807.05,7927
2023-04-12 11:00:00,29637.56,29946.91,29157.81,29711.47,15927
2023-04-12 12:00:00,29870.04,30584.55,29337.25,29689.99,11462
2023-04-12 13:00:00,29920.25,30019.07,29452.19,29959.16,6560
2023-04-12 14:00:00,30195.96,30952.63,29496.77,29842.06,9658
2023-04-12 15:00:00,29811.19,29811.19,29311.94,29370.68,9012
2023-04-12 16:00:00,29790.91,29976.94,29790.91,29917.11,10971
2023-04-12 17:00:00,30295.07,30416.49,30295.07,30355.78,5988
2023-04-12 18:00:00,30360.2,30687.82,29960.69,29968.17,14782
2023-04-12 19:00:00,29900.77,30681.48,29760.46,30196.12,7515
2023-04-12 20:00:00,30116.17,30116.17,29995.94,30056.06,12689
2023-04-12 21:00:00,30185.82,30823.56,30093.12,30153.42,5390
2023-04-12 22:00:00,30199.01,30320.05,30199.01,30259.53,10381
2023-04-12 23:00:00,30315.33,30527.9,30141.56,30201.96,12192
2023-04-13 00:00:00,30147.57,30147.57,29228.64,29976.37,11201
2023-04-13 01:00:00,29843.23,29843.23,29724.1,29783.66,6675
2023-04-13 02:00:00,29584.67,29584.67,29187.23,29525.62,11027
2023-04-13 03:00:00,29356.69,29356.69,29239.5,29298.09,12161
2023-04-13 04:00:00,29257.67,29410.84,29244.87,29303.48,8109
2023-04-13 05:00:00,29203.25,29722.21,29056.88,29115.11,8955
2023-04-13 06:00:00,29286.9,29404.28,29286.9,29345.59,10589
2023-04-13 07:00:00,29506.49,30229.27,29184.22,29817.25,8771
2023-04-13 08:00:00,29971.95,30566.0,29434.66,29662.76,4972
2023-04-13 09:00:00,29538.67,29818.53,29538.67,29759.01,12421
2023-04-13 10:00:00,29756.63,30163.99,29398.99,29933.67,13116
2023-04-13 11:00:00,29883.52,30159.21,29433.75,30099.01,10434
2023-04-13 12:00:00,30170.83,30205.91,30081.7,30141.98,12383
2023-04-13 13:00:00,30364.65,30450.58,30364.65,30389.8,15569
2023-04-13 14:00:00,30519.34,30727.58,30157.66,30555.98,11912
2023-04-13 15:00:00,30245.77,30245.77,29937.06,30185.4,14596
2023-04-13 16:00:00,30410.46,30655.71,30410.46,30471.4,11167
2023-04-13 17:00:00,30504.88,31457.53,30504.88,30763.8,6925
2023-04-13 18:00:00,30599.42,30599.42,30293.53,30538.34,15015
2023-04-13 19:00:00,30566.87,30627.74,30505.47,30566.61,10093
2023-04-13 20:00:00,30536.62,31574.99,29659.43,30796.08,7538
2023-04-13 21:00:00,30798.73,30806.07,30101.37,30744.58,8115
2023-04-13 22:00:00,30902.96,31607.5,30902.96,31096.0,9367
2023-04-13 23:00:00,31562.13,31906.18,31562.13,31857.68,14084
2023-04-14 00:00:00,31669.06,31669.06,31329.2,31605.85,11113
2023-04-14 01:00:00,31229.15,31229.15,31104.48,31166.81,10653
2023-04-14 02:00:00,31135.36,31337.12,30989.94,31274.57,7064
2023-04-14 03:00:00,31451.61,31590.62,31451.61,31514.64,9009
2023-04-14 04:00:00,31464.81,32044.12,31384.93,31447.83,12338
2023-04-14 05:00:00,31462.15,31986.43,31224.36,31922.58,7934
2023-04-14 06:00:00,32076.74,32547.7,31427.03,31490.01,10819
2023-04-14 07:00:00,31530.06,31784.27,31378.81,31720.83,8508
2023-04-14 08:00:00,31721.62,31942.95,31467.85,31530.91,5956
2023-04-14 09:00:00,31958.04,33014.18,31893.77,32092.43,12418
2023-04-14 10:00:00,32682.12,32813.11,32682.12,32747.61,13741
2023-04-14 11:00:00,32700.55,33835.75,31371.82,32487.39,10004
2023-04-14 12:00:00,32549.58,32825.16,32239.54,32304.14,19729
2023-04-14 13:00:00,32523.53,32769.79,32523.53,32588.71,14565
2023-04-14 14:00:00,32393.21,32523.04,32393.21,32458.13,9273
2023-04-14 15:00:00,32406.83,32508.1,32388.69,32443.22,14123
2023-04-14 16:00:00,32223.04,32516.88,31511.85,32451.97,13953
2023-04-14 17:00:00,31880.6,31880.6,31753.33,31816.96,12933
2023-04-14 18:00:00,31883.73,31883.73,31756.45,31820.09,9188
2023-04-14 19:00:00,31648.45,31666.75,31540.34,31603.55,9906
2023-04-14 20:00:00,31359.05,31559.47,31359.05,31454.52,11783
2023-04-14 21:00:00,31865.69,31993.41,31865.69,31929.55,10282
2023-04-14 22:00:00,31590.16,31590.16,30413.7,31527.11,8191
2023-04-14 23:00:00,31730.84,32593.75,31684.45,31799.21,9019
2023-04-15 00:00:00,31673.05,32099.95,31276.16,31716.46,5830
2023-04-15 01:00:00,31839.72,31888.74,31571.25,31634.52,11009
2023-04-15 02:00:00,31887.49,32964.16,31887.49,31898.96,9089
2023-04-15 03:00:00,31952.12,32080.19,31952.12,32016.15,12963
2023-04-15 04:00:00,32188.13,32474.95,31728.07,32207.81,7723
2023-04-15 05:00:00,32464.31,32932.08,32464.31,32529.37,14287
2023-04-15 06:00:00,32393.27,32709.52,32354.07,32418.91,10706
2023-04-15 07:00:00,32152.87,32281.74,32152.87,32217.3,9080
2023-04-15 08:00:00,31927.91,31927.91,31800.46,31864.18,12292
2023-04-15 09:00:00,31656.88,33101.99,30855.36,31603.38,7714
2023-04-15 10:00:00,31965.99,32722.24,31965.99,32565.32,13175
2023-04-15 11:00:00,32500.43,33046.05,32320.56,32980.09,9800
2023-04-15 12:00:00,32861.32,33112.68,31985.46,32522.4,12520
2023-04-15 13:00:00,32568.22,32568.22,32022.08,32086.26,11168
2023-04-15 14:00:00,32042.18,32626.43,32025.36,32251.48,6064
2023-04-15 15:00:00,32376.79,32969.22,32372.34,32437.21,4336
2023-04-15 16:00:00,32680.71,32697.75,32106.24,32622.93,12129
2023-04-15 17:00:00,32687.72,32752.37,32231.97,32540.42,7740
2023-04-15 18:00:00,32551.29,32551.29,32122.92,32502.4,15659
2023-04-15 19:00:00,32642.84,33233.91,31789.01,32615.98,10622
2023-04-15 20:00:00,32614.88,33345.4,32583.0,32648.3,10781
2023-04-15 21:00:00,31976.27,31976.27,31449.37,31912.45,14215
2023-04-15 22:00:00,31733.78,31912.52,31733.78,31848.82,15773
2023-04-15 23:00:00,31913.61,32207.17,31521.59,31584.76,16753
2023-04-16 00:00:00,31719.94,31719.94,31128.04,31656.63,13610
2023-04-16 01:00:00,32277.82,32701.12,32277.82,32635.84,11942
2023-04-16 02:00:00,32743.0,33247.9,32094.88,32762.77,6551
2023-04-16 03:00:00,32726.34,32726.34,32595.69,32661.01,9359
2023-04-16 04:00:00,32906.42,33038.31,32906.42,32972.37,9902
2023-04-16 05:00:00,32864.54,34076.82,32860.31,33135.46,13298
2023-04-16 06:00:00,33104.07,33342.63,33104.07,33276.08,10846
2023-04-16 07:00:00,33418.71,33613.67,33412.08,33479.04,11905
2023-04-16 08:00:00,34037.02,34481.76,34037.02,34177.11,7310
2023-04-16 09:00:00,33837.88,33837.88,33702.8,33770.34,9722
2023-04-16 10:00:00,33651.22,34575.1,33452.44,33926.48,8080
2023-04-16 11:00:00,33796.37,33984.19,32698.8,33597.34,11229
2023-04-16 12:00:00,33348.01,33851.54,33348.01,33783.98,12776
2023-04-16 13:00:00,33527.7,33527.7,32808.66,33460.78,8908
2023-04-16 14:00:00,33248.58,33381.84,33248.58,33315.21,8823
2023-04-16 15:00:00,33350.55,33366.24,32727.41,33213.34,8029
2023-04-16 16:00:00,32880.11,34414.22,32880.11,33543.71,7457
2023-04-16 17:00:00,33692.63,34151.9,33692.63,33854.07,11902
2023-04-16 18:00:00,33482.85,33482.85,33070.63,33416.02,17775
2023-04-16 19:00:00,33556.5,33879.05,33365.46,33432.32,9992
2023-04-16 20:00:00,33254.11,33254.11,33121.36,33187.73,9820
2023-04-16 21:00:00,32827.13,32827.13,31654.69,32761.6,9948
2023-04-16 22:00:00,32627.88,32758.66,32627.88,32693.27,11955
2023-04-16 23:00:00,32666.96,33123.96,32529.92,32595.11,8929
2023-04-17 00:00:00,32945.89,33475.02,32945.89,33408.2,10050
2023-04-17 01:00:00,33390.03,33619.86,32876.44,33552.76,8992
2023-04-17 02:00:00,33142.21,33142.21,33009.91,33076.06,13481
2023-04-17 03:00:00,32951.54,32951.54,32762.33,32885.77,7102
2023-04-17 04:00:00,33162.67,33720.58,32409.29,33230.8,8879
2023-04-17 05:00:00,33869.75,35174.17,33869.75,33937.63,8139
2023-04-17 06:00:00,33576.2,33576.2,33188.21,33378.54,6259
2023-04-17 07:00:00,32800.08,32800.08,32091.14,32734.61,13596
2023-04-17 08:00:00,33296.27,33833.75,33296.27,33362.99,10742
2023-04-17 09:00:00,33382.84,33990.87,33097.13,33492.12,9729
2023-04-17 10:00:00,33594.13,34117.36,33123.79,33190.17,6334
2023-04-17 11:00:00,33192.26,33556.58,33192.26,33369.96,6423
2023-04-17 12:00:00,32534.16,32534.16,32338.69,32469.22,8460
2023-04-17 13:00:00,32421.03,32542.19,32412.28,32477.23,9704
2023-04-17 14:00:00,32570.09,32634.02,31837.0,32592.58,8249
2023-04-17 15:00:00,32909.15,32989.63,32839.94,32905.75,6738
2023-04-17 16:00:00,32800.75,33088.21,32502.81,32567.94,12395
2023-04-17 17:00:00,32607.26,33504.47,32131.03,32602.95,11298
2023-04-17 18:00:00,32630.06,32657.55,32237.21,32301.82,12252
2023-04-17 19:00:00,32378.79,32461.07,32378.79,32396.28,6933
2023-04-17 20:00:00,32174.17,32174.17,32045.73,32109.95,6903
2023-04-17 21:00:00,32053.05,32053.05,31925.09,31989.07,13179
2023-04-17 22:00:00,31922.73,32423.4,31615.05,31678.41,10746
2023-04-17 23:00:00,31842.59,32796.54,31842.59,31906.4,11860
2023-04-18 00:00:00,32116.01,32648.25,32116.01,32201.12,13710
2023-04-18 01:00:00,31956.28,32403.63,31886.68,32136.39,12808
2023-04-18 02:00:00,31954.84,32361.41,31709.82,32162.23,12590
2023-04-18 03:00:00,31763.46,31763.46,31636.66,31700.06,11911
2023-04-18 04:00:00,31684.85,31684.85,30934.13,31621.6,14478
2023-04-18 05:00:00,31687.61,31687.61,31561.12,31624.36,11180
2023-04-18 06:00:00,32424.05,32554.0,32424.05,32489.03,6842
2023-04-18 07:00:00,32437.61,32618.32,31838.28,32130.43,8677
2023-04-18 08:00:00,32559.08,32689.57,32559.08,32624.33,17305
2023-04-18 09:00:00,32900.15,33604.03,32900.15,32966.08,9547
2023-04-18 10:00:00,33215.66,34235.95,32751.71,33066.98,10394
2023-04-18 11:00:00,33598.67,33733.33,33598.67,33666.0,9952
2023-04-18 12:00:00,33432.77,34519.1,32845.92,33792.7,11206
2023-04-18 13:00:00,33900.66,34268.88,33856.47,33924.32,7014
2023-04-18 14:00:00,33834.17,34112.02,33834.17,33901.97,9968
2023-04-18 15:00:00,33986.52,34390.46,33881.8,34321.82,7432
2023-04-18 16:00:00,34628.13,35018.59,34628.13,34697.53,7210
2023-04-18 17:00:00,34532.12,34532.12,34394.26,34463.19,24126
2023-04-18 18:00:00,34325.51,34325.51,33917.46,33989.78,7278
2023-04-18 19:00:00,33976.47,34304.71,33774.07,33916.09,10378
2023-04-18 20:00:00,33849.46,33849.46,32658.48,33636.94,8000
2023-04-18 21:00:00,33647.01,33647.01,33548.53,33615.76,6031
2023-04-18 22:00:00,33973.41,34159.06,33973.41,34041.5,12849
2023-04-18 23:00:00,33885.32,34040.38,33876.69,33879.65,11328
2023-04-19 00:00:00,33827.4,34391.72,33827.4,33864.33,8821
2023-04-19 01:00:00,34017.54,34098.11,33807.59,33884.44,8827
2023-04-19 02:00:00,34109.94,34246.66,34109.94,34178.3,12777
2023-04-19 03:00:00,33495.73,33495.73,33324.99,33391.78,10601
2023-04-19 04:00:00,33248.01,33257.82,32484.28,33191.44,8565
2023-04-19 05:00:00,32980.42,33992.54,32886.78,33271.54,10861
2023-04-19 06:00:00,33337.24,33802.75,33337.24,33686.94,14105
2023-04-19 07:00:00,33487.57,33959.54,33454.68,33521.73,23894
2023-04-19 08:00:00,33326.58,33502.6,32819.61,32885.38,14168
2023-04-19 09:00:00,32909.99,33171.99,32909.99,33105.78,7095
2023-04-19 10:00:00,33216.46,33216.46,32835.52,32901.32,12732
2023-04-19 11:00:00,32580.25,32580.25,32218.4,32514.3,12923
2023-04-19 12:00:00,32423.3,32423.3,32259.32,32323.97,7566
2023-04-19 13:00:00,32310.71,32373.72,32236.36,32281.89,14749
2023-04-19 14:00:00,32529.55,32586.65,31317.2,32102.56,4682
2023-04-19 15:00:00,32072.13,32508.74,31171.83,31401.36,10848
2023-04-19 16:00:00,31622.42,31996.12,31622.42,31717.7,15032
2023-04-19 17:00:00,31835.16,32525.35,31597.13,32156.07,12292
2023-04-19 18:00:00,32326.0,32455.56,32326.0,32390.78,9450
2023-04-19 19:00:00,32097.46,32097.46,30770.58,32033.4,12509
2023-04-19 20:00:00,32075.12,32075.12,31277.24,31989.9,9264
2023-04-19 21:00:00,31946.34,32074.38,31946.34,32010.36,13149
2023-04-19 22:00:00,32196.95,32292.43,32196.95,32227.97,6928
2023-04-19 23:00:00,32412.42,32819.46,32402.8,32467.73,9981
2023-04-20 00:00:00,32559.74,33412.95,32177.89,32242.38,6977
2023-04-20 01:00:00,32228.8,32354.49,32225.33,32289.91,10679
2023-04-20 02:00:00,32422.83,32525.76,32422.83,32460.84,7058
2023-04-20 03:00:00,32490.74,33378.51,32022.48,32961.92,18215
2023-04-20 04:00:00,33146.19,33651.3,33146.19,33212.62,17171
2023-04-20 05:00:00,33133.77,34282.84,32966.5,33490.76,15355
2023-04-20 06:00:00,33322.69,34530.6,32790.15,33526.74,9871
2023-04-20 07:00:00,33924.04,34084.41,33924.04,34016.37,6583
2023-04-20 08:00:00,34295.3,34327.88,33759.69,34160.27,8594
2023-04-20 09:00:00,34291.99,34733.59,33455.46,33860.5,11463
2023-04-20 10:00:00,33915.2,34381.51,33839.34,34349.7,9323
2023-04-20 11:00:00,34524.21,34662.59,34524.21,34593.4,12251
2023-04-20 12:00:00,34502.1,34502.1,34233.88,34433.24,11175
2023-04-20 13:00:00,34296.77,34695.14,34144.17,34262.51,12625
2023-04-20 14:00:00,33896.71,34486.56,33520.4,34366.24,11692
2023-04-20 15:00:00,34458.81,34596.92,34458.81,34527.87,10511
2023-04-20 16:00:00,34663.2,34663.2,34524.82,34594.01,15130
2023-04-20 17:00:00,34630.23,34816.25,34630.23,34699.63,15696
2023-04-20 18:00:00,34450.27,35363.52,34450.27,35296.05,18520
2023-04-20 19:00:00,35598.17,36032.53,35598.17,35669.51,6153
2023-04-20 20:00:00,35793.09,35793.09,35487.99,35721.64,8204
2023-04-20 21:00:00,35926.94,36119.15,35284.47,36047.06,8136
2023-04-20 22:00:00,35716.71,35716.71,35574.13,35645.42,6055
2023-04-20 23:00:00,35734.05,35845.07,35635.72,35773.52,9463
2023-04-21 00:00:00,35497.12,36760.13,35425.52,36415.76,22207
2023-04-21 01:00:00,36295.64,37088.48,36235.54,36308.15,9326
2023-04-21 02:00:00,36075.62,36075.62,35896.69,35968.62,11882
2023-04-21 03:00:00,35725.73,35725.73,35636.99,35708.41,10157
2023-04-21 04:00:00,35364.65,35364.65,35128.06,35294.06,9978
2023-04-21 05:00:00,35150.77,35150.77,33631.76,34999.1,7179
2023-04-21 06:00:00,34924.49,35224.0,34788.98,34858.69,11901
2023-04-21 07:00:00,34759.89,34759.89,34130.84,34352.27,8516
2023-04-21 08:00:00,34207.42,35219.32,34138.81,34357.95,9197
2023-04-21 09:00:00,34605.05,34743.75,34605.05,34674.4,15324
2023-04-21 10:00:00,34417.69,34417.69,34280.3,34348.99,10954
2023-04-21 11:00:00,34811.74,34951.27,34811.74,34881.5,6522
2023-04-21 12:00:00,34749.83,35127.39,34667.66,35057.28,15206
2023-04-21 13:00:00,34971.25,35528.0,34898.08,35418.02,9144
2023-04-21 14:00:00,35238.14,35238.14,34495.05,35167.81,12711
2023-04-21 15:00:00,35277.82,35670.25,35277.82,35465.26,10126
2023-04-21 16:00:00,35127.24,35127.24,34987.01,35057.12,6302
2023-04-21 17:00:00,35168.53,35404.03,34462.76,35367.72,12946
2023-04-21 18:00:00,35250.24,35489.36,35250.24,35418.53,13708
2023-04-21 19:00:00,35681.78,36092.76,35535.68,35606.9,6999
2023-04-21 20:00:00,35340.81,35740.05,35095.78,35166.12,9734
2023-04-21 21:00:00,34767.03,34906.38,34767.03,34836.71,17415
2023-04-21 22:00:00,34974.73,35090.8,34974.73,35044.82,11707
2023-04-21 23:00:00,34768.08,34768.08,34394.26,34698.68,11013
2023-04-22 00:00:00,34787.4,34929.58,34787.4,34859.86,7700
2023-04-22 01:00:00,34436.43,34436.43,34298.96,34367.7,19078
2023-04-22 02:00:00,34595.78,34734.44,34595.78,34665.11,8485
2023-04-22 03:00:00,34294.08,34294.08,33565.55,34225.63,10732
2023-04-22 04:00:00,34351.69,35226.03,34351.69,34420.53,7971
2023-04-22 05:00:00,34410.74,35419.34,34156.33,34640.12,6195
2023-04-22 06:00:00,34355.59,35089.3,33301.41,34391.31,13777
2023-04-22 07:00:00,34383.26,35695.57,34340.81,34595.4,13537
2023-04-22 08:00:00,34511.43,34939.57,34386.69,34684.93,6406
2023-04-22 09:00:00,34608.99,34714.24,34339.23,34490.26,7531
2023-04-22 10:00:00,34201.57,34201.57,34065.04,34133.3,9155
2023-04-22 11:00:00,33518.72,33518.72,32923.12,33451.81,10194
2023-04-22 12:00:00,33514.38,33867.61,33514.38,33581.54,7120
2023-04-22 13:00:00,33120.53,33120.53,32988.32,33054.43,8929
2023-04-22 14:00:00,32927.3,33167.81,32398.49,33101.6,17034
2023-04-22 15:00:00,33280.83,33452.32,32667.19,33027.24,9917
2023-04-22 16:00:00,33204.96,34047.23,33204.96,33271.5,10390
2023-04-22 17:00:00,33089.58,33629.24,33089.58,33181.63,8331
2023-04-22 18:00:00,33150.16,33150.16,32648.88,33083.99,14142
2023-04-22 19:00:00,33279.07,33666.33,33279.07,33345.77,12566
2023-04-22 20:00:00,33473.35,34044.17,32247.04,33471.99,6524
2023-04-22 21:00:00,33523.65,33658.02,33523.65,33590.83,8147
2023-04-22 22:00:00,33560.57,34364.13,33505.81,33761.68,9693
2023-04-22 23:00:00,33514.15,33514.15,33028.53,33241.11,8948
2023-04-23 00:00:00,33556.55,33789.03,33444.62,33511.64,8978
2023-04-23 01:00:00,33673.24,33739.94,33664.47,33731.93,7270
2023-04-23 02:00:00,33542.22,33542.22,32033.95,33390.17,14109
2023-04-23 03:00:00,33306.92,33385.14,33306.92,33318.5,7740
2023-04-23 04:00:00,33367.31,33902.67,32694.88,33317.21,11051
2023-04-23 05:00:00,33262.39,33351.09,33262.39,33284.52,11733
2023-04-23 06:00:00,33242.45,33478.49,33141.23,33411.67,14319
2023-04-23 07:00:00,33845.1,34085.9,33845.1,33912.92,11906
2023-04-23 08:00:00,34226.86,34364.04,34226.86,34295.45,6011
2023-04-23 09:00:00,33907.53,33907.53,33772.17,33839.85,7744
2023-04-23 10:00:00,34122.9,34131.64,33995.39,34063.51,9471
2023-04-23 11:00:00,34463.14,34911.12,34463.14,34532.2,8304
2023-04-23 12:00:00,34545.22,34739.54,34388.97,34670.2,21580
2023-04-23 13:00:00,34501.65,35177.63,34501.65,35056.26,15731
2023-04-23 14:00:00,35699.82,35842.91,35699.82,35771.36,6907
2023-04-23 15:00:00,35847.45,36569.35,35682.68,36132.94,12078
2023-04-23 16:00:00,36256.9,36613.64,35954.06,36208.32,7633
2023-04-23 17:00:00,36503.92,36650.23,36503.92,36577.07,8410
2023-04-23 18:00:00,36586.53,36682.44,35381.03,36609.22,16449
2023-04-23 19:00:00,36604.76,36629.58,36287.72,36595.86,19250
2023-04-23 20:00:00,36601.0,36963.03,35823.02,36442.68,11287
2023-04-23 21:00:00,36930.82,37078.84,36930.82,37004.83,6419
2023-04-23 22:00:00,36821.13,36821.13,36514.05,36669.25,8114
2023-04-23 23:00:00,37145.9,37294.78,37145.9,37220.34,7580
2023-04-24 00:00:00,37249.61,37455.5,36755.88,37380.74,8418
2023-04-24 01:00:00,36888.89,36888.89,36379.46,36815.26,12780
2023-04-24 02:00:00,36853.39,37040.42,36853.39,36929.87,8698
2023-04-24 03:00:00,36706.67,36706.67,36041.68,36113.91,12979
2023-04-24 04:00:00,36285.98,36403.24,35728.59,36330.58,7879
2023-04-24 05:00:00,36394.01,37196.9,36114.33,36641.92,7524
2023-04-24 06:00:00,36691.93,36934.26,35616.49,36399.25,9799
2023-04-24 07:00:00,36322.95,36592.16,36101.7,36427.25,10625
2023-04-24 08:00:00,36462.88,37210.06,36462.88,37135.79,9694
2023-04-24 09:00:00,36990.85,36990.85,36843.19,36917.02,9435
2023-04-24 10:00:00,36566.77,36566.77,36420.8,36493.78,7991
2023-04-24 11:00:00,36864.68,37818.8,36864.68,37026.75,11304
2023-04-24 12:00:00,36864.09,37912.53,36214.65,37742.82,11260
2023-04-24 13:00:00,37605.29,37933.89,36908.12,37708.39,11967
2023-04-24 14:00:00,38024.18,38138.14,38024.18,38062.02,11281
2023-04-24 15:00:00,37905.6,38852.18,37259.04,38542.6,20076
2023-04-24 16:00:00,38280.33,38280.33,38127.51,38203.92,9292
2023-04-24 17:00:00,38276.8,38380.25,37916.09,37972.66,8133
2023-04-24 18:00:00,37871.59,38487.89,37785.42,38411.07,10000
2023-04-24 19:00:00,38961.26,39751.52,38961.26,39027.21,10522
2023-04-24 20:00:00,39091.48,39277.32,39091.48,39198.92,12733
2023-04-24 21:00:00,38870.2,38870.2,37488.95,38792.62,11230
2023-04-24 22:00:00,39429.01,39543.21,39429.01,39530.99,8826
2023-04-24 23:00:00,39289.89,39336.25,39186.5,39257.73,9593
2023-04-25 00:00:00,39148.16,39148.16,38990.17,39068.31,10726
2023-04-25 01:00:00,39337.05,39809.42,38543.17,39152.47,17373
2023-04-25 02:00:00,39471.0,39821.9,39279.41,39719.95,13096
2023-04-25 03:00:00,39982.3,40173.89,39924.68,40004.69,9065
2023-04-25 04:00:00,40028.49,40378.68,40028.49,40108.71,6654
2023-04-25 05:00:00,40207.56,40312.3,39291.46,40231.84,7030
2023-04-25 06:00:00,40418.52,40418.52,40101.64,40182.0,5931
2023-04-25 07:00:00,39947.13,40425.55,39753.9,40344.86,6391
2023-04-25 08:00:00,39346.32,39346.32,39156.52,39234.99,8795
2023-04-25 09:00:00,39143.06,39143.06,38986.8,39064.93,12880
2023-04-25 10:00:00,38774.21,39482.15,38774.21,39112.32,16362
2023-04-25 11:00:00,38681.18,38681.18,38526.77,38603.98,10065
2023-04-25 12:00:00,38889.43,38889.43,38685.21,38715.06,8460
2023-04-25 13:00:00,38583.69,39182.98,38514.95,38592.14,12748
2023-04-25 14:00:00,39164.88,39264.37,39164.88,39243.37,10567
2023-04-25 15:00:00,39744.24,39903.54,39744.24,39823.89,7749
2023-04-25 16:00:00,39655.37,39655.37,39497.07,39576.22,7585
2023-04-25 17:00:00,39510.05,39899.16,39381.81,39460.73,10249
2023-04-25 18:00:00,39362.66,39457.6,38613.76,39378.84,10245
2023-04-25 19:00:00,39224.72,39224.72,38780.01,39146.42,14453
2023-04-25 20:00:00,39105.39,39255.61,38327.56,39177.26,8514
2023-04-25 21:00:00,38646.3,39265.1,38513.75,38827.03,30975
2023-04-25 22:00:00,38527.79,38533.84,38273.24,38336.96,6604
2023-04-25 23:00:00,38471.55,38608.52,38468.96,38546.05,10842
2023-04-26 00:00:00,38526.73,38832.82,37183.12,38755.31,8772
2023-04-26 01:00:00,38450.0,38472.33,38318.74,38395.53,12118
2023-04-26 02:00:00,38671.3,38786.99,38671.3,38709.57,9080
2023-04-26 03:00:00,38755.48,39507.83,38341.87,38418.71,12274
2023-04-26 04:00:00,38502.7,39208.66,38404.0,38480.96,8569
2023-04-26 05:00:00,38843.08,38843.08,37840.94,38765.55,11125
2023-04-26 06:00:00,38633.59,38788.43,38633.59,38711.01,12031
2023-04-26 07:00:00,38772.89,39012.12,38772.89,38850.59,7562
2023-04-26 08:00:00,38680.77,38680.77,38033.85,38603.57,6332
2023-04-26 09:00:00,38564.03,38564.03,38449.83,38487.05,10692
2023-04-26 10:00:00,38458.19,38458.19,38292.27,38369.0,9028
2023-04-26 11:00:00,38212.83,38212.83,37964.92,38041.0,12556
2023-04-26 12:00:00,38062.09,38279.97,37661.65,37940.75,16413
2023-04-26 13:00:00,37559.32,37559.32,36647.56,37311.34,5478
2023-04-26 14:00:00,37061.09,37291.34,37029.36,37103.56,10519
2023-04-26 15:00:00,37340.99,37635.89,36904.4,36978.36,5986
2023-04-26 16:00:00,36793.78,37256.0,35923.01,36866.18,12919
2023-04-26 17:00:00,36694.91,36959.06,36688.1,36761.62,15700
2023-04-26 18:00:00,36653.28,37216.12,36653.28,36726.74,14353
2023-04-26 19:00:00,36841.59,36968.88,36446.14,36895.09,11998
2023-04-26 20:00:00,37229.8,37285.91,37137.06,37211.49,12019
2023-04-26 21:00:00,36923.1,37297.4,36874.12,36948.02,10379
2023-04-26 22:00:00,36645.37,36645.37,36056.81,36481.46,5004
2023-04-26 23:00:00,36158.85,36158.85,36014.51,36086.68,7610
2023-04-27 00:00:00,35992.82,36112.1,35834.09,35905.9,12397
2023-04-27 01:00:00,35706.43,35867.19,35706.43,35777.99,7251
2023-04-27 02:00:00,35754.36,35754.36,35443.75,35499.02,12310
2023-04-27 03:00:00,35105.64,35105.64,34210.77,35035.56,8989
2023-04-27 04:00:00,34953.52,34953.52,34813.99,34883.76,11851
2023-04-27 05:00:00,34734.81,35183.25,34629.35,34961.94,7211
2023-04-27 06:00:00,35058.87,35257.46,35058.87,35187.09,10714
2023-04-27 07:00:00,35000.65,35000.65,34684.16,34997.73,4781
2023-04-27 08:00:00,34933.45,34933.45,33528.91,34863.72,12694
2023-04-27 09:00:00,34567.68,34618.4,33811.82,34549.3,10219
2023-04-27 10:00:00,34485.74,34626.45,34309.22,34557.34,7544
2023-04-27 11:00:00,34352.64,34962.22,34208.87,34277.42,8193
2023-04-27 12:00:00,34430.75,34568.74,34430.75,34499.74,9724
2023-04-27 13:00:00,34459.95,34860.06,33822.73,33890.51,9571
2023-04-27 14:00:00,33859.59,33859.59,33207.7,33792.0,7467
2023-04-27 15:00:00,33855.13,34466.57,33855.13,33922.97,17384
2023-04-27 16:00:00,33869.42,34080.14,33869.42,34012.12,13620
2023-04-27 17:00:00,34222.9,35261.64,33960.26,34971.26,12832
2023-04-27 18:00:00,34821.12,35180.83,34821.12,35110.61,9895
2023-04-27 19:00:00,34946.84,34946.84,34485.47,34764.27,6325
2023-04-27 20:00:00,34769.67,35027.89,33640.57,34747.87,5847
2023-04-27 21:00:00,34264.07,34264.07,34030.27,34135.81,13194
2023-04-27 22:00:00,34125.87,34771.05,33205.59,34132.3,18298
2023-04-27 23:00:00,34029.15,34029.15,33343.11,33867.05,9125
2023-04-28 00:00:00,34142.69,34279.54,34142.69,34211.12,6767
2023-04-28 01:00:00,33937.15,34098.24,33652.34,34043.74,6644
2023-04-28 02:00:00,33965.79,34097.56,33897.59,34029.5,7569
2023-04-28 03:00:00,33902.92,33902.92,33767.58,33835.25,13640
2023-04-28 04:00:00,34395.48,34533.33,34395.48,34464.4,8722
2023-04-28 05:00:00,34411.64,34524.37,33626.7,34373.33,11440
2023-04-28 06:00:00,34843.19,35465.99,34718.69,35039.39,9763
2023-04-28 07:00:00,35275.64,35417.03,35275.64,35346.33,10827
2023-04-28 08:00:00,35603.93,35603.93,35461.8,35532.86,10729
2023-04-28 09:00:00,35601.19,35749.0,33722.5,35677.65,7519
2023-04-28 10:00:00,35520.5,35884.22,35287.99,35830.32,8295
2023-04-28 11:00:00,35203.25,35203.25,35062.71,35132.98,7029
2023-04-28 12:00:00,35119.0,35119.0,34978.8,35048.9,13786
2023-04-28 13:00:00,35297.35,35438.82,35297.35,35368.09,9503
2023-04-28 14:00:00,35728.44,35728.44,34155.18,35364.0,15647
2023-04-28 15:00:00,35313.81,35313.81,34261.39,34870.77,13471
2023-04-28 16:00:00,34941.88,34941.88,34673.12,34872.14,6450
2023-04-28 17:00:00,34707.57,35782.09,34457.71,35498.58,9574
2023-04-28 18:00:00,35520.86,36347.95,35477.1,35963.03,8643
2023-04-28 19:00:00,35875.7,36019.49,35875.7,35947.6,12683
2023-04-28 20:00:00,35881.65,36412.32,35881.65,36303.99,7507
2023-04-28 21:00:00,36243.96,36243.96,35981.68,36171.61,9229
2023-04-28 22:00:00,35618.43,35618.43,35395.9,35547.33,12255
2023-04-28 23:00:00,35295.42,35295.42,34970.25,35224.97,6805
2023-04-29 00:00:00,35604.98,35951.47,35604.98,35804.15,16566
2023-04-29 01:00:00,35805.16,35841.74,35643.43,35714.86,11625
2023-04-29 02:00:00,35709.74,35709.74,35228.93,35638.47,11482
2023-04-29 03:00:00,35471.09,35967.61,35471.09,35542.18,7929
2023-04-29 04:00:00,35594.18,36818.7,35074.23,36247.83,10557
2023-04-29 05:00:00,36782.28,37436.24,36782.28,36855.99,8164
2023-04-29 06:00:00,37614.6,37765.36,37614.6,37689.98,10588
2023-04-29 07:00:00,37692.38,37692.38,37611.98,37617.15,6133
2023-04-29 08:00:00,37695.13,37795.71,37695.13,37720.27,9672
2023-04-29 09:00:00,37198.67,37198.67,36417.97,37124.42,11926
2023-04-29 10:00:00,37537.53,37727.54,37537.53,37679.83,10087
2023-04-29 11:00:00,37578.96,37684.85,36079.5,37219.44,6541
2023-04-29 12:00:00,37290.32,37370.68,36680.15,37296.09,10528
2023-04-29 13:00:00,37359.21,37696.51,36731.08,36871.6,9011
2023-04-29 14:00:00,36722.03,36722.03,36575.43,36648.73,12481
2023-04-29 15:00:00,36517.23,36517.23,35696.76,36336.7,12192
2023-04-29 16:00:00,36493.41,37321.36,35382.31,36116.05,12400
2023-04-29 17:00:00,35996.99,35996.99,35853.29,35925.14,7625
2023-04-29 18:00:00,35779.02,35779.02,35119.43,35735.25,12426
2023-04-29 19:00:00,35980.74,36695.99,35980.74,36052.84,11325
2023-04-29 20:00:00,36073.84,36149.95,34494.35,35656.08,9992
2023-04-29 21:00:00,35742.43,36369.44,35679.25,35750.75,8663
2023-04-29 22:00:00,36136.22,36318.16,36136.22,36208.64,10643
2023-04-29 23:00:00,35882.02,36099.19,35882.02,36027.14,8738
2023-04-30 00:00:00,35847.15,35915.33,35702.38,35773.93,11300
2023-04-30 01:00:00,35497.21,36597.27,35253.43,35703.69,11225
2023-04-30 02:00:00,35868.53,36221.1,35596.27,36148.8,18246
2023-04-30 03:00:00,36069.3,36302.96,35721.05,36230.5,8674
2023-04-30 04:00:00,36160.26,37197.2,35648.83,36043.82,16500
2023-04-30 05:00:00,36161.39,36655.98,36161.39,36233.85,8614
2023-04-30 06:00:00,35907.49,35907.49,35764.14,35835.81,8436
2023-04-30 07:00:00,35818.35,36172.4,35818.35,36100.2,8491
2023-04-30 08:00:00,36116.98,36791.74,35677.39,36262.35,6890
2023-04-30 09:00:00,36040.84,36188.38,35744.0,36158.0,12881
2023-04-30 10:00:00,36118.92,36422.23,35230.18,35859.26,10498
2023-04-30 11:00:00,35621.11,35621.11,34698.36,35550.01,7337
2023-04-30 12:00:00,35667.12,36545.89,34934.6,35763.64,9231
2023-04-30 13:00:00,36157.61,36245.96,36157.61,36230.07,12073
2023-04-30 14:00:00,36034.95,36413.85,35934.87,36006.88,8320
2023-04-30 15:00:00,35974.14,36742.95,35974.14,36191.43,13730
2023-04-30 16:00:00,35505.64,35505.64,34854.42,35434.77,11303
2023-04-30 17:00:00,35272.67,35317.2,34950.47,35246.71,12475
2023-04-30 18:00:00,35020.15,35331.72,34748.23,35261.2,11635
2023-04-30 19:00:00,35029.37,35029.37,33799.14,34959.45,9416
2023-04-30 20:00:00,34723.6,34723.6,34423.73,34654.29,6486
2023-04-30 21:00:00,34519.34,34519.34,34381.54,34450.44,12011
2023-04-30 22:00:00,34518.84,34945.74,34518.84,34588.01,10200
2023-04-30 23:00:00,34624.65,34624.65,33880.2,34555.54,13417
2023-05-01 00:00:00,33803.42,33803.42,33732.7,33800.3,7924
2023-05-01 01:00:00,33177.49,33177.49,33045.04,33111.26,12370
2023-05-01 02:00:00,33020.53,33020.53,32888.71,32954.62,6648
2023-05-01 03:00:00,33227.1,33227.1,33092.48,33158.8,10864
2023-05-01 04:00:00,32342.2,32342.2,31808.25,32277.65,7489
2023-05-01 05:00:00,32307.2,32567.25,32106.04,32170.38,6379
2023-05-01 06:00:00,32075.76,32120.14,31258.72,32056.03,13207
2023-05-01 07:00:00,32504.76,33269.04,32504.76,32569.9,16264
2023-05-01 08:00:00,32562.39,32562.39,31846.3,32497.4,11586
2023-05-01 09:00:00,32632.28,32746.56,32632.28,32681.19,10709
2023-05-01 10:00:00,32767.18,33107.47,32436.4,32783.43,10077
2023-05-01 11:00:00,32189.21,32189.21,31910.1,32124.96,6546
2023-05-01 12:00:00,32372.13,32502.74,32372.13,32437.87,8387
2023-05-01 13:00:00,32375.62,33829.48,31917.52,32566.87,8017
2023-05-01 14:00:00,32527.26,32833.13,32293.02,32792.24,8389
2023-05-01 15:00:00,34100.61,34804.42,34100.61,34161.27,12983
2023-05-01 16:00:00,33543.77,33543.77,32590.98,33476.82,17898
2023-05-01 17:00:00,33602.78,34183.63,33331.95,34115.4,8876
2023-05-01 18:00:00,34139.62,34473.09,33528.26,34058.29,17077
2023-05-01 19:00:00,34174.04,34269.96,34133.15,34201.56,6422
2023-05-01 20:00:00,34217.13,34617.18,34162.24,34227.55,11079
2023-05-01 21:00:00,34189.88,34189.88,34055.15,34121.63,12633
2023-05-01 22:00:00,33924.53,34034.41,33898.54,33966.48,12644
2023-05-01 23:00:00,34056.17,34268.77,33367.55,34125.73,7607
2023-05-02 00:00:00,33870.64,34280.86,33181.0,33640.61,16381
2023-05-02 01:00:00,33878.98,34141.05,33878.98,33946.88,5725
2023-05-02 02:00:00,34030.28,34800.25,33743.36,33848.17,12503
2023-05-02 03:00:00,33571.36,33571.36,33437.35,33504.35,10001
2023-05-02 04:00:00,33692.61,33972.19,32302.18,33399.99,6609
2023-05-02 05:00:00,33810.91,34493.27,33810.91,33878.67,9802
2023-05-02 06:00:00,33806.63,33806.63,33222.61,33739.15,19588
2023-05-02 07:00:00,33784.31,34673.38,33364.5,33909.25,10482
2023-05-02 08:00:00,33731.28,33731.28,33094.06,33702.11,12945
2023-05-02 09:00:00,33958.58,34078.15,33942.11,34010.13,11876
2023-05-02 10:00:00,34223.63,34360.8,34223.63,34292.21,11781
2023-05-02 11:00:00,34783.36,35920.11,34783.36,34980.64,11617
2023-05-02 12:00:00,35022.11,35022.11,34882.3,34952.2,8811
2023-05-02 13:00:00,35154.59,35375.21,35154.59,35225.04,10514
2023-05-02 14:00:00,35243.78,35362.06,34293.51,35291.48,10499
2023-05-02 15:00:00,35371.82,36178.84,35371.82,35788.5,7926
2023-05-02 16:00:00,35709.39,36220.32,35088.6,35550.73,9307
2023-05-02 17:00:00,35395.89,35921.04,35369.03,35849.35,16197
2023-05-02 18:00:00,36109.14,36275.91,35731.64,35803.25,5150
2023-05-02 19:00:00,36003.18,36097.91,35383.78,35806.03,8224
2023-05-02 20:00:00,35751.84,35937.82,34986.99,35866.09,13368
2023-05-02 21:00:00,36231.06,36231.06,35227.72,35984.83,12564
2023-05-02 22:00:00,35894.42,36493.66,35894.42,35966.36,7683
2023-05-02 23:00:00,35916.9,36623.13,35522.78,36069.64,9977
2023-05-03 00:00:00,36365.99,36747.86,36365.99,36674.51,12974
2023-05-03 01:00:00,36986.11,37790.14,36986.11,37060.23,11140
2023-05-03 02:00:00,36938.07,37656.4,36938.07,37402.06,8641
2023-05-03 03:00:00,37312.3,37312.3,36759.79,37237.82,10730
2023-05-03 04:00:00,37193.49,37193.49,36837.67,36911.49,10352
2023-05-03 05:00:00,37212.31,37962.73,37212.31,37286.88,16394
2023-05-03 06:00:00,37576.73,38069.44,37576.73,37631.05,8747
2023-05-03 07:00:00,38126.73,38279.55,38126.73,38203.14,16395
2023-05-03 08:00:00,37994.12,37994.12,37890.69,37966.63,10818
2023-05-03 09:00:00,37955.74,37955.74,37315.71,37879.98,7248
2023-05-03 10:00:00,37323.63,37323.63,37174.64,37249.14,6652
2023-05-03 11:00:00,37078.21,37546.22,37071.51,37111.09,7927
2023-05-03 12:00:00,37426.77,37576.78,37426.77,37501.77,6860
2023-05-03 13:00:00,37673.31,37890.58,36897.8,37331.22,9008
2023-05-03 14:00:00,37310.75,37661.25,37310.75,37586.08,15777
2023-05-03 15:00:00,37778.63,38139.32,37470.37,37521.05,6347
2023-05-03 16:00:00,37659.04,37729.75,37579.13,37654.44,10881
2023-05-03 17:00:00,37295.34,37295.34,36516.12,37220.9,20914
2023-05-03 18:00:00,37284.12,38059.08,37191.93,37266.47,11075
2023-05-03 19:00:00,36214.3,36214.3,36069.73,36142.02,12432
2023-05-03 20:00:00,36126.16,36224.48,36027.36,36099.56,10736
2023-05-03 21:00:00,35830.09,36166.19,34745.32,35526.67,11843
2023-05-03 22:00:00,35926.31,36884.17,35926.31,35998.31,8950
2023-05-03 23:00:00,36200.41,36386.26,35904.77,36313.63,10117
2023-05-04 00:00:00,36439.97,36586.03,36439.97,36513.0,16288
2023-05-04 01:00:00,36769.37,37219.67,36769.37,37104.31,13858
2023-05-04 02:00:00,37305.79,37752.42,36536.0,36762.07,11059
2023-05-04 03:00:00,36890.55,37513.99,36890.55,37439.11,8600
2023-05-04 04:00:00,37732.96,38554.75,37732.96,37808.57,5981
2023-05-04 05:00:00,37751.24,37801.31,37173.14,37725.86,14264
2023-05-04 06:00:00,38097.18,38249.88,38097.18,38173.53,9097
2023-05-04 07:00:00,38109.45,38305.45,37671.93,37747.42,14147
2023-05-04 08:00:00,37806.86,38008.21,36944.38,37439.77,12949
2023-05-04 09:00:00,37283.39,37295.44,37146.55,37220.99,10529
2023-05-04 10:00:00,37022.41,37110.2,36982.44,37036.13,9172
2023-05-04 11:00:00,36729.03,36729.03,36582.41,36655.72,13995
2023-05-04 12:00:00,37062.34,37210.89,37062.34,37136.61,10448
2023-05-04 13:00:00,37364.53,38342.79,36675.95,37056.53,12023
2023-05-04 14:00:00,36865.12,37283.9,36363.51,37209.48,14693
2023-05-04 15:00:00,37236.25,38084.57,36950.4,37010.67,13005
2023-05-04 16:00:00,36492.44,36492.44,36270.76,36343.45,10627
2023-05-04 17:00:00,35845.06,36544.55,35845.06,36471.61,15746
2023-05-04 18:00:00,35816.03,35816.03,35465.06,35787.36,8285
2023-05-04 19:00:00,35846.92,35869.59,35263.83,35797.99,10444
2023-05-04 20:00:00,35404.4,35404.4,34539.86,35333.73,17386
2023-05-04 21:00:00,35521.25,37007.31,35521.25,36090.93,11224
2023-05-04 22:00:00,36386.12,36594.09,36386.12,36459.04,11565
2023-05-04 23:00:00,36599.74,36599.74,36453.64,36526.69,8128
2023-05-05 00:00:00,36891.26,37303.86,36608.1,37026.19,6839
2023-05-05 01:00:00,37358.14,37475.72,35698.0,36728.68,7698
2023-05-05 02:00:00,36480.77,37174.42,35944.33,36958.39,13947
2023-05-05 03:00:00,37095.34,37739.91,36983.11,37057.22,13751
2023-05-05 04:00:00,37054.68,37253.85,36287.76,37179.49,8551
2023-05-05 05:00:00,37608.02,38016.11,37608.02,37683.39,12475
2023-05-05 06:00:00,37904.3,38466.87,37904.3,37980.26,12762
2023-05-05 07:00:00,38298.88,38515.72,38027.98,38104.19,11313
2023-05-05 08:00:00,37546.41,37546.41,36734.9,37471.47,11242
2023-05-05 09:00:00,37642.09,38164.52,35881.68,37123.2,9883
2023-05-05 10:00:00,37172.97,37172.97,36561.87,37098.77,12140
2023-05-05 11:00:00,37229.75,37231.05,37137.19,37156.74,10651
2023-05-05 12:00:00,36737.92,37470.54,36479.47,36749.6,10592
2023-05-05 13:00:00,37605.41,37895.91,37605.41,37680.78,5622
2023-05-05 14:00:00,37635.62,38356.81,37635.62,38280.25,10623
2023-05-05 15:00:00,38447.17,39045.35,38447.17,38524.22,9668
2023-05-05 16:00:00,38481.13,39211.74,38481.13,38558.24,8392
2023-05-05 17:00:00,38223.6,38556.89,38116.64,38479.93,19214
2023-05-05 18:00:00,38189.13,38189.13,38036.68,38112.91,10776
2023-05-05 19:00:00,38016.75,38211.89,37283.39,38154.67,16473
2023-05-05 20:00:00,38404.99,38583.39,38168.44,38266.96,12544
2023-05-05 21:00:00,37822.37,37822.37,37717.24,37792.82,8483
2023-05-05 22:00:00,37862.78,38014.53,37862.78,37938.65,10333
2023-05-05 23:00:00,37865.72,37969.66,37268.09,37893.87,5002
2023-05-06 00:00:00,37246.72,37246.72,36447.8,37172.37,5096
2023-05-06 01:00:00,37086.62,37086.62,36796.7,36870.44,11952
2023-05-06 02:00:00,36816.47,36816.47,35775.93,36742.98,12386
2023-05-06 03:00:00,37106.65,37555.61,37106.65,37480.65,24709
2023-05-06 04:00:00,37077.2,37954.65,36523.96,37715.14,13521
2023-05-06 05:00:00,37650.87,38718.98,36951.41,37219.93,12030
2023-05-06 06:00:00,37412.97,37503.95,35888.42,37429.09,8337
2023-05-06 07:00:00,37451.88,37551.41,36328.88,36860.22,13944
2023-05-06 08:00:00,37221.55,38006.83,37221.55,37296.15,12163
2023-05-06 09:00:00,37058.93,37509.79,36309.05,37139.79,5369
2023-05-06 10:00:00,37292.1,37667.82,36797.74,37129.53,11533
2023-05-06 11:00:00,37476.79,37732.99,37476.79,37657.67,8530
2023-05-06 12:00:00,37804.8,37804.8,37108.39,37182.76,10735
2023-05-06 13:00:00,36923.9,37481.62,36605.27,36678.63,14920
2023-05-06 14:00:00,36827.78,37022.74,36418.97,36491.95,9765
2023-05-06 15:00:00,36838.4,38148.52,36838.4,36912.22,11755
2023-05-06 16:00:00,36984.78,37008.28,36311.29,36368.71,11123
2023-05-06 17:00:00,35423.21,35423.21,34810.65,35352.51,15925
2023-05-06 18:00:00,35306.1,35306.1,33318.33,35235.63,11305
2023-05-06 19:00:00,35081.25,35552.26,34931.84,35481.3,8460
2023-05-06 20:00:00,35772.36,36722.61,35772.36,35960.55,14371
2023-05-06 21:00:00,35849.68,36203.22,34786.34,35829.51,11045
2023-05-06 22:00:00,35790.86,35790.86,35647.98,35719.42,8056
2023-05-06 23:00:00,36109.02,36253.74,36109.02,36181.38,11319
2023-05-07 00:00:00,35598.48,35598.48,35458.25,35527.42,9187
2023-05-07 01:00:00,35440.2,35500.89,35359.17,35430.03,9592
2023-05-07 02:00:00,35587.75,35599.86,35472.87,35543.96,12755
2023-05-07 03:00:00,35755.2,35823.0,35292.23,35751.49,7041
2023-05-07 04:00:00,35579.01,35759.93,34932.42,35608.23,16625
2023-05-07 05:00:00,35747.77,36156.41,35593.29,35664.62,9702
2023-05-07 06:00:00,34872.44,34872.44,34488.52,34802.84,17208
2023-05-07 07:00:00,34643.97,34691.86,34231.21,34622.62,13772
2023-05-07 08:00:00,34768.74,35911.68,34768.74,34838.42,10380
2023-05-07 09:00:00,34873.45,34873.45,34474.05,34543.14,12164
2023-05-07 10:00:00,34543.48,35127.37,33593.48,34620.82,11081
2023-05-07 11:00:00,34648.65,35156.29,34640.55,34834.34,8273
2023-05-07 12:00:00,34696.38,34835.45,34696.38,34765.92,9625
2023-05-07 13:00:00,34811.44,34950.96,34811.44,34881.2,9201
2023-05-07 14:00:00,34951.95,35083.55,34522.54,34591.72,9389
2023-05-07 15:00:00,34599.75,35040.08,33655.72,34575.08,18253
2023-05-07 16:00:00,34798.83,35034.03,34798.83,34847.04,8942
2023-05-07 17:00:00,34886.83,35226.52,34886.83,34956.74,4784
2023-05-07 18:00:00,34890.98,35147.69,34730.64,34800.24,6515
2023-05-07 19:00:00,34892.35,35394.16,34864.51,34934.38,16877
2023-05-07 20:00:00,35171.8,35767.57,35171.8,35242.28,11003
2023-05-07 21:00:00,34642.93,34642.93,34417.84,34554.54,10836
2023-05-07 22:00:00,34950.04,35090.12,34950.04,35020.08,9369
2023-05-07 23:00:00,34675.75,35230.69,34361.51,34952.52,9270
2023-05-08 00:00:00,35087.75,35228.38,35087.75,35158.07,15769
2023-05-08 01:00:00,35563.92,35743.03,35563.92,35639.21,10554
2023-05-08 02:00:00,35249.73,35249.73,34395.28,35186.49,8954
2023-05-08 03:00:00,35052.68,35052.68,34891.34,34982.71,10874
2023-05-08 04:00:00,34890.24,34992.9,34863.59,34933.45,7310
2023-05-08 05:00:00,34778.07,34778.07,34639.23,34708.65,14534
2023-05-08 06:00:00,35026.89,36167.4,35026.89,35380.51,10746
2023-05-08 07:00:00,35396.96,35574.88,34864.34,35122.05,10616
2023-05-08 08:00:00,35138.5,35360.96,34906.82,34976.78,10617
2023-05-08 09:00:00,35035.06,35329.54,35035.06,35105.27,7550
2023-05-08 10:00:00,35151.39,35184.29,34659.69,34729.15,12950
2023-05-08 11:00:00,34838.34,34862.39,34252.63,34647.23,10338
2023-05-08 12:00:00,34760.02,34887.92,34748.65,34818.28,10754
2023-05-08 13:00:00,34992.7,35757.01,34687.98,34757.49,22321
2023-05-08 14:00:00,34810.97,34810.97,34436.18,34783.04,9307
2023-05-08 15:00:00,34763.46,34763.46,34036.86,34653.3,6533
2023-05-08 16:00:00,34230.64,34230.64,34067.15,34177.55,5948
2023-05-08 17:00:00,34269.67,34423.64,33867.35,34354.93,11041
2023-05-08 18:00:00,34463.96,35130.39,34463.96,35033.92,6311
2023-05-08 19:00:00,34938.27,35167.54,34864.08,35097.34,13860
2023-05-08 20:00:00,35163.96,35423.63,35163.96,35234.43,11688
2023-05-08 21:00:00,35467.41,35609.57,35467.41,35538.49,13051
2023-05-08 22:00:00,35200.1,35200.1,34805.66,35129.84,14754
2023-05-08 23:00:00,35510.51,35868.1,35510.51,35796.51,5578
2023-05-09 00:00:00,35379.36,35991.2,34981.51,35919.36,9948
2023-05-09 01:00:00,36320.81,36637.99,36320.81,36564.86,7939
2023-05-09 02:00:00,36800.05,37416.67,36204.56,36331.7,6425
2023-05-09 03:00:00,36974.86,37123.06,36974.86,37048.96,7319
2023-05-09 04:00:00,37302.7,37452.21,37302.7,37377.46,10865
2023-05-09 05:00:00,37367.55,37696.13,36879.9,37620.89,6967
2023-05-09 06:00:00,37665.09,37816.05,37665.09,37740.57,12376
2023-05-09 07:00:00,37815.71,38631.02,37598.28,37673.63,8865
2023-05-09 08:00:00,37680.6,38240.93,36763.12,38164.6,9432
2023-05-09 09:00:00,38176.5,38319.72,38116.98,38243.23,8336
2023-05-09 10:00:00,38414.62,38518.23,37423.41,37498.41,10850
2023-05-09 11:00:00,37498.69,37498.69,36493.05,37102.85,9901
2023-05-09 12:00:00,37048.67,37143.29,36945.29,37069.15,20131
2023-05-09 13:00:00,37278.83,37578.81,37149.59,37224.03,10188
2023-05-09 14:00:00,37061.93,37312.51,36154.28,37238.03,12489
2023-05-09 15:00:00,37660.49,37811.43,37660.49,37735.96,11572
2023-05-09 16:00:00,37733.24,37733.24,35916.49,37013.43,16391
2023-05-09 17:00:00,37157.77,38151.7,36713.73,37105.28,15464
2023-05-09 18:00:00,36782.42,36782.42,36380.68,36453.58,11758
2023-05-09 19:00:00,36579.73,36854.45,36579.73,36780.89,8337
2023-05-09 20:00:00,36860.36,36860.36,36713.21,36786.78,5461
2023-05-09 21:00:00,36964.26,38193.09,36730.43,36985.56,14207
2023-05-09 22:00:00,36943.9,37669.06,36186.95,36697.76,10168
2023-05-09 23:00:00,37144.13,37293.0,37144.13,37218.57,6215
2023-05-10 00:00:00,37176.07,37725.83,36646.16,37650.53,13016
2023-05-10 01:00:00,37598.81,37981.84,37563.15,37906.03,10857
2023-05-10 02:00:00,38291.27,38291.27,37808.57,37884.34,10928
2023-05-10 03:00:00,37812.52,38672.87,37114.94,38137.54,9617
2023-05-10 04:00:00,37963.9,37963.9,37469.84,37888.13,8680
2023-05-10 05:00:00,38267.2,39855.55,38171.58,38248.08,15687
2023-05-10 06:00:00,38822.74,38995.4,38822.74,38917.57,9642
2023-05-10 07:00:00,38987.53,39438.98,38981.5,39360.26,11579
2023-05-10 08:00:00,39344.5,39344.5,38926.5,39078.72,9570
2023-05-10 09:00:00,39207.06,40174.89,38032.99,39238.15,11623
2023-05-10 10:00:00,38810.29,38810.29,38410.24,38732.82,13293
2023-05-10 11:00:00,38900.34,39056.25,38900.34,38978.29,14156
2023-05-10 12:00:00,39095.68,39252.37,39095.68,39174.02,15510
2023-05-10 13:00:00,38516.68,38516.68,37853.87,38441.25,13750
2023-05-10 14:00:00,38085.47,38085.47,37933.43,38009.45,12008
2023-05-10 15:00:00,37797.91,38049.17,37490.0,37929.14,12448
2023-05-10 16:00:00,38010.23,38335.29,37767.3,37842.99,13568
2023-05-10 17:00:00,37399.89,38308.38,36242.11,37407.2,16759
2023-05-10 18:00:00,37353.41,37666.9,36866.44,37591.72,6282
2023-05-10 19:00:00,37547.86,37797.61,37072.53,37722.16,11128
2023-05-10 20:00:00,37755.21,37755.21,37344.1,37679.85,13815
2023-05-10 21:00:00,38023.66,38434.51,37187.5,37422.44,14036
2023-05-10 22:00:00,37314.42,37934.86,37029.34,37859.14,16550
2023-05-10 23:00:00,37815.81,38607.1,37320.76,38530.04,6041
2023-05-11 00:00:00,38439.82,38439.82,37910.21,38363.1,13732
2023-05-11 01:00:00,38291.8,38660.35,37359.41,38148.7,10422
2023-05-11 02:00:00,38097.92,38444.75,38097.92,38368.01,7327
2023-05-11 03:00:00,38329.91,38329.91,36363.75,38253.41,6690
2023-05-11 04:00:00,38149.96,38734.92,38149.96,38226.41,13636
2023-05-11 05:00:00,38248.6,39088.16,38248.6,38542.85,14432
2023-05-11 06:00:00,38060.87,38060.87,37740.18,37815.82,10631
2023-05-11 07:00:00,38227.57,38434.2,38227.57,38357.48,17135
2023-05-11 08:00:00,38339.16,38489.05,37994.08,38412.22,7536
2023-05-11 09:00:00,38435.65,38953.22,38121.47,38276.55,12294
2023-05-11 10:00:00,38264.49,38343.56,37685.8,38269.91,7740
2023-05-11 11:00:00,38206.79,38460.21,38206.79,38283.35,6377
2023-05-11 12:00:00,37775.64,37775.64,37088.58,37634.93,11213
2023-05-11 13:00:00,38168.34,38321.32,38168.34,38244.83,10032
2023-05-11 14:00:00,38366.08,38366.08,37857.62,38289.5,11115
2023-05-11 15:00:00,38462.34,39128.47,38462.34,38490.67,11375
2023-05-11 16:00:00,38812.57,39155.46,38812.57,38890.35,20047
2023-05-11 17:00:00,38856.02,39175.79,37731.79,38505.49,11773
2023-05-11 18:00:00,38658.94,38859.31,38639.88,38717.32,6700
2023-05-11 19:00:00,38601.96,39493.45,38231.3,38635.13,8390
2023-05-11 20:00:00,38720.1,39583.2,38720.1,38993.28,9116
2023-05-11 21:00:00,38242.14,38242.14,37569.18,38165.81,9316
2023-05-11 22:00:00,38405.63,38650.84,38079.91,38156.23,14079
2023-05-11 23:00:00,38026.57,38026.57,37847.67,37950.66,5297
2023-05-12 00:00:00,37940.69,38227.17,37940.69,38150.87,11984
2023-05-12 01:00:00,38249.79,38746.57,37230.59,38364.66,10708
2023-05-12 02:00:00,38337.26,38586.01,38039.03,38115.26,14951
2023-05-12 03:00:00,37944.51,37944.51,37217.96,37868.78,9042
2023-05-12 04:00:00,37943.28,38121.77,37783.9,37859.61,10774
2023-05-12 05:00:00,37622.21,37622.21,36477.04,37547.12,13909
2023-05-12 06:00:00,37831.23,37982.86,37831.23,37907.05,15379
2023-05-12 07:00:00,37780.44,38153.9,37780.44,37797.39,8295
2023-05-12 08:00:00,36783.74,36783.74,36130.84,36710.32,17921
2023-05-12 09:00:00,36853.38,37559.77,36543.06,36616.29,8295
2023-05-12 10:00:00,36783.42,37181.36,35317.12,36275.87,12403
2023-05-12 11:00:00,35795.15,35795.15,35504.65,35723.7,7279
2023-05-12 12:00:00,35401.23,35401.23,35259.9,35330.56,5280
2023-05-12 13:00:00,35381.77,36515.72,35319.71,35432.39,6475
2023-05-12 14:00:00,35902.24,36794.85,35902.24,35974.19,14567
2023-05-12 15:00:00,35936.78,36977.53,35685.43,36145.35,8564
2023-05-12 16:00:00,36338.57,36567.2,35904.29,35976.24,14659
2023-05-12 17:00:00,36147.28,36272.65,36127.85,36200.25,9017
2023-05-12 18:00:00,36311.76,36382.4,35909.62,36084.82,9225
2023-05-12 19:00:00,36006.84,36249.82,35812.95,35884.38,10767
2023-05-12 20:00:00,35839.53,37067.77,35047.43,35519.24,8549
2023-05-12 21:00:00,35016.45,35016.45,34876.67,34946.56,10082
2023-05-12 22:00:00,34918.2,35517.31,34806.04,34875.79,6350
2023-05-12 23:00:00,34985.05,35541.63,34985.05,35000.98,8714
2023-05-13 00:00:00,34963.95,35530.45,34963.95,35034.02,6993
2023-05-13 01:00:00,35078.76,35617.26,34882.6,34952.5,4587
2023-05-13 02:00:00,34768.38,34768.38,34454.5,34684.04,12691
2023-05-13 03:00:00,34900.91,35450.75,34900.91,34970.85,7432
2023-05-13 04:00:00,34639.09,34639.09,34505.02,34569.95,12561
2023-05-13 05:00:00,34846.97,34986.64,34846.97,34916.8,19147
2023-05-13 06:00:00,35116.9,35787.62,34476.52,34629.62,9483
2023-05-13 07:00:00,34407.05,35063.55,34242.61,34436.82,3480
2023-05-13 08:00:00,34064.18,34064.18,33928.19,33996.18,10211
2023-05-13 09:00:00,33938.85,34512.76,33568.52,33901.06,13795
2023-05-13 10:00:00,34222.65,34387.57,34222.65,34318.93,15252
2023-05-13 11:00:00,34507.48,34645.79,34507.48,34576.63,6454
2023-05-13 12:00:00,34740.23,35028.87,34665.46,34997.04,12697
2023-05-13 13:00:00,35178.7,35325.61,34595.44,35255.1,9905
2023-05-13 14:00:00,34997.19,34997.19,34019.72,34927.34,6887
2023-05-13 15:00:00,34927.27,35960.49,34287.84,34882.8,10555
2023-05-13 16:00:00,34748.35,34748.35,33409.84,34679.0,8057
2023-05-13 17:00:00,35055.86,35393.43,35055.86,35226.18,16365
2023-05-13 18:00:00,34932.78,34936.28,34516.74,34866.55,9520
2023-05-13 19:00:00,34939.15,35581.09,34897.05,35258.54,9914
2023-05-13 20:00:00,35578.49,35721.09,35578.49,35649.79,10479
2023-05-13 21:00:00,35915.31,36454.9,35915.31,36382.13,9938
2023-05-13 22:00:00,36481.27,37335.79,36215.78,36288.36,9732
2023-05-13 23:00:00,36170.91,36684.74,36058.18,36611.52,9768
2023-05-14 00:00:00,37444.04,37612.86,37444.04,37519.07,14300
2023-05-14 01:00:00,37402.06,37402.06,37252.75,37327.4,10872
2023-05-14 02:00:00,37081.15,37607.33,36715.98,36789.56,10042
2023-05-14 03:00:00,36238.04,36238.04,36064.93,36137.2,7550
2023-05-14 04:00:00,36387.9,36809.93,36387.9,36460.82,9454
2023-05-14 05:00:00,36398.66,36434.52,35251.2,35817.26,9232
2023-05-14 06:00:00,35674.08,36439.34,35674.08,35745.57,7562
2023-05-14 07:00:00,35898.47,37089.13,35898.47,35970.41,10137
2023-05-14 08:00:00,36105.83,37026.74,35395.74,36101.57,8759
2023-05-14 09:00:00,36247.23,36392.51,36247.23,36319.87,8865
2023-05-14 10:00:00,36458.46,36534.25,35265.57,36461.33,7396
2023-05-14 11:00:00,36724.08,38136.92,36724.08,36994.66,6025
2023-05-14 12:00:00,37199.55,37199.55,36613.58,36686.95,6758
2023-05-14 13:00:00,36561.81,36561.81,36415.86,36488.83,11028
2023-05-14 14:00:00,36331.8,36331.8,36186.77,36259.29,10419
2023-05-14 15:00:00,36548.43,36986.41,36548.43,36627.41,12962
2023-05-14 16:00:00,36568.89,37094.23,36568.89,37020.19,23829
2023-05-14 17:00:00,36895.14,37709.51,36798.36,37242.87,13332
2023-05-14 18:00:00,37666.59,38367.61,37666.59,37742.08,11070
2023-05-14 19:00:00,37505.92,37505.92,36695.54,37331.82,11578
2023-05-14 20:00:00,37939.04,38241.14,37939.04,38015.07,15837
2023-05-14 21:00:00,38568.92,38723.5,38568.92,38646.21,9197
2023-05-14 22:00:00,39053.66,39156.81,38684.26,38968.67,10431
2023-05-14 23:00:00,39429.61,40093.99,39429.61,39705.96,7003
2023-05-15 00:00:00,39646.18,39815.1,38975.53,39053.63,8203
2023-05-15 01:00:00,39010.28,39093.61,38465.28,38872.09,6966
2023-05-15 02:00:00,38852.68,38852.68,38533.9,38611.12,9854
2023-05-15 03:00:00,38823.67,39006.85,37903.16,38928.99,13248
2023-05-15 04:00:00,38673.75,38673.75,37657.43,38541.51,8631
2023-05-15 05:00:00,38795.36,39552.55,38795.36,38873.11,11402
2023-05-15 06:00:00,39061.98,39525.42,39019.2,39446.53,13200
2023-05-15 07:00:00,39620.69,40520.4,39616.36,39749.4,8523
2023-05-15 08:00:00,39754.14,39963.88,39569.25,39884.11,6909
2023-05-15 09:00:00,39579.05,39579.05,39421.05,39500.05,6778
2023-05-15 10:00:00,39260.47,39260.47,39103.74,39182.11,9313
2023-05-15 11:00:00,39631.0,39870.25,39631.0,39710.42,8648
2023-05-15 12:00:00,39631.61,40074.54,39493.58,40049.12,11703
2023-05-15 13:00:00,40131.73,40131.73,39971.52,40051.63,6899
2023-05-15 14:00:00,39978.61,39978.61,39367.65,39898.81,11700
2023-05-15 15:00:00,39146.13,39146.13,38623.88,39093.85,8921
2023-05-15 16:00:00,38773.83,38773.83,38348.82,38696.44,8013
2023-05-15 17:00:00,39407.39,39966.64,39407.39,39486.36,7842
2023-05-15 18:00:00,39475.01,39737.61,38336.87,38995.36,19561
2023-05-15 19:00:00,39159.29,39794.02,39034.7,39102.02,9905
2023-05-15 20:00:00,39074.79,40256.93,38202.42,39534.5,5662
2023-05-15 21:00:00,39265.01,39265.01,38797.81,39053.33,12714
2023-05-15 22:00:00,39127.66,39236.2,38801.81,39157.89,8454
2023-05-15 23:00:00,39483.88,39662.48,39483.88,39563.01,8830
2023-05-16 00:00:00,39671.91,39671.91,39513.54,39592.72,14184
2023-05-16 01:00:00,40694.6,41368.3,40694.6,40776.16,11269
2023-05-16 02:00:00,40171.04,40171.04,40010.68,40090.86,11895
2023-05-16 03:00:00,40461.29,40620.91,40461.29,40542.37,4216
2023-05-16 04:00:00,40564.49,40564.49,39234.17,40483.52,9228
2023-05-16 05:00:00,40734.68,41768.86,40734.68,40816.31,13384
2023-05-16 06:00:00,40896.64,41091.76,40580.37,41009.74,16448
2023-05-16 07:00:00,41353.23,41353.23,40628.46,40709.88,8651
2023-05-16 08:00:00,40897.69,40897.69,40782.73,40816.05,7614
2023-05-16 09:00:00,40791.32,41225.88,39066.88,40051.63,11489
2023-05-16 10:00:00,40211.16,40398.9,39821.6,40318.26,15615
2023-05-16 11:00:00,40445.46,40538.37,40445.46,40457.45,10342
2023-05-16 12:00:00,40769.44,40817.83,39825.6,40736.36,14216
2023-05-16 13:00:00,40762.72,41247.29,40762.72,41187.97,4843
2023-05-16 14:00:00,41265.38,41691.57,41265.38,41348.08,9841
2023-05-16 15:00:00,41244.8,41621.49,40760.11,41414.39,9708
2023-05-16 16:00:00,41366.94,41596.81,40962.66,41044.75,7593
2023-05-16 17:00:00,40848.19,40898.69,40673.13,40754.64,13193
2023-05-16 18:00:00,40914.04,42211.26,40914.04,41260.64,12385
2023-05-16 19:00:00,41787.26,42218.46,41787.26,41871.01,10619
2023-05-16 20:00:00,41850.24,41850.24,41683.16,41766.71,14771
2023-05-16 21:00:00,41480.36,41787.67,41403.89,41785.64,12218
2023-05-16 22:00:00,41880.07,43602.98,41137.14,41399.56,8971
2023-05-16 23:00:00,41816.91,41984.51,41816.91,41900.71,4937
2023-05-17 00:00:00,42099.97,43329.66,42099.97,42184.34,8899
2023-05-17 01:00:00,42928.86,43405.44,42928.86,43014.89,13914
2023-05-17 02:00:00,42834.9,43569.05,42528.05,42613.28,8637
2023-05-17 03:00:00,42481.6,42795.54,41815.04,42438.3,11591
2023-05-17 04:00:00,42446.01,43233.37,42446.01,42531.07,11605
2023-05-17 05:00:00,42686.18,43087.53,42686.18,42803.26,7638
2023-05-17 06:00:00,42422.97,43251.39,42034.87,42696.33,10224
2023-05-17 07:00:00,42634.78,43355.27,40404.44,42304.89,12719
2023-05-17 08:00:00,42415.58,42765.56,42415.58,42680.2,7622
2023-05-17 09:00:00,42422.77,43070.38,42131.29,42984.41,10474
2023-05-17 10:00:00,43201.59,44117.73,42482.82,42567.96,13633
2023-05-17 11:00:00,43062.19,43234.78,43062.19,43148.48,12949
2023-05-17 12:00:00,43679.83,43904.48,43558.87,43646.17,12913
2023-05-17 13:00:00,43502.28,43769.2,43502.28,43681.84,20637
2023-05-17 14:00:00,44158.15,44874.57,43615.8,43692.34,12726
2023-05-17 15:00:00,43826.77,44002.43,43826.77,43914.6,12986
2023-05-17 16:00:00,43587.33,43587.33,42841.09,43500.33,16784
2023-05-17 17:00:00,43625.91,44545.69,43405.03,43492.02,11821
2023-05-17 18:00:00,42600.64,42600.64,42017.84,42515.61,9171
2023-05-17 19:00:00,42804.36,42975.92,42804.36,42890.14,5499
2023-05-17 20:00:00,42202.11,42202.11,42111.3,42195.69,7417
2023-05-17 21:00:00,42308.69,42928.32,41585.86,42842.64,9333
2023-05-17 22:00:00,42774.22,42774.22,42285.6,42688.85,6989
2023-05-17 23:00:00,42527.52,42919.73,41553.35,42590.02,13642
2023-05-18 00:00:00,42677.65,42677.65,42227.32,42311.95,10243
2023-05-18 01:00:00,42218.14,42327.08,41893.11,42186.94,7411
2023-05-18 02:00:00,42713.9,42981.87,42713.9,42799.5,10297
2023-05-18 03:00:00,42411.01,42411.01,41599.78,41706.48,8201
2023-05-18 04:00:00,42174.49,42343.53,42174.49,42259.01,7651
2023-05-18 05:00:00,42491.02,42491.02,42101.91,42406.21,9152
2023-05-18 06:00:00,42842.36,43663.49,41797.78,41883.41,14539
2023-05-18 07:00:00,41778.92,41778.92,41347.4,41430.26,12602
2023-05-18 08:00:00,41711.06,43744.5,41711.06,42152.65,8595
2023-05-18 09:00:00,42041.94,42972.27,41666.17,41749.67,5105
2023-05-18 10:00:00,41350.41,41350.41,40516.84,41267.87,7360
2023-05-18 11:00:00,41679.48,41846.53,41679.48,41763.0,15430
2023-05-18 12:00:00,41869.3,42000.17,41079.6,41916.33,8942
2023-05-18 13:00:00,41604.96,41604.96,41487.61,41521.92,6210
2023-05-18 14:00:00,41542.97,41719.08,41542.97,41626.22,10577
2023-05-18 15:00:00,41644.14,42256.02,41022.88,41201.97,10706
2023-05-18 16:00:00,40998.17,41765.73,40936.23,41682.36,12099
2023-05-18 17:00:00,42060.93,42750.76,42060.93,42145.22,14020
2023-05-18 18:00:00,42296.87,42701.57,42296.87,42379.04,7901
2023-05-18 19:00:00,42452.49,42622.64,42452.49,42537.57,7322
2023-05-18 20:00:00,42315.57,43630.45,42248.32,43302.85,9023
2023-05-18 21:00:00,43206.24,43773.47,43206.24,43292.83,15018
2023-05-18 22:00:00,42920.1,42920.1,42675.88,42761.41,9599
2023-05-18 23:00:00,42870.44,43368.29,42870.44,42956.36,9542
2023-05-19 00:00:00,43851.44,45096.42,43851.44,43866.45,14217
2023-05-19 01:00:00,43480.76,43480.76,43241.69,43393.97,14646
2023-05-19 02:00:00,43177.36,43309.59,42615.85,43223.14,9686
2023-05-19 03:00:00,43311.99,43485.58,43311.99,43398.78,13188
2023-05-19 04:00:00,43325.92,44114.63,43277.91,43364.64,10363
2023-05-19 05:00:00,43006.86,43006.86,41913.62,42921.02,9848
2023-05-19 06:00:00,43323.71,43497.35,43323.71,43410.53,5444
2023-05-19 07:00:00,43829.92,44518.99,43829.92,44430.13,13534
2023-05-19 08:00:00,44422.5,45132.27,44406.7,44495.69,16902
2023-05-19 09:00:00,44621.74,44655.3,43972.44,44060.56,9429
2023-05-19 10:00:00,43439.06,43439.06,41862.53,43346.24,17135
2023-05-19 11:00:00,43562.67,43680.11,43392.25,43453.04,11273
2023-05-19 12:00:00,43818.35,44022.43,43818.35,43934.56,10706
2023-05-19 13:00:00,44044.71,44221.25,44044.71,44132.98,7886
2023-05-19 14:00:00,44026.45,44172.36,44026.45,44114.68,8638
2023-05-19 15:00:00,43745.48,44033.79,43745.48,43833.15,12147
2023-05-19 16:00:00,43418.51,43418.51,42880.37,43331.85,9055
2023-05-19 17:00:00,43691.2,44234.14,43213.22,43696.14,12065
2023-05-19 18:00:00,43956.1,44356.26,43850.94,44093.04,15162
2023-05-19 19:00:00,43467.83,43467.83,42794.19,43381.07,13376
2023-05-19 20:00:00,43456.08,44167.38,43456.08,44079.22,16690
2023-05-19 21:00:00,44103.37,44482.09,43348.58,44321.85,12960
2023-05-19 22:00:00,44846.07,45002.42,44846.07,44935.94,9914
2023-05-19 23:00:00,44454.26,44454.26,42936.19,44292.72,9223
2023-05-20 00:00:00,43744.72,43744.72,43166.35,43657.4,7198
2023-05-20 01:00:00,43520.64,43670.31,43418.05,43583.14,11137
2023-05-20 02:00:00,43734.26,43887.85,43712.65,43800.25,12358
2023-05-20 03:00:00,44503.82,44682.19,44503.82,44593.01,8153
2023-05-20 04:00:00,44888.68,45502.47,44888.68,44891.89,19330
2023-05-20 05:00:00,45430.84,45542.91,44622.15,44753.72,13704
2023-05-20 06:00:00,44385.65,44385.65,44172.25,44260.77,12196
2023-05-20 07:00:00,44698.99,44889.79,44698.99,44800.18,15576
2023-05-20 08:00:00,44422.94,44422.94,44245.61,44334.28,9925
2023-05-20 09:00:00,44566.91,45143.7,44566.91,45053.59,10529
2023-05-20 10:00:00,44896.79,44985.08,44864.31,44895.29,8511
2023-05-20 11:00:00,45154.48,45690.49,45154.48,45599.29,10610
2023-05-20 12:00:00,45787.62,47266.13,45787.62,45879.38,7866
2023-05-20 13:00:00,46139.95,46688.36,45683.72,45775.27,11716
2023-05-20 14:00:00,45498.71,45498.71,45229.62,45494.86,9390
2023-05-20 15:00:00,45771.05,46267.91,44282.38,45303.29,5991
2023-05-20 16:00:00,45109.29,45706.89,45109.29,45471.5,5606
2023-05-20 17:00:00,45369.6,45565.81,45369.6,45474.86,7402
2023-05-20 18:00:00,45629.27,46218.95,44196.95,45167.27,8046
2023-05-20 19:00:00,45154.17,45154.17,44520.68,45064.04,6693
2023-05-20 20:00:00,44888.12,45404.9,44290.5,45075.32,11512
2023-05-20 21:00:00,45237.57,45639.83,43336.36,44070.81,10278
2023-05-20 22:00:00,44178.31,44355.38,44178.31,44266.85,7144
2023-05-20 23:00:00,44245.68,44245.68,43724.2,43811.83,6878
2023-05-21 00:00:00,43377.23,43377.23,43204.07,43290.65,10817
2023-05-21 01:00:00,42632.65,42632.65,42462.46,42547.55,8421
2023-05-21 02:00:00,41865.09,41865.09,40907.24,41781.53,15468
2023-05-21 03:00:00,41309.93,41309.93,41145.02,41227.48,11643
2023-05-21 04:00:00,41042.23,41042.23,40521.55,40960.31,5600
2023-05-21 05:00:00,41688.98,41895.23,41688.98,41811.6,8433
2023-05-21 06:00:00,42055.58,42243.03,40200.35,41611.28,8036
2023-05-21 07:00:00,41655.01,41920.85,41630.76,41714.19,9753
2023-05-21 08:00:00,41922.02,41994.53,41225.75,41910.7,8370
2023-05-21 09:00:00,42052.06,42052.06,40925.36,41991.15,6779
2023-05-21 10:00:00,42204.15,42684.32,41186.41,41981.57,10295
2023-05-21 11:00:00,41575.88,41575.88,41409.91,41492.9,9060
2023-05-21 12:00:00,41075.48,42838.67,41075.48,42137.63,15983
2023-05-21 13:00:00,42850.69,43022.44,42850.69,42936.56,7123
2023-05-21 14:00:00,42705.28,42721.38,41823.92,42210.25,7717
2023-05-21 15:00:00,41873.92,41873.92,41706.76,41790.34,9995
2023-05-21 16:00:00,41472.13,41709.52,40984.08,41698.09,21967
2023-05-21 17:00:00,41409.58,41409.58,41233.08,41315.71,9184
2023-05-21 18:00:00,41696.68,41800.27,41532.79,41562.76,13032
2023-05-21 19:00:00,41366.57,41366.57,41201.43,41284.0,7098
2023-05-21 20:00:00,42145.31,42669.48,42145.31,42229.77,8139
2023-05-21 21:00:00,42408.69,43636.9,42408.69,42764.21,13576
2023-05-21 22:00:00,43004.67,43371.39,42803.9,42871.81,14535
2023-05-21 23:00:00,43247.85,43410.69,43247.85,43334.52,5569
2023-05-22 00:00:00,43264.16,43918.59,42216.66,43830.93,7408
2023-05-22 01:00:00,43492.27,43666.58,43492.27,43579.42,10501
2023-05-22 02:00:00,43431.19,43431.19,43038.27,43221.35,5242
2023-05-22 03:00:00,43179.41,43352.47,43179.41,43265.94,16652
2023-05-22 04:00:00,43060.04,43742.93,42524.7,43655.62,15001
2023-05-22 05:00:00,43671.7,43807.85,43632.97,43720.41,9892
2023-05-22 06:00:00,43470.57,43969.9,42932.64,43018.68,9685
2023-05-22 07:00:00,42694.35,43923.03,42593.51,42678.87,6509
2023-05-22 08:00:00,42578.43,43361.4,42578.43,42663.75,12639
2023-05-22 09:00:00,43005.98,43799.72,42563.3,42648.6,12304
2023-05-22 10:00:00,43131.64,43539.57,43131.64,43524.98,8039
2023-05-22 11:00:00,43000.77,43000.77,42829.11,42914.94,6361
2023-05-22 12:00:00,42795.06,43818.2,42795.06,43151.17,10226
2023-05-22 13:00:00,43403.55,43905.99,43403.55,43818.35,7023
2023-05-22 14:00:00,44559.84,44979.48,44559.84,44836.23,6131
2023-05-22 15:00:00,44727.34,44727.34,44517.38,44638.06,17574
2023-05-22 16:00:00,44921.84,45529.13,44762.64,44852.34,9199
2023-05-22 17:00:00,45010.39,46287.14,45010.39,45100.59,17988
2023-05-22 18:00:00,45168.96,45612.8,45084.07,45174.42,8453
2023-05-22 19:00:00,45045.38,45202.67,44736.38,45112.45,14752
2023-05-22 20:00:00,45160.49,45414.43,44065.64,45298.22,10542
2023-05-22 21:00:00,44197.78,44197.78,44021.34,44109.56,12214
2023-05-22 22:00:00,44327.93,44933.09,44327.93,44416.76,19072
2023-05-22 23:00:00,44250.45,44558.65,44250.45,44469.71,11541
2023-05-23 00:00:00,44589.11,44589.11,44118.52,44363.92,14297
2023-05-23 01:00:00,45198.19,45379.35,45198.19,45288.77,14054
2023-05-23 02:00:00,45004.23,45004.23,43753.8,44961.21,12279
2023-05-23 03:00:00,44854.48,44854.48,44645.8,44764.95,15314
2023-05-23 04:00:00,45575.15,47073.34,45575.15,45666.48,14251
2023-05-23 05:00:00,45831.91,45831.91,45069.11,45255.72,8517
2023-05-23 06:00:00,45190.67,45527.58,44895.15,44985.12,12095
2023-05-23 07:00:00,45091.39,45676.12,44814.74,44904.55,10535
2023-05-23 08:00:00,44986.48,45955.31,44986.48,45277.83,10387
2023-05-23 09:00:00,45071.95,46296.94,44030.73,45355.58,20415
2023-05-23 10:00:00,45056.99,45056.99,44330.74,44738.1,8181
2023-05-23 11:00:00,44574.62,44574.62,44396.68,44485.65,10411
2023-05-23 12:00:00,44166.17,44555.58,44166.17,44204.55,10122
2023-05-23 13:00:00,43868.78,44595.75,43108.59,44168.68,7504
2023-05-23 14:00:00,44351.93,44989.69,42896.97,44359.72,11258
2023-05-23 15:00:00,44183.06,44634.8,43422.74,44545.71,13162
2023-05-23 16:00:00,44688.79,44688.79,42925.41,43733.18,13598
2023-05-23 17:00:00,43606.05,44343.4,43593.27,44215.29,18485
2023-05-23 18:00:00,44268.69,44581.09,44240.79,44329.45,8790
2023-05-23 19:00:00,44864.0,45482.63,44864.0,44953.91,13286
2023-05-23 20:00:00,44623.08,45410.61,44029.12,45146.16,9243
2023-05-23 21:00:00,45548.24,46014.32,45548.24,45639.52,12284
2023-05-23 22:00:00,45773.83,45891.87,45700.52,45835.75,16999
2023-05-23 23:00:00,45792.87,46792.52,45357.21,46441.67,13827
2023-05-24 00:00:00,46562.91,47415.58,46562.91,46656.22,6700
2023-05-24 01:00:00,46817.88,47125.19,45585.64,46573.64,12633
2023-05-24 02:00:00,47396.44,47714.87,47396.44,47619.64,8511
2023-05-24 03:00:00,47827.82,48096.05,47827.82,48000.05,15313
2023-05-24 04:00:00,48126.8,48319.69,48126.8,48223.25,6747
2023-05-24 05:00:00,47628.2,47628.2,46719.67,47533.13,18098
2023-05-24 06:00:00,46951.93,46951.93,46764.5,46858.21,6049
2023-05-24 07:00:00,46890.75,48010.34,46307.15,46959.88,6707
2023-05-24 08:00:00,46942.53,47104.72,45882.84,46990.62,8719
2023-05-24 09:00:00,46957.27,46957.27,46562.84,46656.15,11816
2023-05-24 10:00:00,46752.96,46752.96,46244.31,46689.25,9737
2023-05-24 11:00:00,47317.75,47502.68,47317.75,47412.58,15509
2023-05-24 12:00:00,47649.75,47799.41,47649.75,47704.0,12232
2023-05-24 13:00:00,47480.0,47480.0,46922.51,47099.08,3978
2023-05-24 14:00:00,46912.66,48023.9,46912.66,47006.68,13347
2023-05-24 15:00:00,46640.24,47463.38,46490.85,46584.01,12346
2023-05-24 16:00:00,46686.76,47209.46,45832.69,46369.79,9299
2023-05-24 17:00:00,46235.29,46898.46,45791.7,46147.15,9977
2023-05-24 18:00:00,45990.84,45990.84,45665.93,45899.04,13111
2023-05-24 19:00:00,45596.04,45596.04,44181.9,45291.04,15900
2023-05-24 20:00:00,45170.65,45434.21,44576.46,45222.19,9461
2023-05-24 21:00:00,45028.1,45278.18,44615.21,44955.4,13701
2023-05-24 22:00:00,43906.4,43906.4,42788.1,43607.29,10855
2023-05-24 23:00:00,44447.65,44625.8,44447.65,44536.72,9464
2023-05-25 00:00:00,44943.98,45112.75,44943.98,45034.04,9859
2023-05-25 01:00:00,44752.23,45708.07,43767.34,44856.28,12771
2023-05-25 02:00:00,45274.39,46623.33,44773.28,44863.01,9177
2023-05-25 03:00:00,44413.63,44413.63,44236.33,44324.98,6814
2023-05-25 04:00:00,44945.06,45188.83,44945.06,45098.63,8592
2023-05-25 05:00:00,45875.61,46686.76,45875.61,45967.55,11174
2023-05-25 06:00:00,45931.63,46115.73,45931.63,46023.68,9198
2023-05-25 07:00:00,46044.5,46579.08,45920.69,46486.11,9135
2023-05-25 08:00:00,46458.32,46637.48,46451.3,46544.39,8614
2023-05-25 09:00:00,45974.9,45974.9,44457.09,45883.13,6679
2023-05-25 10:00:00,46240.64,46299.51,45557.84,45674.66,11346
2023-05-25 11:00:00,45815.86,45815.86,44297.8,45724.41,6840
2023-05-25 12:00:00,45590.63,45590.63,45408.63,45499.63,11352
2023-05-25 13:00:00,45859.29,46168.33,45298.45,45389.23,8775
2023-05-25 14:00:00,45381.81,45430.84,44576.83,45340.16,9655
2023-05-25 15:00:00,45387.15,45387.15,44716.38,45296.56,10867
2023-05-25 16:00:00,45097.47,45937.58,45097.47,45315.36,9853
2023-05-25 17:00:00,45484.62,45654.08,43887.72,44819.3,6440
2023-05-25 18:00:00,44640.15,44640.15,44404.21,44493.19,21341
2023-05-25 19:00:00,44005.61,44005.61,43404.98,43917.77,8052
2023-05-25 20:00:00,44084.22,44460.89,43508.44,44372.14,9423
2023-05-25 21:00:00,44529.78,44667.75,43011.0,43428.72,13097
2023-05-25 22:00:00,43252.22,44051.58,43252.22,43963.65,12775
2023-05-25 23:00:00,43882.22,45536.94,43403.97,44601.48,8857
2023-05-26 00:00:00,44896.51,44971.88,44118.02,44470.67,9333
2023-05-26 01:00:00,43384.9,43384.9,42863.93,43298.3,11826
2023-05-26 02:00:00,43127.17,43251.37,43078.71,43165.04,9194
2023-05-26 03:00:00,43252.18,43252.18,42488.16,43165.85,8149
2023-05-26 04:00:00,42836.65,42836.65,42665.65,42751.15,16525
2023-05-26 05:00:00,42998.71,42998.71,42051.77,42562.78,12511
2023-05-26 06:00:00,43173.83,43295.74,43173.83,43266.34,9413
2023-05-26 07:00:00,43502.49,43676.85,43502.49,43589.67,10671
2023-05-26 08:00:00,43732.53,44680.01,42631.23,43203.64,8361
2023-05-26 09:00:00,42862.79,42862.79,42445.34,42530.4,14925
2023-05-26 10:00:00,42513.21,42513.21,42343.5,42428.35,9370
2023-05-26 11:00:00,42363.56,42501.3,41936.96,42378.35,6981
2023-05-26 12:00:00,42230.64,43261.77,41197.41,42636.58,10336
2023-05-26 13:00:00,42727.8,43398.16,41968.86,42443.32,10084
2023-05-26 14:00:00,42621.58,43440.57,42621.58,42707.0,8562
2023-05-26 15:00:00,43502.45,43676.81,43502.45,43589.63,10192
2023-05-26 16:00:00,43892.29,44321.5,43892.29,43980.25,8233
2023-05-26 17:00:00,43892.68,44068.6,43892.68,43980.64,8818
2023-05-26 18:00:00,43938.93,44477.74,43833.04,43920.88,10103
2023-05-26 19:00:00,43735.44,43871.2,43735.44,43783.63,8028
2023-05-26 20:00:00,43984.43,44976.95,43914.57,44335.93,9931
2023-05-26 21:00:00,44044.35,44157.74,43981.46,44069.6,8372
2023-05-26 22:00:00,44023.0,44111.42,44023.0,44111.22,7648
2023-05-26 23:00:00,44008.14,44394.69,43880.3,44154.48,10848
2023-05-27 00:00:00,44036.09,44036.09,42681.27,43948.19,10420
2023-05-27 01:00:00,43598.61,43598.61,42716.65,43355.27,8758
2023-05-27 02:00:00,43294.27,43616.65,43028.76,43529.59,9760
2023-05-27 03:00:00,43368.2,43531.93,42979.58,43531.28,9316
2023-05-27 04:00:00,43552.62,43869.72,42365.19,43782.15,10622
2023-05-27 05:00:00,43520.85,44273.54,43270.41,43568.13,5618
2023-05-27 06:00:00,44050.38,44226.93,44050.38,44138.65,10265
2023-05-27 07:00:00,43850.95,43850.95,43054.51,43763.42,8941
2023-05-27 08:00:00,44463.73,45435.58,44463.73,44552.83,10670
2023-05-27 09:00:00,43859.41,43859.41,42517.86,43771.86,5031
2023-05-27 10:00:00,43903.6,44079.57,43903.6,43991.59,7205
2023-05-27 11:00:00,44139.08,44813.14,44139.08,44227.54,8608
2023-05-27 12:00:00,44289.94,44596.37,43218.41,43887.86,16029
2023-05-27 13:00:00,43945.27,44190.72,43744.46,44102.52,5945
2023-05-27 14:00:00,44610.23,44789.02,44610.23,44699.63,6470
2023-05-27 15:00:00,44574.35,44574.35,43614.55,43701.95,10659
2023-05-27 16:00:00,43866.16,44763.88,43866.16,43954.06,8205
2023-05-27 17:00:00,42946.11,42946.11,42774.66,42860.38,9441
2023-05-27 18:00:00,42840.95,43171.38,42137.27,42478.29,17632
2023-05-27 19:00:00,42873.08,43316.56,42873.08,43230.1,12812
2023-05-27 20:00:00,43095.34,43095.34,42975.27,43009.32,8835
2023-05-27 21:00:00,42585.7,42585.7,42379.54,42533.21,15875
2023-05-27 22:00:00,42714.86,43034.58,42407.36,42492.35,11901
2023-05-27 23:00:00,42452.01,44513.17,42452.01,43434.81,8721
2023-05-28 00:00:00,42741.05,42741.05,42570.43,42655.74,11744
2023-05-28 01:00:00,42325.92,42325.92,41894.8,42241.44,16724
2023-05-28 02:00:00,42755.05,43021.31,42755.05,42935.44,8222
2023-05-28 03:00:00,43701.88,43877.03,43701.88,43789.45,12412
2023-05-28 04:00:00,43814.22,43859.94,43684.85,43772.39,9875
2023-05-28 05:00:00,43335.36,43335.36,43218.53,43248.86,10412
2023-05-28 06:00:00,44123.49,44609.85,44123.49,44211.91,9464
2023-05-28 07:00:00,44640.14,45438.66,44640.14,44955.99,10637
2023-05-28 08:00:00,45190.73,45371.86,45190.73,45281.3,5939
2023-05-28 09:00:00,45004.48,45004.48,43925.38,44914.65,9991
2023-05-28 10:00:00,44996.69,44996.69,44817.06,44906.87,9410
2023-05-28 11:00:00,44714.35,44938.18,44147.18,44848.48,12697
2023-05-28 12:00:00,44849.09,45106.06,44849.09,45016.03,13897
2023-05-28 13:00:00,45605.71,45993.73,45605.71,45697.11,6981
2023-05-28 14:00:00,46019.68,46204.13,46019.68,46111.91,8876
2023-05-28 15:00:00,45694.19,45694.19,44743.36,45602.98,10522
2023-05-28 16:00:00,46196.21,47410.16,46196.21,46249.4,7958
2023-05-28 17:00:00,46351.89,46561.79,46351.89,46393.59,9979
2023-05-28 18:00:00,46664.78,46942.31,46620.3,46713.73,5094
2023-05-28 19:00:00,46785.84,48337.3,46044.5,47403.17,21610
2023-05-28 20:00:00,46956.33,46956.33,46831.65,46845.69,12360
2023-05-28 21:00:00,46818.9,47213.59,46203.53,46818.76,7149
2023-05-28 22:00:00,46612.44,46612.44,46123.3,46555.84,8130
2023-05-28 23:00:00,45897.43,45897.43,45674.43,45805.82,10966
2023-05-29 00:00:00,45824.61,45991.8,45293.56,45973.99,9632
2023-05-29 01:00:00,47061.7,48022.25,47061.7,47156.01,12154
2023-05-29 02:00:00,46962.17,46962.17,45183.46,46256.02,14067
2023-05-29 03:00:00,46299.11,46334.06,45938.92,46241.57,11940
2023-05-29 04:00:00,46452.19,46638.37,46452.19,46545.28,15024
2023-05-29 05:00:00,46746.45,47125.64,46026.76,46601.19,7416
2023-05-29 06:00:00,46656.21,46763.91,46450.95,46544.03,7866
2023-05-29 07:00:00,46016.73,46016.73,45874.42,45924.88,10956
2023-05-29 08:00:00,46134.17,46134.17,45950.0,46042.09,9237
2023-05-29 09:00:00,45826.51,46459.88,45409.49,45692.07,8930
2023-05-29 10:00:00,44873.1,44873.1,43350.0,44681.71,10480
2023-05-29 11:00:00,45162.28,46067.71,45162.28,45252.79,9077
2023-05-29 12:00:00,45622.34,46895.14,45622.34,45713.77,13807
2023-05-29 13:00:00,45625.48,45840.52,45208.48,45749.02,12446
2023-05-29 14:00:00,45957.41,45957.41,45773.95,45865.68,12316
2023-05-29 15:00:00,46283.79,46469.3,46283.79,46376.54,11528
2023-05-29 16:00:00,46470.75,46734.14,45028.44,46483.04,11955
2023-05-29 17:00:00,46962.84,47004.19,45934.56,46910.37,9509
2023-05-29 18:00:00,47002.77,47584.54,46666.44,46759.96,13919
2023-05-29 19:00:00,47074.92,47475.67,47074.92,47380.9,6114
2023-05-29 20:00:00,47390.71,47616.53,46904.62,47521.48,10075
2023-05-29 21:00:00,47600.59,47836.15,47579.81,47597.86,7501
2023-05-29 22:00:00,47055.39,47055.39,46794.61,46961.47,7300
2023-05-29 23:00:00,46995.7,47995.1,46995.7,47089.88,9488
2023-05-30 00:00:00,47183.04,48226.42,46651.72,46679.33,8775
2023-05-30 01:00:00,46464.18,46464.18,46278.69,46371.44,9887
2023-05-30 02:00:00,46130.16,46130.16,45894.96,45986.93,7916
2023-05-30 03:00:00,45584.77,45584.77,45402.8,45493.78,11561
2023-05-30 04:00:00,45270.85,46588.08,45059.25,46495.09,11446
2023-05-30 05:00:00,47032.0,48253.87,47032.0,47126.26,13520
2023-05-30 06:00:00,47131.22,48136.02,46839.06,48039.94,6978
2023-05-30 07:00:00,47828.58,48120.43,47320.48,47415.31,10897
2023-05-30 08:00:00,47340.69,47674.67,47340.69,47435.56,12090
2023-05-30 09:00:00,46888.64,46888.64,46701.46,46795.05,8261
2023-05-30 10:00:00,47052.33,47447.85,45222.58,46458.88,16367
2023-05-30 11:00:00,46401.56,46401.56,45751.68,46024.74,8682
2023-05-30 12:00:00,46327.91,48589.48,46064.49,46614.45,8253
2023-05-30 13:00:00,46704.41,47675.43,46331.35,46424.19,11224
2023-05-30 14:00:00,46493.35,47025.52,46033.62,46931.65,16217
2023-05-30 15:00:00,47119.0,47307.85,47119.0,47213.43,10819
2023-05-30 16:00:00,48092.99,48624.58,48092.99,48311.51,8493
2023-05-30 17:00:00,47837.8,47837.8,47341.62,47552.74,12922
2023-05-30 18:00:00,47920.87,48243.85,47308.03,48147.55,6816
2023-05-30 19:00:00,48327.26,48782.17,47918.04,48684.8,15394
2023-05-30 20:00:00,48185.24,48185.24,48069.9,48166.23,17214
2023-05-30 21:00:00,48537.79,48732.33,48537.79,48635.06,9036
2023-05-30 22:00:00,48776.87,49153.0,48670.52,48768.06,19125
2023-05-30 23:00:00,48723.85,48858.51,48493.44,48619.68,11930
2023-05-31 00:00:00,48300.22,48300.22,48043.86,48178.85,9724
2023-05-31 01:00:00,47896.7,47896.7,47705.5,47801.1,12141
2023-05-31 02:00:00,48353.93,49010.56,48353.93,48783.16,10128
2023-05-31 03:00:00,48289.1,49351.44,48091.64,48749.75,8838
2023-05-31 04:00:00,49107.73,49203.31,48783.31,49105.1,7623
2023-05-31 05:00:00,48766.27,48766.27,48571.59,48668.93,10052
2023-05-31 06:00:00,48851.57,48964.96,48153.19,48249.69,13908
2023-05-31 07:00:00,48532.23,48855.74,47577.53,48758.22,8093
2023-05-31 08:00:00,48150.45,48150.45,46999.9,48054.34,9094
2023-05-31 09:00:00,47926.16,47926.16,46931.46,47830.49,7926
2023-05-31 10:00:00,47926.34,47926.34,46118.61,47830.67,13397
2023-05-31 11:00:00,47833.28,47964.8,47079.89,47869.07,9987
2023-05-31 12:00:00,47743.15,47860.24,45794.03,47764.71,6270
2023-05-31 13:00:00,47926.54,48209.37,47926.54,47942.3,8532
2023-05-31 14:00:00,48166.76,49684.43,48166.76,48263.29,20088
2023-05-31 15:00:00,48236.62,48699.33,47863.84,48602.13,6556
2023-05-31 16:00:00,48410.16,49519.28,48071.61,48083.76,11823
2023-05-31 17:00:00,47793.21,48172.75,47561.21,47923.98,6588
2023-05-31 18:00:00,48330.85,50227.31,47361.82,48491.23,7890
2023-05-31 19:00:00,48809.84,49633.96,48809.84,48907.66,12580
2023-05-31 20:00:00,48286.76,48286.76,47556.91,48190.38,10689
2023-05-31 21:00:00,48133.16,48439.81,46761.54,48343.12,5266
2023-05-31 22:00:00,47670.22,47670.22,46309.28,47344.44,5217
2023-05-31 23:00:00,47258.27,48675.06,46179.37,47360.73,5905
2023-06-01 00:00:00,48175.02,48368.11,48175.02,48271.57,8129
2023-06-01 01:00:00,47902.2,47902.2,47238.21,47783.34,12655
2023-06-01 02:00:00,47457.47,47457.47,47268.02,47362.74,9158
2023-06-01 03:00:00,47528.32,47820.51,47205.92,47725.06,12907
2023-06-01 04:00:00,47054.82,47054.82,46636.17,46960.9,12839
2023-06-01 05:00:00,46751.2,46751.2,46564.57,46657.88,14398
2023-06-01 06:00:00,46815.52,47042.0,46815.52,46948.1,7438
2023-06-01 07:00:00,46800.87,46800.87,46553.4,46646.69,7872
2023-06-01 08:00:00,46683.05,47939.68,45583.72,46541.37,8208
2023-06-01 09:00:00,46809.56,46997.18,46809.56,46903.37,11408
2023-06-01 10:00:00,47013.98,47202.42,47013.98,47108.2,5748
2023-06-01 11:00:00,47161.73,48714.51,47142.88,47237.35,14664
2023-06-01 12:00:00,47196.03,47388.83,46367.7,47072.81,8265
2023-06-01 13:00:00,46844.5,47346.21,46218.53,47251.71,13646
2023-06-01 14:00:00,47008.83,47566.93,46692.66,47190.3,9025
2023-06-01 15:00:00,47413.38,47505.39,47358.39,47410.57,20347
2023-06-01 16:00:00,47242.92,47261.27,47072.6,47166.93,7185
2023-06-01 17:00:00,47037.97,47173.98,47037.97,47079.82,8372
2023-06-01 18:00:00,46700.0,46700.0,45949.66,46606.79,4873
2023-06-01 19:00:00,46506.75,46799.83,46506.75,46599.25,11252
2023-06-01 20:00:00,46909.2,47330.21,46100.69,46223.01,21001
2023-06-01 21:00:00,45949.58,47585.54,44761.31,45713.22,8976
2023-06-01 22:00:00,45856.59,46083.2,45765.37,45857.09,6970
2023-06-01 23:00:00,45810.62,46069.48,45810.62,45977.52,10223
2023-06-02 00:00:00,45759.82,46456.02,45076.21,46363.3,12058
2023-06-02 01:00:00,46591.23,46591.23,46101.24,46172.82,13628
2023-06-02 02:00:00,46288.42,46662.72,46288.42,46381.38,9662
2023-06-02 03:00:00,46562.23,46748.85,46562.23,46655.54,7012
2023-06-02 04:00:00,46630.4,48021.65,46321.56,46877.04,13953
2023-06-02 05:00:00,46782.2,46782.2,46396.24,46489.22,17128
2023-06-02 06:00:00,46480.22,46666.51,46480.22,46573.36,7260
2023-06-02 07:00:00,46555.96,47107.65,46337.25,46758.39,10345
2023-06-02 08:00:00,46812.66,46864.73,45847.98,46771.19,8224
2023-06-02 09:00:00,46843.52,46843.52,45515.99,45785.17,12711
2023-06-02 10:00:00,45976.86,45976.86,44384.42,45885.09,7529
2023-06-02 11:00:00,46697.39,47038.34,46697.39,46944.45,13698
2023-06-02 12:00:00,46923.0,46923.0,46548.88,46778.58,12158
2023-06-02 13:00:00,46532.67,46532.67,45501.37,46439.79,9951
2023-06-02 14:00:00,46554.93,46724.61,46554.93,46631.34,4702
2023-06-02 15:00:00,46551.16,46885.32,44625.92,46791.74,14158
2023-06-02 16:00:00,46753.43,47465.26,46288.85,47370.52,7747
2023-06-02 17:00:00,46855.9,46855.9,46668.85,46762.38,6465
2023-06-02 18:00:00,47026.92,47215.4,47026.92,47121.16,8820
2023-06-02 19:00:00,47241.43,47614.06,46919.71,47409.35,7876
2023-06-02 20:00:00,47435.03,47435.03,47245.67,47340.35,12615
2023-06-02 21:00:00,47192.89,48527.49,47140.56,47505.7,5775
2023-06-02 22:00:00,47908.85,48200.86,47908.85,48004.86,8000
2023-06-02 23:00:00,48326.86,49472.14,48326.86,48423.71,7587
2023-06-03 00:00:00,47939.48,47939.48,47748.11,47843.79,8514
2023-06-03 01:00:00,48085.79,48335.0,48085.79,48238.52,9681
2023-06-03 02:00:00,48098.22,48910.68,48098.22,48194.61,7758
2023-06-03 03:00:00,48070.71,48315.89,47107.87,48219.45,15990
2023-06-03 04:00:00,48366.18,48366.18,47544.78,48244.16,7659
2023-06-03 05:00:00,48255.1,48255.1,48062.47,48158.78,9713
2023-06-03 06:00:00,48637.57,49489.4,48637.57,48735.04,4919
2023-06-03 07:00:00,48630.64,48772.14,48577.44,48674.79,11532
2023-06-03 08:00:00,48378.3,48378.3,46734.7,48100.89,11456
2023-06-03 09:00:00,47995.08,47995.08,47495.1,47899.28,10322
2023-06-03 10:00:00,47885.02,48878.41,47885.02,47980.99,8752
2023-06-03 11:00:00,48478.61,48736.27,48478.61,48575.76,6006
2023-06-03 12:00:00,48263.59,49328.48,48158.67,48859.01,10676
2023-06-03 13:00:00,48980.33,49266.0,47852.25,48414.25,12979
2023-06-03 14:00:00,48934.6,50366.93,48934.6,49628.61,7969
2023-06-03 15:00:00,49629.56,50468.22,49629.56,49729.01,19150
2023-06-03 16:00:00,50240.36,50441.73,50240.36,50341.04,10438
2023-06-03 17:00:00,50275.08,50317.65,49503.22,50217.21,13909
2023-06-03 18:00:00,50308.12,50548.69,48905.03,50447.8,12071
2023-06-03 19:00:00,50413.79,52486.75,49627.13,50833.66,14760
2023-06-03 20:00:00,51107.41,51659.81,51107.41,51412.37,8603
2023-06-03 21:00:00,51021.78,52721.93,50771.68,51903.35,10007
2023-06-03 22:00:00,52201.95,52396.98,52201.95,52292.39,10978
2023-06-03 23:00:00,52345.5,52345.5,51835.39,52044.58,10937
2023-06-04 00:00:00,51769.3,51769.3,51562.64,51665.97,12731
2023-06-04 01:00:00,52198.86,52761.47,51669.26,51772.8,10939
2023-06-04 02:00:00,51706.46,52346.65,51530.36,52195.52,8410
2023-06-04 03:00:00,52214.78,52682.2,51130.43,51998.0,12073
2023-06-04 04:00:00,52179.72,52765.33,51626.64,52489.5,10036
2023-06-04 05:00:00,52857.22,53290.69,52240.28,53184.32,16092
2023-06-04 06:00:00,52977.35,53163.06,52485.08,52590.27,9587
2023-06-04 07:00:00,52607.34,53177.03,51952.12,52056.24,9950
2023-06-04 08:00:00,52225.33,52977.21,51803.22,51907.03,10511
2023-06-04 09:00:00,51894.24,52102.24,51894.24,51998.24,7722
2023-06-04 10:00:00,51750.11,51750.11,51543.52,51646.82,11401
2023-06-04 11:00:00,52189.52,52352.5,52189.52,52294.11,5777
2023-06-04 12:00:00,52241.57,53525.46,51981.59,52443.47,8330
2023-06-04 13:00:00,52372.04,52696.65,52372.04,52385.78,8597
2023-06-04 14:00:00,51772.94,51772.94,49574.23,51540.02,16874
2023-06-04 15:00:00,51102.94,51188.08,50233.76,50785.99,10137
2023-06-04 16:00:00,51266.44,51788.34,50781.96,50883.73,7949
2023-06-04 17:00:00,49826.39,49826.39,48480.16,49726.94,9475
2023-06-04 18:00:00,50112.37,50313.22,50112.37,50212.79,9964
2023-06-04 19:00:00,49995.16,50195.54,49995.16,50095.35,14060
2023-06-04 20:00:00,50476.35,51822.58,50476.35,51719.14,8373
2023-06-04 21:00:00,52768.69,53222.92,52768.69,52874.44,13333
2023-06-04 22:00:00,52796.45,52796.45,50219.55,52691.07,14872
2023-06-04 23:00:00,52547.57,53733.95,51369.78,52552.05,12430
2023-06-05 00:00:00,52931.78,53113.02,52931.78,53007.01,7263
2023-06-05 01:00:00,53732.72,53948.08,53732.72,53840.4,14792
2023-06-05 02:00:00,53407.69,53407.69,52731.05,52836.72,13229
2023-06-05 03:00:00,51850.86,51850.86,51685.52,51789.09,5564
2023-06-05 04:00:00,51756.73,51756.73,50484.43,51395.9,12866
2023-06-05 05:00:00,51433.53,51651.34,50802.01,51644.77,8419
2023-06-05 06:00:00,52402.91,52614.42,51742.52,51846.21,9214
2023-06-05 07:00:00,52069.74,52453.02,52069.74,52348.32,13972
2023-06-05 08:00:00,51737.98,51737.98,51531.44,51634.71,8730
2023-06-05 09:00:00,50456.04,50456.04,50254.62,50355.33,10127
2023-06-05 10:00:00,50561.65,50862.23,50561.65,50760.71,15341
2023-06-05 11:00:00,50712.63,50980.34,50005.88,50288.57,10710
2023-06-05 12:00:00,49360.87,49360.87,48363.19,49217.31,7986
2023-06-05 13:00:00,49326.32,49326.32,48580.34,49273.49,9385
2023-06-05 14:00:00,49308.16,51199.13,49087.51,49654.69,9492
2023-06-05 15:00:00,49805.71,50045.06,49470.22,49569.36,5566
2023-06-05 16:00:00,49492.58,49834.0,48420.54,49316.28,12516
2023-06-05 17:00:00,49229.14,49317.45,49120.57,49219.01,19199
2023-06-05 18:00:00,49214.6,49214.6,48919.02,49017.06,8492
2023-06-05 19:00:00,48427.34,48427.34,48268.06,48330.68,16223
2023-06-05 20:00:00,47993.36,48073.06,47616.99,47977.11,11359
2023-06-05 21:00:00,48140.34,48333.29,48140.34,48236.81,8065
2023-06-05 22:00:00,48050.49,49234.81,48050.49,48395.22,16467
2023-06-05 23:00:00,48498.25,48572.79,48378.89,48475.84,11264
2023-06-06 00:00:00,48392.13,48392.13,47138.37,47980.56,13889
2023-06-06 01:00:00,47745.85,48381.9,46795.53,47896.9,12373
2023-06-06 02:00:00,46932.87,46932.87,46745.51,46839.19,7784
2023-06-06 03:00:00,47040.79,47040.79,46853.0,46946.9,11211
2023-06-06 04:00:00,47629.84,48122.96,47629.84,47652.74,11531
2023-06-06 05:00:00,47039.83,47039.83,46852.05,46945.94,9059
2023-06-06 06:00:00,46779.87,46779.87,46593.13,46686.5,8849
2023-06-06 07:00:00,47140.43,47140.43,46774.83,46868.57,10751
2023-06-06 08:00:00,46761.65,47871.3,46761.65,47490.96,10348
2023-06-06 09:00:00,47949.09,48264.61,47192.8,47287.38,6836
2023-06-06 10:00:00,47064.21,47064.21,46876.33,46970.27,10200
2023-06-06 11:00:00,46140.75,46140.75,45396.93,46048.66,7711
2023-06-06 12:00:00,46377.01,46400.92,46042.14,46134.41,13079
2023-06-06 13:00:00,46641.3,47228.26,46641.3,47132.43,10606
2023-06-06 14:00:00,46964.04,47471.81,46045.44,47287.6,12961
2023-06-06 15:00:00,47385.13,47391.02,47201.83,47296.43,11625
2023-06-06 16:00:00,47376.35,48012.65,47376.35,47471.29,6502
2023-06-06 17:00:00,47387.4,47577.33,47387.4,47482.36,7391
2023-06-06 18:00:00,47198.78,47198.78,45658.95,47104.57,13634
2023-06-06 19:00:00,46984.07,47617.26,46132.95,47522.21,12322
2023-06-06 20:00:00,47552.35,47742.94,47552.35,47647.64,8970
2023-06-06 21:00:00,47632.2,47765.22,47125.41,47669.88,12680
2023-06-06 22:00:00,47322.22,47322.22,46638.95,47209.49,10768
2023-06-06 23:00:00,47746.16,47955.09,47746.16,47859.37,7804
2023-06-07 00:00:00,48099.62,48923.14,48099.62,48196.01,12220
2023-06-07 01:00:00,48026.72,48026.72,47835.0,47930.86,13346
2023-06-07 02:00:00,48335.05,48486.31,48335.05,48431.91,12890
2023-06-07 03:00:00,48285.66,48285.66,46905.23,48189.28,11239
2023-06-07 04:00:00,47850.04,47908.22,47716.97,47812.6,26729
2023-06-07 05:00:00,47830.68,48531.6,47360.7,47455.61,8631
2023-06-07 06:00:00,46709.79,46709.79,46397.11,46616.55,7941
2023-06-07 07:00:00,46779.13,46966.62,46779.13,46872.88,11858
2023-06-07 08:00:00,46479.01,46479.01,45933.31,46025.36,13428
2023-06-07 09:00:00,45579.94,45579.94,45397.99,45488.97,6753
2023-06-07 10:00:00,44662.65,44662.65,44484.36,44573.51,7379
2023-06-07 11:00:00,44840.03,45377.71,44505.77,44594.96,14245
2023-06-07 12:00:00,44497.55,44614.52,44497.55,44586.72,20689
2023-06-07 13:00:00,44460.28,44587.39,44332.86,44498.39,8969
2023-06-07 14:00:00,44687.76,46152.08,43648.23,44086.49,9945
2023-06-07 15:00:00,44142.95,44369.75,43139.03,43626.0,12782
2023-06-07 16:00:00,43817.78,43993.4,43817.78,43905.59,9438
2023-06-07 17:00:00,43657.13,43815.61,43657.13,43728.16,17208
2023-06-07 18:00:00,43956.85,44357.26,43751.37,43941.19,8068
2023-06-07 19:00:00,43700.51,43700.51,43397.31,43613.29,11842
2023-06-07 20:00:00,43337.05,43855.47,43337.05,43767.93,7362
2023-06-07 21:00:00,44333.73,45032.45,44333.73,44422.58,9163
2023-06-07 22:00:00,44762.21,44903.11,44662.16,44751.67,10482
2023-06-07 23:00:00,44711.85,44711.85,43522.42,44622.61,18821
2023-06-08 00:00:00,44784.36,45802.7,44784.36,44801.26,8149
2023-06-08 01:00:00,44835.0,44839.8,44715.13,44750.3,13670
2023-06-08 02:00:00,44723.57,45594.35,44723.57,44813.2,7569
2023-06-08 03:00:00,44633.46,44812.35,44633.46,44722.9,10081
2023-06-08 04:00:00,44644.47,45786.72,44618.52,44707.93,8167
2023-06-08 05:00:00,44774.91,45541.46,44774.91,44864.64,8464
2023-06-08 06:00:00,44651.46,44651.46,44131.59,44467.11,14810
2023-06-08 07:00:00,44157.07,44157.07,43126.41,44068.93,10614
2023-06-08 08:00:00,43599.65,43599.65,43425.6,43512.63,19560
2023-06-08 09:00:00,42963.14,42963.14,42791.63,42877.38,15353
2023-06-08 10:00:00,43115.48,43156.41,42343.38,42428.24,10480
2023-06-08 11:00:00,42073.69,42671.21,42073.69,42586.03,8047
2023-06-08 12:00:00,42538.43,42681.78,42127.67,42284.82,8117
2023-06-08 13:00:00,42585.89,42682.53,42585.89,42597.34,7436
2023-06-08 14:00:00,42784.95,42784.95,42614.15,42699.55,6470
2023-06-08 15:00:00,41999.57,41999.57,41843.16,41927.01,9304
2023-06-08 16:00:00,42217.25,43122.13,42217.25,42301.86,9336
2023-06-08 17:00:00,42656.28,43294.98,42656.28,42741.76,8948
2023-06-08 18:00:00,43193.76,43302.4,42308.24,42393.02,9765
2023-06-08 19:00:00,42418.04,42749.51,41877.57,42664.19,7455
2023-06-08 20:00:00,42461.53,42461.53,42292.02,42376.78,5866
2023-06-08 21:00:00,42173.17,43637.33,41687.92,42508.55,7169
2023-06-08 22:00:00,42131.68,42131.68,41355.81,42047.58,4822
2023-06-08 23:00:00,41576.81,41576.81,41289.32,41372.06,11855
2023-06-09 00:00:00,41352.15,41394.98,40444.36,41312.36,11496
2023-06-09 01:00:00,41445.19,41445.19,41276.23,41362.46,9000
2023-06-09 02:00:00,41378.58,41378.58,41213.4,41295.99,6048
2023-06-09 03:00:00,41284.48,41284.48,40164.54,40899.42,18547
2023-06-09 04:00:00,40757.72,40853.51,40757.72,40839.4,6402
2023-06-09 05:00:00,40977.23,42425.0,40977.23,41059.34,14270
2023-06-09 06:00:00,41197.62,41228.93,41064.34,41146.63,6823
2023-06-09 07:00:00,41245.63,42390.21,41245.63,41328.29,10725
2023-06-09 08:00:00,41066.5,41231.1,41066.5,41148.8,29763
2023-06-09 09:00:00,41663.34,41762.81,41663.34,41746.83,9523
2023-06-09 10:00:00,41397.89,41397.89,40909.26,41345.14,10918
2023-06-09 11:00:00,41251.91,41694.86,41211.18,41654.41,12467
2023-06-09 12:00:00,41973.96,42341.78,41973.96,42257.27,11133
2023-06-09 13:00:00,42414.81,42642.84,42414.81,42557.72,13681
2023-06-09 14:00:00,42409.8,42645.09,42075.73,42559.97,8385
2023-06-09 15:00:00,42783.61,42805.48,42335.67,42420.51,10143
2023-06-09 16:00:00,42876.3,43048.15,42876.3,42962.22,10283
2023-06-09 17:00:00,42510.5,42510.5,42173.74,42425.65,11670
2023-06-09 18:00:00,42099.57,42183.48,41644.91,42099.29,13609
2023-06-09 19:00:00,41954.97,42110.27,41954.97,42026.22,6146
2023-06-09 20:00:00,42290.48,42741.49,42290.48,42656.18,9378
2023-06-09 21:00:00,42666.51,42999.48,41817.2,42913.65,8102
2023-06-09 22:00:00,43034.26,43550.36,42547.2,42579.04,9771
2023-06-09 23:00:00,42328.2,42794.38,41842.37,42538.33,10294
2023-06-10 00:00:00,42432.18,42855.96,41002.72,42366.37,17513
2023-06-10 01:00:00,42232.06,42585.79,42071.97,42156.28,8794
2023-06-10 02:00:00,42591.42,43423.66,42591.42,42676.78,6915
2023-06-10 03:00:00,42341.37,43031.32,42088.63,42172.98,15539
2023-06-10 04:00:00,42621.62,43051.37,42621.62,42965.43,7246
2023-06-10 05:00:00,43067.71,43525.52,42239.8,43419.45,20342
2023-06-10 06:00:00,43745.3,44076.59,43745.3,43988.61,13817
2023-06-10 07:00:00,43877.27,44256.96,43770.85,43858.57,11413
2023-06-10 08:00:00,43783.5,43958.99,43783.5,43871.25,9154
2023-06-10 09:00:00,43923.52,43923.52,42181.61,43309.45,10307
2023-06-10 10:00:00,42916.89,44235.79,42451.36,43165.43,10200
2023-06-10 11:00:00,43385.17,43985.35,43385.17,43472.11,6203
2023-06-10 12:00:00,44045.14,44221.67,44045.14,44133.41,16186
2023-06-10 13:00:00,43800.18,43800.18,42371.93,43712.75,10708
2023-06-10 14:00:00,43949.11,43949.11,43546.25,43633.51,10287
2023-06-10 15:00:00,43564.57,44553.21,43564.57,43651.88,9417
2023-06-10 16:00:00,43644.18,43644.18,42528.19,43115.96,11120
2023-06-10 17:00:00,43382.18,43848.36,43382.18,43469.12,10318
2023-06-10 18:00:00,43312.94,43312.94,43019.75,43236.79,15185
2023-06-10 19:00:00,43328.76,43328.76,42666.64,43242.28,8522
2023-06-10 20:00:00,42879.16,43403.85,42622.32,43134.63,10928
2023-06-10 21:00:00,42815.07,43726.05,42711.58,42880.13,10411
2023-06-10 22:00:00,42862.79,43059.25,41155.85,42973.3,11830
2023-06-10 23:00:00,43113.17,43861.1,42887.09,42973.04,13447
2023-06-11 00:00:00,42990.42,42990.42,42818.8,42904.61,9046
2023-06-11 01:00:00,43220.01,43245.7,42595.88,42681.25,10152
2023-06-11 02:00:00,42872.63,43004.61,42474.56,42918.77,5651
2023-06-11 03:00:00,43651.4,43826.36,43651.4,43738.88,10156
2023-06-11 04:00:00,43600.11,43974.28,42629.24,43886.51,11512
2023-06-11 05:00:00,44328.2,44505.87,44328.2,44417.03,8643
2023-06-11 06:00:00,44344.33,44458.73,43484.86,43864.45,8690
2023-06-11 07:00:00,43970.54,44108.0,43931.92,44019.96,10765
2023-06-11 08:00:00,43696.82,43696.82,43346.96,43609.6,6594
2023-06-11 09:00:00,43570.32,44386.94,42975.54,43040.28,14120
2023-06-11 10:00:00,42896.95,42896.95,42725.71,42811.33,13997
2023-06-11 11:00:00,43344.48,43518.2,43344.48,43431.34,16044
2023-06-11 12:00:00,43856.8,44032.58,43856.8,43944.69,10189
2023-06-11 13:00:00,44176.24,44228.18,44051.62,44139.9,9630
2023-06-11 14:00:00,43620.25,43620.25,43446.12,43533.18,11378
2023-06-11 15:00:00,43730.77,44685.12,42323.04,43536.94,9607
2023-06-11 16:00:00,43674.49,43774.71,43674.49,43762.01,7099
2023-06-11 17:00:00,43840.84,44016.55,43840.84,43928.69,11983
2023-06-11 18:00:00,43275.23,43275.23,42306.66,43188.86,11144
2023-06-11 19:00:00,42978.52,42978.52,42806.94,42892.73,13883
2023-06-11 20:00:00,42879.51,43927.26,42879.51,42965.44,10281
2023-06-11 21:00:00,43393.78,44450.09,43214.6,43301.2,7996
2023-06-11 22:00:00,42512.01,42512.01,42385.39,42427.15,9677
2023-06-11 23:00:00,42407.91,42548.22,42378.36,42463.29,6990
2023-06-12 00:00:00,42717.23,42717.23,42546.7,42631.97,7536
2023-06-12 01:00:00,43020.89,43193.32,43020.89,43107.11,11579
2023-06-12 02:00:00,43040.45,44866.23,42759.81,43511.34,9120
2023-06-12 03:00:00,43777.64,43953.1,43777.64,43865.37,7765
2023-06-12 04:00:00,43685.7,43685.7,43511.3,43598.5,7964
2023-06-12 05:00:00,43235.8,43235.8,42758.63,42844.32,9741
2023-06-12 06:00:00,43188.83,43557.46,42533.98,42777.29,8346
2023-06-12 07:00:00,42726.2,43407.62,42603.71,43320.97,10704
2023-06-12 08:00:00,43969.23,44125.5,43969.23,44037.43,6492
2023-06-12 09:00:00,44359.77,44537.57,44359.77,44448.67,9186
2023-06-12 10:00:00,44641.08,45594.86,44641.08,44730.55,9600
2023-06-12 11:00:00,44984.03,45077.3,44897.35,44987.32,7071
2023-06-12 12:00:00,44793.98,45558.65,44269.75,44812.24,9568
2023-06-12 13:00:00,44875.5,45636.48,44745.42,44835.09,11165
2023-06-12 14:00:00,45465.67,46138.42,45465.67,45680.93,8398
2023-06-12 15:00:00,45840.61,45890.66,45221.62,45312.25,13249
2023-06-12 16:00:00,46042.43,46594.8,46042.43,46134.69,13048
2023-06-12 17:00:00,45965.44,47550.33,45480.02,46047.71,14840
2023-06-12 18:00:00,46128.92,46830.01,46128.92,46736.53,8386
2023-06-12 19:00:00,46820.81,46865.8,45436.6,46122.07,11703
2023-06-12 20:00:00,46369.68,47761.62,46369.68,46462.6,6911
2023-06-12 21:00:00,46384.62,46892.2,45582.24,46173.3,7442
2023-06-12 22:00:00,46165.21,46171.62,44992.13,45570.76,10581
2023-06-12 23:00:00,45653.69,46008.37,45653.69,45745.18,8085
2023-06-13 00:00:00,46219.38,46379.56,46219.38,46286.99,8139
2023-06-13 01:00:00,46131.22,46131.22,45858.36,45950.26,6433
2023-06-13 02:00:00,45405.38,45405.38,45224.12,45314.75,7903
2023-06-13 03:00:00,45574.92,46422.54,44294.49,45348.92,9417
2023-06-13 04:00:00,45278.65,46585.13,44932.99,45385.05,9720
2023-06-13 05:00:00,45500.81,45807.24,44370.06,45715.81,13769
2023-06-13 06:00:00,45825.57,46791.48,45223.16,46231.45,7759
2023-06-13 07:00:00,46316.39,46691.01,46176.73,46269.27,15614
2023-06-13 08:00:00,46916.04,47246.52,46916.04,47211.1,6894
2023-06-13 09:00:00,47144.06,47466.52,47005.74,47371.78,11099
2023-06-13 10:00:00,47348.52,47348.52,46300.22,47254.01,5530
2023-06-13 11:00:00,47097.77,47097.77,46127.71,46528.01,16924
2023-06-13 12:00:00,46513.87,46513.87,46372.98,46465.91,9727
2023-06-13 13:00:00,46295.94,46461.68,46276.21,46368.94,7176
2023-06-13 14:00:00,46882.39,47080.51,46882.39,46887.47,9973
2023-06-13 15:00:00,47071.87,47260.54,47071.87,47166.2,17994
2023-06-13 16:00:00,46745.3,46745.3,45906.76,46652.0,11934
2023-06-13 17:00:00,46462.03,47560.39,46462.03,46794.96,7200
2023-06-13 18:00:00,47080.49,47519.02,47080.49,47174.84,10622
2023-06-13 19:00:00,47868.32,48804.08,47868.32,47964.25,13318
2023-06-13 20:00:00,48344.02,48537.78,48344.02,48440.9,12277
2023-06-13 21:00:00,48754.14,49922.51,48754.14,48851.84,7327
2023-06-13 22:00:00,48919.65,49008.75,48813.11,48910.93,10768
2023-06-13 23:00:00,49035.61,49988.44,49035.61,49133.87,7833
2023-06-14 00:00:00,49686.61,50221.83,49686.61,49786.19,9242
2023-06-14 01:00:00,49665.92,49665.92,49025.47,49123.72,15920
2023-06-14 02:00:00,49180.27,49404.42,48875.93,48973.87,16072
2023-06-14 03:00:00,49167.12,49641.39,48518.32,48615.55,21065
2023-06-14 04:00:00,48675.33,49772.77,48068.88,48837.57,9390
2023-06-14 05:00:00,49381.95,51161.63,49381.95,49480.91,8041
2023-06-14 06:00:00,49087.01,50159.8,48044.58,49199.18,8978
2023-06-14 07:00:00,49195.04,49257.15,47164.53,48023.63,15986
2023-06-14 08:00:00,48024.44,48616.48,47769.45,47865.18,8904
2023-06-14 09:00:00,47945.31,48454.03,47945.31,48357.31,6084
2023-06-14 10:00:00,48983.9,50239.71,48550.35,48660.63,8030
2023-06-14 11:00:00,48504.74,49006.2,48192.83,48908.38,13537
2023-06-14 12:00:00,49236.62,49361.39,48702.84,48800.44,14557
2023-06-14 13:00:00,48293.37,48293.37,47673.69,48196.98,30903
2023-06-14 14:00:00,48426.06,49201.27,48426.06,48493.93,8403
2023-06-14 15:00:00,48453.88,48453.88,48023.86,48120.1,8243
2023-06-14 16:00:00,48854.42,49328.37,48854.42,49238.17,8755
2023-06-14 17:00:00,48957.28,49652.36,48485.29,49553.26,14121
2023-06-14 18:00:00,49944.77,50531.92,47999.82,49283.21,7604
2023-06-14 19:00:00,49439.9,49699.77,48905.76,49003.76,7359
2023-06-14 20:00:00,49087.23,49087.23,48252.28,48989.25,18166
2023-06-14 21:00:00,48805.77,49000.67,48683.65,48902.86,10047
2023-06-14 22:00:00,49395.75,49593.73,49395.75,49494.74,13299
2023-06-14 23:00:00,49712.77,49712.77,49606.56,49613.54,10506
2023-06-15 00:00:00,49480.97,49537.63,48531.38,49265.9,7540
2023-06-15 01:00:00,50144.06,50345.04,50144.06,50244.55,6947
2023-06-15 02:00:00,50595.5,50731.2,49891.84,50282.3,10735
2023-06-15 03:00:00,49970.91,50835.64,49970.91,50689.26,13467
2023-06-15 04:00:00,50537.36,50798.82,50280.17,50380.93,9720
2023-06-15 05:00:00,50478.58,51331.66,50478.58,50579.73,8352
2023-06-15 06:00:00,50803.38,50850.68,50647.69,50749.18,9246
2023-06-15 07:00:00,49876.23,49876.23,49376.99,49776.67,14441
2023-06-15 08:00:00,50721.52,51532.91,50721.52,50823.17,7694
2023-06-15 09:00:00,50904.2,51600.37,50904.2,51497.38,8818
2023-06-15 10:00:00,51337.64,51357.82,51109.04,51282.35,11664
2023-06-15 11:00:00,50710.69,50710.69,50600.92,50702.33,12320
2023-06-15 12:00:00,50788.39,50991.95,50788.39,50890.17,9817
2023-06-15 13:00:00,51124.16,51546.42,50838.16,50940.04,17341
2023-06-15 14:00:00,50924.31,51790.08,50924.31,51129.07,9799
2023-06-15 15:00:00,50919.69,52523.84,50010.27,51229.77,9649
2023-06-15 16:00:00,51596.35,51596.35,51023.14,51493.36,9235
2023-06-15 17:00:00,51209.52,52729.13,50793.39,52249.75,14572
2023-06-15 18:00:00,52430.86,54008.01,52430.86,52535.93,11721
2023-06-15 19:00:00,52054.54,52054.54,51846.74,51950.64,12816
2023-06-15 20:00:00,52007.65,52767.34,52007.65,52662.01,8457
2023-06-15 21:00:00,53413.89,53627.97,53413.89,53520.93,7639
2023-06-15 22:00:00,55093.82,56148.55,55093.82,55204.22,7727
2023-06-15 23:00:00,54609.93,54609.93,53596.65,54500.93,8402
2023-06-16 00:00:00,54688.79,54688.79,54508.16,54579.63,13948
2023-06-16 01:00:00,54193.43,54193.43,52484.6,53363.19,17217
2023-06-16 02:00:00,53523.29,53737.81,53523.29,53630.55,11030
2023-06-16 03:00:00,53781.77,53781.77,53283.86,53291.92,9553
2023-06-16 04:00:00,54197.18,54414.41,54197.18,54305.8,11929
2023-06-16 05:00:00,54424.27,54698.29,53635.96,53824.64,11017
2023-06-16 06:00:00,53639.73,54434.59,52403.0,52855.36,13976
2023-06-16 07:00:00,52682.38,52682.38,52472.07,52577.23,9797
2023-06-16 08:00:00,52845.78,53535.84,51395.58,51498.57,13219
2023-06-16 09:00:00,51789.21,51996.78,51789.21,51892.99,10721
2023-06-16 10:00:00,51016.65,51016.65,50336.9,50792.09,8729
2023-06-16 11:00:00,51137.15,51507.54,49129.83,50818.88,6956
2023-06-16 12:00:00,49852.07,49852.07,49653.06,49752.57,18840
2023-06-16 13:00:00,49800.16,49988.63,49440.29,49619.26,16407
2023-06-16 14:00:00,50191.64,52470.35,50191.64,50483.03,10063
2023-06-16 15:00:00,50585.82,50767.58,50585.82,50687.19,5014
2023-06-16 16:00:00,50646.42,50646.42,50155.84,50256.35,12073
2023-06-16 17:00:00,50396.14,50981.26,50196.04,50263.2,11912
2023-06-16 18:00:00,50230.46,50396.04,50230.46,50295.45,9950
2023-06-16 19:00:00,50459.71,50661.95,50459.71,50560.83,11640
2023-06-16 20:00:00,49880.83,49880.83,49774.68,49874.43,7649
2023-06-16 21:00:00,49727.68,51325.71,49727.68,50206.38,16206
2023-06-16 22:00:00,49781.47,49781.47,48748.18,48845.87,18004
2023-06-16 23:00:00,49015.73,49641.54,48481.51,48578.67,10837
2023-06-17 00:00:00,48484.5,48484.5,47321.56,48387.73,12038
2023-06-17 01:00:00,48657.84,48852.87,48657.84,48755.36,13102
2023-06-17 02:00:00,48696.71,48914.06,47897.38,48816.43,12980
2023-06-17 03:00:00,48261.9,48261.9,48069.24,48165.57,9379
2023-06-17 04:00:00,47836.61,47836.61,45728.91,47741.12,9575
2023-06-17 05:00:00,47846.59,47999.86,47389.12,47904.05,9008
2023-06-17 06:00:00,47764.58,47930.44,47499.24,47929.5,8508
2023-06-17 07:00:00,47685.7,47805.03,47027.5,47709.61,8945
2023-06-17 08:00:00,47637.97,47637.97,46635.98,47542.89,14618
2023-06-17 09:00:00,47853.35,48093.16,47853.35,47949.39,13910
2023-06-17 10:00:00,47824.37,49147.47,47498.37,47758.99,11154
2023-06-17 11:00:00,47871.5,48018.27,47280.69,47782.52,13373
2023-06-17 12:00:00,48808.61,49004.24,48808.61,48906.42,7822
2023-06-17 13:00:00,48559.14,48559.14,48148.6,48245.09,7498
2023-06-17 14:00:00,47925.01,47925.01,47073.49,47392.39,10333
2023-06-17 15:00:00,47747.31,47938.68,47747.31,47842.99,17437
2023-06-17 16:00:00,48290.9,48386.11,46902.52,47577.35,7116
2023-06-17 17:00:00,47304.76,48353.34,45866.56,47492.69,7226
2023-06-17 18:00:00,47278.74,47278.74,47051.01,47184.37,5482
2023-06-17 19:00:00,47280.84,47602.77,47026.92,47133.71,10693
2023-06-17 20:00:00,47780.26,48809.19,47780.26,47978.52,8088
2023-06-17 21:00:00,48338.52,48532.26,48338.52,48435.39,11997
2023-06-17 22:00:00,48757.01,49017.83,48061.71,48919.99,14894
2023-06-17 23:00:00,48363.73,48363.73,48168.43,48264.96,7246
2023-06-18 00:00:00,47855.38,47855.38,47620.5,47759.86,14695
2023-06-18 01:00:00,46539.59,46539.59,45379.69,46446.7,8674
2023-06-18 02:00:00,46324.68,47968.56,46060.04,46152.35,14656
2023-06-18 03:00:00,46602.64,47347.73,46602.64,46696.03,11458
2023-06-18 04:00:00,46933.92,47122.04,46933.92,47027.98,8845
2023-06-18 05:00:00,47010.55,47095.78,46507.65,47001.77,6989
2023-06-18 06:00:00,47166.65,47166.65,46978.36,47072.51,9089
2023-06-18 07:00:00,46729.29,47637.18,46729.29,46822.93,8805
2023-06-18 08:00:00,47099.37,47099.37,46295.85,47005.36,10800
2023-06-18 09:00:00,47281.31,48158.79,47281.31,47454.92,12481
2023-06-18 10:00:00,47570.98,47766.92,46654.84,46748.34,7501
2023-06-18 11:00:00,46883.03,47616.01,46883.03,46976.98,5891
2023-06-18 12:00:00,47068.07,48813.98,46690.14,47505.93,13928
2023-06-18 13:00:00,47533.77,48288.61,45957.78,47379.2,10319
2023-06-18 14:00:00,47722.25,48969.45,47698.82,47794.41,11847
2023-06-18 15:00:00,49233.3,49330.77,49233.3,49237.84,6779
2023-06-18 16:00:00,49030.43,50051.37,48623.39,49234.6,13876
2023-06-18 17:00:00,49383.43,49581.36,49383.43,49482.39,4980
2023-06-18 18:00:00,49101.7,49655.74,49101.7,49156.03,8154
2023-06-18 19:00:00,49397.27,49397.27,49200.07,49298.67,13031
2023-06-18 20:00:00,49433.48,50464.69,49046.48,49580.33,10120
2023-06-18 21:00:00,49871.74,50012.51,49625.67,49725.12,9027
2023-06-18 22:00:00,49349.95,49349.95,48965.24,49251.44,10999
2023-06-18 23:00:00,49086.23,50172.17,47839.5,49406.61,7733
2023-06-19 00:00:00,49885.99,51285.83,49885.99,50193.45,12114
2023-06-19 01:00:00,50560.99,50560.99,50297.19,50460.07,17260
2023-06-19 02:00:00,50696.4,51090.82,50696.4,50988.84,5773
2023-06-19 03:00:00,50875.79,51834.82,50789.37,50891.15,7838
2023-06-19 04:00:00,51219.29,51410.37,51219.29,51307.76,8790
2023-06-19 05:00:00,51633.66,52412.56,51418.44,51474.51,11328
2023-06-19 06:00:00,51095.19,51095.19,50399.63,50993.21,7211
2023-06-19 07:00:00,51124.72,51287.56,50116.29,51185.19,9012
2023-06-19 08:00:00,50556.28,51741.76,49856.94,50690.61,9743
2023-06-19 09:00:00,50342.85,51791.71,50270.05,50395.1,6174
2023-06-19 10:00:00,50783.59,51588.15,49765.08,50528.64,12473
2023-06-19 11:00:00,50614.95,50817.82,50614.95,50716.38,6542
2023-06-19 12:00:00,50232.14,50232.14,50031.61,50131.87,8968
2023-06-19 13:00:00,49864.26,50813.72,49375.95,50712.3,7359
2023-06-19 14:00:00,50937.96,51396.38,50937.96,51040.04,7200
2023-06-19 15:00:00,50800.78,50800.78,50167.57,50699.38,16181
2023-06-19 16:00:00,50036.56,50036.56,49836.81,49936.69,9093
2023-06-19 17:00:00,49952.29,50008.24,49488.73,49908.42,9020
2023-06-19 18:00:00,49775.01,50535.66,48422.51,49726.97,11091
2023-06-19 19:00:00,49732.97,50632.51,49732.97,49832.64,8305
2023-06-19 20:00:00,49391.89,49793.85,48718.06,49694.46,8814
2023-06-19 21:00:00,48822.81,48822.81,48627.91,48725.36,11628
2023-06-19 22:00:00,48314.54,48825.4,47697.43,48596.46,12261
2023-06-19 23:00:00,48823.76,49854.44,48413.79,48510.81,15980
2023-06-20 00:00:00,48793.6,49376.48,48793.6,48891.38,9784
2023-06-20 01:00:00,48855.34,49192.9,48079.13,48604.49,7203
2023-06-20 02:00:00,48642.45,50004.3,48642.45,49503.13,12648
2023-06-20 03:00:00,49163.67,49163.67,48493.68,48590.87,12243
2023-06-20 04:00:00,48719.71,49407.31,47703.05,49308.69,11597
2023-06-20 05:00:00,49087.24,50150.09,49087.24,49253.68,9893
2023-06-20 06:00:00,49644.65,50554.9,49644.65,49744.13,6131
2023-06-20 07:00:00,49735.2,49934.54,49735.2,49834.87,9180
2023-06-20 08:00:00,50362.0,50643.4,50362.0,50462.93,13482
2023-06-20 09:00:00,50308.09,50681.4,49513.93,50302.73,7563
2023-06-20 10:00:00,50203.64,50372.16,49114.15,49781.66,10490
2023-06-20 11:00:00,50453.27,51950.68,50453.27,50554.38,10570
2023-06-20 12:00:00,50433.49,51937.89,50433.49,50534.56,7675
2023-06-20 13:00:00,50788.88,50788.88,50586.13,50687.5,8372
2023-06-20 14:00:00,51242.12,51464.49,51242.12,51361.77,7579
2023-06-20 15:00:00,50947.51,50947.51,49584.63,50845.82,5956
2023-06-20 16:00:00,51086.29,51291.04,51086.29,51188.67,8690
2023-06-20 17:00:00,51109.87,51109.87,50807.09,50908.9,17388
2023-06-20 18:00:00,50979.81,51025.03,50771.0,50872.74,19151
2023-06-20 19:00:00,51032.7,51906.02,50824.81,50944.42,9327
2023-06-20 20:00:00,50297.72,50297.72,49065.31,50197.32,18742
2023-06-20 21:00:00,49943.42,49943.42,49204.12,49843.74,9918
2023-06-20 22:00:00,50073.84,51024.4,50073.84,50581.52,14801
2023-06-20 23:00:00,50736.13,52201.59,50719.71,51077.9,7329
2023-06-21 00:00:00,51066.22,51178.58,50023.95,51076.43,7735
2023-06-21 01:00:00,50784.4,51337.23,50784.4,51234.76,15551
2023-06-21 02:00:00,51108.7,51212.39,51007.95,51110.17,6988
2023-06-21 03:00:00,51763.05,52919.41,51763.05,51849.61,8766
2023-06-21 04:00:00,51866.21,51866.21,51659.16,51762.68,10575
2023-06-21 05:00:00,51531.89,54658.58,51531.89,51906.05,7671
2023-06-21 06:00:00,52426.85,52636.98,52426.85,52531.92,16157
2023-06-21 07:00:00,52619.5,52619.5,52019.23,52123.48,11733
2023-06-21 08:00:00,52359.19,53725.31,52359.19,52968.36,11751
2023-06-21 09:00:00,52430.94,53816.11,50780.01,52141.5,9494
2023-06-21 10:00:00,52904.94,54002.1,52904.94,53023.15,10354
2023-06-21 11:00:00,52925.22,52925.22,52713.95,52819.58,9854
2023-06-21 12:00:00,52676.64,53186.81,52585.73,52691.11,13654
2023-06-21 13:00:00,52452.79,52452.79,50149.51,51679.97,7764
2023-06-21 14:00:00,51566.25,51566.25,51360.4,51463.32,9676
2023-06-21 15:00:00,51046.28,51046.28,50842.51,50944.39,19367
2023-06-21 16:00:00,50677.8,50677.8,49410.62,50663.34,12911
2023-06-21 17:00:00,50472.89,50732.74,49353.94,50631.47,8655
2023-06-21 18:00:00,51064.03,51268.69,51064.03,51166.36,12800
2023-06-21 19:00:00,51203.69,51408.91,51203.69,51306.3,7197
2023-06-21 20:00:00,51599.73,51599.73,50092.21,51496.73,10540
2023-06-21 21:00:00,50865.78,51049.4,50506.06,50947.51,15500
2023-06-21 22:00:00,51028.88,51689.88,50455.28,50525.36,7173
2023-06-21 23:00:00,50484.67,51598.81,50030.28,51495.82,15124
2023-06-22 00:00:00,51238.65,51238.65,51034.1,51136.38,6204
2023-06-22 01:00:00,51930.31,53630.98,51930.31,52034.38,13326
2023-06-22 02:00:00,52405.98,52836.02,51820.07,51923.92,9131
2023-06-22 03:00:00,51841.26,52460.82,51841.26,51945.15,11518
2023-06-22 04:00:00,52018.35,53260.67,51028.28,52532.1,8270
2023-06-22 05:00:00,52987.97,53699.94,52987.97,53223.48,14260
2023-06-22 06:00:00,53267.67,53267.67,53055.03,53161.35,7671
2023-06-22 07:00:00,53089.0,53115.31,52397.8,52950.07,19344
2023-06-22 08:00:00,53088.82,53444.45,52817.22,52923.07,11555
2023-06-22 09:00:00,53002.65,53215.08,53002.65,53108.87,16985
2023-06-22 10:00:00,53577.15,54250.2,53577.15,53592.6,21880
2023-06-22 11:00:00,53449.17,54233.42,53440.23,53586.77,8321
2023-06-22 12:00:00,53768.87,54120.06,53002.99,53917.38,8352
2023-06-22 13:00:00,54696.5,55796.7,54696.5,54806.12,12020
2023-06-22 14:00:00,55280.65,55675.56,53619.44,54990.63,9504
2023-06-22 15:00:00,55022.35,55873.24,55022.35,55132.61,8293
2023-06-22 16:00:00,55088.03,55088.03,54129.49,54241.56,11070
2023-06-22 17:00:00,53897.05,53897.05,52697.67,52765.71,8234
2023-06-22 18:00:00,52868.25,53038.97,52350.93,52981.46,9296
2023-06-22 19:00:00,52859.41,53039.43,52215.17,52933.56,10039
2023-06-22 20:00:00,52765.22,52765.22,50683.77,52659.9,4400
2023-06-22 21:00:00,52802.62,52805.77,52343.22,52800.34,8175
2023-06-22 22:00:00,52669.18,54175.52,52669.18,52774.73,9274
2023-06-22 23:00:00,52760.77,54773.95,52671.84,53390.72,16148
2023-06-23 00:00:00,53330.18,53543.93,53330.18,53437.05,4247
2023-06-23 01:00:00,53571.86,54164.63,52922.29,53028.34,7569
2023-06-23 02:00:00,53463.4,53677.68,53463.4,53570.54,9750
2023-06-23 03:00:00,53764.38,53786.25,53341.88,53448.78,8927
2023-06-23 04:00:00,53627.76,53842.7,53627.76,53735.23,7084
2023-06-23 05:00:00,53838.85,54682.9,53360.32,53467.26,7134
2023-06-23 06:00:00,53386.05,54695.74,53004.74,53110.96,8788
2023-06-23 07:00:00,53382.9,53382.9,52619.85,53160.83,9093
2023-06-23 08:00:00,53065.25,53277.93,53065.25,53171.59,12787
2023-06-23 09:00:00,53228.3,54137.19,53228.3,53435.54,10048
2023-06-23 10:00:00,53393.32,53393.32,53107.93,53286.75,16909
2023-06-23 11:00:00,52393.44,52393.44,51935.55,52288.86,10964
2023-06-23 12:00:00,51846.49,52180.46,51194.66,52076.31,6639
2023-06-23 13:00:00,52416.12,52626.2,52416.12,52521.16,10299
2023-06-23 14:00:00,52646.57,53592.84,52272.76,52377.51,8898
2023-06-23 15:00:00,52220.09,52367.99,51078.82,52263.47,9231
2023-06-23 16:00:00,52620.74,53239.76,52620.74,52808.28,7742
2023-06-23 17:00:00,52901.7,52904.87,51884.86,52433.66,5881
2023-06-23 18:00:00,52038.89,52038.89,51520.27,51623.51,9803
2023-06-23 19:00:00,51600.49,52431.51,50429.39,51568.77,9465
2023-06-23 20:00:00,51295.94,52297.19,49634.78,51344.95,16971
2023-06-23 21:00:00,50975.85,50975.85,50772.35,50874.1,10901
2023-06-23 22:00:00,51239.0,52056.06,50724.09,50825.74,8974
2023-06-23 23:00:00,51022.63,51227.13,51022.63,51124.88,12082
2023-06-24 00:00:00,51057.64,52221.89,51057.64,51159.96,9117
2023-06-24 01:00:00,51180.26,51729.98,51016.81,51358.78,11116
2023-06-24 02:00:00,52036.58,52450.19,52036.58,52345.5,8921
2023-06-24 03:00:00,52286.6,52286.6,52116.88,52182.24,7673
2023-06-24 04:00:00,52257.0,53912.63,52003.81,52353.6,8332
2023-06-24 05:00:00,52205.68,52205.68,51997.27,52101.48,10109
2023-06-24 06:00:00,51754.44,52456.99,51119.97,51676.55,6373
2023-06-24 07:00:00,51846.0,52663.14,51297.11,51399.91,9151
2023-06-24 08:00:00,51288.18,51288.18,50815.51,51185.81,7192
2023-06-24 09:00:00,51354.06,51517.63,49926.1,51414.8,7006
2023-06-24 10:00:00,52212.22,53087.21,52212.22,52684.64,11560
2023-06-24 11:00:00,52421.3,52421.3,52262.09,52316.67,8397
2023-06-24 12:00:00,52293.95,53040.44,51630.79,52117.89,6650
2023-06-24 13:00:00,51993.63,52482.47,51478.31,52111.92,7861
2023-06-24 14:00:00,52289.71,52409.24,50616.94,52349.56,9941
2023-06-24 15:00:00,52462.91,52619.83,51137.68,52514.8,8308
2023-06-24 16:00:00,53117.79,54426.65,53117.79,53224.24,10523
2023-06-24 17:00:00,52910.93,52910.93,51812.01,51915.84,11572
2023-06-24 18:00:00,50784.22,50784.22,50581.49,50682.86,10179
2023-06-24 19:00:00,50924.81,50924.81,49503.65,50478.09,7674
2023-06-24 20:00:00,50818.05,51201.18,50818.05,51098.99,16418
2023-06-24 21:00:00,50429.54,50429.54,47746.13,50328.89,11924
2023-06-24 22:00:00,48939.87,48939.87,47702.28,48842.18,8740
2023-06-24 23:00:00,48880.34,49306.77,48275.49,49208.35,13551
2023-06-25 00:00:00,49359.78,49897.76,47978.62,49407.48,12668
2023-06-25 01:00:00,49393.5,50100.99,48087.28,48931.27,12410
2023-06-25 02:00:00,48617.71,48617.71,48423.62,48520.67,7834
2023-06-25 03:00:00,48223.72,48223.72,48031.21,48127.47,7114
2023-06-25 04:00:00,48107.34,48668.49,48107.34,48274.3,8705
2023-06-25 05:00:00,48152.71,48152.71,47449.88,48056.6,9223
2023-06-25 06:00:00,48295.89,48489.46,48295.89,48392.68,12553
2023-06-25 07:00:00,47166.22,47166.22,46977.94,47072.08,10555
2023-06-25 08:00:00,46861.87,46861.87,46614.06,46768.34,10790
2023-06-25 09:00:00,46435.58,46435.58,46045.06,46342.9,7945
2023-06-25 10:00:00,46450.19,46450.19,46247.16,46339.84,8069
2023-06-25 11:00:00,46486.58,47226.56,46111.27,46203.68,11729
2023-06-25 12:00:00,46396.1,46793.68,46276.07,46700.28,7190
2023-06-25 13:00:00,46020.57,46020.57,45836.86,45928.72,12931
2023-06-25 14:00:00,46004.06,46167.32,45983.02,46075.17,8720
2023-06-25 15:00:00,46070.89,46554.49,45848.26,46461.56,7811
2023-06-25 16:00:00,47365.61,47555.45,47365.61,47460.53,8727
2023-06-25 17:00:00,47842.86,47842.86,45715.79,47332.9,14412
2023-06-25 18:00:00,47339.91,47692.09,45951.81,47596.9,7339
2023-06-25 19:00:00,47626.26,47639.64,46730.21,46823.86,9137
2023-06-25 20:00:00,46965.07,47031.01,45702.96,45794.55,16119
2023-06-25 21:00:00,46223.54,46408.81,46223.54,46316.18,11167
2023-06-25 22:00:00,46464.61,46464.61,44987.02,46434.28,5803
2023-06-25 23:00:00,46651.25,47206.82,46651.25,47112.59,7543
2023-06-26 00:00:00,46873.07,46873.07,46180.59,46562.39,7851
2023-06-26 01:00:00,46556.98,47099.99,46556.98,46926.7,9788
2023-06-26 02:00:00,47837.87,48029.6,47837.87,47933.74,21520
2023-06-26 03:00:00,48072.62,49081.66,47998.36,48237.33,5433
2023-06-26 04:00:00,48258.97,49313.0,47726.16,48467.93,8212
2023-06-26 05:00:00,48486.55,48660.52,48285.76,48563.4,9998
2023-06-26 06:00:00,48016.78,48016.78,46563.52,47874.58,10879
2023-06-26 07:00:00,48243.31,49102.41,48243.31,48637.27,10890
2023-06-26 08:00:00,48778.06,48778.06,48325.83,48422.68,16142
2023-06-26 09:00:00,48503.98,48862.05,48281.44,48764.52,9106
2023-06-26 10:00:00,48186.76,48186.76,46383.04,48074.14,5763
2023-06-26 11:00:00,47688.16,47688.16,46725.83,47592.97,6207
2023-06-26 12:00:00,48297.41,48490.99,48297.41,48394.2,11503
2023-06-26 13:00:00,48361.32,48413.21,48132.61,48316.58,7913
2023-06-26 14:00:00,48422.54,49237.6,47586.13,49127.86,9516
2023-06-26 15:00:00,49233.98,49270.11,49073.42,49171.77,9146
2023-06-26 16:00:00,48427.02,48427.02,48233.7,48330.36,12198
2023-06-26 17:00:00,48767.17,48962.63,48767.17,48864.9,5690
2023-06-26 18:00:00,49036.67,49131.24,48560.0,48657.32,11589
2023-06-26 19:00:00,49062.3,49192.21,48786.77,49094.03,7195
2023-06-26 20:00:00,49091.45,49575.61,49091.45,49189.83,6602
2023-06-26 21:00:00,48593.67,48593.67,48399.68,48496.68,9697
2023-06-26 22:00:00,48486.18,49816.75,48486.18,48669.65,10579
2023-06-26 23:00:00,49750.57,49948.47,49750.57,49850.27,11376
2023-06-27 00:00:00,50073.03,51854.52,50073.03,50173.38,20066
2023-06-27 01:00:00,50268.65,50268.65,49266.86,50212.02,8070
2023-06-27 02:00:00,50257.36,50931.98,50257.36,50830.32,13975
2023-06-27 03:00:00,50894.76,51098.74,50894.76,50996.75,8923
2023-06-27 04:00:00,51110.91,52631.26,51059.18,51161.5,9904
2023-06-27 05:00:00,50543.14,51376.48,50543.14,50644.43,13984
2023-06-27 06:00:00,50724.33,52157.91,50724.33,50825.99,7148
2023-06-27 07:00:00,51211.66,53396.22,50567.98,51420.26,11471
2023-06-27 08:00:00,51006.95,52748.95,50633.19,51029.89,10029
2023-06-27 09:00:00,51722.85,51930.16,51722.85,51826.5,12755
2023-06-27 10:00:00,51792.29,52580.68,51125.29,51819.88,10364
2023-06-27 11:00:00,51631.1,53045.18,50346.32,51392.48,9175
2023-06-27 12:00:00,50697.47,52069.53,50672.49,51965.6,6503
2023-06-27 13:00:00,52182.69,52864.48,51692.12,51854.08,8661
2023-06-27 14:00:00,52256.65,52379.65,52195.3,52299.9,13320
2023-06-27 15:00:00,52396.82,52495.89,52076.55,52180.92,9707
2023-06-27 16:00:00,52084.19,52292.94,52084.19,52188.56,15780
2023-06-27 17:00:00,52046.22,52596.46,51299.35,52491.48,8021
2023-06-27 18:00:00,52325.16,52787.84,52055.06,52682.48,9428
2023-06-27 19:00:00,51746.09,51746.09,51538.06,51641.34,11139
2023-06-27 20:00:00,51258.96,51258.96,50997.69,51099.89,8363
2023-06-27 21:00:00,51540.02,51746.59,51540.02,51643.3,9429
2023-06-27 22:00:00,51498.34,51726.78,51270.3,51623.54,8286
2023-06-27 23:00:00,51500.89,51500.89,51055.47,51398.1,7300
2023-06-28 00:00:00,50841.89,50841.89,49866.62,50740.41,7582
2023-06-28 01:00:00,50249.55,50249.55,49085.65,50247.93,8098
2023-06-28 02:00:00,49384.56,49384.56,49187.41,49285.99,8771
2023-06-28 03:00:00,49671.86,50433.8,48496.74,49325.45,9323
2023-06-28 04:00:00,49212.14,49212.14,48558.47,49113.91,14714
2023-06-28 05:00:00,49423.32,49452.73,48623.29,48722.75,6090
2023-06-28 06:00:00,48801.23,49117.61,48691.12,48788.69,6176
2023-06-28 07:00:00,49060.64,49166.72,48798.84,49068.58,17778
2023-06-28 08:00:00,49268.72,50311.89,49074.29,50211.47,24005
2023-06-28 09:00:00,50486.14,50486.14,48810.85,49515.43,13469
2023-06-28 10:00:00,50089.84,50290.6,50089.84,50190.22,8383
2023-06-28 11:00:00,50595.77,51472.66,50595.77,50767.04,10287
2023-06-28 12:00:00,50839.26,51428.24,48524.1,50433.82,9531
2023-06-28 13:00:00,49889.69,50716.08,49889.69,50614.85,8441
2023-06-28 14:00:00,50566.42,51580.48,50351.61,50452.51,6622
2023-06-28 15:00:00,50713.4,51400.86,50523.63,50624.88,7543
2023-06-28 16:00:00,51375.76,51581.67,51375.76,51478.72,11658
2023-06-28 17:00:00,51629.33,51961.67,51468.77,51857.95,10129
2023-06-28 18:00:00,51645.33,52749.76,51066.76,52183.12,12156
2023-06-28 19:00:00,52430.22,52704.59,51900.94,52004.95,6329
2023-06-28 20:00:00,51375.07,51375.07,51169.98,51272.53,12214
2023-06-28 21:00:00,51264.5,51264.5,51127.74,51230.2,6364
2023-06-28 22:00:00,51424.8,52860.15,51098.36,51928.73,6459
2023-06-28 23:00:00,51640.7,52556.82,50811.28,51175.83,8499
2023-06-29 00:00:00,50794.3,50794.3,50536.45,50692.91,10314
2023-06-29 01:00:00,50935.73,50935.73,49743.87,50834.07,10518
2023-06-29 02:00:00,50578.72,51267.22,50012.98,50397.27,8810
2023-06-29 03:00:00,50317.46,50317.46,49574.98,50070.86,8515
2023-06-29 04:00:00,50041.73,50041.73,49841.96,49941.85,10191
2023-06-29 05:00:00,49434.26,49434.26,47781.03,49335.59,13106
2023-06-29 06:00:00,49042.45,49042.45,48841.47,48944.56,16463
2023-06-29 07:00:00,48793.57,49500.05,48793.57,49401.25,11658
2023-06-29 08:00:00,49029.52,49029.52,48744.19,48841.87,15910
2023-06-29 09:00:00,48250.81,48250.81,48058.19,48154.5,7771
2023-06-29 10:00:00,48354.19,48354.19,47725.39,47963.96,9563
2023-06-29 11:00:00,48346.79,48769.72,48346.79,48443.68,12669
2023-06-29 12:00:00,48495.42,48674.39,48364.2,48461.12,8370
2023-06-29 13:00:00,48442.93,48442.93,48249.55,48346.24,14673
2023-06-29 14:00:00,48378.84,49982.67,47960.62,48485.03,9539
2023-06-29 15:00:00,47832.18,47832.18,47641.24,47736.71,7311
2023-06-29 16:00:00,47618.86,48200.02,47618.86,48103.82,10395
2023-06-29 17:00:00,48383.65,48510.26,48383.65,48413.43,11286
2023-06-29 18:00:00,48231.58,48793.14,48231.58,48328.23,8044
2023-06-29 19:00:00,48699.29,49570.82,48699.29,48943.01,12131
2023-06-29 20:00:00,48580.33,50031.64,48279.1,48491.0,11177
2023-06-29 21:00:00,49069.05,49262.03,49069.05,49167.39,8603
2023-06-29 22:00:00,49098.01,49452.83,49098.01,49354.12,10512
2023-06-29 23:00:00,49193.27,49390.44,49193.27,49291.85,10119
2023-06-30 00:00:00,49533.55,50705.94,49291.25,49390.03,11233
2023-06-30 01:00:00,49490.9,49541.57,49417.86,49442.68,7271
2023-06-30 02:00:00,49360.09,50219.54,47830.83,50164.27,9487
2023-06-30 03:00:00,50097.46,50903.13,49109.55,49708.46,10144
2023-06-30 04:00:00,49324.87,49522.57,49324.87,49423.72,14204
2023-06-30 05:00:00,49953.38,50194.73,49953.38,50053.49,4863
2023-06-30 06:00:00,49914.6,49946.8,49747.41,49847.1,11994
2023-06-30 07:00:00,50305.12,51299.11,50305.12,50405.94,10394
2023-06-30 08:00:00,51177.04,51476.58,51177.04,51373.83,8054
2023-06-30 09:00:00,51184.37,51791.06,50732.46,51241.97,11507
2023-06-30 10:00:00,51357.54,52129.01,51357.54,51679.48,11684
2023-06-30 11:00:00,51371.46,52042.53,51043.43,51145.73,9562
2023-06-30 12:00:00,51273.06,51725.67,50652.19,51622.42,12287
2023-06-30 13:00:00,51663.06,52523.35,50878.23,51803.64,10116
2023-06-30 14:00:00,52072.62,52524.32,52072.62,52127.57,9660
2023-06-30 15:00:00,52082.44,52870.27,51027.92,51853.8,14135
2023-06-30 16:00:00,51150.73,51150.73,50313.46,51048.63,6588
2023-06-30 17:00:00,51153.28,52061.08,50865.89,51397.57,7099
2023-06-30 18:00:00,51443.8,51443.8,49325.38,50396.75,7743
2023-06-30 19:00:00,50888.33,51846.86,50125.79,50330.67,8250
2023-06-30 20:00:00,50809.93,51013.58,50809.93,50911.75,8188
2023-06-30 21:00:00,51044.59,51633.39,50166.41,51100.62,10582
2023-06-30 22:00:00,52098.1,52306.91,52098.1,52202.51,12729
2023-06-30 23:00:00,52298.56,53077.74,52298.56,52817.5,11585
2023-07-01 00:00:00,52627.95,52627.95,52417.86,52522.91,16529
2023-07-01 01:00:00,52444.94,52978.96,52122.74,52599.53,9081
2023-07-01 02:00:00,52923.43,52989.2,52530.21,52635.48,10334
2023-07-01 03:00:00,51949.94,51949.94,51373.86,51846.25,6331
2023-07-01 04:00:00,51617.23,52146.18,50966.27,51421.79,11473
2023-07-01 05:00:00,51354.29,52560.82,51105.78,51208.19,6875
2023-07-01 06:00:00,50304.58,50304.58,49074.01,50228.37,9886
2023-07-01 07:00:00,50251.85,50453.26,50251.85,50352.55,9552
2023-07-01 08:00:00,50222.03,50876.6,50222.03,50322.67,4757
2023-07-01 09:00:00,50413.11,50514.21,48485.95,49563.59,12304
2023-07-01 10:00:00,49449.39,49978.88,48521.28,49879.12,4806
2023-07-01 11:00:00,50292.9,50451.85,50292.9,50351.15,11013
2023-07-01 12:00:00,50027.68,51061.15,49141.27,50568.69,13245
2023-07-01 13:00:00,50634.16,51804.59,49614.17,50498.45,12910
2023-07-01 14:00:00,50559.15,51235.88,50559.15,50901.8,18755
2023-07-01 15:00:00,51245.32,51576.16,51245.32,51348.01,7915
2023-07-01 16:00:00,51260.68,51788.91,51190.62,51594.8,11355
2023-07-01 17:00:00,51344.64,51344.64,50162.39,51242.15,8610
2023-07-01 18:00:00,51488.91,51577.02,49830.4,51474.07,11719
2023-07-01 19:00:00,52081.82,52897.02,52081.82,52186.19,10818
2023-07-01 20:00:00,52044.06,52044.06,51034.19,51940.18,16611
2023-07-01 21:00:00,53022.52,54478.25,53022.52,53128.78,9467
2023-07-01 22:00:00,53006.67,53006.67,52528.13,52900.87,17452
2023-07-01 23:00:00,52760.45,53084.73,51234.43,52978.77,13386
2023-07-02 00:00:00,53319.23,54470.36,52569.63,52674.98,8218
2023-07-02 01:00:00,52499.71,52965.77,51651.82,52860.05,13606
2023-07-02 02:00:00,52792.62,53405.62,51879.02,51982.98,7818
2023-07-02 03:00:00,51667.2,51838.68,51667.2,51770.74,13316
2023-07-02 04:00:00,51377.26,51377.26,51172.16,51274.71,11041
2023-07-02 05:00:00,51439.31,51537.26,51014.21,51434.39,9617
2023-07-02 06:00:00,51974.26,52147.38,51974.26,52043.29,15196
2023-07-02 07:00:00,52255.5,53528.16,52255.5,52463.75,9524
2023-07-02 08:00:00,51366.74,51366.74,51161.68,51264.21,14650
2023-07-02 09:00:00,51862.54,52527.28,51862.54,52422.43,5903
2023-07-02 10:00:00,52521.84,52757.44,52466.89,52652.14,11731
2023-07-02 11:00:00,52407.71,52407.71,51760.89,52303.1,9008
2023-07-02 12:00:00,52002.54,53160.44,51274.82,52461.64,9547
2023-07-02 13:00:00,52069.89,52733.51,50970.09,52628.25,9796
2023-07-02 14:00:00,52991.92,52991.92,52235.19,52339.87,10943
2023-07-02 15:00:00,52287.05,52863.59,52165.12,52519.95,19082
2023-07-02 16:00:00,52219.25,52627.94,52161.71,52266.24,11361
2023-07-02 17:00:00,52430.9,52798.05,52022.66,52126.92,9905
2023-07-02 18:00:00,51864.87,51864.87,51629.52,51841.09,14660
2023-07-02 19:00:00,52143.52,52143.52,51064.43,51166.77,4929
2023-07-02 20:00:00,51174.33,51439.7,51174.33,51337.02,7686
2023-07-02 21:00:00,51566.51,51839.28,51339.0,51735.81,12820
2023-07-02 22:00:00,52086.99,52198.17,51989.8,52093.98,6342
2023-07-02 23:00:00,52505.13,52642.83,52505.13,52610.35,13036
2023-07-03 00:00:00,52789.76,52963.29,51901.53,52857.57,6039
2023-07-03 01:00:00,53053.66,53437.44,52533.29,52638.57,9026
2023-07-03 02:00:00,52529.47,53728.29,52067.93,53162.24,10718
2023-07-03 03:00:00,52594.22,52594.22,52384.26,52489.24,10947
2023-07-03 04:00:00,52483.32,53599.52,50944.48,52082.48,6389
2023-07-03 05:00:00,51754.88,51754.88,51548.27,51651.57,12619
2023-07-03 06:00:00,52102.57,52746.3,52102.57,52310.13,12527
2023-07-03 07:00:00,52057.86,53292.46,51521.48,52892.49,4706
2023-07-03 08:00:00,52815.33,53331.65,52815.33,53225.2,8094
2023-07-03 09:00:00,53764.27,55157.32,53764.27,53872.01,12815
2023-07-03 10:00:00,53952.53,54577.02,53335.91,53442.8,14559
2023-07-03 11:00:00,53392.31,54475.0,52556.01,53694.14,8713
2023-07-03 12:00:00,53492.2,54771.37,53053.89,53682.31,13848
2023-07-03 13:00:00,54095.45,54577.59,54095.45,54203.85,8644
2023-07-03 14:00:00,54561.52,55262.61,52985.84,54188.09,7199
2023-07-03 15:00:00,54200.32,54679.92,52367.77,54023.35,6739
2023-07-03 16:00:00,53799.46,56108.67,53337.28,54374.44,12369
2023-07-03 17:00:00,54797.39,55017.02,54797.39,54907.21,7973
2023-07-03 18:00:00,54711.91,54711.91,53410.91,54570.76,13178
2023-07-03 19:00:00,54471.47,55197.11,54471.47,54580.63,8793
2023-07-03 20:00:00,54143.3,54143.3,53927.16,54035.23,5063
2023-07-03 21:00:00,52817.17,52817.17,52030.82,52711.74,13505
2023-07-03 22:00:00,52790.71,53002.3,52790.71,52896.51,15873
2023-07-03 23:00:00,53036.22,53405.89,52756.34,53299.29,7575
2023-07-04 00:00:00,53140.83,54133.08,52963.44,53510.58,10079
2023-07-04 01:00:00,52616.02,52616.02,52203.11,52511.0,5052
2023-07-04 02:00:00,52299.93,53419.8,52299.93,52404.74,5525
2023-07-04 03:00:00,52103.83,52103.83,51199.45,51302.05,7019
2023-07-04 04:00:00,51373.15,53705.75,51373.15,52119.77,11568
2023-07-04 05:00:00,52228.13,53018.59,51572.09,51630.05,10330
2023-07-04 06:00:00,51638.46,52492.26,50408.29,52387.48,7020
2023-07-04 07:00:00,52936.57,53414.5,52936.57,52977.29,7319
2023-07-04 08:00:00,52664.28,53541.48,52461.33,52566.47,18772
2023-07-04 09:00:00,52145.31,52145.31,50843.54,52041.23,6422
2023-07-04 10:00:00,52233.65,53542.76,52214.31,52318.95,11894
2023-07-04 11:00:00,52429.52,53084.79,51611.57,51956.04,8192
2023-07-04 12:00:00,51999.99,52140.58,51999.99,52104.2,8386
2023-07-04 13:00:00,51986.34,52223.08,51722.51,51938.72,11987
2023-07-04 14:00:00,51190.38,51190.38,49998.57,51088.21,13808
2023-07-04 15:00:00,50131.84,50131.84,49830.13,50031.78,10234
2023-07-04 16:00:00,50168.29,50819.43,50168.29,50268.83,11790
2023-07-04 17:00:00,50198.53,50198.53,49998.13,50098.33,9063
2023-07-04 18:00:00,50034.92,50034.92,49883.86,49935.05,7850
2023-07-04 19:00:00,49871.61,50513.25,49017.66,50412.43,11557
2023-07-04 20:00:00,50944.56,52704.9,50944.56,51132.59,9571
2023-07-04 21:00:00,51418.58,52209.17,50420.15,51096.77,10871
2023-07-04 22:00:00,50924.55,51674.8,50924.55,51026.6,13217
2023-07-04 23:00:00,51000.92,51477.05,50509.92,51395.87,17250
2023-07-05 00:00:00,51198.04,51957.67,49111.75,50788.31,13800
2023-07-05 01:00:00,50850.32,51153.57,50850.32,51017.16,8127
2023-07-05 02:00:00,50696.33,51517.42,49985.28,51414.59,8105
2023-07-05 03:00:00,51676.92,51980.0,51065.32,51876.25,7764
2023-07-05 04:00:00,51990.17,52190.78,50425.31,50948.02,12672
2023-07-05 05:00:00,50766.47,50766.47,50263.8,50665.14,11293
2023-07-05 06:00:00,50382.1,50382.1,49612.41,50328.38,11131
2023-07-05 07:00:00,50402.33,52055.2,50402.33,50502.23,11484
2023-07-05 08:00:00,50423.42,50972.64,49401.62,50870.9,14405
2023-07-05 09:00:00,51040.32,52877.28,50149.62,51764.18,5560
2023-07-05 10:00:00,51502.53,52116.0,51502.53,51605.74,13634
2023-07-05 11:00:00,51642.12,52949.55,51246.84,51449.41,15875
2023-07-05 12:00:00,51233.48,52264.98,51142.68,52160.65,11026
2023-07-05 13:00:00,52082.29,52599.44,51822.88,52415.13,8777
2023-07-05 14:00:00,52413.7,53292.76,52413.7,53186.38,5890
2023-07-05 15:00:00,53385.98,53531.23,51696.97,53424.38,8484
2023-07-05 16:00:00,52935.63,52935.63,52417.11,52871.71,14696
2023-07-05 17:00:00,52344.16,52344.16,50810.94,52239.68,8703
2023-07-05 18:00:00,51941.65,51941.65,51406.25,51509.27,12483
2023-07-05 19:00:00,51868.3,52070.0,51868.3,51966.07,10502
2023-07-05 20:00:00,51669.28,52840.83,51669.28,52699.24,13774
2023-07-05 21:00:00,53678.39,53893.53,53678.39,53785.96,14927
2023-07-05 22:00:00,54214.72,54432.01,54214.72,54323.36,11387
2023-07-05 23:00:00,54924.4,55144.54,54924.4,55034.47,9163
2023-07-06 00:00:00,54728.07,54874.54,53686.14,54765.01,11481
2023-07-06 01:00:00,54288.26,54288.26,53655.21,54179.9,15694
2023-07-06 02:00:00,54718.8,54922.04,54718.8,54720.66,9913
2023-07-06 03:00:00,54905.34,55125.4,54905.34,55015.37,12626
2023-07-06 04:00:00,55242.9,55242.9,55022.37,55132.63,10103
2023-07-06 05:00:00,55294.05,56661.12,55294.05,55404.86,10441
2023-07-06 06:00:00,55526.15,56222.62,55526.15,55637.42,10613
2023-07-06 07:00:00,56356.04,56586.13,56356.04,56412.59,9362
2023-07-06 08:00:00,56593.03,57305.89,56593.03,57191.51,8651
2023-07-06 09:00:00,57414.04,57644.15,57414.04,57529.1,8903
2023-07-06 10:00:00,57858.6,58156.09,57606.58,58040.01,14387
2023-07-06 11:00:00,58202.23,58850.01,57914.69,58348.06,8288
2023-07-06 12:00:00,58187.91,58187.91,57250.76,58071.77,12762
2023-07-06 13:00:00,58407.47,58669.65,58407.47,58524.52,11239
2023-07-06 14:00:00,58076.14,58076.14,56422.18,57687.51,10166
2023-07-06 15:00:00,58202.71,58453.73,58202.71,58319.35,10316
2023-07-06 16:00:00,57856.66,57856.66,57545.27,57607.31,6704
2023-07-06 17:00:00,57454.33,57903.15,56797.88,57787.57,7225
2023-07-06 18:00:00,57421.01,57421.01,57182.38,57296.97,11625
2023-07-06 19:00:00,57166.11,58662.77,56665.67,57637.99,12521
2023-07-06 20:00:00,57744.03,57744.03,57092.97,57628.77,10393
2023-07-06 21:00:00,57446.99,58373.61,54982.53,56703.44,12036
2023-07-06 22:00:00,56638.35,57228.05,55049.29,56977.01,21627
2023-07-06 23:00:00,56793.56,57046.83,56553.61,56666.95,10877
2023-07-07 00:00:00,57093.23,57368.69,57093.23,57207.64,11413
2023-07-07 01:00:00,56717.38,57462.02,55616.31,57229.41,10711
2023-07-07 02:00:00,57366.3,58407.83,57366.3,57481.26,6422
2023-07-07 03:00:00,57028.0,57902.94,56068.78,56935.36,8693
2023-07-07 04:00:00,56732.21,56732.21,56505.74,56618.98,8095
2023-07-07 05:00:00,56919.29,57737.49,56322.55,56385.96,15588
2023-07-07 06:00:00,56801.52,57029.18,56801.52,56915.35,13350
2023-07-07 07:00:00,57801.84,58169.85,57801.84,57917.67,11902
2023-07-07 08:00:00,57212.72,57543.09,57212.72,57451.28,8243
2023-07-07 09:00:00,57985.42,59088.69,57985.42,58101.63,10611
2023-07-07 10:00:00,56831.26,56831.26,56708.47,56822.12,12378
2023-07-07 11:00:00,56273.65,56273.65,55926.78,56161.32,6618
2023-07-07 12:00:00,55767.02,55767.02,55544.4,55655.71,12124
2023-07-07 13:00:00,55050.31,55050.31,54830.55,54940.43,11220
2023-07-07 14:00:00,54201.75,54201.75,53998.86,54118.19,21206
2023-07-07 15:00:00,54317.89,54718.19,54317.89,54426.74,13015
2023-07-07 16:00:00,54418.45,54492.73,52796.81,54383.96,18577
2023-07-07 17:00:00,54524.29,55826.42,53844.49,54671.49,8374
2023-07-07 18:00:00,55019.27,55647.54,55019.27,55129.52,6314
2023-07-07 19:00:00,55115.28,55454.74,55115.28,55344.05,7317
2023-07-07 20:00:00,55968.79,56171.99,54843.47,55777.21,8667
2023-07-07 21:00:00,55680.06,55903.22,55680.06,55791.64,11764
2023-07-07 22:00:00,55617.72,55617.72,54715.06,55169.63,11829
2023-07-07 23:00:00,55719.29,57200.37,55719.29,55830.96,6843
2023-07-08 00:00:00,55801.99,55801.99,53650.83,55549.73,10578
2023-07-08 01:00:00,55547.68,55547.68,54662.95,55078.99,12008
2023-07-08 02:00:00,55126.36,55376.55,53770.47,55046.25,17566
2023-07-08 03:00:00,54962.41,54962.41,54549.76,54601.31,8258
2023-07-08 04:00:00,54897.96,55334.13,53847.93,54444.23,13230
2023-07-08 05:00:00,54710.41,54822.78,54330.94,54713.35,5732
2023-07-08 06:00:00,54871.57,55091.5,54871.57,54981.53,10517
2023-07-08 07:00:00,54655.91,54655.91,53684.04,54546.82,8062
2023-07-08 08:00:00,54460.74,54460.74,54243.33,54352.03,7286
2023-07-08 09:00:00,54310.6,55307.68,53991.58,55028.27,11238
2023-07-08 10:00:00,55275.17,55486.39,55264.89,55375.64,10921
2023-07-08 11:00:00,55752.8,57132.4,55207.5,56611.02,10478
2023-07-08 12:00:00,57287.27,57448.52,57287.27,57333.85,11708
2023-07-08 13:00:00,57915.98,58148.11,57915.98,58032.05,11738
2023-07-08 14:00:00,57340.31,57340.31,57111.41,57225.86,14427
2023-07-08 15:00:00,57157.18,57818.26,56316.75,57702.85,16272
2023-07-08 16:00:00,57718.16,59565.7,56752.04,57693.98,10498
2023-07-08 17:00:00,57372.51,58183.78,57278.55,57393.33,10214
2023-07-08 18:00:00,57406.9,57636.98,57406.9,57521.94,7035
2023-07-08 19:00:00,57884.75,58569.36,57608.51,58105.2,7796
2023-07-08 20:00:00,58479.31,60543.45,58303.37,58420.21,7381
2023-07-08 21:00:00,58358.92,59636.73,56682.47,57909.47,15360
2023-07-08 22:00:00,58238.22,58990.77,57111.84,58371.94,11200
2023-07-08 23:00:00,58123.53,58123.53,56491.77,58007.52,9616
2023-07-09 00:00:00,57886.09,58469.87,56601.65,58159.03,11822
2023-07-09 01:00:00,58578.74,59805.43,57646.35,57998.94,13291
2023-07-09 02:00:00,57717.5,58268.45,56838.99,57891.76,12217
2023-07-09 03:00:00,57839.48,58485.97,57655.35,58369.23,9956
2023-07-09 04:00:00,58603.07,58719.29,57154.2,57765.5,12225
2023-07-09 05:00:00,58821.76,59057.52,58821.76,58939.64,7721
2023-07-09 06:00:00,58418.65,58425.09,57666.92,57849.71,7496
2023-07-09 07:00:00,57637.5,57637.5,56191.47,57522.45,8544
2023-07-09 08:00:00,57609.99,58092.06,57609.99,57771.48,13783
2023-07-09 09:00:00,58026.7,58259.28,58026.7,58142.99,14097
2023-07-09 10:00:00,57938.15,58218.82,56993.2,58102.62,14038
2023-07-09 11:00:00,57823.23,58205.89,57343.93,58089.71,11045
2023-07-09 12:00:00,58786.73,59179.89,58237.23,58353.94,12601
2023-07-09 13:00:00,58726.09,58726.09,56993.98,58232.0,11116
2023-07-09 14:00:00,58960.64,59196.95,58960.64,59078.79,5009
2023-07-09 15:00:00,59468.73,60277.76,59468.73,59587.91,10078
2023-07-09 16:00:00,60086.25,60303.54,60086.25,60111.24,9839
2023-07-09 17:00:00,59702.24,59702.24,59382.12,59501.12,10494
2023-07-09 18:00:00,59782.56,60214.42,59329.33,59448.23,8191
2023-07-09 19:00:00,59382.46,59382.46,58362.92,59263.93,12526
2023-07-09 20:00:00,58775.14,58775.14,58540.5,58657.82,9411
2023-07-09 21:00:00,58769.8,59341.57,58769.8,58887.57,10571
2023-07-09 22:00:00,59132.68,59867.27,57876.93,58573.85,10558
2023-07-09 23:00:00,58718.64,59098.93,58718.64,58980.96,7831
2023-07-10 00:00:00,58460.59,58460.59,58228.75,58343.9,9326
2023-07-10 01:00:00,59269.28,59767.54,59269.28,59388.05,9363
2023-07-10 02:00:00,58962.92,58962.92,58525.54,58845.23,11982
2023-07-10 03:00:00,58870.66,59301.96,58870.66,58988.63,8247
2023-07-10 04:00:00,59062.35,59594.36,59062.35,59475.41,9984
2023-07-10 05:00:00,59246.6,59246.6,59010.09,59128.34,11550
2023-07-10 06:00:00,59310.24,60224.72,59310.24,59649.95,11956
2023-07-10 07:00:00,59662.4,61236.4,57848.19,58898.76,7432
2023-07-10 08:00:00,59000.28,59944.7,59000.28,59784.1,11172
2023-07-10 09:00:00,59907.03,59907.03,58008.4,59787.46,12991
2023-07-10 10:00:00,59479.87,59479.87,58442.28,59417.98,11201
2023-07-10 11:00:00,59730.12,60100.82,59120.41,59238.89,6175
2023-07-10 12:00:00,59616.02,59854.96,59616.02,59735.49,14560
2023-07-10 13:00:00,59933.1,61168.3,59258.97,59377.72,9148
2023-07-10 14:00:00,59145.82,59355.98,57563.56,58930.24,8226
2023-07-10 15:00:00,59007.32,59043.62,58290.1,58812.51,13227
2023-07-10 16:00:00,58239.96,58239.96,58078.9,58123.72,10692
2023-07-10 17:00:00,59115.85,60021.69,59115.85,59234.32,11435
2023-07-10 18:00:00,58990.22,59018.92,57769.1,58901.12,11219
2023-07-10 19:00:00,59296.97,59534.64,59296.97,59415.8,5651
2023-07-10 20:00:00,59622.99,59666.43,59428.24,59547.33,7797
2023-07-10 21:00:00,59068.7,59068.7,56607.2,58950.8,10224
2023-07-10 22:00:00,59034.09,60803.75,58614.48,58960.88,13146
2023-07-10 23:00:00,59327.56,61086.14,59327.56,59446.45,10185
2023-07-11 00:00:00,59455.65,59455.65,58819.07,59336.98,15288
2023-07-11 01:00:00,59946.54,60186.81,59946.54,60066.67,14667
2023-07-11 02:00:00,60564.06,61483.5,60564.06,60685.43,12968
2023-07-11 03:00:00,61176.04,62394.38,61111.1,61233.57,11555
2023-07-11 04:00:00,60791.98,61035.64,60791.98,60913.81,12952
2023-07-11 05:00:00,60336.74,60336.74,60095.88,60216.31,6535
2023-07-11 06:00:00,59695.95,59962.22,58693.17,59827.88,9793
2023-07-11 07:00:00,59873.92,60695.95,59825.09,59944.98,6105
2023-07-11 08:00:00,59517.28,60567.02,58744.38,60274.65,7887
2023-07-11 09:00:00,60033.3,60033.3,58810.7,58928.56,8430
2023-07-11 10:00:00,59058.2,59058.2,57552.17,58940.32,19524
2023-07-11 11:00:00,58933.67,59721.95,58933.67,59051.77,6213
2023-07-11 12:00:00,58938.02,59016.29,58310.64,58898.49,8342
2023-07-11 13:00:00,59536.87,59912.87,58750.76,59691.04,6725
2023-07-11 14:00:00,59829.17,60927.37,59534.3,59949.62,11763
2023-07-11 15:00:00,59850.09,61073.21,59532.88,60747.87,11309
2023-07-11 16:00:00,60872.38,60872.38,59482.15,60593.86,4841
2023-07-11 17:00:00,60649.05,61278.74,60127.79,61156.43,14133
2023-07-11 18:00:00,62023.6,62272.19,62023.6,62147.89,11325
2023-07-11 19:00:00,62697.32,63055.93,62697.32,62930.07,10847
2023-07-11 20:00:00,62479.89,62479.89,61927.84,62162.68,6770
2023-07-11 21:00:00,62482.9,63225.06,61828.65,61952.56,8144
2023-07-11 22:00:00,61571.97,61727.76,61565.12,61688.5,14167
2023-07-11 23:00:00,61678.65,62080.4,60975.81,61956.49,7313
2023-07-12 00:00:00,62228.97,62469.59,62228.97,62344.9,14533
2023-07-12 01:00:00,62504.83,62504.83,61633.76,61757.28,13224
2023-07-12 02:00:00,61635.16,62378.08,61635.16,61758.68,8745
2023-07-12 03:00:00,60565.37,60565.37,60323.59,60444.48,24988
2023-07-12 04:00:00,61234.55,61443.32,61234.55,61320.67,8696
2023-07-12 05:00:00,60652.43,61090.73,59615.14,60968.79,12085
2023-07-12 06:00:00,60858.21,61102.13,60858.21,60980.17,15728
2023-07-12 07:00:00,61051.76,62379.17,60642.3,60763.83,9248
2023-07-12 08:00:00,60846.07,62816.04,60541.4,61455.36,10363
2023-07-12 09:00:00,59762.4,59762.4,59523.83,59643.12,7639
2023-07-12 10:00:00,59330.24,60228.62,57465.15,59638.09,8944
2023-07-12 11:00:00,59662.79,60077.7,59460.45,59579.61,11935
2023-07-12 12:00:00,59346.9,59346.9,59193.21,59311.83,8609
2023-07-12 13:00:00,60249.94,60491.42,60249.94,60370.68,14506
2023-07-12 14:00:00,59937.21,59937.21,58628.18,59817.58,10404
2023-07-12 15:00:00,60204.93,60517.31,60172.21,60292.79,10090
2023-07-12 16:00:00,60613.31,60627.91,60385.88,60506.89,11906
2023-07-12 17:00:00,60530.04,61399.18,60530.04,61276.63,11251
2023-07-12 18:00:00,61586.62,61586.62,60713.82,60835.49,16541
2023-07-12 19:00:00,60487.19,60487.19,60245.72,60366.45,9878
2023-07-12 20:00:00,60915.16,61159.31,60915.16,61037.24,5231
2023-07-12 21:00:00,61486.76,61486.76,60881.94,61284.46,11773
2023-07-12 22:00:00,60416.22,60416.22,59936.7,60295.62,19641
2023-07-12 23:00:00,60221.93,60749.44,58516.47,59962.0,10143
2023-07-13 00:00:00,60140.56,60323.45,58412.34,60203.04,7896
2023-07-13 01:00:00,60543.34,62037.53,60543.34,60718.03,4913
2023-07-13 02:00:00,60581.96,61573.24,60166.45,60287.03,7842
2023-07-13 03:00:00,60071.47,60071.47,57383.74,58492.96,13422
2023-07-13 04:00:00,58471.78,60296.17,58471.78,58839.22,9989
2023-07-13 05:00:00,58434.65,59096.7,58017.33,58133.6,10617
2023-07-13 06:00:00,57092.1,57092.1,56864.19,56978.15,7661
2023-07-13 07:00:00,56834.21,56834.21,55282.52,55393.31,10678
2023-07-13 08:00:00,55455.01,56104.04,55455.01,55942.96,15095
2023-07-13 09:00:00,55906.79,56208.89,55485.47,56096.7,15592
2023-07-13 10:00:00,56440.79,57164.04,55544.88,56044.96,10691
2023-07-13 11:00:00,56429.78,57031.41,56340.32,56917.58,19487
2023-07-13 12:00:00,56882.03,57798.03,56691.42,57350.85,8283
2023-07-13 13:00:00,57550.62,58468.24,57550.62,58351.54,11090
2023-07-13 14:00:00,57602.62,57602.62,57194.1,57557.86,9371
2023-07-13 15:00:00,57619.71,57619.71,57264.2,57589.49,8652
2023-07-13 16:00:00,57368.22,57368.22,55884.61,56691.08,12475
2023-07-13 17:00:00,56375.32,57717.03,56129.92,56626.19,8080
2023-07-13 18:00:00,56862.45,57539.81,56438.85,56551.95,7034
2023-07-13 19:00:00,56453.23,57840.27,56007.26,56984.94,11075
2023-07-13 20:00:00,56960.68,57551.35,56960.68,57075.88,13882
2023-07-13 21:00:00,57387.01,57617.01,57387.01,57502.01,10774
2023-07-13 22:00:00,57354.51,58086.87,57071.72,57970.93,16628
2023-07-13 23:00:00,59173.87,60633.67,59173.87,59292.46,10686
2023-07-14 00:00:00,59297.79,60423.29,59004.51,59122.75,15851
2023-07-14 01:00:00,58987.07,59471.11,58462.49,58579.65,8773
2023-07-14 02:00:00,58824.45,58879.85,58644.8,58762.32,6517
2023-07-14 03:00:00,58429.57,58429.57,57305.75,58312.95,14458
2023-07-14 04:00:00,59117.14,59354.08,59117.14,59235.61,7429
2023-07-14 05:00:00,59697.59,60558.54,58320.87,59087.36,10120
2023-07-14 06:00:00,58889.75,58889.75,57616.63,58772.2,19862
2023-07-14 07:00:00,58576.31,59060.92,58405.25,58522.29,11998
2023-07-14 08:00:00,58757.14,59306.14,58757.14,58989.71,5914
2023-07-14 09:00:00,58998.23,59011.74,57689.05,58923.82,8097
2023-07-14 10:00:00,58685.03,58685.03,57220.74,58567.9,8241
2023-07-14 11:00:00,59480.91,59719.31,59480.91,59600.11,5485
2023-07-14 12:00:00,60063.32,60501.76,58978.23,59096.43,13203
2023-07-14 13:00:00,58923.52,59262.92,58923.52,59144.63,7856
2023-07-14 14:00:00,59193.11,59684.2,58826.14,59565.07,9025
2023-07-14 15:00:00,58709.49,58709.49,58160.86,58592.3,19329
2023-07-14 16:00:00,58799.82,59035.49,58799.82,58917.65,12715
2023-07-14 17:00:00,58431.29,58431.29,57517.7,58314.66,6724
2023-07-14 18:00:00,58730.45,58965.85,58730.45,58848.15,8320
2023-07-14 19:00:00,58830.93,60866.12,58185.68,58302.28,8449
2023-07-14 20:00:00,58151.83,59327.04,57054.31,58757.86,10404
2023-07-14 21:00:00,59151.19,59825.36,59151.19,59456.59,13521
2023-07-14 22:00:00,59571.32,60121.46,59571.32,60001.46,14035
2023-07-14 23:00:00,60101.38,60288.15,60047.48,60167.81,5798
2023-07-15 00:00:00,60156.12,60156.12,58285.64,60035.13,8113
2023-07-15 01:00:00,59803.98,60935.86,59353.28,59694.22,14464
2023-07-15 02:00:00,60488.68,60731.12,60488.68,60609.9,9051
2023-07-15 03:00:00,60300.98,60300.98,60060.26,60180.62,8011
2023-07-15 04:00:00,59953.9,59953.9,59437.6,59556.71,11097
2023-07-15 05:00:00,59867.17,61095.71,59867.17,59987.15,6762
2023-07-15 06:00:00,59636.03,59636.03,58721.55,59516.99,6096
2023-07-15 07:00:00,59361.12,60777.99,58848.75,58966.68,10231
2023-07-15 08:00:00,58251.29,58251.29,58018.75,58135.02,11769
2023-07-15 09:00:00,58017.74,58017.74,57368.65,57901.94,6186
2023-07-15 10:00:00,57955.67,57955.67,57795.29,57911.11,10252
2023-07-15 11:00:00,58470.76,58718.75,57405.49,58112.27,6357
2023-07-15 12:00:00,58721.31,59930.49,58721.31,58730.56,12701
2023-07-15 13:00:00,58646.5,59758.42,58192.58,59088.68,6713
2023-07-15 14:00:00,59127.42,59127.42,58891.38,59009.4,11358
2023-07-15 15:00:00,58814.0,59044.96,58253.42,58927.11,6814
2023-07-15 16:00:00,59343.66,59391.38,59096.15,59272.83,7558
2023-07-15 17:00:00,59372.84,60195.82,59355.23,60075.66,15290
2023-07-15 18:00:00,59705.27,60273.13,58685.19,60170.69,10993
2023-07-15 19:00:00,59814.96,60972.22,59778.51,59898.31,10500
2023-07-15 20:00:00,59431.42,59431.42,58335.35,59312.79,9136
2023-07-15 21:00:00,58588.35,58588.35,58354.47,58471.41,13583
2023-07-15 22:00:00,58800.19,59035.86,58800.19,58918.02,12982
2023-07-15 23:00:00,59187.97,59425.2,59187.97,59306.59,9014
2023-07-16 00:00:00,59298.93,59810.07,59298.93,59690.68,13407
2023-07-16 01:00:00,59759.38,59759.38,57742.16,59640.1,14886
2023-07-16 02:00:00,60404.51,60646.61,60404.51,60525.56,8358
2023-07-16 03:00:00,60118.29,60359.25,60118.29,60238.77,8265
2023-07-16 04:00:00,60680.08,60966.26,60667.43,60844.57,11342
2023-07-16 05:00:00,60874.17,61939.0,60324.14,60827.62,6948
2023-07-16 06:00:00,60549.92,60549.92,59598.56,60456.41,9408
2023-07-16 07:00:00,60956.91,60956.91,60713.57,60835.24,15446
2023-07-16 08:00:00,60973.87,62924.42,60973.87,61096.07,9728
2023-07-16 09:00:00,60941.46,61719.67,60941.46,61319.2,11269
2023-07-16 10:00:00,61309.15,61489.28,61309.15,61366.55,9805
2023-07-16 11:00:00,60863.18,61698.3,60829.7,61338.36,7275
2023-07-16 12:00:00,62115.49,63449.69,62115.49,62829.33,10605
2023-07-16 13:00:00,63426.55,63555.73,63426.55,63553.66,11389
2023-07-16 14:00:00,63844.14,64100.03,63844.14,63972.08,9073
2023-07-16 15:00:00,64114.98,64114.98,62497.52,63987.01,8880
2023-07-16 16:00:00,64457.04,64715.39,64457.04,64586.22,9787
2023-07-16 17:00:00,64465.8,65709.9,64307.51,64856.88,21582
2023-07-16 18:00:00,64502.75,64927.39,63353.49,64797.8,17494
2023-07-16 19:00:00,64644.2,64650.84,64392.75,64521.79,12097
2023-07-16 20:00:00,64581.22,64581.22,64271.5,64400.3,11571
2023-07-16 21:00:00,62376.1,62376.1,62127.1,62251.6,11965
2023-07-16 22:00:00,62477.08,62696.82,60898.33,62367.6,13104
2023-07-16 23:00:00,62513.96,62513.96,61956.91,62036.85,13418
2023-07-17 00:00:00,62906.42,64393.8,62906.42,63032.28,12208
2023-07-17 01:00:00,63074.11,63074.11,62773.65,63010.35,8617
2023-07-17 02:00:00,62604.9,62604.9,62100.67,62212.58,8585
2023-07-17 03:00:00,62289.16,62289.16,61688.68,62164.83,13487
2023-07-17 04:00:00,61609.21,61609.21,61363.27,61486.24,12652
2023-07-17 05:00:00,61619.97,61906.52,60964.43,61782.96,16499
2023-07-17 06:00:00,61620.83,62159.41,61620.83,61960.37,9211
2023-07-17 07:00:00,62393.58,62680.83,62393.58,62555.72,9178
2023-07-17 08:00:00,62153.02,62153.02,61904.91,62028.96,8506
2023-07-17 09:00:00,62488.76,62488.76,61431.74,62040.09,13694
2023-07-17 10:00:00,61309.44,61364.55,61042.93,61165.26,14640
2023-07-17 11:00:00,61358.74,62269.09,61358.74,61611.18,12544
2023-07-17 12:00:00,61934.25,62060.63,61812.89,61936.76,11464
2023-07-17 13:00:00,62364.82,62367.98,62119.0,62243.49,12774
2023-07-17 14:00:00,62356.49,62356.49,62107.56,62232.03,14321
2023-07-17 15:00:00,61950.3,62702.14,61950.3,62483.92,8468
2023-07-17 16:00:00,63489.37,64832.2,63489.37,63491.31,14752
2023-07-17 17:00:00,63872.58,64493.99,62382.02,63270.09,6366
2023-07-17 18:00:00,63633.82,63954.61,63201.43,63328.09,11480
2023-07-17 19:00:00,62718.04,62718.04,62249.63,62592.85,10353
2023-07-17 20:00:00,62333.92,62763.52,59955.57,62021.98,11976
2023-07-17 21:00:00,61955.6,62203.92,61955.6,62079.76,7406
2023-07-17 22:00:00,62648.29,62899.39,62648.29,62773.84,7686
2023-07-17 23:00:00,62654.16,63504.54,62463.68,62588.86,13403
2023-07-18 00:00:00,62378.01,63551.68,62296.92,62421.77,7045
2023-07-18 01:00:00,62274.33,62274.33,61352.47,62150.03,9268
2023-07-18 02:00:00,61944.96,61944.96,61679.7,61803.31,9967
2023-07-18 03:00:00,61865.6,62113.55,61865.6,61989.58,8170
2023-07-18 04:00:00,61858.7,61858.7,60916.52,61038.6,13233
2023-07-18 05:00:00,61730.49,61964.35,61730.49,61854.2,8285
2023-07-18 06:00:00,61822.2,62506.82,61045.93,61435.06,10764
2023-07-18 07:00:00,61737.54,62021.0,61308.01,61897.2,6402
2023-07-18 08:00:00,61216.84,61216.84,60972.46,61094.65,13598
2023-07-18 09:00:00,61113.85,62043.77,60113.33,61528.84,12137
2023-07-18 10:00:00,61444.56,62362.57,61338.1,61959.18,8807
2023-07-18 11:00:00,62080.01,62325.9,60650.12,62201.5,7774
2023-07-18 12:00:00,61793.1,62281.47,60831.0,61565.22,9011
2023-07-18 13:00:00,61764.04,63854.04,61455.85,61729.57,10548
2023-07-18 14:00:00,61111.02,61111.02,60867.07,60989.05,6816
2023-07-18 15:00:00,60974.58,60974.58,60482.06,60852.87,8234
2023-07-18 16:00:00,61039.08,64119.17,60467.37,61516.7,5747
2023-07-18 17:00:00,61904.63,62099.68,61904.63,62028.69,15835
2023-07-18 18:00:00,62160.09,62630.84,61558.67,62040.39,8450
2023-07-18 19:00:00,62156.22,62763.61,61303.46,61426.32,12719
2023-07-18 20:00:00,61724.07,61971.46,61724.07,61847.77,13736
2023-07-18 21:00:00,61744.93,62750.15,61744.93,61868.67,7663
2023-07-18 22:00:00,61529.13,62631.17,58854.52,60412.57,11049
2023-07-18 23:00:00,60598.67,61156.92,60256.64,60933.01,13469
2023-07-19 00:00:00,60926.23,61112.53,60518.01,60946.3,8628
2023-07-19 01:00:00,61598.56,61845.45,61598.56,61722.0,9644
2023-07-19 02:00:00,61166.29,61166.29,60337.57,61044.21,6560
2023-07-19 03:00:00,59883.28,59883.28,58517.16,59089.22,8679
2023-07-19 04:00:00,59330.26,59438.58,59201.3,59319.94,12144
2023-07-19 05:00:00,59599.97,60544.71,59435.31,59554.42,8225
2023-07-19 06:00:00,59667.72,59967.57,58464.07,58581.23,10007
2023-07-19 07:00:00,58185.36,58185.36,57953.08,58069.22,7129
2023-07-19 08:00:00,59183.21,60877.69,59183.21,59785.34,7385
2023-07-19 09:00:00,59769.22,59769.22,59530.62,59649.92,10840
2023-07-19 10:00:00,59668.34,60269.72,58973.3,60149.43,9324
2023-07-19 11:00:00,60060.51,60165.25,59328.92,59796.45,10719
2023-07-19 12:00:00,59059.84,59059.84,58457.52,58574.67,12261
2023-07-19 13:00:00,58915.65,60309.97,58433.18,58550.28,8558
2023-07-19 14:00:00,58534.78,58586.67,58154.55,58469.73,13865
2023-07-19 15:00:00,58427.3,58427.3,58058.23,58310.68,10774
2023-07-19 16:00:00,58208.94,58491.1,58208.94,58325.59,7166
2023-07-19 17:00:00,58593.55,58682.27,58448.01,58565.14,12612
2023-07-19 18:00:00,58607.49,59733.41,58436.19,58553.3,9853
2023-07-19 19:00:00,58208.27,59330.19,57093.04,57875.24,9291
2023-07-19 20:00:00,58119.23,58368.26,58119.23,58251.75,11300
2023-07-19 21:00:00,57290.37,57290.37,57061.67,57176.02,9685
2023-07-19 22:00:00,56194.41,56194.41,55970.08,56082.25,10939
2023-07-19 23:00:00,56513.55,56687.46,56513.55,56626.8,10949
2023-07-20 00:00:00,56918.46,57535.2,56918.46,57032.52,9091
2023-07-20 01:00:00,56950.35,57597.64,56682.97,57104.06,11341
2023-07-20 02:00:00,56877.87,56900.07,56281.73,56394.52,6813
2023-07-20 03:00:00,56165.69,56947.94,55309.62,56102.7,7672
2023-07-20 04:00:00,56198.79,57208.96,55960.48,56072.62,12436
2023-07-20 05:00:00,55411.45,55411.45,55170.18,55280.74,7305
2023-07-20 06:00:00,55107.84,55107.84,54887.85,54997.84,8764
2023-07-20 07:00:00,55391.47,55613.48,55391.47,55502.47,11036
2023-07-20 08:00:00,56327.58,56553.35,56327.58,56440.47,6638
2023-07-20 09:00:00,56425.56,56425.56,54387.87,56312.93,18666
2023-07-20 10:00:00,56360.04,56977.28,55475.72,56863.56,10389
2023-07-20 11:00:00,55971.24,55971.24,54236.01,55859.52,13180
2023-07-20 12:00:00,56246.1,58934.68,56246.1,56358.81,10064
2023-07-20 13:00:00,56578.62,56677.2,55265.42,56011.72,12967
2023-07-20 14:00:00,56196.06,57522.72,56196.06,56308.68,8340
2023-07-20 15:00:00,56194.98,56396.37,56171.24,56283.81,9191
2023-07-20 16:00:00,57046.43,58294.07,57046.43,57160.75,9482
2023-07-20 17:00:00,56639.86,56866.88,56639.86,56753.37,6516
2023-07-20 18:00:00,57111.71,57296.98,57111.71,57226.16,12354
2023-07-20 19:00:00,57505.0,57505.0,57050.0,57164.32,8195
2023-07-20 20:00:00,57880.21,58103.5,57059.81,57174.16,8351
2023-07-20 21:00:00,56896.02,57238.84,56110.75,57167.43,11494
2023-07-20 22:00:00,57121.08,57121.08,56662.15,56775.71,9599
2023-07-20 23:00:00,56576.66,56990.34,55877.72,56876.59,10091
2023-07-21 00:00:00,57049.74,57287.24,56834.19,56948.09,16096
2023-07-21 01:00:00,56823.71,57309.23,56823.71,57194.84,15148
2023-07-21 02:00:00,57461.63,57461.63,57232.25,57346.94,11433
2023-07-21 03:00:00,57773.81,58342.3,57773.81,57913.98,8876
2023-07-21 04:00:00,58433.13,58596.41,58433.13,58550.23,10739
2023-07-21 05:00:00,58672.04,58793.91,57579.64,58001.06,6731
2023-07-21 06:00:00,58487.8,59945.63,58487.8,58605.01,7757
2023-07-21 07:00:00,58310.63,58836.96,56801.21,57973.54,10124
2023-07-21 08:00:00,58294.98,59917.11,58294.98,58411.8,6097
2023-07-21 09:00:00,58746.39,59077.37,58746.39,58864.12,17365
2023-07-21 10:00:00,57849.42,57849.42,55638.77,57790.42,11519
2023-07-21 11:00:00,57691.53,58449.56,57612.12,57939.49,5606
2023-07-21 12:00:00,58002.29,58002.29,57288.1,57754.72,11835
2023-07-21 13:00:00,57381.05,58644.87,56409.01,57404.02,8435
2023-07-21 14:00:00,57818.74,58415.15,57401.86,58298.56,10889
2023-07-21 15:00:00,57956.96,59886.54,57820.0,57996.66,7873
2023-07-21 16:00:00,58158.44,58670.21,56459.37,57612.06,9407
2023-07-21 17:00:00,57641.82,57872.85,57641.82,57757.33,7879
2023-07-21 18:00:00,58366.55,58366.55,57641.78,58260.72,13869
2023-07-21 19:00:00,57677.34,58384.13,57677.34,58267.6,10954
2023-07-21 20:00:00,58953.72,59171.02,58953.72,59052.91,10003
2023-07-21 21:00:00,59320.99,61144.23,59320.99,59451.06,10047
2023-07-21 22:00:00,58319.6,58319.6,58084.68,58201.09,7040
2023-07-21 23:00:00,58173.6,58173.6,57977.11,57980.99,12752
2023-07-22 00:00:00,57781.96,59613.39,57057.08,57746.28,5751
2023-07-22 01:00:00,58003.76,58882.31,57182.88,58130.98,8723
2023-07-22 02:00:00,58305.98,58305.98,55280.31,56668.85,14955
2023-07-22 03:00:00,57111.94,58898.15,57111.94,58263.16,11434
2023-07-22 04:00:00,58553.85,58788.54,58553.85,58671.2,15751
2023-07-22 05:00:00,58729.29,58963.8,58729.29,58846.98,10771
2023-07-22 06:00:00,59171.99,59948.1,59171.99,59640.41,4142
2023-07-22 07:00:00,61014.31,61258.86,61014.31,61136.59,7071
2023-07-22 08:00:00,61596.82,61843.7,61596.82,61720.26,14565
2023-07-22 09:00:00,62221.11,63219.84,62221.11,62345.8,8033
2023-07-22 10:00:00,62568.73,62568.73,62318.96,62443.84,12468
2023-07-22 11:00:00,62152.93,62492.41,61814.48,62367.67,12809
2023-07-22 12:00:00,61742.48,62205.03,59842.01,62080.87,5402
2023-07-22 13:00:00,61708.82,63018.31,61456.82,61579.98,9788
2023-07-22 14:00:00,62231.0,62710.29,61059.19,61181.56,10477
2023-07-22 15:00:00,60500.15,60500.15,59219.1,60379.39,13374
2023-07-22 16:00:00,60661.46,60661.46,59884.85,60390.49,11981
2023-07-22 17:00:00,59486.79,59486.79,58548.28,59409.65,11598
2023-07-22 18:00:00,59267.02,59721.71,58320.76,59602.5,10132
2023-07-22 19:00:00,59670.07,61053.28,58437.43,59654.42,9213
2023-07-22 20:00:00,59696.48,59935.74,59696.48,59816.11,7678
2023-07-22 21:00:00,59516.68,60539.15,59447.22,59566.36,7020
2023-07-22 22:00:00,61294.84,62073.08,61294.84,61509.78,13969
2023-07-22 23:00:00,62275.2,62524.8,62275.2,62400.0,9123
2023-07-23 00:00:00,61749.27,61749.27,61068.54,61626.01,13645
2023-07-23 01:00:00,61682.04,61929.26,61682.04,61805.65,10610
2023-07-23 02:00:00,61350.25,61575.08,61329.27,61452.17,11456
2023-07-23 03:00:00,60974.65,60974.65,60731.24,60852.95,11439
2023-07-23 04:00:00,60188.99,60188.99,60058.1,60068.85,8997
2023-07-23 05:00:00,60277.57,60519.16,60277.57,60398.37,7225
2023-07-23 06:00:00,60156.98,60156.98,58905.77,60036.91,11563
2023-07-23 07:00:00,60101.38,61481.81,59578.38,60695.46,8725
2023-07-23 08:00:00,61241.29,62426.9,61241.29,61364.01,13800
2023-07-23 09:00:00,60851.16,62924.28,60781.46,62263.65,7449
2023-07-23 10:00:00,62847.73,63455.09,60616.81,61742.5,7898
2023-07-23 11:00:00,62028.22,62198.32,61950.02,62074.17,11858
2023-07-23 12:00:00,62332.71,63321.61,61561.23,62500.25,10890
2023-07-23 13:00:00,62339.17,62339.17,62116.4,62214.74,11359
2023-07-23 14:00:00,61869.98,61869.98,61622.99,61746.48,9014
2023-07-23 15:00:00,62709.33,63089.85,62709.33,62791.51,8922
2023-07-23 16:00:00,62626.42,63073.21,62608.6,62947.31,12512
2023-07-23 17:00:00,63236.43,63489.88,63236.43,63363.15,15190
2023-07-23 18:00:00,62987.53,64653.97,62705.76,62831.42,11225
2023-07-23 19:00:00,62185.8,62185.8,61937.55,62061.67,15446
2023-07-23 20:00:00,61818.53,62317.32,59103.57,61729.01,8199
2023-07-23 21:00:00,61809.53,61809.53,61562.78,61686.15,4591
2023-07-23 22:00:00,61174.44,61174.44,60424.22,61052.34,12063
2023-07-23 23:00:00,60974.24,61111.94,60974.24,61096.43,12316
2023-07-24 00:00:00,60214.06,60214.06,59185.81,60093.87,10963
2023-07-24 01:00:00,59595.8,59595.8,58759.21,59476.85,11011
2023-07-24 02:00:00,59162.97,60172.3,58703.63,59965.93,8531
2023-07-24 03:00:00,60190.64,60412.79,60190.64,60409.3,9838
2023-07-24 04:00:00,60768.2,62114.16,60113.27,60233.74,11999
2023-07-24 05:00:00,59922.48,59922.48,59559.28,59678.63,13002
2023-07-24 06:00:00,59251.02,59251.02,59014.49,59132.76,5873
2023-07-24 07:00:00,58974.58,59250.79,57664.98,58997.93,9552
2023-07-24 08:00:00,59252.48,59597.83,59252.48,59478.87,12781
2023-07-24 09:00:00,60007.46,60247.97,60007.46,60127.72,8909
2023-07-24 10:00:00,60017.26,60017.26,59617.51,59897.47,7632
2023-07-24 11:00:00,59389.89,59389.89,59030.87,59271.35,10191
2023-07-24 12:00:00,59338.82,59960.93,59338.82,59525.12,7226
2023-07-24 13:00:00,59231.44,59231.44,58994.99,59113.22,15742
2023-07-24 14:00:00,58778.96,59909.05,58778.96,58896.75,16221
2023-07-24 15:00:00,59675.6,60213.89,59675.6,59795.19,10165
2023-07-24 16:00:00,60264.88,60506.42,60264.88,60385.65,7514
2023-07-24 17:00:00,60386.8,60678.89,60025.47,60557.77,9847
2023-07-24 18:00:00,60298.04,61232.72,59724.23,59843.92,8359
2023-07-24 19:00:00,59689.9,60178.86,59532.45,60058.74,7407
2023-07-24 20:00:00,60194.3,61239.32,60194.3,60792.13,12142
2023-07-24 21:00:00,61333.64,61581.25,60223.06,60628.33,20555
2023-07-24 22:00:00,60919.68,62180.3,60919.68,61537.03,7276
2023-07-24 23:00:00,61343.66,62528.07,60640.98,62403.27,7505
2023-07-25 00:00:00,62596.37,64285.37,62596.37,63500.45,13419
2023-07-25 01:00:00,63599.08,65023.67,63184.18,63713.08,11181
2023-07-25 02:00:00,64128.28,65521.76,63977.99,64106.2,6079
2023-07-25 03:00:00,64904.95,65165.09,64904.95,65035.02,9728
2023-07-25 04:00:00,65186.03,65447.3,65186.03,65316.67,12809
2023-07-25 05:00:00,65245.13,65245.13,64290.65,64961.88,9099
2023-07-25 06:00:00,64874.71,64874.71,64413.8,64652.61,10668
2023-07-25 07:00:00,64302.14,64934.31,63257.08,64804.7,11916
2023-07-25 08:00:00,64476.0,64669.22,63815.4,63943.29,15422
2023-07-25 09:00:00,63989.68,63989.68,63687.39,63861.96,10858
2023-07-25 10:00:00,64510.84,64719.57,64510.84,64590.38,13043
2023-07-25 11:00:00,63571.51,63571.51,63019.18,63145.47,9366
2023-07-25 12:00:00,64036.03,64861.89,64036.03,64164.36,6549
2023-07-25 13:00:00,64389.58,65361.64,64389.58,64907.73,10328
2023-07-25 14:00:00,64515.62,65392.47,64124.93,64596.0,7939
2023-07-25 15:00:00,64584.09,64993.09,63536.95,64954.56,10476
2023-07-25 16:00:00,64820.16,65079.96,64820.16,64950.06,7588
2023-07-25 17:00:00,65698.99,65890.09,65627.06,65758.58,7712
2023-07-25 18:00:00,65831.31,66526.8,65504.24,66394.01,8687
2023-07-25 19:00:00,65880.38,65880.38,65275.91,65406.72,11238
2023-07-25 20:00:00,65331.12,65913.15,65331.12,65781.59,9657
2023-07-25 21:00:00,65694.17,65748.95,64933.72,65617.72,10803
2023-07-25 22:00:00,65567.29,66109.95,65567.29,65650.8,13915
2023-07-25 23:00:00,65704.72,66826.24,63686.04,65140.38,9062
2023-07-26 00:00:00,66080.98,67411.66,66080.98,66292.38,11786
2023-07-26 01:00:00,66825.59,67093.43,66825.59,66959.51,13356
2023-07-26 02:00:00,66535.45,66535.45,66081.06,66402.64,12501
2023-07-26 03:00:00,65590.01,65590.01,65388.03,65459.09,9712
2023-07-26 04:00:00,64902.6,65750.24,64902.6,65184.19,6894
2023-07-26 05:00:00,65246.01,66615.69,65025.58,65461.93,10154
2023-07-26 06:00:00,65569.6,65735.78,64948.12,65604.57,11410
2023-07-26 07:00:00,66152.58,68803.13,65748.16,66423.43,7883
2023-07-26 08:00:00,66898.03,67611.46,66898.03,66920.24,9999
2023-07-26 09:00:00,67397.38,67667.51,67397.38,67532.45,11109
2023-07-26 10:00:00,67860.58,68662.83,67556.88,67692.27,12020
2023-07-26 11:00:00,66797.45,66797.45,65678.39,66664.13,6974
2023-07-26 12:00:00,66685.44,66685.44,65562.46,66487.38,8530
2023-07-26 13:00:00,66699.33,67463.93,66699.33,67167.46,14352
2023-07-26 14:00:00,67367.27,67977.47,66942.33,67076.49,8134
2023-07-26 15:00:00,67503.18,67503.18,67233.71,67368.45,11339
2023-07-26 16:00:00,67738.25,68275.82,66359.4,67089.88,9239
2023-07-26 17:00:00,66769.72,66769.72,65768.46,66331.77,13540
2023-07-26 18:00:00,66346.91,66346.91,66082.06,66214.48,9078
2023-07-26 19:00:00,66259.23,66464.91,66259.23,66392.01,10088
2023-07-26 20:00:00,66130.11,67986.41,64376.41,65913.14,11521
2023-07-26 21:00:00,65787.19,65862.88,65166.45,65731.42,13401
2023-07-26 22:00:00,65503.62,65954.22,63244.1,65082.58,8391
2023-07-26 23:00:00,65229.55,65953.81,64541.06,65822.17,8488
2023-07-27 00:00:00,65501.92,66380.8,65405.12,65604.74,15285
2023-07-27 01:00:00,66430.0,68178.34,66430.0,66563.13,7357
2023-07-27 02:00:00,67430.99,68854.38,67430.99,67566.12,8219
2023-07-27 03:00:00,67354.75,68117.5,66061.17,67452.84,7371
2023-07-27 04:00:00,66836.63,66836.63,65782.66,66703.22,5966
2023-07-27 05:00:00,65866.04,65866.04,65115.56,65246.06,11310
2023-07-27 06:00:00,64390.52,64390.52,63283.31,64262.0,11723
2023-07-27 07:00:00,63505.75,63505.75,63252.23,63378.99,10096
2023-07-27 08:00:00,64179.47,64436.71,64179.47,64308.09,9234
2023-07-27 09:00:00,64433.01,64531.18,64273.57,64402.38,7197
2023-07-27 10:00:00,65108.22,65262.11,63047.2,64673.8,8863
2023-07-27 11:00:00,64402.57,64402.57,63091.49,63217.93,7696
2023-07-27 12:00:00,63366.54,63462.84,62342.99,62484.85,10408
2023-07-27 13:00:00,62437.08,63417.46,62075.96,63105.05,9288
2023-07-27 14:00:00,63269.0,63457.86,63269.0,63331.2,10834
2023-07-27 15:00:00,63365.6,63365.6,63146.29,63272.83,10372
2023-07-27 16:00:00,63548.11,64025.19,63548.11,63675.47,9179
2023-07-27 17:00:00,64115.65,65289.7,63034.93,64766.86,11342
2023-07-27 18:00:00,64900.43,65748.21,64497.46,64626.71,5226
2023-07-27 19:00:00,64553.77,65020.49,64553.77,64683.14,5904
2023-07-27 20:00:00,65349.83,65463.76,63411.35,64820.41,11259
2023-07-27 21:00:00,66242.09,67955.83,66242.09,66410.28,10290
2023-07-27 22:00:00,66134.6,66134.6,62778.86,64959.89,13307
2023-07-27 23:00:00,64862.74,65462.4,64819.66,65417.41,11350
2023-07-28 00:00:00,64860.79,66721.51,64616.17,65335.7,21843
2023-07-28 01:00:00,65724.07,66569.68,65127.88,65710.61,13246
2023-07-28 02:00:00,65929.86,65935.86,64595.45,65258.2,14572
2023-07-28 03:00:00,65355.49,65355.79,65094.89,65225.34,10938
2023-07-28 04:00:00,65567.3,65941.31,65567.3,65698.7,10091
2023-07-28 05:00:00,67391.79,68300.4,67391.79,67776.16,10967
2023-07-28 06:00:00,67731.32,68713.96,67699.39,68278.22,4007
2023-07-28 07:00:00,67821.5,69048.63,67484.84,67620.08,8286
2023-07-28 08:00:00,67781.85,68940.07,65909.23,67276.47,8949
2023-07-28 09:00:00,67181.2,67534.47,66771.55,66921.99,11452
2023-07-28 10:00:00,65791.94,65791.94,63706.33,65660.62,7375
2023-07-28 11:00:00,65563.94,65563.94,65302.21,65433.07,11231
2023-07-28 12:00:00,65788.8,66633.33,65788.8,65920.64,7528
2023-07-28 13:00:00,65811.18,65811.18,64920.45,65050.55,10603
2023-07-28 14:00:00,65461.24,66326.92,65461.24,65752.02,10165
2023-07-28 15:00:00,66046.62,66201.2,66046.62,66069.06,8832
2023-07-28 16:00:00,65778.27,66575.3,65425.85,65556.97,7615
2023-07-28 17:00:00,65214.2,66093.47,64683.83,65457.08,17049
2023-07-28 18:00:00,65200.59,66653.88,64801.01,66520.83,11804
2023-07-28 19:00:00,66857.38,67266.25,66857.38,66991.36,10841
2023-07-28 20:00:00,67227.08,68294.15,66097.03,66959.82,5886
2023-07-28 21:00:00,66731.93,68722.26,66627.22,66760.74,12854
2023-07-28 22:00:00,66560.5,68296.45,65289.47,66780.68,15223
2023-07-28 23:00:00,66665.57,66665.57,66266.37,66399.17,13327
2023-07-29 00:00:00,65643.21,65643.21,64857.29,64948.65,12757
2023-07-29 01:00:00,64878.16,67234.27,64878.16,66310.0,12968
2023-07-29 02:00:00,66037.46,66785.92,64227.34,66393.21,11283
2023-07-29 03:00:00,66344.26,67517.38,65857.02,66641.04,7853
2023-07-29 04:00:00,66548.5,68095.68,66548.5,66573.87,7082
2023-07-29 05:00:00,66180.29,66180.29,65916.1,66048.2,8959
2023-07-29 06:00:00,66012.86,66040.51,65087.92,65908.69,10185
2023-07-29 07:00:00,65030.62,65030.62,63399.45,64821.56,8607
2023-07-29 08:00:00,65442.03,66474.13,65442.03,66341.45,11581
2023-07-29 09:00:00,65730.07,66559.94,64577.76,65484.38,7485
2023-07-29 10:00:00,64921.97,64921.97,63401.19,64792.38,8559
2023-07-29 11:00:00,64693.29,64693.29,62913.2,64514.74,16686
2023-07-29 12:00:00,64730.43,66980.08,64613.41,65382.35,12388
2023-07-29 13:00:00,65546.09,65546.09,65370.05,65392.6,13187
2023-07-29 14:00:00,64697.63,64697.63,64439.36,64568.5,13159
2023-07-29 15:00:00,64760.82,67118.44,62683.35,65414.59,11371
2023-07-29 16:00:00,65249.05,67117.39,64593.87,65904.34,13759
2023-07-29 17:00:00,66124.69,66389.72,66124.69,66257.21,9523
2023-07-29 18:00:00,65998.77,67498.02,65408.01,66724.65,10118
2023-07-29 19:00:00,68191.5,68464.82,68191.5,68328.16,12787
2023-07-29 20:00:00,69648.96,69928.12,69648.96,69788.54,15411
2023-07-29 21:00:00,69500.44,70587.87,68420.76,69201.96,11718
2023-07-29 22:00:00,70090.12,70404.81,70090.12,70264.28,9380
2023-07-29 23:00:00,70569.5,70569.5,69373.94,70428.65,12764
2023-07-30 00:00:00,70730.59,70813.28,69531.49,70671.93,13427
2023-07-30 01:00:00,69470.4,69470.4,69193.07,69331.74,5640
2023-07-30 02:00:00,69263.05,69263.05,68776.24,69124.8,6796
2023-07-30 03:00:00,68607.75,68607.75,67625.59,68470.81,8643
2023-07-30 04:00:00,69054.6,69054.6,68846.92,68984.89,13051
2023-07-30 05:00:00,68950.5,71246.85,68950.5,69661.84,13373
2023-07-30 06:00:00,68280.64,68280.64,67956.74,68092.92,12314
2023-07-30 07:00:00,67968.06,68047.96,67348.36,68022.71,11631
2023-07-30 08:00:00,68165.14,69753.82,68165.14,68749.24,11551
2023-07-30 09:00:00,69371.85,69515.2,68413.25,68550.35,9212
2023-07-30 10:00:00,68911.77,70715.64,68911.77,68997.59,8278
2023-07-30 11:00:00,69033.49,69862.82,69033.49,69171.83,8031
2023-07-30 12:00:00,68521.59,69474.56,68229.95,69335.89,5443
2023-07-30 13:00:00,69200.98,69200.98,68924.73,69062.86,6711
2023-07-30 14:00:00,68266.73,68266.73,67386.55,68130.47,13669
2023-07-30 15:00:00,68224.69,68224.69,66725.06,67298.27,8291
2023-07-30 16:00:00,67770.81,68031.03,67485.52,67752.22,11611
2023-07-30 17:00:00,67639.38,67857.95,66746.73,67722.5,6292
2023-07-30 18:00:00,67719.85,67719.85,67236.29,67584.68,12135
2023-07-30 19:00:00,67172.06,67555.42,65407.76,67253.87,8390
2023-07-30 20:00:00,67169.99,67871.72,66880.95,67014.98,20531
2023-07-30 21:00:00,67571.9,69496.38,67571.9,67707.32,11589
2023-07-30 22:00:00,67351.42,68029.2,65408.67,67436.86,9414
2023-07-30 23:00:00,66809.92,66809.92,66159.39,66482.95,5450
2023-07-31 00:00:00,66840.87,67688.36,66840.87,66979.38,13344
2023-07-31 01:00:00,66954.71,66954.71,66383.16,66821.06,7819
2023-07-31 02:00:00,66799.44,66961.51,65471.55,66827.86,9299
2023-07-31 03:00:00,67034.68,68095.11,67034.68,67909.98,11099
2023-07-31 04:00:00,67720.34,67890.13,67720.34,67856.05,5508
2023-07-31 05:00:00,67899.45,68154.56,67404.86,68018.52,9408
2023-07-31 06:00:00,67293.31,67293.31,65354.38,67158.99,11276
2023-07-31 07:00:00,66641.28,67121.34,66421.14,66987.37,7677
2023-07-31 08:00:00,67253.11,67635.65,67253.11,67387.89,15276
2023-07-31 09:00:00,66424.9,66424.9,66159.73,66292.32,10432
2023-07-31 10:00:00,66183.2,67556.84,65607.19,66428.37,7055
2023-07-31 11:00:00,66792.99,67627.01,66361.74,66494.73,10871
2023-07-31 12:00:00,66822.96,67819.7,65574.33,66519.53,9076
2023-07-31 13:00:00,67293.77,67424.29,67085.64,67220.08,12859
2023-07-31 14:00:00,67272.85,68557.92,66676.88,67430.8,9830
2023-07-31 15:00:00,68070.76,70075.91,68070.76,68425.82,6943
2023-07-31 16:00:00,68717.96,69310.3,66609.41,67687.05,8294
2023-07-31 17:00:00,68037.83,68585.3,66572.06,67753.61,13155
2023-07-31 18:00:00,67919.0,67919.0,67647.87,67783.43,7656
2023-07-31 19:00:00,67149.97,67149.97,65737.97,67015.93,7313
2023-07-31 20:00:00,67524.41,68801.28,67524.41,67659.73,8666
2023-07-31 21:00:00,69101.91,69378.87,69101.91,69240.39,6354
2023-07-31 22:00:00,69029.64,69552.03,69029.64,69167.98,9328
2023-07-31 23:00:00,69327.28,69605.15,69327.28,69466.22,8133
2023-08-01 00:00:00,69616.69,69616.69,69037.15,69461.78,14562
2023-08-01 01:00:00,69567.75,70362.43,68289.98,68891.3,16388
2023-08-01 02:00:00,69095.31,69310.43,66469.95,67560.28,12614
2023-08-01 03:00:00,67208.64,68188.0,66920.94,67055.05,8221
2023-08-01 04:00:00,66308.31,67193.22,66043.59,66095.11,6163
2023-08-01 05:00:00,67124.26,68129.01,67124.26,67258.78,14045
2023-08-01 06:00:00,67070.35,67171.36,65936.81,67168.49,6980
2023-08-01 07:00:00,67055.57,67055.57,64844.91,66921.72,12045
2023-08-01 08:00:00,67339.62,67660.0,67339.62,67524.95,12390
2023-08-01 09:00:00,66868.0,66868.0,66601.06,66734.53,9483
2023-08-01 10:00:00,66224.22,66345.4,65656.09,66212.97,16468
2023-08-01 11:00:00,66404.91,66404.91,64873.04,66272.36,11126
2023-08-01 12:00:00,66651.26,67115.56,66651.26,66981.6,6176
2023-08-01 13:00:00,67405.73,67456.61,67093.36,67321.96,9507
2023-08-01 14:00:00,67570.1,67570.1,66455.1,67482.69,13193
2023-08-01 15:00:00,67434.4,68525.74,67434.4,67523.69,13945
2023-08-01 16:00:00,67675.1,68048.75,67269.95,67787.09,10784
2023-08-01 17:00:00,67378.45,68044.77,67378.45,67908.95,10665
2023-08-01 18:00:00,67952.62,68716.91,65164.28,67175.12,12919
2023-08-01 19:00:00,66804.9,68228.67,66250.3,67204.12,8635
2023-08-01 20:00:00,66795.53,67851.83,64561.38,66465.17,8929
2023-08-01 21:00:00,66666.79,66666.79,66292.53,66533.72,7038
2023-08-01 22:00:00,66273.06,66273.06,66012.93,66219.78,6253
2023-08-01 23:00:00,67105.6,68092.51,67105.6,67956.59,12060
2023-08-02 00:00:00,67786.62,68046.65,67312.73,67910.83,18139
2023-08-02 01:00:00,67415.04,67415.04,65638.54,66920.85,9253
2023-08-02 02:00:00,66987.93,67398.76,66701.3,66834.97,9497
2023-08-02 03:00:00,66864.06,67260.15,66864.06,67195.64,10061
2023-08-02 04:00:00,68008.0,68478.59,66442.52,68341.91,11248
2023-08-02 05:00:00,68120.82,68120.82,67322.04,67903.76,7168
2023-08-02 06:00:00,66923.69,66923.69,65635.81,66790.11,7881
2023-08-02 07:00:00,67052.18,68669.29,67052.18,67354.54,11528
2023-08-02 08:00:00,67654.37,67654.37,65269.52,66400.16,6249
2023-08-02 09:00:00,65933.85,66362.39,65381.43,66121.25,7757
2023-08-02 10:00:00,65947.73,66103.67,65579.31,65971.73,10261
2023-08-02 11:00:00,65876.38,66085.5,65283.98,65953.59,10623
2023-08-02 12:00:00,66313.13,67491.4,66313.13,66446.02,11491
2023-08-02 13:00:00,66507.85,66507.85,65491.59,66001.09,7890
2023-08-02 14:00:00,65976.57,65976.57,64618.7,65844.88,9243
2023-08-02 15:00:00,66029.8,66335.17,65398.46,65866.73,10340
2023-08-02 16:00:00,65866.23,66128.32,65866.23,65998.23,11292
2023-08-02 17:00:00,65788.19,66118.03,65788.19,66092.97,9589
2023-08-02 18:00:00,66281.96,66547.62,66281.96,66414.79,13188
2023-08-02 19:00:00,66873.7,67141.73,66873.7,67007.71,11970
2023-08-02 20:00:00,67363.7,67363.7,65636.85,67284.33,12698
2023-08-02 21:00:00,67557.2,68311.34,66746.22,67598.34,6825
2023-08-02 22:00:00,66635.85,66635.85,64744.85,66502.85,8053
2023-08-02 23:00:00,66286.77,66691.59,65968.99,66558.47,5408
2023-08-03 00:00:00,66437.61,67297.46,66437.61,66903.94,15744
2023-08-03 01:00:00,67271.06,67548.94,67271.06,67414.11,6463
2023-08-03 02:00:00,67116.48,67116.48,66804.49,66938.36,6853
2023-08-03 03:00:00,66488.6,66632.59,66488.6,66499.59,6669
2023-08-03 04:00:00,66992.84,68287.27,65998.93,66131.19,13801
2023-08-03 05:00:00,66257.24,67115.45,66014.76,66522.74,15759
2023-08-03 06:00:00,67211.95,68279.87,67211.95,67245.43,11641
2023-08-03 07:00:00,67010.76,67103.76,66835.88,66969.82,9020
2023-08-03 08:00:00,66950.76,67734.68,66950.76,67599.48,17417
2023-08-03 09:00:00,67544.45,67815.17,67544.45,67679.81,10243
2023-08-03 10:00:00,67206.83,68083.96,65507.85,67587.28,7722
2023-08-03 11:00:00,67571.57,67571.57,67319.45,67436.7,7341
2023-08-03 12:00:00,67403.16,68280.82,67314.28,67950.38,8617
2023-08-03 13:00:00,68213.46,68867.14,68027.71,68164.04,15244
2023-08-03 14:00:00,68815.57,69871.01,68815.57,69731.54,16768
2023-08-03 15:00:00,69580.0,69955.02,67803.37,69073.87,11453
2023-08-03 16:00:00,68973.62,69439.33,68362.77,69402.53,10266
2023-08-03 17:00:00,69121.64,69121.64,68845.7,68983.67,9882
2023-08-03 18:00:00,69321.82,69603.55,68004.39,68337.54,7864
2023-08-03 19:00:00,68172.57,68957.74,68172.57,68309.19,9573
2023-08-03 20:00:00,68427.55,68427.55,68247.36,68384.13,7632
2023-08-03 21:00:00,70258.32,70546.9,70258.32,70399.12,12816
2023-08-03 22:00:00,70206.47,70206.47,70058.47,70198.86,10118
2023-08-03 23:00:00,69764.18,69764.18,68641.85,69326.99,12321
2023-08-04 00:00:00,69082.72,70420.15,69082.72,69479.46,11061
2023-08-04 01:00:00,68888.68,68888.68,66762.75,67964.24,15958
2023-08-04 02:00:00,68028.9,68028.9,67400.48,67893.12,10589
2023-08-04 03:00:00,68036.04,68036.04,67689.38,67900.24,9501
2023-08-04 04:00:00,68309.76,69265.53,68309.76,68446.65,12317
2023-08-04 05:00:00,68609.0,69247.18,67922.53,69108.97,9960
2023-08-04 06:00:00,68856.78,68856.78,68581.91,68719.35,9642
2023-08-04 07:00:00,68642.83,68804.06,67167.97,68589.59,10727
2023-08-04 08:00:00,68215.66,68215.66,67458.75,68032.43,10312
2023-08-04 09:00:00,67107.03,70054.36,67107.03,67241.51,7235
2023-08-04 10:00:00,67046.1,68204.31,66610.05,67463.44,7109
2023-08-04 11:00:00,66723.77,66723.77,66584.52,66590.58,7437
2023-08-04 12:00:00,66736.4,67332.62,64947.87,66332.26,11399
2023-08-04 13:00:00,65819.4,65819.4,64453.11,65688.03,8538
2023-08-04 14:00:00,65967.68,66109.3,65967.68,66099.88,7673
2023-08-04 15:00:00,66387.4,67497.22,66202.97,67349.3,17004
2023-08-04 16:00:00,66594.01,66594.01,66230.63,66461.09,10173
2023-08-04 17:00:00,65976.41,65976.41,65086.1,65231.3,10948
2023-08-04 18:00:00,65760.87,66500.09,65071.56,65201.96,6127
2023-08-04 19:00:00,64916.5,65834.4,64437.29,65267.5,15326
2023-08-04 20:00:00,65379.63,65597.5,64924.95,65466.57,5277
2023-08-04 21:00:00,65766.12,66736.95,65085.49,65215.92,11788
2023-08-04 22:00:00,65265.41,65265.41,63889.22,65135.14,13295
2023-08-04 23:00:00,65302.75,66071.71,65302.75,65433.62,8625
2023-08-05 00:00:00,65694.79,68858.17,65694.79,66176.85,14509
2023-08-05 01:00:00,65057.63,65057.63,64678.22,64891.38,12414
2023-08-05 02:00:00,65021.34,65612.03,63139.66,64709.89,7572
2023-08-05 03:00:00,64896.01,65049.57,64896.01,64919.73,12190
2023-08-05 04:00:00,64483.4,65313.8,64247.69,64376.44,20483
2023-08-05 05:00:00,65458.64,65762.41,65458.64,65589.82,9327
2023-08-05 06:00:00,65346.23,65346.23,64177.53,65215.79,9134
2023-08-05 07:00:00,65118.42,66730.73,65118.42,65248.91,8725
2023-08-05 08:00:00,65549.21,65811.94,65549.21,65680.57,10198
2023-08-05 09:00:00,65399.31,65838.68,64835.47,65336.44,10203
2023-08-05 10:00:00,64293.3,64293.3,64036.64,64164.97,10680
2023-08-05 11:00:00,64095.41,64095.41,63920.75,63967.47,8547
2023-08-05 12:00:00,64461.25,66083.62,62843.22,64727.53,14799
2023-08-05 13:00:00,64243.71,64708.02,63534.4,64578.86,13527
2023-08-05 14:00:00,64216.31,64226.39,63517.68,64098.19,17380
2023-08-05 15:00:00,64619.64,64920.1,64619.64,64790.52,8990
2023-08-05 16:00:00,64774.32,64774.32,64093.03,64645.03,9101
2023-08-05 17:00:00,64888.78,66148.26,63441.59,64385.19,6133
2023-08-05 18:00:00,64029.81,64694.87,63581.48,64565.74,11343
2023-08-05 19:00:00,65209.96,65240.49,62730.18,65152.71,10588
2023-08-05 20:00:00,66670.06,67005.25,66670.06,66803.66,9235
2023-08-05 21:00:00,67265.96,67535.57,67265.96,67400.77,14648
2023-08-05 22:00:00,67552.32,68355.81,67552.32,68219.37,7185
2023-08-05 23:00:00,67961.64,67961.64,67459.56,67869.07,18639
2023-08-06 00:00:00,66976.79,67977.66,66976.79,67167.97,12993
2023-08-06 01:00:00,66895.77,70457.73,66844.65,67235.91,10769
2023-08-06 02:00:00,67468.61,67468.61,67199.28,67333.94,8258
2023-08-06 03:00:00,66748.7,66748.7,66335.99,66615.47,6416
2023-08-06 04:00:00,66667.62,66667.62,65749.1,66534.55,14283
2023-08-06 05:00:00,66712.49,68447.79,66712.49,66846.18,7769
2023-08-06 06:00:00,66991.57,68662.45,66991.57,67125.82,7678
2023-08-06 07:00:00,67256.22,67634.83,65219.66,67499.83,7022
2023-08-06 08:00:00,67557.35,67856.5,67557.35,67721.06,8171
2023-08-06 09:00:00,67218.78,69124.03,65641.24,67386.54,11615
2023-08-06 10:00:00,67022.98,67191.0,66186.57,67056.89,11095
2023-08-06 11:00:00,66691.62,66691.62,66188.14,66268.53,8235
2023-08-06 12:00:00,67389.75,67562.18,67389.75,67524.8,14096
2023-08-06 13:00:00,67421.3,68271.57,67421.3,67556.41,8153
2023-08-06 14:00:00,67670.41,68155.87,67101.48,67423.25,13660
2023-08-06 15:00:00,67427.25,67835.73,65515.78,66809.51,7933
2023-08-06 16:00:00,66876.48,68987.63,66876.48,68849.93,6717
2023-08-06 17:00:00,68695.9,68695.9,67952.91,68089.09,10605
2023-08-06 18:00:00,67795.37,69566.85,67667.23,67802.84,10388
2023-08-06 19:00:00,67334.96,70314.84,66787.84,68108.44,12716
2023-08-06 20:00:00,67783.49,68673.09,67783.49,68536.02,5880
2023-08-06 21:00:00,69067.73,69344.55,69067.73,69206.14,5606
2023-08-06 22:00:00,70326.05,71929.97,70326.05,70466.98,8897
2023-08-06 23:00:00,70927.46,70927.46,70719.67,70785.89,8550
2023-08-07 00:00:00,70109.35,70109.35,69829.47,69969.41,9941
2023-08-07 01:00:00,69881.51,70662.84,69660.51,69752.11,7869
2023-08-07 02:00:00,69411.7,70083.22,69088.52,69943.33,11304
2023-08-07 03:00:00,71245.1,72905.81,71245.1,71387.87,13054
2023-08-07 04:00:00,70826.52,70826.52,70161.94,70302.54,14569
2023-08-07 05:00:00,70715.65,72542.51,70715.65,71125.41,14319
2023-08-07 06:00:00,71153.78,71338.79,70896.05,71196.4,7215
2023-08-07 07:00:00,71600.49,72434.51,71600.49,71743.98,11184
2023-08-07 08:00:00,71873.21,73311.4,70944.77,71594.65,8592
2023-08-07 09:00:00,71051.88,71051.88,70768.24,70910.06,11929
2023-08-07 10:00:00,71500.57,71697.94,71259.37,71402.17,13837
2023-08-07 11:00:00,71674.14,72397.75,71674.14,71817.77,9629
2023-08-07 12:00:00,72336.49,73211.22,72336.49,72458.6,14748
2023-08-07 13:00:00,72467.83,72467.83,69963.28,72361.21,8282
2023-08-07 14:00:00,72258.25,72258.25,71688.81,71832.47,17697
2023-08-07 15:00:00,70758.16,70758.16,70475.69,70616.92,22999
2023-08-07 16:00:00,70763.26,72554.42,70763.26,71166.21,4677
2023-08-07 17:00:00,71431.47,72356.44,71276.57,71419.4,4940
2023-08-07 18:00:00,70797.49,70797.49,70514.87,70656.18,9932
2023-08-07 19:00:00,70729.36,71587.06,68926.26,70226.58,9536
2023-08-07 20:00:00,70815.44,71314.74,69085.39,69860.67,9732
2023-08-07 21:00:00,68918.23,68918.23,67505.16,68780.67,11287
2023-08-07 22:00:00,68345.81,68345.81,67165.3,68209.39,3854
2023-08-07 23:00:00,67571.55,67571.55,65884.72,67436.68,10866
2023-08-08 00:00:00,67321.53,67321.53,66687.72,67187.16,10058
2023-08-08 01:00:00,66862.41,68728.13,66587.01,66720.45,18054
2023-08-08 02:00:00,66133.56,66133.56,65531.33,65662.66,11237
2023-08-08 03:00:00,66720.23,67726.82,66720.23,67090.68,18352
2023-08-08 04:00:00,67854.23,68126.19,67854.23,67990.21,4639
2023-08-08 05:00:00,68197.02,68197.02,67336.4,67471.35,11772
2023-08-08 06:00:00,67560.18,68784.71,66877.72,67693.14,12451
2023-08-08 07:00:00,67850.61,69594.15,67850.61,68009.91,9951
2023-08-08 08:00:00,68721.63,68997.07,68721.63,68859.35,11357
2023-08-08 09:00:00,68344.99,68579.05,66494.01,68287.56,7773
2023-08-08 10:00:00,68926.84,69203.1,68926.84,69064.97,11899
2023-08-08 11:00:00,69062.53,70188.96,68540.75,68678.1,8317
2023-08-08 12:00:00,68461.48,68461.48,66851.27,67751.25,13646
2023-08-08 13:00:00,68146.77,68701.95,68146.77,68283.34,9043
2023-08-08 14:00:00,68944.56,69928.19,68743.26,69203.01,8275
2023-08-08 15:00:00,69984.0,71786.26,69984.0,71031.06,6289
2023-08-08 16:00:00,70760.45,70760.45,69346.95,70117.33,11834
2023-08-08 17:00:00,70322.39,70964.11,68889.96,70595.36,8357
2023-08-08 18:00:00,70151.21,70406.74,70125.68,70266.21,5383
2023-08-08 19:00:00,69995.2,72393.16,69995.2,70803.13,7924
2023-08-08 20:00:00,69842.21,69842.21,69563.4,69702.81,6758
2023-08-08 21:00:00,69782.25,70011.87,68123.34,68793.8,9241
2023-08-08 22:00:00,68890.84,70533.65,66734.71,68260.01,16415
2023-08-08 23:00:00,68474.42,68474.42,67360.06,68337.74,13649
2023-08-09 00:00:00,68047.29,68047.29,67775.65,67911.47,11765
2023-08-09 01:00:00,68263.02,70131.99,68263.02,68399.82,8257
2023-08-09 02:00:00,68508.62,72153.37,68111.42,69137.09,12187
2023-08-09 03:00:00,69425.03,70354.38,69425.03,69564.16,9816
2023-08-09 04:00:00,70351.09,72565.82,70351.09,70707.34,10868
2023-08-09 05:00:00,70832.36,72167.72,70832.36,70974.31,5808
2023-08-09 06:00:00,70193.63,70193.63,67909.49,70053.53,4986
2023-08-09 07:00:00,70940.23,71053.4,70940.23,71010.78,11691
2023-08-09 08:00:00,70895.91,71697.14,70390.31,70531.37,9936
2023-08-09 09:00:00,71015.65,71300.29,71015.65,71157.97,13906
2023-08-09 10:00:00,72206.67,72401.21,72206.67,72256.7,14222
2023-08-09 11:00:00,72455.35,72666.91,71950.25,72521.86,16988
2023-08-09 12:00:00,71508.22,71508.22,70485.79,71335.76,12875
2023-08-09 13:00:00,71521.64,72285.2,69125.2,70618.29,7681
2023-08-09 14:00:00,71397.97,71684.13,71397.97,71541.05,8740
2023-08-09 15:00:00,71444.48,73113.0,70756.8,71365.93,9946
2023-08-09 16:00:00,71233.57,71519.07,71233.57,71376.32,8054
2023-08-09 17:00:00,71739.36,72026.89,71739.36,71883.12,8020
2023-08-09 18:00:00,72190.43,72479.77,72190.43,72335.1,8499
2023-08-09 19:00:00,72385.28,72616.81,70672.24,72471.87,14779
2023-08-09 20:00:00,72260.94,72389.3,72100.32,72244.81,7206
2023-08-09 21:00:00,72441.11,72896.91,71803.02,71946.91,9133
2023-08-09 22:00:00,72371.67,72661.74,72371.67,72516.71,8026
2023-08-09 23:00:00,72706.56,73002.82,72706.56,72852.27,15897
2023-08-10 00:00:00,72837.15,74185.83,72577.12,72579.04,11460
2023-08-10 01:00:00,73159.8,73453.02,73159.8,73306.41,11702
2023-08-10 02:00:00,73390.97,75215.12,72970.52,73116.75,8722
2023-08-10 03:00:00,72524.93,72524.93,70941.73,72392.54,5319
2023-08-10 04:00:00,72428.07,73018.78,71617.57,71761.09,8914
2023-08-10 05:00:00,71185.17,71185.17,68887.48,70989.52,9651
2023-08-10 06:00:00,71071.66,72576.86,70614.89,70756.4,11528
2023-08-10 07:00:00,70917.5,71760.07,70917.5,71616.83,9582
2023-08-10 08:00:00,71119.39,71119.39,70463.85,70977.44,20249
2023-08-10 09:00:00,70923.23,71222.69,70145.01,71080.53,15864
2023-08-10 10:00:00,71102.2,72444.98,70426.99,70568.13,12577
2023-08-10 11:00:00,70174.68,70497.66,69772.87,70356.95,11675
2023-08-10 12:00:00,69502.31,69502.31,69116.13,69254.64,13137
2023-08-10 13:00:00,69217.71,69244.61,68637.83,69106.4,5496
2023-08-10 14:00:00,69300.28,69585.98,68595.35,68981.57,18639
2023-08-10 15:00:00,69457.87,69922.34,69237.64,69376.39,11658
2023-08-10 16:00:00,69506.26,69680.52,67621.92,69541.44,8890
2023-08-10 17:00:00,69536.46,70223.27,67998.88,68694.54,7490
2023-08-10 18:00:00,68402.06,69616.51,68286.54,69477.56,10616
2023-08-10 19:00:00,69767.94,69770.83,69492.3,69631.57,13981
2023-08-10 20:00:00,69675.17,69867.07,69675.17,69773.81,22130
2023-08-10 21:00:00,69510.76,69861.84,68925.34,69766.46,11261
2023-08-10 22:00:00,69502.63,71083.97,69257.77,69396.57,7971
2023-08-10 23:00:00,69418.87,71066.98,69418.87,69557.99,14505
2023-08-11 00:00:00,69206.86,70038.75,68804.83,69898.95,11882
2023-08-11 01:00:00,68670.04,68670.04,68511.1,68648.39,8233
2023-08-11 02:00:00,68596.57,68596.57,66719.89,68295.4,14199
2023-08-11 03:00:00,68121.53,68723.73,68067.5,68149.34,6592
2023-08-11 04:00:00,68837.44,68880.84,68225.71,68362.44,9192
2023-08-11 05:00:00,69086.97,69713.65,69086.97,69225.42,8379
2023-08-11 06:00:00,68828.25,68828.25,67943.7,68690.87,15705
2023-08-11 07:00:00,68634.8,68634.8,68084.16,68365.39,10362
2023-08-11 08:00:00,68175.69,68175.69,67058.25,68039.61,8511
2023-08-11 09:00:00,67657.36,67657.36,67238.16,67522.32,7893
2023-08-11 10:00:00,67604.97,68252.87,66883.35,67334.15,13451
2023-08-11 11:00:00,67639.85,68053.7,66800.94,67917.86,10508
2023-08-11 12:00:00,67615.76,67643.95,67094.15,67228.61,14116
2023-08-11 13:00:00,67444.22,68613.13,67444.22,67579.38,14325
2023-08-11 14:00:00,66588.06,66588.06,66322.24,66455.15,12239
2023-08-11 15:00:00,66280.21,66280.21,66015.61,66147.91,15365
2023-08-11 16:00:00,65967.19,66139.18,65875.16,66007.17,11052
2023-08-11 17:00:00,67087.15,67356.04,67087.15,67221.6,7244
2023-08-11 18:00:00,67212.66,67391.14,66959.94,67094.13,7903
2023-08-11 19:00:00,66541.29,66870.1,65520.32,65651.62,8200
2023-08-11 20:00:00,64445.29,64445.29,63699.95,64406.09,17417
2023-08-11 21:00:00,64417.92,64676.11,64417.92,64547.02,11580
2023-08-11 22:00:00,64936.97,65197.24,64936.97,65067.1,6868
2023-08-11 23:00:00,64961.98,66084.66,64607.45,65421.96,17962
2023-08-12 00:00:00,65500.89,65964.49,65500.89,65632.15,6754
2023-08-12 01:00:00,65402.9,66622.3,64817.0,66503.32,11642
2023-08-12 02:00:00,66300.29,66300.29,66079.73,66212.15,7032
2023-08-12 03:00:00,66089.49,67032.52,64511.86,66898.72,13237
2023-08-12 04:00:00,67358.06,67523.75,65843.71,65853.11,12473
2023-08-12 05:00:00,65067.76,65636.53,64540.13,65335.22,14729
2023-08-12 06:00:00,64372.25,64372.25,64102.38,64230.84,20950
2023-08-12 07:00:00,64161.95,64300.1,63312.96,64171.76,10532
2023-08-12 08:00:00,63593.11,64389.19,63574.24,64263.79,8270
2023-08-12 09:00:00,63712.1,65692.25,63416.02,64460.0,7713
2023-08-12 10:00:00,64369.81,64726.05,63688.37,64618.12,8021
2023-08-12 11:00:00,65285.91,65285.91,63994.09,64122.33,9712
2023-08-12 12:00:00,64247.7,64251.83,63995.34,64123.58,7612
2023-08-12 13:00:00,63548.46,63987.53,63143.12,63269.66,8405
2023-08-12 14:00:00,64163.19,64668.19,64163.19,64291.77,8527
2023-08-12 15:00:00,64086.77,64343.63,64086.77,64215.2,7927
2023-08-12 16:00:00,63971.61,65563.31,63889.9,64017.94,6997
2023-08-12 17:00:00,65064.34,66200.42,65064.34,65183.81,11290
2023-08-12 18:00:00,64752.23,64815.34,64354.41,64462.8,7513
2023-08-12 19:00:00,64585.96,64751.27,63715.47,63843.15,8868
2023-08-12 20:00:00,64177.29,64177.29,62719.81,63261.4,8563
2023-08-12 21:00:00,63488.26,63488.26,63027.52,63361.54,9994
2023-08-12 22:00:00,63446.47,64010.77,63217.36,63783.37,10049
2023-08-12 23:00:00,64329.88,64528.91,64329.88,64400.11,20347
2023-08-13 00:00:00,65181.33,66346.07,65181.33,66213.64,8012
2023-08-13 01:00:00,64908.19,64908.19,63188.1,64778.64,8065
2023-08-13 02:00:00,64854.84,65426.46,64854.84,65295.87,11983
2023-08-13 03:00:00,65159.25,65159.25,64434.38,65029.19,11291
2023-08-13 04:00:00,64879.34,64879.34,64620.34,64749.84,7454
2023-08-13 05:00:00,65130.39,65378.6,63186.87,64456.45,8494
2023-08-13 06:00:00,64108.77,64108.77,63852.84,63980.8,8238
2023-08-13 07:00:00,64321.57,65531.89,64321.57,65211.66,11316
2023-08-13 08:00:00,65637.08,66009.66,64745.63,65877.9,7745
2023-08-13 09:00:00,65853.14,66325.58,65853.14,65985.12,8103
2023-08-13 10:00:00,66852.26,67486.36,66852.26,66986.23,17706
2023-08-13 11:00:00,66155.25,66155.25,66019.1,66023.21,12334
2023-08-13 12:00:00,65593.52,65593.52,64847.68,65218.14,9265
2023-08-13 13:00:00,64294.66,64294.66,62759.22,63876.59,10376
2023-08-13 14:00:00,63665.79,63682.34,62362.33,63555.22,16146
2023-08-13 15:00:00,63557.06,63929.47,63557.06,63801.86,8074
2023-08-13 16:00:00,63877.84,64133.86,63877.84,64005.85,13258
2023-08-13 17:00:00,64306.69,64880.69,63971.77,64237.14,25506
2023-08-13 18:00:00,64086.08,64086.08,62185.13,63441.33,11106
2023-08-13 19:00:00,63847.97,66329.8,63428.45,64107.39,10202
2023-08-13 20:00:00,65069.54,67157.78,63933.04,64398.25,11999
2023-08-13 21:00:00,64879.55,66030.51,64879.55,65009.56,13508
2023-08-13 22:00:00,63998.84,63998.84,63824.26,63871.09,11991
2023-08-13 23:00:00,63910.97,64917.98,63467.97,64214.65,5082
2023-08-14 00:00:00,64275.86,64705.07,63443.04,63570.18,6515
2023-08-14 01:00:00,63628.13,64356.58,62541.61,63459.01,12446
2023-08-14 02:00:00,63827.21,64671.21,63827.21,63955.12,10639
2023-08-14 03:00:00,63893.62,65056.28,63893.62,64154.79,11686
2023-08-14 04:00:00,63712.84,63861.47,63465.46,63734.0,8480
2023-08-14 05:00:00,64011.21,64011.21,62748.67,63883.44,13707
2023-08-14 06:00:00,63744.94,64459.37,62661.32,63027.99,13441
2023-08-14 07:00:00,63853.75,64242.01,63853.75,63927.09,12619
2023-08-14 08:00:00,64187.86,64727.25,63740.01,63937.02,12212
2023-08-14 09:00:00,64401.95,64939.67,64401.95,64810.05,15997
2023-08-14 10:00:00,65010.6,65729.69,63606.87,64589.19,11224
2023-08-14 11:00:00,64505.6,64505.6,64303.77,64376.85,13389
2023-08-14 12:00:00,64300.31,66444.36,63911.65,64013.15,12101
2023-08-14 13:00:00,63968.12,64746.77,63968.12,64730.23,3789
2023-08-14 14:00:00,64445.46,65294.98,62616.78,64392.04,10962
2023-08-14 15:00:00,64824.06,65083.88,64824.06,64953.97,19770
2023-08-14 16:00:00,65421.41,66363.79,64697.17,64826.82,11803
2023-08-14 17:00:00,63774.87,63774.87,63520.28,63647.58,8619
2023-08-14 18:00:00,63543.86,63543.86,62370.78,63427.87,9464
2023-08-14 19:00:00,63393.99,63393.99,62622.51,62819.84,8010
2023-08-14 20:00:00,62675.0,63135.38,62675.0,63009.36,15595
2023-08-14 21:00:00,62533.09,62533.09,62283.46,62408.28,10312
2023-08-14 22:00:00,63047.0,63299.69,63047.0,63173.35,11052
2023-08-14 23:00:00,63564.98,64265.23,63149.84,63276.39,12017
2023-08-15 00:00:00,63343.16,63448.76,61156.7,63322.12,10717
2023-08-15 01:00:00,63603.36,65944.02,63603.36,63906.12,12926
2023-08-15 02:00:00,64554.75,65376.31,64554.75,64684.12,7535
2023-08-15 03:00:00,64671.32,64933.81,62496.46,64804.2,8289
2023-08-15 04:00:00,64475.18,64929.45,63975.37,64424.8,14875
2023-08-15 05:00:00,63666.27,63666.27,63270.8,63397.6,11736
2023-08-15 06:00:00,63239.03,63239.03,62986.58,63112.81,10042
2023-08-15 07:00:00,62995.42,63339.96,62753.92,62879.68,6276
2023-08-15 08:00:00,63073.01,63244.32,63073.01,63118.08,14900
2023-08-15 09:00:00,62784.17,63186.73,62083.21,63060.61,11622
2023-08-15 10:00:00,63542.08,63796.76,63542.08,63669.42,8009
2023-08-15 11:00:00,63707.37,65300.63,63299.32,63426.18,6897
2023-08-15 12:00:00,63504.69,65659.73,63171.08,63548.87,13192
2023-08-15 13:00:00,63662.04,64603.4,63662.04,64474.45,11063
2023-08-15 14:00:00,64709.92,64969.28,64709.92,64839.6,16655
2023-08-15 15:00:00,64776.03,66101.41,64475.29,64932.34,13720
2023-08-15 16:00:00,65133.57,65133.57,63140.52,64664.47,7698
2023-08-15 17:00:00,64459.02,66969.41,64253.48,64382.24,4945
2023-08-15 18:00:00,64497.26,64902.01,62285.46,63964.83,18599
2023-08-15 19:00:00,63705.26,63889.82,63634.78,63762.3,14111
2023-08-15 20:00:00,64196.99,64665.46,64196.99,64408.64,12262
2023-08-15 21:00:00,64275.74,64533.36,64275.74,64404.55,10971
2023-08-15 22:00:00,63786.67,63786.67,62048.23,63659.35,9951
2023-08-15 23:00:00,64834.18,65499.8,64834.18,64964.11,10977
2023-08-16 00:00:00,65177.19,65438.42,65177.19,65307.8,6258
2023-08-16 01:00:00,65039.45,65596.85,64365.95,64494.94,18762
2023-08-16 02:00:00,64328.32,65102.12,64217.63,64346.32,13587
2023-08-16 03:00:00,64110.44,64694.38,64042.47,64565.25,6991
2023-08-16 04:00:00,65698.91,66880.23,65698.91,65830.57,9291
2023-08-16 05:00:00,65675.16,66362.95,65083.71,65203.87,8552
2023-08-16 06:00:00,65851.78,66115.72,65851.78,65983.75,24307
2023-08-16 07:00:00,66169.6,67175.34,66169.6,67041.26,14215
2023-08-16 08:00:00,66734.0,67634.75,66570.99,66704.4,12424
2023-08-16 09:00:00,66749.8,66749.8,66483.33,66616.57,6333
2023-08-16 10:00:00,66084.26,66084.26,63888.97,66016.12,7220
2023-08-16 11:00:00,66070.45,66128.25,65538.23,65996.26,10407
2023-08-16 12:00:00,65957.94,66264.74,65957.94,66090.12,10324
2023-08-16 13:00:00,66286.85,68286.69,66286.85,66652.57,11591
2023-08-16 14:00:00,67365.83,68576.4,67365.83,67500.84,11760
2023-08-16 15:00:00,67161.04,67936.4,66939.73,67073.88,7083
2023-08-16 16:00:00,65957.59,65957.59,65694.29,65825.94,11082
2023-08-16 17:00:00,65931.32,66069.38,65931.32,65937.51,4486
2023-08-16 18:00:00,65698.37,66746.66,64419.11,66258.77,14050
2023-08-16 19:00:00,66081.83,66901.5,65897.43,66544.7,9130
2023-08-16 20:00:00,66794.57,66794.57,65039.16,66434.94,7278
2023-08-16 21:00:00,66501.25,66767.79,66501.25,66634.52,10315
2023-08-16 22:00:00,66841.47,68645.06,66841.47,67776.21,12995
2023-08-16 23:00:00,67619.32,70010.47,67400.23,68126.86,12285
2023-08-17 00:00:00,68363.26,68363.26,67603.32,67946.83,6220
2023-08-17 01:00:00,67819.42,67819.42,65784.61,67684.05,11786
2023-08-17 02:00:00,67674.68,67792.5,67329.36,67657.19,5160
2023-08-17 03:00:00,67896.24,69280.12,67455.7,68878.96,7601
2023-08-17 04:00:00,69214.59,69248.03,68677.73,68815.36,11979
2023-08-17 05:00:00,68664.28,68991.68,67112.83,68869.1,9483
2023-08-17 06:00:00,68734.06,68734.06,66813.16,68596.87,7086
2023-08-17 07:00:00,69384.86,71257.72,69384.86,69439.0,13383
2023-08-17 08:00:00,70862.96,73304.2,70862.96,70882.23,8959
2023-08-17 09:00:00,70571.01,73040.75,69604.32,71228.58,11237
2023-08-17 10:00:00,71158.56,71351.65,71158.56,71301.16,9899
2023-08-17 11:00:00,71353.31,71353.31,69978.0,71339.41,9737
2023-08-17 12:00:00,69683.35,69683.35,68544.49,69614.51,7396
2023-08-17 13:00:00,70199.29,71316.25,70055.77,70196.16,11393
2023-08-17 14:00:00,70368.37,70472.11,69625.71,70331.44,10648
2023-08-17 15:00:00,70702.96,70702.96,70185.75,70675.61,8801
2023-08-17 16:00:00,70545.61,71820.51,70173.23,70192.04,8099
2023-08-17 17:00:00,70007.01,70007.01,69819.37,69959.29,12949
2023-08-17 18:00:00,69509.21,69853.59,69374.53,69714.16,12001
2023-08-17 19:00:00,70353.52,70635.5,70353.52,70494.51,10359
2023-08-17 20:00:00,70849.89,71760.56,70118.08,70258.59,8042
2023-08-17 21:00:00,71652.02,72507.67,71652.02,71795.62,15871
2023-08-17 22:00:00,70773.0,72263.41,70497.61,72119.17,12623
2023-08-17 23:00:00,71323.56,71323.56,70415.73,71181.19,10698
2023-08-18 00:00:00,71142.89,71254.45,69202.13,71112.22,12952
2023-08-18 01:00:00,70879.88,71621.17,70524.96,70666.29,6837
2023-08-18 02:00:00,69650.12,69650.12,68983.15,69121.39,8297
2023-08-18 03:00:00,69313.92,70462.75,69049.33,70322.11,11681
2023-08-18 04:00:00,70730.71,72111.23,70730.71,70872.46,12704
2023-08-18 05:00:00,71107.34,71527.58,71107.34,71291.81,8318
2023-08-18 06:00:00,71106.1,71579.87,71106.1,71437.0,13556
2023-08-18 07:00:00,70592.24,70592.24,70310.44,70451.34,8426
2023-08-18 08:00:00,70288.74,70288.74,69415.85,70148.44,9155
2023-08-18 09:00:00,70057.32,70945.13,69803.29,70803.53,11239
2023-08-18 10:00:00,70222.39,70222.39,69713.98,70082.22,10963
2023-08-18 11:00:00,68463.33,68463.33,68034.31,68326.68,11808
2023-08-18 12:00:00,68125.45,68572.16,68125.45,68261.98,9533
2023-08-18 13:00:00,68010.85,68394.95,68010.85,68258.43,11212
2023-08-18 14:00:00,68527.41,68597.5,68403.08,68449.1,10758
2023-08-18 15:00:00,68421.65,69187.62,68266.63,69049.52,9478
2023-08-18 16:00:00,69437.02,69715.33,69437.02,69576.17,11327
2023-08-18 17:00:00,69966.6,69966.6,69687.29,69826.95,15122
2023-08-18 18:00:00,70599.56,70882.52,70599.56,70741.04,11073
2023-08-18 19:00:00,69825.77,69825.77,69170.74,69686.4,12791
2023-08-18 20:00:00,69781.64,70250.97,69702.64,70110.74,9038
2023-08-18 21:00:00,70474.6,71107.13,70474.6,70615.83,9645
2023-08-18 22:00:00,69848.28,69848.28,69628.68,69768.22,10704
2023-08-18 23:00:00,69620.26,69674.56,68646.16,68762.18,9740
2023-08-19 00:00:00,68481.48,69199.58,66993.65,68326.2,6245
2023-08-19 01:00:00,68200.7,68200.7,67826.23,67962.15,16192
2023-08-19 02:00:00,68452.6,68726.95,68452.6,68589.77,16557
2023-08-19 03:00:00,68377.37,69790.43,68218.56,68251.24,3587
2023-08-19 04:00:00,67757.71,67888.06,65666.83,67752.55,17577
2023-08-19 05:00:00,67440.71,67573.55,66163.13,67438.67,21808
2023-08-19 06:00:00,68188.04,68465.66,68188.04,68324.69,5569
2023-08-19 07:00:00,68294.49,70209.86,68294.49,68431.35,17125
2023-08-19 08:00:00,68313.27,68539.41,68049.23,68402.61,13901
2023-08-19 09:00:00,68285.37,69462.73,68285.37,68422.21,9038
2023-08-19 10:00:00,69281.52,69559.2,69281.52,69420.36,16295
2023-08-19 11:00:00,69275.79,70502.32,67806.35,68963.41,8257
2023-08-19 12:00:00,69833.36,70634.8,69833.36,69973.31,8870
2023-08-19 13:00:00,70045.25,71717.22,70045.25,70185.62,10071
2023-08-19 14:00:00,70615.44,71960.67,69988.25,70128.51,22468
2023-08-19 15:00:00,71833.7,72784.46,71833.7,71977.66,18336
2023-08-19 16:00:00,71360.6,71360.6,70788.87,71218.16,11193
2023-08-19 17:00:00,71621.9,72156.44,69772.95,70996.44,9109
2023-08-19 18:00:00,70286.21,70286.21,70005.63,70145.92,6629
2023-08-19 19:00:00,70566.11,71893.52,70537.36,70890.08,13133
2023-08-19 20:00:00,72013.03,72301.66,72013.03,72157.35,13771
2023-08-19 21:00:00,72911.05,74806.56,72911.05,73403.97,11018
2023-08-19 22:00:00,74158.14,75555.0,74158.14,74306.75,8591
2023-08-19 23:00:00,74161.93,74268.47,73971.99,74120.23,9162
2023-08-20 00:00:00,74239.9,75946.28,73664.16,73811.78,13198
2023-08-20 01:00:00,73603.03,74290.95,70550.58,72527.85,10008
2023-08-20 02:00:00,73524.79,74189.56,73524.79,74041.47,13650
2023-08-20 03:00:00,74216.19,74513.65,74216.19,74364.92,11938
2023-08-20 04:00:00,74100.65,74100.65,73804.84,73952.74,11410
2023-08-20 05:00:00,74777.19,75076.9,74777.19,74927.05,10691
2023-08-20 06:00:00,74278.48,74278.48,73158.89,74130.22,11982
2023-08-20 07:00:00,74205.44,75026.35,74140.11,74405.21,9939
2023-08-20 08:00:00,74383.13,74383.13,74086.19,74234.66,14874
2023-08-20 09:00:00,74534.95,76159.56,74534.95,74684.32,7579
2023-08-20 10:00:00,74441.24,74727.39,74441.24,74590.43,11488
2023-08-20 11:00:00,73590.62,73590.62,72287.46,73443.74,10007
2023-08-20 12:00:00,73508.89,73634.7,73340.75,73487.73,17841
2023-08-20 13:00:00,74112.86,74818.43,74112.86,74261.38,7085
2023-08-20 14:00:00,74499.71,75120.09,72768.68,74208.27,17011
2023-08-20 15:00:00,74615.65,76050.13,74615.65,74765.18,9001
2023-08-20 16:00:00,74017.8,74017.8,73074.32,73923.06,10171
2023-08-20 17:00:00,74439.97,75331.25,72231.88,73881.81,14947
2023-08-20 18:00:00,73813.01,74047.81,73243.82,73390.6,10416
2023-08-20 19:00:00,73753.48,74088.09,73753.48,73940.21,17806
2023-08-20 20:00:00,73903.65,74789.76,73486.54,73940.61,8093
2023-08-20 21:00:00,74289.53,74587.29,74289.53,74438.41,8392
2023-08-20 22:00:00,74857.94,75378.12,74179.17,75227.67,10695
2023-08-20 23:00:00,75508.84,75854.11,75508.84,75702.7,8094
2023-08-21 00:00:00,75996.87,75996.87,75693.49,75845.18,11311
2023-08-21 01:00:00,75642.14,76259.86,74850.76,75000.76,7449
2023-08-21 02:00:00,75015.0,75917.51,73075.06,74948.96,9183
2023-08-21 03:00:00,75398.57,75468.66,73729.83,74492.19,8473
2023-08-21 04:00:00,74696.47,75200.83,73228.55,74192.78,7624
2023-08-21 05:00:00,74073.42,74073.42,73730.75,73878.51,14448
2023-08-21 06:00:00,73308.48,73308.48,72344.67,73117.95,12194
2023-08-21 07:00:00,71797.85,71797.85,71511.24,71654.55,7070
2023-08-21 08:00:00,71732.08,71986.91,71055.73,71198.13,6906
2023-08-21 09:00:00,71267.94,71523.88,70719.13,71381.11,9864
2023-08-21 10:00:00,71172.86,71172.86,70297.42,70438.3,13767
2023-08-21 11:00:00,70633.13,70652.91,70370.86,70511.89,12383
2023-08-21 12:00:00,71820.54,74053.78,71820.54,71941.21,14922
2023-08-21 13:00:00,72671.08,74429.1,72671.08,72721.8,9787
2023-08-21 14:00:00,73805.07,75209.01,73805.07,73952.98,11583
2023-08-21 15:00:00,73651.93,75593.85,73598.36,74228.77,15500
2023-08-21 16:00:00,74292.36,75657.84,74292.36,75087.07,12271
2023-08-21 17:00:00,74633.04,74633.04,74335.1,74484.07,16594
2023-08-21 18:00:00,74108.29,74108.29,73812.45,73960.37,10530
2023-08-21 19:00:00,72391.59,72391.59,71729.33,71873.08,12016
2023-08-21 20:00:00,72524.43,73038.32,72524.43,72773.9,14174
2023-08-21 21:00:00,73780.54,74739.73,73780.54,73928.4,9954
2023-08-21 22:00:00,73641.11,73641.11,73347.13,73494.12,9238
2023-08-21 23:00:00,73239.8,74185.1,73151.59,73298.19,14333
2023-08-22 00:00:00,72879.81,72879.81,72588.88,72734.35,12593
2023-08-22 01:00:00,72219.4,73297.93,71579.03,73032.05,8452
2023-08-22 02:00:00,73153.99,75200.23,71503.66,73878.66,11302
2023-08-22 03:00:00,72697.37,72697.37,71467.36,72552.27,10260
2023-08-22 04:00:00,72730.21,74697.5,72730.21,72875.97,7875
2023-08-22 05:00:00,72548.47,72828.12,72051.93,72682.76,9983
2023-08-22 06:00:00,72517.53,73003.98,72046.15,72783.72,8269
2023-08-22 07:00:00,72993.48,73286.04,72993.48,73139.76,11845
2023-08-22 08:00:00,73660.79,74333.39,72860.18,73006.2,12460
2023-08-22 09:00:00,72705.36,73382.17,72073.74,72938.91,13239
2023-08-22 10:00:00,72175.59,72887.59,71087.3,72790.47,19857
2023-08-22 11:00:00,73237.43,73672.12,72547.66,73525.07,7095
2023-08-22 12:00:00,74302.17,74646.44,73688.69,73836.37,9017
2023-08-22 13:00:00,73829.74,74200.45,73329.92,73991.83,14924
2023-08-22 14:00:00,73163.51,73163.51,72871.44,73017.48,15226
2023-08-22 15:00:00,72977.03,74399.67,72083.56,72746.06,13278
2023-08-22 16:00:00,73069.61,74733.39,70486.41,73430.02,16791
2023-08-22 17:00:00,73899.51,73960.22,73311.28,73458.2,11006
2023-08-22 18:00:00,73743.86,75076.7,73743.86,73951.64,8315
2023-08-22 19:00:00,75122.71,75694.43,75122.71,75273.25,12153
2023-08-22 20:00:00,75899.11,76622.03,75875.87,76027.92,7642
2023-08-22 21:00:00,75843.86,76190.37,75217.55,76038.29,8987
2023-08-22 22:00:00,75768.06,76200.67,74388.49,75580.46,7986
2023-08-22 23:00:00,74325.43,74325.43,73270.13,73561.18,8167
2023-08-23 00:00:00,73454.98,73584.72,73290.96,73437.84,22576
2023-08-23 01:00:00,73802.64,74268.21,73053.68,73200.08,10915
2023-08-23 02:00:00,73609.88,73652.04,72207.47,73505.03,10904
2023-08-23 03:00:00,73635.86,74294.6,73248.89,73395.69,8821
2023-08-23 04:00:00,73428.92,74495.48,72727.58,73164.58,12624
2023-08-23 05:00:00,72003.87,72003.87,69677.08,71851.87,14725
2023-08-23 06:00:00,71352.84,71352.84,69882.39,71210.42,10827
2023-08-23 07:00:00,70947.9,71839.51,70947.9,71620.84,9880
2023-08-23 08:00:00,72694.23,74214.93,72694.23,72930.17,17260
2023-08-23 09:00:00,73027.25,73027.25,72735.72,72881.48,7634
2023-08-23 10:00:00,73003.97,73565.09,73003.97,73150.27,13916
2023-08-23 11:00:00,73732.49,73945.48,73732.49,73880.25,10298
2023-08-23 12:00:00,73416.27,73416.27,72279.63,73269.73,9322
2023-08-23 13:00:00,73438.42,73706.48,73259.52,73559.36,6367
2023-08-23 14:00:00,73158.92,73158.92,72866.87,73012.9,5854
2023-08-23 15:00:00,73532.6,73827.32,73532.6,73679.96,8468
2023-08-23 16:00:00,73653.05,76450.08,73653.05,73800.65,13123
2023-08-23 17:00:00,73881.8,75277.08,73881.8,74029.86,18072
2023-08-23 18:00:00,73581.94,73581.94,73290.32,73437.2,9683
2023-08-23 19:00:00,72713.42,74512.55,72443.7,73981.66,10197
2023-08-23 20:00:00,75405.34,75707.57,75405.34,75556.46,10141
2023-08-23 21:00:00,75005.59,76626.0,74509.56,74740.77,9516
2023-08-23 22:00:00,74705.62,75995.7,72136.34,74464.38,12076
2023-08-23 23:00:00,74513.76,77823.34,74481.12,74630.38,11782
2023-08-24 00:00:00,74873.29,75364.99,73804.6,75214.56,10734
2023-08-24 01:00:00,75212.64,75304.45,74570.38,74756.4,10626
2023-08-24 02:00:00,72723.85,72723.85,72111.73,72578.69,8386
2023-08-24 03:00:00,73201.84,75163.87,73201.84,73622.32,10649
2023-08-24 04:00:00,73475.06,74354.73,72861.07,74206.32,11090
2023-08-24 05:00:00,73737.99,73737.99,72800.16,72885.07,6704
2023-08-24 06:00:00,73243.48,73622.8,71019.64,72463.39,12245
2023-08-24 07:00:00,73515.83,73810.49,73515.83,73663.16,14730
2023-08-24 08:00:00,74740.88,74913.5,74740.88,74763.97,12491
2023-08-24 09:00:00,75133.28,76155.79,74756.48,75465.82,13771
2023-08-24 10:00:00,75191.17,75349.54,74187.0,75297.9,15166
2023-08-24 11:00:00,75222.91,76633.61,75084.7,75333.34,5926
2023-08-24 12:00:00,75333.77,75333.77,73634.12,75203.37,14393
2023-08-24 13:00:00,75891.24,76195.41,75891.24,76043.32,10790
2023-08-24 14:00:00,75466.27,75466.27,75101.43,75315.64,10927
2023-08-24 15:00:00,74886.26,74886.26,74516.71,74666.04,7073
2023-08-24 16:00:00,75272.47,76363.94,75272.47,75423.32,5113
2023-08-24 17:00:00,75509.16,75509.16,75016.5,75358.44,7730
2023-08-24 18:00:00,75426.38,77254.18,72845.58,76388.94,9416
2023-08-24 19:00:00,76383.4,78423.29,73430.46,75809.46,5870
2023-08-24 20:00:00,75877.28,75877.28,73566.33,75725.83,9077
2023-08-24 21:00:00,75123.91,75123.91,74700.98,74973.96,13861
2023-08-24 22:00:00,74809.94,75904.57,74809.94,74959.86,14198
2023-08-24 23:00:00,75159.83,75159.83,73330.58,73809.3,11827
2023-08-25 00:00:00,73599.86,73599.86,73031.19,73452.96,10361
2023-08-25 01:00:00,73290.05,73721.96,70396.31,72395.89,8291
2023-08-25 02:00:00,72420.57,73099.13,71833.63,72953.22,12129
2023-08-25 03:00:00,73502.11,74122.59,73502.11,73517.91,20445
2023-08-25 04:00:00,72602.21,72602.21,72093.77,72238.24,17473
2023-08-25 05:00:00,72348.36,74105.75,72122.15,73269.9,11469
2023-08-25 06:00:00,73950.77,76305.47,73950.77,75160.94,10835
2023-08-25 07:00:00,75207.01,76346.33,75023.96,75174.31,10750
2023-08-25 08:00:00,74511.33,75637.2,74511.33,74660.65,11876
2023-08-25 09:00:00,76369.97,77085.49,76369.97,76804.42,12239
2023-08-25 10:00:00,75794.17,75794.17,74534.23,75708.96,9210
2023-08-25 11:00:00,75843.36,75843.36,75565.02,75691.98,8565
2023-08-25 12:00:00,76087.65,76323.39,75693.96,75798.44,9877
2023-08-25 13:00:00,76544.04,77957.44,76212.71,76804.12,8920
2023-08-25 14:00:00,76677.24,77178.47,76677.24,77024.42,7031
2023-08-25 15:00:00,76748.08,77631.53,72819.05,76566.18,6765
2023-08-25 16:00:00,76158.37,76158.37,73054.15,75769.48,12486
2023-08-25 17:00:00,75624.54,75624.54,75462.96,75473.59,13391
2023-08-25 18:00:00,74824.56,74824.56,72648.23,74675.21,7892
2023-08-25 19:00:00,74559.6,74858.43,74559.6,74709.02,9325
2023-08-25 20:00:00,74522.24,75491.28,72468.83,74274.94,7250
2023-08-25 21:00:00,73295.83,73295.83,73003.23,73149.53,10912
2023-08-25 22:00:00,73972.52,74934.84,73972.52,74120.76,10848
2023-08-25 23:00:00,73902.84,73902.84,72473.57,73755.33,7346
2023-08-26 00:00:00,72967.49,72967.49,71825.75,72821.84,16113
2023-08-26 01:00:00,72616.67,72923.18,72595.0,72740.49,5426
2023-08-26 02:00:00,72791.76,72982.95,72281.88,72837.28,9731
2023-08-26 03:00:00,71726.11,71726.11,70751.19,71582.95,6708
2023-08-26 04:00:00,72322.79,72979.98,71051.2,71899.27,9363
2023-08-26 05:00:00,71339.83,71339.83,70382.92,71197.44,12117
2023-08-26 06:00:00,72377.05,72693.67,72377.05,72522.09,10196
2023-08-26 07:00:00,72815.46,73588.43,72815.46,72961.38,10987
2023-08-26 08:00:00,73384.86,73384.86,71230.49,72705.71,12258
2023-08-26 09:00:00,71953.87,73098.2,71953.87,72201.55,9393
2023-08-26 10:00:00,71901.35,72483.41,71077.13,72184.62,9210
2023-08-26 11:00:00,72551.0,73755.79,72551.0,72696.39,8519
2023-08-26 12:00:00,72775.64,72871.92,72616.86,72726.46,11432
2023-08-26 13:00:00,72759.19,72759.19,72468.73,72613.96,8970
2023-08-26 14:00:00,72854.18,72854.18,71525.5,72708.77,6076
2023-08-26 15:00:00,72427.69,73957.61,70219.72,72311.6,9008
2023-08-26 16:00:00,72234.22,74262.56,71930.07,72118.16,7613
2023-08-26 17:00:00,71413.91,71413.91,69893.54,70648.83,9461
2023-08-26 18:00:00,71307.54,72436.31,71307.54,71450.44,8367
2023-08-26 19:00:00,71774.36,71892.36,71730.95,71748.86,10626
2023-08-26 20:00:00,71264.92,71398.88,71113.85,71256.37,8073
2023-08-26 21:00:00,72413.63,73157.93,72413.63,72723.3,8503
2023-08-26 22:00:00,72985.88,72985.88,72281.18,72840.2,12199
2023-08-26 23:00:00,72429.33,72429.33,71974.46,72118.7,12940
2023-08-27 00:00:00,72669.51,72960.77,72669.51,72815.14,8971
2023-08-27 01:00:00,72752.28,73306.52,72752.28,73160.2,10817
2023-08-27 02:00:00,73362.59,73526.39,73349.57,73496.56,9238
2023-08-27 03:00:00,73358.17,73358.17,70788.73,73211.74,10341
2023-08-27 04:00:00,73442.08,73615.56,73442.08,73589.26,10272
2023-08-27 05:00:00,73277.46,73571.15,73277.46,73424.3,12855
2023-08-27 06:00:00,73448.66,74944.17,72632.91,73877.39,7853
2023-08-27 07:00:00,73148.44,73148.44,72321.32,72466.25,7093
2023-08-27 08:00:00,72645.4,73607.8,72059.28,72203.69,12219
2023-08-27 09:00:00,73514.65,73683.75,73514.65,73536.68,9481
2023-08-27 10:00:00,73649.04,74690.88,72968.47,72993.93,9949
2023-08-27 11:00:00,72742.6,72742.6,72445.34,72590.53,10630
2023-08-27 12:00:00,72079.51,72728.99,71702.07,72314.4,16289
2023-08-27 13:00:00,71926.61,72840.19,71337.36,71480.32,15904
2023-08-27 14:00:00,72069.25,72226.0,69812.43,69952.34,14570
2023-08-27 15:00:00,69764.42,70044.03,69764.42,69904.23,8443
2023-08-27 16:00:00,70098.73,70660.65,70098.73,70117.64,5849
2023-08-27 17:00:00,70240.71,70240.71,70052.14,70192.53,12808
2023-08-27 18:00:00,70368.53,70674.96,69589.86,70199.78,9249
2023-08-27 19:00:00,70200.62,71503.05,70200.62,70341.3,8019
2023-08-27 20:00:00,71080.93,72592.84,71041.59,71183.96,11794
2023-08-27 21:00:00,71294.46,72000.34,69359.22,71136.13,9195
2023-08-27 22:00:00,71486.57,71899.88,70668.04,70809.66,19858
2023-08-27 23:00:00,70845.36,70845.36,70562.54,70703.95,18289
2023-08-28 00:00:00,71081.31,72191.03,71081.31,71223.76,13315
2023-08-28 01:00:00,71234.91,74136.23,71234.91,72341.05,18136
2023-08-28 02:00:00,72087.29,72087.29,71636.14,71943.4,9577
2023-08-28 03:00:00,71948.31,74018.39,71948.31,72092.49,8349
2023-08-28 04:00:00,72269.96,72938.16,72269.96,72414.79,9701
2023-08-28 05:00:00,71891.45,71891.45,71604.46,71747.96,8127
2023-08-28 06:00:00,71765.53,73167.51,71702.12,71845.82,11010
2023-08-28 07:00:00,70994.15,70994.15,70710.74,70852.44,9158
2023-08-28 08:00:00,69816.3,69816.3,69537.59,69676.95,7669
2023-08-28 09:00:00,69927.38,71176.9,69927.38,70067.51,13546
2023-08-28 10:00:00,70054.07,70054.07,67809.43,69914.24,9716
2023-08-28 11:00:00,69982.0,70323.79,68564.55,70183.43,11156
2023-08-28 12:00:00,70148.54,72019.09,70148.54,70289.12,11407
2023-08-28 13:00:00,70507.52,71073.77,69565.2,69704.61,11476
2023-08-28 14:00:00,69289.51,69940.67,68510.31,69801.07,11670
2023-08-28 15:00:00,69772.05,69772.05,68910.72,69048.82,14416
2023-08-28 16:00:00,70030.85,70244.3,70030.85,70171.19,9919
2023-08-28 17:00:00,69457.06,69457.06,69143.31,69318.42,10314
2023-08-28 18:00:00,69178.45,70275.56,69178.45,69317.09,9550
2023-08-28 19:00:00,69103.04,70140.01,68580.44,68717.88,6779
2023-08-28 20:00:00,68656.91,69691.32,68456.2,69268.6,6752
2023-08-28 21:00:00,69287.53,70462.08,68866.5,69174.65,7852
2023-08-28 22:00:00,68962.54,69089.64,68871.54,68951.74,9380
2023-08-28 23:00:00,69015.37,71359.22,67661.95,69700.74,8292
2023-08-29 00:00:00,69455.92,71464.82,69455.92,69854.85,9642
2023-08-29 01:00:00,70212.89,70933.63,70212.89,70353.6,7048
2023-08-29 02:00:00,70356.99,71345.01,67981.22,69769.73,9011
2023-08-29 03:00:00,69041.67,69041.67,68519.18,68903.86,13868
2023-08-29 04:00:00,68994.9,70718.0,68994.9,69133.17,10914
2023-08-29 05:00:00,69261.08,70098.72,68919.53,69057.65,16046
2023-08-29 06:00:00,69511.57,69790.17,69511.57,69650.87,8411
2023-08-29 07:00:00,69601.41,70187.12,69595.05,69734.52,9642
2023-08-29 08:00:00,69651.41,70159.05,69085.03,70019.02,8643
2023-08-29 09:00:00,69129.41,69129.41,68853.45,68991.43,19347
2023-08-29 10:00:00,70334.72,70922.57,70334.72,70475.67,8281
2023-08-29 11:00:00,70444.29,70970.77,70340.47,70481.43,11464
2023-08-29 12:00:00,70790.1,71596.0,70790.1,71107.96,7577
2023-08-29 13:00:00,70812.36,70812.36,70471.05,70612.27,10717
2023-08-29 14:00:00,70950.09,71940.0,70950.09,70955.48,12472
2023-08-29 15:00:00,70480.21,70480.21,69666.89,70126.14,10143
2023-08-29 16:00:00,70534.37,70722.73,70534.37,70581.56,7205
2023-08-29 17:00:00,70305.49,71009.84,70305.49,70446.38,8686
2023-08-29 18:00:00,70899.49,73746.41,69508.67,70590.97,9540
2023-08-29 19:00:00,70861.05,71492.69,70861.05,71214.81,6380
2023-08-29 20:00:00,70551.41,70835.5,69790.06,70427.45,14120
2023-08-29 21:00:00,70201.67,70201.67,69921.42,70061.55,6714
2023-08-29 22:00:00,69814.64,72150.06,69517.64,70523.0,6121
2023-08-29 23:00:00,71134.72,72303.16,71134.72,72158.84,15214
2023-08-30 00:00:00,72001.21,72289.79,72001.21,72145.5,10966
2023-08-30 01:00:00,71779.48,75244.89,70512.01,72670.1,13209
2023-08-30 02:00:00,73205.53,73807.62,71424.49,72668.34,8116
2023-08-30 03:00:00,74038.79,76271.97,74038.79,74187.16,11288
2023-08-30 04:00:00,73843.75,73843.75,72760.76,72906.57,10530
2023-08-30 05:00:00,72743.78,73195.53,72743.78,73049.43,8522
2023-08-30 06:00:00,73260.08,73907.59,71763.2,71907.01,15070
2023-08-30 07:00:00,71025.15,71025.15,70024.42,70164.75,7862
2023-08-30 08:00:00,70204.36,70655.38,68847.69,70514.35,10723
2023-08-30 09:00:00,70602.25,73052.11,70602.25,70743.74,11714
2023-08-30 10:00:00,70775.14,70802.74,70600.22,70661.42,7690
2023-08-30 11:00:00,70331.95,70850.5,69762.42,70709.08,12571
2023-08-30 12:00:00,72923.33,74421.89,72923.33,73069.47,8279
2023-08-30 13:00:00,72750.85,73093.53,72488.05,72947.63,13903
2023-08-30 14:00:00,73254.24,73547.84,73254.24,73401.04,8215
2023-08-30 15:00:00,72959.71,74138.52,72832.87,72978.82,10966
2023-08-30 16:00:00,73109.09,73853.76,72273.8,73272.0,6293
2023-08-30 17:00:00,73282.81,73307.98,73015.33,73161.66,10331
2023-08-30 18:00:00,72952.9,72952.9,72779.79,72925.64,12703
2023-08-30 19:00:00,73698.66,74718.16,73698.66,74354.93,7607
2023-08-30 20:00:00,74950.36,75440.54,74379.27,75289.96,7470
2023-08-30 21:00:00,75212.23,76813.25,74884.43,75413.54,11429
2023-08-30 22:00:00,73803.41,73803.41,72551.28,73656.09,9010
2023-08-30 23:00:00,73441.26,73590.27,73296.5,73443.38,4899
2023-08-31 00:00:00,75381.07,75683.2,75381.07,75532.13,9428
2023-08-31 01:00:00,75517.01,75517.01,75123.84,75366.28,7198
2023-08-31 02:00:00,75944.94,76382.73,75944.94,76230.27,9755
2023-08-31 03:00:00,77191.52,77500.91,77191.52,77346.22,9958
2023-08-31 04:00:00,77328.73,77638.67,77328.73,77483.7,16403
2023-08-31 05:00:00,76744.44,76932.5,76625.38,76778.94,5090
2023-08-31 06:00:00,75000.09,75000.09,72088.75,74850.39,10033
2023-08-31 07:00:00,74986.34,77212.45,74986.34,75401.64,9482
2023-08-31 08:00:00,74939.67,74939.67,74109.38,74790.09,11344
2023-08-31 09:00:00,75105.85,75105.85,74618.36,74955.94,8949
2023-08-31 10:00:00,74597.05,74597.05,73744.38,74026.57,11152
2023-08-31 11:00:00,73728.05,74023.55,73728.05,73875.8,9529
2023-08-31 12:00:00,74158.6,75190.8,72822.9,73952.31,8780
2023-08-31 13:00:00,74056.36,75544.06,74056.36,74204.77,7481
2023-08-31 14:00:00,73551.03,73551.03,73167.69,73404.22,11119
2023-08-31 15:00:00,74214.64,75186.47,74214.64,74363.37,9510
2023-08-31 16:00:00,74200.53,74355.14,73760.01,73950.38,13774
2023-08-31 17:00:00,73668.01,74036.81,72592.27,72737.75,11811
2023-08-31 18:00:00,72591.03,74146.53,72591.03,72736.5,10091
2023-08-31 19:00:00,72695.67,72853.14,72695.67,72841.35,7376
2023-08-31 20:00:00,72367.35,74827.17,72304.34,73038.07,16469
2023-08-31 21:00:00,73977.28,74273.79,73977.28,74125.54,6552
2023-08-31 22:00:00,74226.47,74436.87,72829.24,73992.75,17440
2023-08-31 23:00:00,74002.82,74002.82,73805.02,73952.92,13365
2023-09-01 00:00:00,73318.42,73318.42,73025.73,73172.07,9065
2023-09-01 01:00:00,73086.17,76175.57,73086.17,73854.11,13308
2023-09-01 02:00:00,74193.2,74193.2,73908.04,74045.11,11728
2023-09-01 03:00:00,73923.17,73923.17,73165.72,73775.62,7004
2023-09-01 04:00:00,73455.64,73455.64,72251.98,72396.78,9981
2023-09-01 05:00:00,72800.1,73594.8,72800.1,73550.74,10893
2023-09-01 06:00:00,72831.22,73648.51,72544.2,72689.57,4857
2023-09-01 07:00:00,72729.38,74318.38,72177.76,72332.76,11939
2023-09-01 08:00:00,72543.65,72703.35,72543.65,72689.03,8831
2023-09-01 09:00:00,72029.18,72029.18,71514.98,71885.4,16766
2023-09-01 10:00:00,71237.22,71237.22,69435.34,70892.72,15771
2023-09-01 11:00:00,70499.6,70793.86,68479.52,69479.84,16454
2023-09-01 12:00:00,70006.71,70287.3,70006.71,70147.0,14978
2023-09-01 13:00:00,70038.16,70038.16,68853.59,69898.36,12822
2023-09-01 14:00:00,71989.01,73820.76,71989.01,72133.27,13836
2023-09-01 15:00:00,71641.89,71641.89,70340.99,71498.9,4512
2023-09-01 16:00:00,71697.66,72048.75,70797.91,70939.79,11800
2023-09-01 17:00:00,70959.97,70959.97,70504.41,70657.94,16254
2023-09-01 18:00:00,71092.29,71109.24,70825.37,70967.3,12261
2023-09-01 19:00:00,70613.52,71378.64,70613.52,70755.03,6305
2023-09-01 20:00:00,70263.53,72382.54,69939.11,71330.46,5772
2023-09-01 21:00:00,70879.71,70879.71,70596.76,70738.24,13035
2023-09-01 22:00:00,70015.03,70015.03,69778.09,69875.28,11608
2023-09-01 23:00:00,68883.18,68883.18,68608.19,68745.68,10100
2023-09-02 00:00:00,67497.86,67497.86,67228.41,67363.13,10459
2023-09-02 01:00:00,67347.58,67347.58,66448.72,67213.16,8908
2023-09-02 02:00:00,67425.27,69285.4,65023.96,67216.49,9899
2023-09-02 03:00:00,67144.97,67144.97,66860.56,66994.55,10948
2023-09-02 04:00:00,67905.21,69288.5,67905.21,68062.03,9848
2023-09-02 05:00:00,68478.69,70514.32,68478.69,69111.77,12598
2023-09-02 06:00:00,69031.24,69606.68,68045.28,69050.88,9483
2023-09-02 07:00:00,68172.53,68172.53,67826.21,67962.13,12520
2023-09-02 08:00:00,67903.81,67903.81,67632.73,67768.27,7811
2023-09-02 09:00:00,67691.53,67691.53,67421.3,67556.41,11917
2023-09-02 10:00:00,67439.94,67446.15,66975.86,67311.53,11059
2023-09-02 11:00:00,66888.88,67179.01,66743.89,67044.92,8666
2023-09-02 12:00:00,66919.8,66919.8,66683.29,66816.92,12660
2023-09-02 13:00:00,66643.06,66910.16,66643.06,66776.61,8508
2023-09-02 14:00:00,66897.42,67035.05,66030.81,66567.0,12075
2023-09-02 15:00:00,66550.89,67070.04,66550.89,66936.16,13716
2023-09-02 16:00:00,66686.41,67537.73,66686.41,67402.93,8020
2023-09-02 17:00:00,67122.75,67122.75,66081.35,66988.78,12425
2023-09-02 18:00:00,66903.8,69586.93,66903.8,68078.3,11960
2023-09-02 19:00:00,68112.96,69679.67,66902.5,67597.4,6480
2023-09-02 20:00:00,66889.98,66919.13,66365.73,66690.84,7434
2023-09-02 21:00:00,66449.13,67311.12,65383.43,67176.77,12286
2023-09-02 22:00:00,66967.42,66967.42,66700.08,66833.75,11138
2023-09-02 23:00:00,67143.94,67982.38,67143.94,67278.5,11533
2023-09-03 00:00:00,65977.24,65977.24,65713.85,65845.55,11331
2023-09-03 01:00:00,66041.47,68793.56,65620.64,67024.66,7976
2023-09-03 02:00:00,66516.17,70273.6,65581.86,67705.83,7781
2023-09-03 03:00:00,67011.23,67011.23,66743.72,66877.47,14282
2023-09-03 04:00:00,66524.21,66524.21,65905.26,66094.04,11608
2023-09-03 05:00:00,67452.88,67598.52,67452.88,67463.6,6978
2023-09-03 06:00:00,67262.58,67398.42,66973.12,67171.24,7999
2023-09-03 07:00:00,67582.41,67582.41,66688.59,66822.23,15983
2023-09-03 08:00:00,65637.55,65637.55,65122.51,65506.54,5816
2023-09-03 09:00:00,65396.01,67881.6,65396.01,65527.06,14666
2023-09-03 10:00:00,65805.75,67195.91,63541.51,65628.96,8744
2023-09-03 11:00:00,66226.56,66939.69,66226.56,66359.28,9719
2023-09-03 12:00:00,66526.36,67245.67,63559.05,65648.76,12487
2023-09-03 13:00:00,65759.72,65759.72,64188.84,64878.32,13794
2023-09-03 14:00:00,64933.83,65571.4,64933.83,65440.52,12673
2023-09-03 15:00:00,65558.72,67937.67,65558.72,66366.93,10996
2023-09-03 16:00:00,65670.56,65670.56,65120.26,65539.48,12019
2023-09-03 17:00:00,66476.87,67029.42,66476.87,66515.39,10874
2023-09-03 18:00:00,66279.87,66909.43,66279.87,66775.88,7642
2023-09-03 19:00:00,67615.29,67886.29,67615.29,67750.79,11104
2023-09-03 20:00:00,68051.33,68051.33,67681.98,67915.5,10649
2023-09-03 21:00:00,66510.06,66510.06,65616.51,66377.3,11675
2023-09-03 22:00:00,66075.97,67633.3,66075.97,66513.47,12026
2023-09-03 23:00:00,67335.61,67928.83,67335.61,67470.56,8335
2023-09-04 00:00:00,67209.38,67209.38,66941.08,67075.23,9968
2023-09-04 01:00:00,67193.64,68211.74,66903.58,67037.66,12372
2023-09-04 02:00:00,67281.91,67281.91,66215.51,67147.62,7768
2023-09-04 03:00:00,66268.76,66268.76,65258.11,65388.89,10408
2023-09-04 04:00:00,66727.96,66898.24,66727.96,66764.71,9503
2023-09-04 05:00:00,66861.97,67602.69,66253.56,66386.33,9416
2023-09-04 06:00:00,66343.72,67105.63,66343.72,66971.69,12446
2023-09-04 07:00:00,67065.9,67330.9,67010.51,67144.8,8646
2023-09-04 08:00:00,67413.19,68371.94,67413.19,68235.47,9487
2023-09-04 09:00:00,68588.55,68863.45,68588.55,68726.0,10967
2023-09-04 10:00:00,68670.25,68898.32,67480.2,68760.8,5477
2023-09-04 11:00:00,68668.76,69336.94,67406.03,68332.64,11644
2023-09-04 12:00:00,68847.08,69234.42,67677.98,69096.23,6428
2023-09-04 13:00:00,68103.97,68103.97,67832.09,67968.03,14707
2023-09-04 14:00:00,68493.77,69224.92,68493.77,68631.04,7884
2023-09-04 15:00:00,68199.01,68199.01,66963.11,68062.89,8082
2023-09-04 16:00:00,69008.1,69879.01,69008.1,69146.39,11308
2023-09-04 17:00:00,69064.04,69592.09,69064.04,69453.18,8345
2023-09-04 18:00:00,69775.87,70473.81,68610.72,70097.61,7395
2023-09-04 19:00:00,69967.05,70471.23,69853.41,70330.57,11414
2023-09-04 20:00:00,69538.66,69538.66,67344.85,69242.82,9397
2023-09-04 21:00:00,69282.87,69282.87,68689.45,68827.11,11002
2023-09-04 22:00:00,69227.01,69639.26,67877.77,69500.26,9039
2023-09-04 23:00:00,69655.19,69839.86,68397.94,69806.79,14236
2023-09-05 00:00:00,70141.49,72661.3,70141.49,70830.12,10195
2023-09-05 01:00:00,71064.47,72437.64,71064.47,71282.56,15087
2023-09-05 02:00:00,71047.61,71047.61,70145.79,70730.87,8195
2023-09-05 03:00:00,70449.78,70968.13,69901.16,70319.17,20591
2023-09-05 04:00:00,70424.55,70706.81,70424.55,70565.68,7425
2023-09-05 05:00:00,69205.36,69205.36,67469.13,69067.23,9319
2023-09-05 06:00:00,70303.96,70463.01,70303.96,70444.85,14892
2023-09-05 07:00:00,70314.14,71775.77,68614.12,70932.53,11900
2023-09-05 08:00:00,71805.69,72234.67,71805.69,71980.32,8172
2023-09-05 09:00:00,71098.82,71098.82,70815.0,70956.91,8739
2023-09-05 10:00:00,71110.16,72264.73,70220.88,72017.52,7228
2023-09-05 11:00:00,72315.98,73941.57,72315.98,73793.98,16125
2023-09-05 12:00:00,73684.66,73684.66,72749.86,72895.65,10017
2023-09-05 13:00:00,73492.82,73775.23,73439.88,73587.06,6900
2023-09-05 14:00:00,73417.09,76696.93,72015.07,73690.4,10415
2023-09-05 15:00:00,73026.77,73026.77,72482.89,72628.15,11627
2023-09-05 16:00:00,72972.36,74473.66,72972.36,73118.59,11684
2023-09-05 17:00:00,73580.26,74151.76,72700.05,73855.36,10021
2023-09-05 18:00:00,73648.25,73648.25,72219.39,73501.24,13836
2023-09-05 19:00:00,74335.07,75245.62,74335.07,74484.03,10385
2023-09-05 20:00:00,73449.07,73449.07,72868.18,73302.46,8285
2023-09-05 21:00:00,72826.5,73328.59,70985.33,72296.56,8188
2023-09-05 22:00:00,72387.26,73711.04,72387.26,72532.32,12082
2023-09-05 23:00:00,72444.56,72847.44,72009.19,72682.28,6812
2023-09-06 00:00:00,72555.09,72684.5,70688.72,72279.84,9177
2023-09-06 01:00:00,72839.51,74077.3,72839.51,73015.03,7069
2023-09-06 02:00:00,73468.56,73632.05,73383.3,73530.36,7135
2023-09-06 03:00:00,74133.87,74431.0,74133.87,74282.44,11004
2023-09-06 04:00:00,74332.52,74428.29,72841.92,74279.73,11171
2023-09-06 05:00:00,74688.8,74977.05,73391.75,74827.39,9090
2023-09-06 06:00:00,75276.79,75378.7,72358.65,74565.6,8527
2023-09-06 07:00:00,76061.95,77980.29,76061.95,76214.38,10872
2023-09-06 08:00:00,76846.32,77735.28,74723.98,75629.16,12115
2023-09-06 09:00:00,77269.11,79102.51,77269.11,77316.09,17405
2023-09-06 10:00:00,77479.96,78431.56,76857.17,77362.34,8505
2023-09-06 11:00:00,76646.2,76646.2,76141.27,76293.86,7869
2023-09-06 12:00:00,77259.0,77560.55,77259.0,77405.74,6568
2023-09-06 13:00:00,77369.35,77679.45,77369.35,77524.4,10276
2023-09-06 14:00:00,77297.74,78371.03,77297.74,78214.6,9749
2023-09-06 15:00:00,79032.72,79349.49,79032.72,79191.11,10731
2023-09-06 16:00:00,79279.79,80766.49,79279.79,79438.66,12108
2023-09-06 17:00:00,79860.13,79864.91,78766.85,78924.7,13455
2023-09-06 18:00:00,79531.37,80799.29,79531.37,79690.75,10276
2023-09-06 19:00:00,79882.65,80868.93,79199.05,79651.22,8575
2023-09-06 20:00:00,80010.7,80331.39,80010.7,80171.05,8189
2023-09-06 21:00:00,79556.16,79556.16,78200.56,78357.28,5866
2023-09-06 22:00:00,78744.45,79296.45,78170.45,78710.83,15605
2023-09-06 23:00:00,78341.65,78341.65,77969.35,78185.28,9125
2023-09-07 00:00:00,78788.21,81825.91,78788.21,79505.51,7576
2023-09-07 01:00:00,79407.02,80401.02,76115.74,79976.44,15157
2023-09-07 02:00:00,80284.7,80284.7,77939.09,80124.45,14702
2023-09-07 03:00:00,80310.15,80632.04,80310.15,80471.1,13834
2023-09-07 04:00:00,79751.04,79751.04,79432.67,79591.86,9197
2023-09-07 05:00:00,80157.74,81703.77,80157.74,80875.95,10869
2023-09-07 06:00:00,81377.6,82615.75,81253.78,82450.85,21848
2023-09-07 07:00:00,82665.58,82834.09,82665.58,82668.75,19871
2023-09-07 08:00:00,83724.23,84762.48,83724.23,83892.01,10502
2023-09-07 09:00:00,83268.06,83268.06,83084.55,83251.05,7766
2023-09-07 10:00:00,82602.29,82602.29,81708.27,82437.41,15713
2023-09-07 11:00:00,82495.2,85264.93,81237.01,82359.62,8941
2023-09-07 12:00:00,82449.49,82636.6,82449.49,82614.72,14988
2023-09-07 13:00:00,82330.29,82330.29,82001.62,82165.95,5820
2023-09-07 14:00:00,82678.54,82678.54,82419.61,82513.51,8799
2023-09-07 15:00:00,82493.17,82696.69,82493.17,82658.49,8735
2023-09-07 16:00:00,81921.59,82031.62,80918.06,81698.15,8340
2023-09-07 17:00:00,82243.99,83044.15,81877.21,82041.29,14753
2023-09-07 18:00:00,81753.62,82831.34,81493.7,82666.01,10087
2023-09-07 19:00:00,82305.5,82860.57,82230.6,82695.18,12952
2023-09-07 20:00:00,82910.28,83718.44,82050.46,83551.34,12899
2023-09-07 21:00:00,82535.92,82535.92,82206.44,82371.18,17854
2023-09-07 22:00:00,82492.18,83814.2,82492.18,82657.5,15370
2023-09-07 23:00:00,82372.93,83537.36,81135.52,81554.65,9000
2023-09-08 00:00:00,81287.13,81287.13,78913.3,80543.96,14976
2023-09-08 01:00:00,80007.28,81008.5,76906.74,79968.71,19156
2023-09-08 02:00:00,79373.57,80796.98,78229.27,79158.9,6966
2023-09-08 03:00:00,79535.94,79535.94,78541.39,78698.79,6561
2023-09-08 04:00:00,78679.28,78679.28,77277.21,78522.24,6774
2023-09-08 05:00:00,78727.81,79352.08,77925.89,79193.7,8822
2023-09-08 06:00:00,79076.69,79076.69,78761.01,78918.85,19053
2023-09-08 07:00:00,78396.1,78396.1,77296.15,77632.19,14884
2023-09-08 08:00:00,78101.15,79833.93,76462.39,78559.14,11460
2023-09-08 09:00:00,78043.41,78043.41,76869.01,77887.63,4754
2023-09-08 10:00:00,77592.85,77946.08,76860.43,77859.05,8867
2023-09-08 11:00:00,78077.25,78390.19,78077.25,78233.72,10626
2023-09-08 12:00:00,78246.1,78559.71,78246.1,78402.91,5341
2023-09-08 13:00:00,78789.0,80173.16,77747.76,79284.98,12414
2023-09-08 14:00:00,79640.39,81654.36,79640.39,79655.88,10138
2023-09-08 15:00:00,79088.17,79088.17,78772.45,78930.31,9990
2023-09-08 16:00:00,80517.45,80840.17,80517.45,80678.81,8934
2023-09-08 17:00:00,80623.82,81080.96,80623.82,80785.39,8955
2023-09-08 18:00:00,80768.69,80768.69,79177.1,80607.47,10197
2023-09-08 19:00:00,81187.44,81652.89,81187.44,81350.14,20244
2023-09-08 20:00:00,81509.28,83170.88,80843.55,81486.23,8159
2023-09-08 21:00:00,81580.22,82380.37,81580.22,81743.71,9421
2023-09-08 22:00:00,82741.86,83909.36,82741.86,83741.88,7635
2023-09-08 23:00:00,83535.48,83535.48,83186.46,83368.74,5067
2023-09-09 00:00:00,83029.3,83029.3,82664.7,82972.45,10115
2023-09-09 01:00:00,83511.01,84370.41,82178.73,82957.33,7782
2023-09-09 02:00:00,83583.65,84636.81,83583.65,83751.16,19332
2023-09-09 03:00:00,82491.46,82491.46,82162.15,82326.8,10250
2023-09-09 04:00:00,82335.99,83045.31,80161.55,80580.44,11047
2023-09-09 05:00:00,80212.32,80212.32,79892.11,80052.22,9787
2023-09-09 06:00:00,79359.85,81002.87,77934.39,78686.5,18445
2023-09-09 07:00:00,78552.95,79774.63,78194.55,78351.26,11223
2023-09-09 08:00:00,78264.58,78924.42,78264.58,78766.89,11164
2023-09-09 09:00:00,79052.39,79370.0,76593.88,78054.62,11287
2023-09-09 10:00:00,77960.8,77960.8,76430.36,76940.73,8647
2023-09-09 11:00:00,76747.32,77201.39,75135.83,77047.3,6285
2023-09-09 12:00:00,77445.38,79817.38,77445.38,77775.34,12933
2023-09-09 13:00:00,76696.96,76696.96,76307.3,76460.22,15416
2023-09-09 14:00:00,77009.37,77318.02,77009.37,77163.69,15357
2023-09-09 15:00:00,77630.2,78009.11,77247.37,77853.41,11386
2023-09-09 16:00:00,78605.93,78798.25,78605.93,78640.97,10657
2023-09-09 17:00:00,79467.51,79786.02,79467.51,79626.77,9643
2023-09-09 18:00:00,80963.44,83498.08,80963.44,81398.43,15427
2023-09-09 19:00:00,81086.97,82885.15,80040.11,81036.99,17030
2023-09-09 20:00:00,80934.79,81190.24,80832.65,81071.87,14991
2023-09-09 21:00:00,82051.92,83507.58,80513.66,80670.98,9180
2023-09-09 22:00:00,80465.93,80788.44,80465.93,80627.19,12312
2023-09-09 23:00:00,79924.72,82007.8,79702.91,81844.11,10163
2023-09-10 00:00:00,81389.34,81389.34,78753.79,80642.26,11043
2023-09-10 01:00:00,79927.22,79927.22,78538.84,79888.45,9605
2023-09-10 02:00:00,79933.97,82423.2,79174.12,80987.6,7278
2023-09-10 03:00:00,80616.16,81940.29,80188.12,81776.74,10707
2023-09-10 04:00:00,81560.01,81560.01,81234.42,81397.22,12857
2023-09-10 05:00:00,81957.19,83255.14,81957.19,82043.01,9203
2023-09-10 06:00:00,81579.95,85109.13,80838.54,82247.68,6849
2023-09-10 07:00:00,82335.73,83585.86,81129.98,83419.02,13769
2023-09-10 08:00:00,83223.12,83653.06,81378.04,83360.3,12977
2023-09-10 09:00:00,82853.35,84281.23,82853.35,84113.0,9478
2023-09-10 10:00:00,85869.19,86412.12,85869.19,86239.64,9385
2023-09-10 11:00:00,86385.87,87058.61,86385.87,86558.98,17785
2023-09-10 12:00:00,86214.08,86559.62,86214.08,86386.85,10439
2023-09-10 13:00:00,86640.94,87266.09,86640.94,86814.57,14915
2023-09-10 14:00:00,86096.49,86903.69,86096.49,86269.02,11672
2023-09-10 15:00:00,87827.0,88344.64,87827.0,88168.31,15729
2023-09-10 16:00:00,88408.62,89307.48,87419.5,88067.54,21684
2023-09-10 17:00:00,87878.48,87925.13,87388.31,87563.44,14033
2023-09-10 18:00:00,87903.76,88012.1,85523.17,86575.73,13774
2023-09-10 19:00:00,87107.78,88568.3,87021.01,87336.92,7653
2023-09-10 20:00:00,87848.44,88153.71,87760.44,87877.23,7495
2023-09-10 21:00:00,87758.96,87758.96,86276.74,87182.12,11618
2023-09-10 22:00:00,87368.62,87642.91,87293.04,87467.97,7773
2023-09-10 23:00:00,86057.68,86057.68,85714.14,85885.91,7561
2023-09-11 00:00:00,86034.74,86034.74,85691.29,85863.02,11261
2023-09-11 01:00:00,85902.48,86246.78,85902.48,86074.63,7815
2023-09-11 02:00:00,87208.31,89724.87,87208.31,87383.08,10515
2023-09-11 03:00:00,86758.55,86758.55,85750.54,86463.76,7697
2023-09-11 04:00:00,85767.96,86503.75,84869.45,85132.72,9684
2023-09-11 05:00:00,84361.66,84361.66,80164.11,84193.27,13784
2023-09-11 06:00:00,83027.17,83027.17,82746.7,82912.52,8780
2023-09-11 07:00:00,83296.31,84117.01,82081.92,83949.11,12939
2023-09-11 08:00:00,84147.27,85322.13,82310.82,85151.82,8077
2023-09-11 09:00:00,85190.99,85711.41,83044.38,85271.56,9659
2023-09-11 10:00:00,86000.69,86345.38,86000.69,86173.04,9344
2023-09-11 11:00:00,86329.86,87051.22,85778.62,86102.36,7187
2023-09-11 12:00:00,85906.45,85906.45,83116.31,85832.01,15493
2023-09-11 13:00:00,84920.5,85533.47,84657.55,85362.75,10284
2023-09-11 14:00:00,85105.86,85778.44,84759.91,84929.77,5310
2023-09-11 15:00:00,83606.97,83606.97,83273.21,83440.09,9826
2023-09-11 16:00:00,83978.54,84015.62,82022.79,83561.52,8259
2023-09-11 17:00:00,83487.06,84216.21,81506.97,83418.8,14602
2023-09-11 18:00:00,83780.26,84116.06,83780.26,83948.16,7705
2023-09-11 19:00:00,83823.0,84148.97,83740.73,83908.54,12100
2023-09-11 20:00:00,83268.67,85337.06,82431.94,83650.5,9194
2023-09-11 21:00:00,84075.0,84625.77,81538.61,82796.27,9945
2023-09-11 22:00:00,83223.28,85200.74,82606.41,82771.95,6267
2023-09-11 23:00:00,83147.18,83477.84,83137.73,83311.22,11736
2023-09-12 00:00:00,82403.87,82403.87,80159.58,82239.39,17638
2023-09-12 01:00:00,82407.95,82407.95,82078.97,82243.46,9541
2023-09-12 02:00:00,82205.2,82407.64,82205.2,82369.94,15094
2023-09-12 03:00:00,81775.87,81856.8,81410.29,81693.41,9364
2023-09-12 04:00:00,81013.63,81311.77,80987.17,81149.47,13529
2023-09-12 05:00:00,81464.42,81464.42,81139.21,81301.82,11860
2023-09-12 06:00:00,80479.26,80479.26,79321.2,80318.62,8013
2023-09-12 07:00:00,80164.39,82738.57,80164.39,80590.69,8202
2023-09-12 08:00:00,79935.05,79991.99,79672.66,79832.33,10365
2023-09-12 09:00:00,79266.5,81452.73,78355.25,80697.95,10747
2023-09-12 10:00:00,82436.14,84634.55,82436.14,82601.34,15415
2023-09-12 11:00:00,81965.32,81965.32,81153.6,81801.72,12992
2023-09-12 12:00:00,81459.69,82361.45,81459.69,82197.05,11613
2023-09-12 13:00:00,81635.41,82912.2,81363.19,81526.24,8974
2023-09-12 14:00:00,82186.33,84136.57,82186.33,82351.03,10132
2023-09-12 15:00:00,82114.12,82126.95,81061.15,81223.59,13731
2023-09-12 16:00:00,81427.35,81753.71,81427.35,81590.53,11904
2023-09-12 17:00:00,80865.54,80865.54,80002.82,80822.82,12529
2023-09-12 18:00:00,80803.05,80803.05,80471.19,80632.45,7936
2023-09-12 19:00:00,79930.1,79930.1,79659.11,79770.56,12130
2023-09-12 20:00:00,79723.8,82590.87,79486.77,80450.13,10168
2023-09-12 21:00:00,80282.91,80282.91,79595.56,79755.07,17952
2023-09-12 22:00:00,80054.6,82460.94,80054.6,80215.03,10808
2023-09-12 23:00:00,79854.36,80957.63,79854.36,79932.22,8747
2023-09-13 00:00:00,79941.88,81125.59,79311.62,79846.4,9825
2023-09-13 01:00:00,79663.62,80137.65,79532.29,79977.69,8285
2023-09-13 02:00:00,79522.58,79522.58,79006.0,79363.85,14135
2023-09-13 03:00:00,79480.1,79718.37,79400.14,79559.25,7166
2023-09-13 04:00:00,78914.13,80984.75,78304.6,80823.11,18787
2023-09-13 05:00:00,80329.33,80329.33,80008.65,80168.99,10153
2023-09-13 06:00:00,80697.52,81823.82,78352.91,81132.53,9969
2023-09-13 07:00:00,82188.48,82517.89,82188.48,82353.18,10751
2023-09-13 08:00:00,81655.79,81655.79,81450.2,81613.43,7360
2023-09-13 09:00:00,80870.34,81045.96,79800.71,80368.05,10940
2023-09-13 10:00:00,80453.89,80776.35,80453.89,80615.12,7033
2023-09-13 11:00:00,80612.47,81817.69,79997.95,80158.27,11724
2023-09-13 12:00:00,81434.25,82929.95,81434.25,81691.81,11113
2023-09-13 13:00:00,81716.04,83156.75,81520.35,81683.72,11871
2023-09-13 14:00:00,81140.82,81140.82,80816.91,80978.86,6845
2023-09-13 15:00:00,81191.67,81594.35,79854.91,80014.94,14406
2023-09-13 16:00:00,80060.79,81076.73,80060.79,80914.9,9335
2023-09-13 17:00:00,80590.02,80590.02,79979.56,80429.16,6841
2023-09-13 18:00:00,80401.62,80921.43,80401.62,80463.84,11651
2023-09-13 19:00:00,80890.65,81980.89,80548.81,81246.44,12091
2023-09-13 20:00:00,81115.72,82971.92,80498.88,80821.88,9563
2023-09-13 21:00:00,80786.46,82442.44,80350.01,80772.49,18024
2023-09-13 22:00:00,80747.67,80910.29,80587.3,80748.8,9276
2023-09-13 23:00:00,80584.03,81464.32,80248.14,81301.71,12120
2023-09-14 00:00:00,80813.27,83058.71,79340.82,81767.87,12482
2023-09-14 01:00:00,82125.31,82566.09,79513.03,81548.06,10308
2023-09-14 02:00:00,80981.29,82730.79,80285.09,81571.97,9448
2023-09-14 03:00:00,81396.59,81396.59,80600.28,81234.12,16783
2023-09-14 04:00:00,80149.63,80149.63,78735.97,79989.65,10172
2023-09-14 05:00:00,80420.21,81310.23,80053.66,80214.09,11701
2023-09-14 06:00:00,80674.23,81933.72,79483.43,81770.18,14777
2023-09-14 07:00:00,81638.32,82016.04,79760.64,81000.28,9218
2023-09-14 08:00:00,80510.83,80510.83,80189.43,80350.13,8704
2023-09-14 09:00:00,79732.78,81431.8,78347.06,79643.67,13523
2023-09-14 10:00:00,80229.41,80418.81,80097.78,80258.29,9215
2023-09-14 11:00:00,79900.42,82502.52,79334.65,80636.18,14429
2023-09-14 12:00:00,80668.97,80668.97,80264.54,80507.95,14992
2023-09-14 13:00:00,79919.12,79919.12,79600.08,79759.6,8267
2023-09-14 14:00:00,79700.42,80375.73,79700.42,79860.14,17658
2023-09-14 15:00:00,78764.99,78764.99,78435.87,78607.78,5980
2023-09-14 16:00:00,78646.47,80577.78,77665.48,78776.79,11125
2023-09-14 17:00:00,79392.44,79686.49,78009.88,79527.43,9887
2023-09-14 18:00:00,78700.44,78700.44,77952.01,78543.35,10786
2023-09-14 19:00:00,77526.74,77526.74,77105.87,77372.0,10792
2023-09-14 20:00:00,78548.45,79539.75,78548.45,78705.86,19486
2023-09-14 21:00:00,78424.84,78424.84,77585.04,78268.3,9722
2023-09-14 22:00:00,78774.91,79399.98,78774.91,79241.5,6775
2023-09-14 23:00:00,79586.21,79656.14,76654.67,79156.85,11041
2023-09-15 00:00:00,78563.54,79226.64,78335.6,79068.5,13964
2023-09-15 01:00:00,79310.39,79628.27,79310.39,79469.33,19532
2023-09-15 02:00:00,80339.73,80867.87,78630.68,78788.26,9064
2023-09-15 03:00:00,78790.66,79106.46,78790.66,78948.56,12968
2023-09-15 04:00:00,78850.07,78850.07,77743.37,78692.68,5593
2023-09-15 05:00:00,78484.09,78837.14,77536.0,77691.38,10581
2023-09-15 06:00:00,77959.47,78489.19,77887.25,78043.34,7873
2023-09-15 07:00:00,77992.34,81296.09,77435.68,77909.68,18016
2023-09-15 08:00:00,77946.08,78020.28,77708.82,77864.55,8574
2023-09-15 09:00:00,77137.4,77137.4,75286.98,76983.43,10978
2023-09-15 10:00:00,78179.7,79302.84,78179.7,78336.37,15095
2023-09-15 11:00:00,78948.25,82516.51,78948.25,79106.46,11742
2023-09-15 12:00:00,79774.97,80853.5,79774.97,79934.84,7561
2023-09-15 13:00:00,79554.34,81308.66,79554.34,79713.77,12481
2023-09-15 14:00:00,79358.64,80735.34,77289.92,78340.18,10738
2023-09-15 15:00:00,79640.69,81026.44,79640.69,79970.47,11037
2023-09-15 16:00:00,79479.56,81402.16,78844.82,79949.1,9296
2023-09-15 17:00:00,79208.83,79526.3,79208.83,79367.56,8817
2023-09-15 18:00:00,79245.99,79909.39,78258.6,79749.89,10331
2023-09-15 19:00:00,79892.38,82514.84,79232.97,80735.55,12437
2023-09-15 20:00:00,80275.76,80942.91,79881.11,80726.36,18171
2023-09-15 21:00:00,81582.69,82126.19,81159.17,81791.69,10826
2023-09-15 22:00:00,81694.71,86081.56,80674.58,82679.11,7029
2023-09-15 23:00:00,81825.93,81825.93,81329.68,81730.45,10222
2023-09-16 00:00:00,81316.38,81316.38,80776.25,81154.07,15570
2023-09-16 01:00:00,81785.39,82113.18,81785.39,81949.29,7862
2023-09-16 02:00:00,79820.78,79820.78,79265.0,79661.45,7246
2023-09-16 03:00:00,79249.08,79741.64,78160.56,79582.48,14345
2023-09-16 04:00:00,78621.76,78621.76,78317.34,78464.83,14503
2023-09-16 05:00:00,78753.84,78889.29,77902.63,78156.15,11595
2023-09-16 06:00:00,78547.37,79897.5,77608.61,77999.05,9385
2023-09-16 07:00:00,77377.59,80242.97,77377.59,77799.86,10515
2023-09-16 08:00:00,77412.36,78573.17,77297.6,77452.51,5940
2023-09-16 09:00:00,76906.05,77486.91,76532.12,76685.5,9188
2023-09-16 10:00:00,78441.28,78755.68,78441.28,78598.48,8863
2023-09-16 11:00:00,79345.47,80547.33,78271.25,80168.98,13920
2023-09-16 12:00:00,79408.74,79408.74,77683.89,79250.24,12043
2023-09-16 13:00:00,80043.12,80747.44,80043.12,80586.26,12162
2023-09-16 14:00:00,80664.25,81219.41,79818.51,80281.62,12997
2023-09-16 15:00:00,80259.18,80862.35,80259.18,80420.02,11315
2023-09-16 16:00:00,80432.24,80872.33,80237.05,80397.84,9732
2023-09-16 17:00:00,79727.73,80047.28,79727.73,79887.51,11774
2023-09-16 18:00:00,80269.67,80951.75,80269.67,80734.23,10118
2023-09-16 19:00:00,80788.74,81684.6,79654.67,80861.57,11159
2023-09-16 20:00:00,80649.57,80649.57,80327.62,80488.6,7947
2023-09-16 21:00:00,79607.21,79607.21,78242.15,79448.31,9872
2023-09-16 22:00:00,79095.12,80665.94,78112.15,78782.35,12419
2023-09-16 23:00:00,77692.83,77692.83,76385.35,77537.76,4109
2023-09-17 00:00:00,77893.15,78547.46,77498.9,77654.21,17875
2023-09-17 01:00:00,78084.89,78775.91,76193.97,76809.17,10504
2023-09-17 02:00:00,76706.39,76879.08,75625.87,76725.62,11051
2023-09-17 03:00:00,77768.71,80006.47,77768.71,77924.56,7384
2023-09-17 04:00:00,78817.37,79885.76,78817.37,78975.32,9317
2023-09-17 05:00:00,78861.05,79812.64,78861.05,79019.08,10977
2023-09-17 06:00:00,78987.22,80329.07,78862.04,79020.08,21925
2023-09-17 07:00:00,80375.96,83182.42,80375.96,80606.42,12514
2023-09-17 08:00:00,80902.07,81237.44,80902.07,81064.2,9396
2023-09-17 09:00:00,80649.78,81884.47,80649.78,80811.4,7586
2023-09-17 10:00:00,79820.92,79820.92,78379.23,79661.6,11872
2023-09-17 11:00:00,79671.99,80554.41,79614.55,80039.35,14638
2023-09-17 12:00:00,80323.69,80926.14,78183.94,80764.61,9137
2023-09-17 13:00:00,80113.51,80434.61,80113.51,80274.06,7809
2023-09-17 14:00:00,80717.89,80717.89,80395.66,80556.78,8504
2023-09-17 15:00:00,80455.65,80455.65,80134.47,80295.06,20627
2023-09-17 16:00:00,80622.84,80622.84,80028.48,80188.86,9821
2023-09-17 17:00:00,78724.81,78724.81,75125.46,78200.25,11618
2023-09-17 18:00:00,77964.76,78229.54,77964.76,78121.0,8560
2023-09-17 19:00:00,78810.09,79887.56,78810.09,78994.91,10902
2023-09-17 20:00:00,79499.75,79545.14,76774.09,78566.35,9156
2023-09-17 21:00:00,78453.45,79003.64,77754.08,78699.39,10879
2023-09-17 22:00:00,78869.58,79276.66,78023.62,78179.98,8728
2023-09-17 23:00:00,78411.41,79239.66,78411.41,78568.55,11855
2023-09-18 00:00:00,78643.48,78643.48,75864.76,78486.51,9709
2023-09-18 01:00:00,78547.19,78547.19,76581.85,77828.15,11615
2023-09-18 02:00:00,78840.0,79022.27,78840.0,78998.0,11296
2023-09-18 03:00:00,79669.29,81848.81,79669.29,79828.95,9183
2023-09-18 04:00:00,79656.54,80924.18,79237.69,79396.48,11317
2023-09-18 05:00:00,79712.93,80390.5,79712.93,79872.67,14230
2023-09-18 06:00:00,80210.56,81293.83,80210.56,80371.3,7356
2023-09-18 07:00:00,80783.16,83688.35,80783.16,80945.05,13105
2023-09-18 08:00:00,79736.18,79736.18,77310.62,79577.03,10033
2023-09-18 09:00:00,80301.15,82587.24,80301.15,80462.07,12955
2023-09-18 10:00:00,79880.24,80661.47,79880.24,80040.32,13592
2023-09-18 11:00:00,79965.8,79965.8,78474.15,79806.19,13344
2023-09-18 12:00:00,81856.24,82184.32,81856.24,82020.28,9201
2023-09-18 13:00:00,82116.2,82717.49,82116.2,82280.76,9378
2023-09-18 14:00:00,82388.41,82388.41,81487.33,81958.13,15944
2023-09-18 15:00:00,80284.06,80284.06,78853.7,80123.81,10469
2023-09-18 16:00:00,81156.97,81482.24,81156.97,81319.61,16329
2023-09-18 17:00:00,80897.99,82197.18,80069.98,80230.44,8201
2023-09-18 18:00:00,79623.94,79623.94,78605.78,79465.01,8719
2023-09-18 19:00:00,79348.29,79431.67,77995.51,79273.12,14162
2023-09-18 20:00:00,80340.28,80662.28,80340.28,80501.28,3868
2023-09-18 21:00:00,80202.01,81269.84,80202.01,81188.46,7866
2023-09-18 22:00:00,80824.44,81252.99,79646.56,81090.81,6761
2023-09-18 23:00:00,81545.21,81545.21,78441.19,81382.44,9909
2023-09-19 00:00:00,81323.74,83004.82,80453.51,80911.78,11241
2023-09-19 01:00:00,80758.14,82089.62,79308.9,81068.08,11167
2023-09-19 02:00:00,81328.85,81328.85,81004.19,81166.52,5376
2023-09-19 03:00:00,81887.32,82168.37,81887.32,82004.36,15919
2023-09-19 04:00:00,82661.75,82993.06,82661.75,82827.41,9443
2023-09-19 05:00:00,83069.05,84186.56,83069.05,83235.52,18382
2023-09-19 06:00:00,82886.03,83462.16,81433.07,82905.82,15573
2023-09-19 07:00:00,82240.28,84628.92,81321.24,83521.64,10860
2023-09-19 08:00:00,82819.99,84437.56,82317.29,83415.94,7391
2023-09-19 09:00:00,83833.05,84753.31,82305.09,82470.03,15336
2023-09-19 10:00:00,82297.67,82297.67,81427.42,82133.4,11444
2023-09-19 11:00:00,82467.81,83806.94,82052.23,82216.66,12989
2023-09-19 12:00:00,82705.44,85637.15,82485.59,82989.82,12098
2023-09-19 13:00:00,82411.29,83834.3,82306.88,82821.86,11366
2023-09-19 14:00:00,82465.9,82465.9,80840.86,81792.24,7988
2023-09-19 15:00:00,81248.96,82024.01,81024.13,81860.29,8710
2023-09-19 16:00:00,82709.77,83096.71,81809.24,81973.19,9263
2023-09-19 17:00:00,81978.38,83867.79,81978.38,82142.67,11395
2023-09-19 18:00:00,82054.32,84542.53,82054.32,82922.89,9311
2023-09-19 19:00:00,83605.75,83940.85,83605.75,83773.3,8467
2023-09-19 20:00:00,83601.63,83867.99,83063.32,83229.78,16939
2023-09-19 21:00:00,82427.97,82851.54,82225.91,82686.17,9268
2023-09-19 22:00:00,81877.56,81967.34,80434.02,81803.74,7685
2023-09-19 23:00:00,81858.83,82562.33,81858.83,82407.89,9375
2023-09-20 00:00:00,83337.08,83798.64,83337.08,83631.38,11051
2023-09-20 01:00:00,83500.25,83500.25,82541.51,83333.58,12102
2023-09-20 02:00:00,83317.78,83317.78,82942.66,83108.88,9647
2023-09-20 03:00:00,84295.38,84505.75,84295.38,84339.51,5715
2023-09-20 04:00:00,84557.06,85338.42,84557.06,84726.52,13936
2023-09-20 05:00:00,85214.7,85214.7,84076.64,85044.61,11237
2023-09-20 06:00:00,84109.72,84109.72,83773.95,83941.84,6546
2023-09-20 07:00:00,84239.15,86409.56,83611.52,84485.99,8438
2023-09-20 08:00:00,83924.66,85993.57,83340.54,83630.52,11716
2023-09-20 09:00:00,83669.62,84495.43,82469.36,82634.63,13547
2023-09-20 10:00:00,82506.24,82506.24,82176.87,82341.55,4237
2023-09-20 11:00:00,82022.05,82022.05,81694.62,81858.34,10012
2023-09-20 12:00:00,82003.28,82050.39,81532.39,81695.78,5060
2023-09-20 13:00:00,82087.17,83116.13,77977.7,80522.06,6850
2023-09-20 14:00:00,80785.44,83350.31,80785.44,81368.85,5709
2023-09-20 15:00:00,82177.65,83490.47,82177.65,82342.33,13429
2023-09-20 16:00:00,81175.64,81175.64,80220.09,80717.36,9002
2023-09-20 17:00:00,80309.43,83300.48,80309.43,81579.37,8023
2023-09-20 18:00:00,81825.94,81917.18,80328.08,80938.58,5784
2023-09-20 19:00:00,81534.24,81861.03,81534.24,81697.64,6045
2023-09-20 20:00:00,81695.84,82560.9,81508.11,81671.45,13123
2023-09-20 21:00:00,82006.72,82204.66,81158.56,81726.06,18054
2023-09-20 22:00:00,81321.24,81764.8,81249.41,81601.6,10657
2023-09-20 23:00:00,82480.31,82699.65,82480.31,82645.6,12793
2023-09-21 00:00:00,82251.0,83134.05,80500.24,81607.86,11845
2023-09-21 01:00:00,81986.41,82421.83,81986.41,82150.71,12163
2023-09-21 02:00:00,81896.76,84096.73,81896.76,83095.78,9693
2023-09-21 03:00:00,83865.37,83865.37,83530.58,83697.97,9116
2023-09-21 04:00:00,83721.51,85834.2,83721.51,85662.87,9350
2023-09-21 05:00:00,85353.28,86920.44,84951.45,85121.69,7732
2023-09-21 06:00:00,85718.78,86062.34,85718.78,85890.56,10410
2023-09-21 07:00:00,85883.76,85883.76,85540.91,85712.33,12538
2023-09-21 08:00:00,86205.18,87453.35,86205.18,86711.65,12031
2023-09-21 09:00:00,86422.58,87405.22,86422.58,86595.77,11182
2023-09-21 10:00:00,86320.14,86320.14,84754.07,86147.85,10651
2023-09-21 11:00:00,87028.37,90543.68,87028.37,87202.78,9777
2023-09-21 12:00:00,86813.71,86813.71,86467.15,86640.43,11157
2023-09-21 13:00:00,85452.38,85452.38,85111.25,85281.82,8553
2023-09-21 14:00:00,84943.96,85177.67,83770.95,84763.89,9955
2023-09-21 15:00:00,85075.79,86793.52,85075.79,85246.29,11686
2023-09-21 16:00:00,86216.01,86561.57,86216.01,86388.79,11503
2023-09-21 17:00:00,86076.8,87733.25,86007.83,86383.98,10065
2023-09-21 18:00:00,87268.51,87618.28,87268.51,87443.39,11548
2023-09-21 19:00:00,86856.02,86856.02,85925.56,86097.76,8263
2023-09-21 20:00:00,85787.17,85787.17,85444.7,85615.93,6285
2023-09-21 21:00:00,85566.08,85630.29,85115.81,85286.38,16040
2023-09-21 22:00:00,85129.56,87078.71,84631.65,85120.3,9009
2023-09-21 23:00:00,84542.17,85559.71,83378.17,85132.1,5235
2023-09-22 00:00:00,85500.48,85901.65,85500.48,85671.82,9557
2023-09-22 01:00:00,85377.85,85377.85,84757.46,85207.44,7736
2023-09-22 02:00:00,84922.92,85436.28,84326.61,85265.75,5224
2023-09-22 03:00:00,85230.32,85732.89,83393.23,85163.8,9003
2023-09-22 04:00:00,84467.05,84467.05,84129.85,84298.45,10265
2023-09-22 05:00:00,84359.57,85158.97,83997.81,84166.14,7898
2023-09-22 06:00:00,83957.95,84179.09,83957.95,84011.06,12731
2023-09-22 07:00:00,83675.42,83931.72,83675.42,83843.1,7172
2023-09-22 08:00:00,84225.94,86213.69,83410.97,83850.52,6692
2023-09-22 09:00:00,83727.69,84063.28,83727.69,83895.49,19988
2023-09-22 10:00:00,84008.61,84008.61,82228.12,83504.4,14366
2023-09-22 11:00:00,83608.42,84749.16,83460.97,84580.0,12157
2023-09-22 12:00:00,83532.96,83532.96,83363.94,83531.0,10534
2023-09-22 13:00:00,83074.27,83074.27,82633.69,82908.45,11161
2023-09-22 14:00:00,84357.0,87112.83,84357.0,85270.68,13378
2023-09-22 15:00:00,84793.48,86457.5,84141.8,84310.42,14530
2023-09-22 16:00:00,83933.36,85467.51,82150.06,83116.15,10410
2023-09-22 17:00:00,83051.94,84219.6,83051.94,83742.9,16200
2023-09-22 18:00:00,82117.55,82117.55,81084.61,81953.64,6493
2023-09-22 19:00:00,81955.72,81955.72,81017.13,81792.13,10685
2023-09-22 20:00:00,83455.75,83790.24,83455.75,83623.0,10695
2023-09-22 21:00:00,82743.2,82743.2,82129.05,82293.64,13377
2023-09-22 22:00:00,81257.18,81257.18,78930.31,80656.89,13076
2023-09-22 23:00:00,79594.76,79594.76,78631.78,79493.63,7482
2023-09-23 00:00:00,79557.85,81610.35,79557.85,80323.61,9144
2023-09-23 01:00:00,81163.81,81500.76,81163.81,81326.47,6858
2023-09-23 02:00:00,81179.99,81347.57,80065.1,80956.44,7514
2023-09-23 03:00:00,81707.89,81768.86,81423.23,81586.4,7466
2023-09-23 04:00:00,82154.72,83123.31,82154.72,82793.03,13675
2023-09-23 05:00:00,83271.78,84409.86,83166.67,84320.47,7340
2023-09-23 06:00:00,83887.87,84574.57,81956.95,84083.56,12649
2023-09-23 07:00:00,82254.6,82254.6,79533.43,82090.42,7874
2023-09-23 08:00:00,81455.53,81601.49,81275.74,81438.61,8391
2023-09-23 09:00:00,81274.03,81542.96,80476.58,81137.18,8118
2023-09-23 10:00:00,81145.4,81145.4,79966.98,80983.44,8866
2023-09-23 11:00:00,81226.31,81337.9,80730.89,80892.68,6958
2023-09-23 12:00:00,81719.93,82679.56,81719.93,81883.7,6276
2023-09-23 13:00:00,82975.56,83156.41,82975.56,82990.43,8561
2023-09-23 14:00:00,83024.17,83024.17,81023.46,82858.46,18351
2023-09-23 15:00:00,83636.76,84028.2,83636.76,83804.37,8316
2023-09-23 16:00:00,83933.81,84270.22,83933.81,84102.01,12088
2023-09-23 17:00:00,84309.63,84309.63,83973.06,84141.34,5060
2023-09-23 18:00:00,84413.49,85911.8,83702.79,84904.14,6876
2023-09-23 19:00:00,84760.29,87021.01,84760.29,84930.15,9565
2023-09-23 20:00:00,86502.7,87147.21,86502.7,86676.05,12787
2023-09-23 21:00:00,85478.76,85478.76,85142.75,85313.38,10018
2023-09-23 22:00:00,85387.19,86533.07,84645.77,84815.4,10031
2023-09-23 23:00:00,85300.77,86662.24,84288.54,84670.74,10042
2023-09-24 00:00:00,84141.85,85325.1,83355.14,85019.03,14109
2023-09-24 01:00:00,85955.33,88559.73,85955.33,86077.07,13686
2023-09-24 02:00:00,86504.73,86676.12,82631.88,85983.06,6897
2023-09-24 03:00:00,84905.93,84905.93,83852.12,84666.81,10284
2023-09-24 04:00:00,85263.67,86765.25,85148.91,85364.89,15937
2023-09-24 05:00:00,85643.51,88197.84,85643.51,85973.45,10090
2023-09-24 06:00:00,84857.85,85876.75,84034.41,84202.81,11384
2023-09-24 07:00:00,83980.09,84351.52,83906.53,84183.15,7873
2023-09-24 08:00:00,84105.26,84105.26,81749.7,82802.05,8145
2023-09-24 09:00:00,82438.6,82601.06,82098.77,82263.3,12245
2023-09-24 10:00:00,81856.94,81856.94,81356.47,81543.22,12853
2023-09-24 11:00:00,81862.46,83348.76,81862.46,82273.95,12810
2023-09-24 12:00:00,82753.49,83327.47,81784.55,82410.83,13227
2023-09-24 13:00:00,82700.09,84184.84,79204.38,81364.07,15270
2023-09-24 14:00:00,81600.14,83643.26,81600.14,82158.05,16413
2023-09-24 15:00:00,81159.45,81159.45,80395.51,80997.45,6893
2023-09-24 16:00:00,80683.29,82585.89,80178.95,81342.7,10945
2023-09-24 17:00:00,81782.55,81788.8,80566.14,80727.59,8611
2023-09-24 18:00:00,80666.11,80666.11,79849.82,80505.1,9495
2023-09-24 19:00:00,80408.3,81166.78,78541.6,81004.77,13404
2023-09-24 20:00:00,81344.95,81670.98,81344.95,81507.96,10905
2023-09-24 21:00:00,82513.1,83252.47,82513.1,82678.45,6348
2023-09-24 22:00:00,82359.76,83783.72,80496.2,82635.84,15436
2023-09-24 23:00:00,82893.97,83383.28,82757.35,82923.2,11954
2023-09-25 00:00:00,82793.91,82793.91,81208.35,82572.56,9281
2023-09-25 01:00:00,82590.04,83414.76,82590.04,82755.55,8889
2023-09-25 02:00:00,82926.21,85258.93,81982.02,83153.2,13262
2023-09-25 03:00:00,83250.9,83250.9,82718.47,83084.73,9692
2023-09-25 04:00:00,81735.59,81735.59,81409.3,81572.44,10774
2023-09-25 05:00:00,81394.41,82072.42,81035.2,81908.61,10869
2023-09-25 06:00:00,82100.97,82430.03,82100.97,82265.5,13155
2023-09-25 07:00:00,81573.95,81971.79,81573.95,81737.43,8175
2023-09-25 08:00:00,80885.29,80885.29,79840.05,80723.84,12045
2023-09-25 09:00:00,81717.52,82179.21,81717.52,82024.24,11229
2023-09-25 10:00:00,82322.35,82652.3,82322.35,82487.32,14301
2023-09-25 11:00:00,82854.39,83319.73,80969.32,82333.7,10626
2023-09-25 12:00:00,82283.53,82942.29,81257.51,81420.35,13687
2023-09-25 13:00:00,82217.49,82299.14,80753.88,80803.88,14860
2023-09-25 14:00:00,81796.31,82124.15,81796.31,81960.23,17967
2023-09-25 15:00:00,82478.15,83138.41,81962.94,82127.19,9562
2023-09-25 16:00:00,81876.58,81876.58,81549.73,81713.15,22811
2023-09-25 17:00:00,82033.65,82756.55,82033.65,82198.05,14760
2023-09-25 18:00:00,81774.35,81774.35,81165.58,81562.64,6875
2023-09-25 19:00:00,82711.52,83043.03,82711.52,82877.27,13722
2023-09-25 20:00:00,83883.8,84220.01,83883.8,84051.9,10805
2023-09-25 21:00:00,83393.16,83816.27,82957.04,83648.98,7793
2023-09-25 22:00:00,83164.79,83164.79,82531.18,83119.35,5725
2023-09-25 23:00:00,81100.88,81100.88,80557.44,80920.47,7688
2023-09-26 00:00:00,80226.96,81337.01,79619.16,79778.72,7790
2023-09-26 01:00:00,78957.0,78957.0,78230.24,78799.4,11832
2023-09-26 02:00:00,78825.98,79098.43,78825.98,79043.71,12653
2023-09-26 03:00:00,78752.98,80165.88,78752.98,78910.8,10140
2023-09-26 04:00:00,77976.85,77976.85,77805.18,77961.1,11829
2023-09-26 05:00:00,78051.69,78051.69,77740.11,77895.9,6199
2023-09-26 06:00:00,78302.1,78615.93,78302.1,78459.02,13751
2023-09-26 07:00:00,78872.51,79554.33,78872.51,79030.57,11184
2023-09-26 08:00:00,78266.03,78266.03,76599.01,77634.13,5891
2023-09-26 09:00:00,77237.31,78176.59,75960.02,77701.4,13845
2023-09-26 10:00:00,76926.05,76926.05,75226.91,76772.5,7237
2023-09-26 11:00:00,77514.23,79088.83,77514.23,77669.56,13553
2023-09-26 12:00:00,78304.55,78618.39,78304.55,78461.47,8632
2023-09-26 13:00:00,78050.17,78050.17,77738.59,77894.38,9864
2023-09-26 14:00:00,77493.11,77606.62,76077.75,77451.72,10999
2023-09-26 15:00:00,77357.98,77467.55,77111.8,77266.33,9446
2023-09-26 16:00:00,76710.18,76769.87,75024.24,75673.64,13766
2023-09-26 17:00:00,76002.33,76306.7,76002.33,76154.39,7544
2023-09-26 18:00:00,76000.44,76305.05,76000.44,76152.74,14910
2023-09-26 19:00:00,76757.49,78543.33,75834.73,77118.17,18992
2023-09-26 20:00:00,76596.81,76596.81,76291.03,76443.92,15904
2023-09-26 21:00:00,76319.61,76319.61,75679.0,76167.28,12891
2023-09-26 22:00:00,75387.74,75387.74,75059.98,75210.4,10468
2023-09-26 23:00:00,75229.3,75679.51,74382.47,74674.71,8187
2023-09-27 00:00:00,74946.99,77499.74,73272.99,74020.69,18824
2023-09-27 01:00:00,74884.31,75184.44,74884.31,75034.37,17304
2023-09-27 02:00:00,74889.57,74889.57,73672.52,74740.09,8709
2023-09-27 03:00:00,74931.94,75232.27,74931.94,75082.1,7981
2023-09-27 04:00:00,75181.53,75181.53,74881.4,75031.47,8493
2023-09-27 05:00:00,74449.99,74449.99,74022.16,74301.39,8320
2023-09-27 06:00:00,74351.47,76083.13,74282.15,74431.01,9022
2023-09-27 07:00:00,74246.2,77319.9,73614.5,75141.15,9257
2023-09-27 08:00:00,74638.99,75012.08,74305.92,74454.83,8243
2023-09-27 09:00:00,74347.65,76056.92,74347.65,75325.16,11223
2023-09-27 10:00:00,75058.63,75058.63,74759.0,74908.81,10216
2023-09-27 11:00:00,74893.49,76608.94,74636.03,74785.61,9146
2023-09-27 12:00:00,74683.83,77651.59,74464.82,75439.64,9290
2023-09-27 13:00:00,75532.68,75837.86,75013.54,75163.86,9300
2023-09-27 14:00:00,75093.29,75873.65,73722.05,75433.86,17051
2023-09-27 15:00:00,75816.07,76402.26,75276.14,75427.0,8291
2023-09-27 16:00:00,75552.39,78162.29,73516.52,75762.16,5465
2023-09-27 17:00:00,74298.69,74298.69,74002.09,74150.39,14672
2023-09-27 18:00:00,73176.29,73176.29,72714.19,73030.23,9151
2023-09-27 19:00:00,73631.56,75713.99,73631.56,73779.11,6259
2023-09-27 20:00:00,74790.02,74984.53,74790.02,74834.86,12218
2023-09-27 21:00:00,74499.95,76484.98,73071.97,74391.68,7068
2023-09-27 22:00:00,74399.71,74619.38,74305.36,74470.43,13152
2023-09-27 23:00:00,74666.52,75624.13,74666.52,74957.41,10459
2023-09-28 00:00:00,74744.82,75902.88,74744.82,75741.32,11131
2023-09-28 01:00:00,74559.89,74559.89,74262.25,74411.07,10145
2023-09-28 02:00:00,75069.33,75319.82,72223.73,74004.97,5559
2023-09-28 03:00:00,73881.78,75862.96,73881.78,74029.84,6495
2023-09-28 04:00:00,74427.91,74985.83,74427.91,74836.15,15852
2023-09-28 05:00:00,76848.95,77318.76,76848.95,77002.95,9154
2023-09-28 06:00:00,77042.45,77042.45,76678.76,77033.44,7608
2023-09-28 07:00:00,76288.69,76288.69,75984.15,76136.42,10450
2023-09-28 08:00:00,76659.41,76831.63,76524.92,76678.27,8503
2023-09-28 09:00:00,77773.86,79049.22,77773.86,77929.72,10120
2023-09-28 10:00:00,78439.81,79962.11,77768.72,78204.89,9790
2023-09-28 11:00:00,77622.15,77820.03,77260.75,77664.7,9115
2023-09-28 12:00:00,78463.55,78778.03,78463.55,78620.79,10362
2023-09-28 13:00:00,78615.92,81006.56,78615.92,79327.18,12245
2023-09-28 14:00:00,78972.86,79315.71,77311.33,78653.39,13524
2023-09-28 15:00:00,78975.65,79292.18,78975.65,79133.92,11946
2023-09-28 16:00:00,78812.41,81531.07,78812.41,80103.27,16796
2023-09-28 17:00:00,81046.55,81382.93,81046.55,81208.96,7569
2023-09-28 18:00:00,81805.86,82607.67,81101.89,81264.42,15973
2023-09-28 19:00:00,81282.52,81396.66,80914.13,81076.28,10577
2023-09-28 20:00:00,81683.25,82371.11,81683.25,82206.7,9903
2023-09-28 21:00:00,82252.83,83131.38,81115.63,81278.19,9969
2023-09-28 22:00:00,81610.89,81916.11,80380.99,81752.61,6364
2023-09-28 23:00:00,80869.8,80869.8,80546.97,80708.39,10236
2023-09-29 00:00:00,81550.09,82212.45,81550.09,81713.52,11029
2023-09-29 01:00:00,82418.84,84364.65,81278.12,81600.76,5578
2023-09-29 02:00:00,81839.03,82929.68,81686.59,82764.15,17989
2023-09-29 03:00:00,83423.23,83423.23,83090.2,83256.72,16150
2023-09-29 04:00:00,82445.72,82445.72,82116.59,82281.15,8286
2023-09-29 05:00:00,82722.94,84353.89,82722.94,83567.57,6950
2023-09-29 06:00:00,84326.69,85116.53,84326.69,84946.64,7391
2023-09-29 07:00:00,85527.66,86663.86,85527.66,85729.88,13437
2023-09-29 08:00:00,85603.31,87030.22,84890.63,85060.75,10918
2023-09-29 09:00:00,85091.17,88029.6,84642.4,84812.02,9715
2023-09-29 10:00:00,85129.61,85129.61,83191.85,84959.69,11658
2023-09-29 11:00:00,84535.1,84535.1,83954.66,84366.37,8832
2023-09-29 12:00:00,85683.83,86027.25,85683.83,85855.54,8836
2023-09-29 13:00:00,85800.47,86144.36,85800.47,85972.41,8594
2023-09-29 14:00:00,83687.82,83687.82,83420.79,83587.96,11911
2023-09-29 15:00:00,84934.95,85652.27,83043.05,83932.45,16212
2023-09-29 16:00:00,83699.4,84272.33,83200.1,83679.31,16480
2023-09-29 17:00:00,82962.97,84183.46,81611.51,83668.27,10782
2023-09-29 18:00:00,83034.72,83826.12,82010.23,83407.69,5673
2023-09-29 19:00:00,83696.18,84323.59,83444.9,84155.28,9880
2023-09-29 20:00:00,84985.93,86770.79,84985.93,85156.24,13549
2023-09-29 21:00:00,85584.75,85584.75,84470.64,85413.92,5701
2023-09-29 22:00:00,84954.13,85294.63,84954.13,85124.38,8058
2023-09-29 23:00:00,85066.98,87908.06,85066.98,85104.72,10675
2023-09-30 00:00:00,84969.1,85309.66,84969.1,85139.38,8634
2023-09-30 01:00:00,84627.42,84627.42,83830.84,84458.5,14457
2023-09-30 02:00:00,84824.09,85164.06,84824.09,84994.08,5724
2023-09-30 03:00:00,85585.54,85585.54,84178.25,85414.71,11896
2023-09-30 04:00:00,84599.74,87215.59,80916.22,86767.0,14033
2023-09-30 05:00:00,86779.0,89141.67,86606.0,87847.62,10478
2023-09-30 06:00:00,87653.28,87653.28,86422.28,87170.21,14319
2023-09-30 07:00:00,86823.22,88033.06,86019.76,87857.34,10751
2023-09-30 08:00:00,87666.58,87666.58,86768.08,86941.96,11609
2023-09-30 09:00:00,87347.32,88086.35,87347.32,87522.37,12056
2023-09-30 10:00:00,87449.47,87686.09,86520.05,87007.1,15243
2023-09-30 11:00:00,86199.85,86199.85,85344.72,86058.15,11444
2023-09-30 12:00:00,86134.62,86465.38,86120.21,86292.79,8877
2023-09-30 13:00:00,84087.78,84087.78,82372.59,83919.94,7473
2023-09-30 14:00:00,83280.49,83280.49,82304.95,82469.89,9344
2023-09-30 15:00:00,82574.79,82574.79,82245.15,82409.97,10049
2023-09-30 16:00:00,82482.2,82735.05,81123.58,82569.91,10749
2023-09-30 17:00:00,82180.76,82572.59,82180.76,82345.45,11063
2023-09-30 18:00:00,81656.79,81656.79,79702.9,81111.73,12722
2023-09-30 19:00:00,80719.24,80719.24,80397.01,80558.13,9927
2023-09-30 20:00:00,80855.22,81179.29,80855.22,81017.25,9038
2023-09-30 21:00:00,81072.38,83647.87,80802.26,81624.5,8231
2023-09-30 22:00:00,82284.47,82284.47,81558.32,81721.76,7806
2023-09-30 23:00:00,82216.71,82962.03,82216.71,82796.44,10304
2023-10-01 00:00:00,83046.83,84114.44,83046.83,83213.25,5204
2023-10-01 01:00:00,82809.82,82813.41,82482.82,82648.12,10830
2023-10-01 02:00:00,82912.64,82912.64,82330.05,82495.04,10000
2023-10-01 03:00:00,82098.08,82315.83,78962.23,81403.05,9408
2023-10-01 04:00:00,81263.14,81593.83,81194.73,81430.97,8813
2023-10-01 05:00:00,82328.54,83813.02,82328.54,82472.26,8417
2023-10-01 06:00:00,83138.93,84328.04,83138.93,83139.29,12891
2023-10-01 07:00:00,84233.46,84571.07,84233.46,84402.26,5911
2023-10-01 08:00:00,84292.34,84473.57,83234.06,84180.89,7880
2023-10-01 09:00:00,85214.88,85556.42,85214.88,85385.65,10387
2023-10-01 10:00:00,85398.47,85403.03,85062.1,85232.57,12627
2023-10-01 11:00:00,85944.05,87045.2,85944.05,86532.36,16255
2023-10-01 12:00:00,86191.91,86668.38,82928.3,86495.39,7080
2023-10-01 13:00:00,86853.25,88629.23,86612.25,87103.16,10241
2023-10-01 14:00:00,88331.45,88655.89,88331.45,88379.25,10604
2023-10-01 15:00:00,88307.09,89862.49,87955.53,88131.79,9877
2023-10-01 16:00:00,88087.26,88440.31,88087.26,88263.78,8130
2023-10-01 17:00:00,88002.83,89534.95,87549.25,89356.24,15142
2023-10-01 18:00:00,89714.93,90270.92,88302.68,89132.6,19280
2023-10-01 19:00:00,88513.31,88513.31,87661.58,87837.26,9504
2023-10-01 20:00:00,89523.71,90237.7,89523.71,89703.12,4617
2023-10-01 21:00:00,89337.59,89337.59,86005.52,89159.27,6051
2023-10-01 22:00:00,89401.83,90651.45,87356.12,89206.17,12723
2023-10-01 23:00:00,89706.9,91377.83,87361.47,90158.64,11629
2023-10-02 00:00:00,90516.72,90817.51,89290.8,89469.74,7418
2023-10-02 01:00:00,89441.57,89573.99,86181.93,88442.0,9079
2023-10-02 02:00:00,87825.39,88874.62,86323.48,88595.34,9121
2023-10-02 03:00:00,87068.83,87068.83,86079.36,86895.04,11468
2023-10-02 04:00:00,86290.32,87385.82,85854.74,86611.26,10173
2023-10-02 05:00:00,87093.34,89422.48,86635.13,86808.75,14740
2023-10-02 06:00:00,86380.03,87532.4,86373.27,86546.37,9484
2023-10-02 07:00:00,85337.75,85337.75,84997.08,85167.42,8596
2023-10-02 08:00:00,85406.37,87362.33,85406.37,86577.91,8427
2023-10-02 09:00:00,86254.91,86827.35,83299.63,86654.04,13616
2023-10-02 10:00:00,87727.54,88594.1,87727.54,87903.34,8919
2023-10-02 11:00:00,87726.33,87726.33,87440.54,87615.77,13400
2023-10-02 12:00:00,86955.63,86955.63,85789.52,86782.07,9065
2023-10-02 13:00:00,87172.29,87172.29,86467.0,86998.3,7698
2023-10-02 14:00:00,86951.32,86951.32,85393.43,86777.77,11010
2023-10-02 15:00:00,86121.68,87159.62,85540.67,85712.09,8152
2023-10-02 16:00:00,86835.01,87180.2,86835.01,87006.18,8714
2023-10-02 17:00:00,86598.37,86598.37,86252.67,86425.52,11103
2023-10-02 18:00:00,84960.68,84960.68,84621.52,84791.1,9620
2023-10-02 19:00:00,84901.24,86147.34,84901.24,85975.39,5839
2023-10-02 20:00:00,85705.44,85705.44,83226.18,85534.38,7151
2023-10-02 21:00:00,86045.33,86203.43,82640.02,85017.52,13620
2023-10-02 22:00:00,83680.6,83680.6,83144.94,83513.57,12014
2023-10-02 23:00:00,84895.61,87617.53,84895.61,85065.74,10453
2023-10-03 00:00:00,85495.37,86141.48,83804.21,83972.15,13240
2023-10-03 01:00:00,83738.49,84426.74,83738.49,84078.33,8108
2023-10-03 02:00:00,84213.54,85085.64,84213.54,84915.81,10085
2023-10-03 03:00:00,85140.98,85843.77,85140.98,85311.6,12603
2023-10-03 04:00:00,85108.18,86990.5,85108.18,85278.74,13417
2023-10-03 05:00:00,84677.86,84677.86,83651.93,83819.57,12998
2023-10-03 06:00:00,83638.76,85402.72,82753.86,83188.73,14495
2023-10-03 07:00:00,83594.08,83594.08,83260.37,83427.22,10368
2023-10-03 08:00:00,82889.1,84569.92,82663.28,82828.93,7856
2023-10-03 09:00:00,83370.69,83693.45,83037.63,83088.05,11134
2023-10-03 10:00:00,83396.75,83915.6,82811.81,83748.11,5910
2023-10-03 11:00:00,84136.16,84804.72,83908.45,84635.45,9648
2023-10-03 12:00:00,84446.01,84446.01,83372.22,83617.03,8622
2023-10-03 13:00:00,83692.88,86893.77,83692.88,85559.27,15676
2023-10-03 14:00:00,84653.7,86416.37,83971.79,86243.89,13359
2023-10-03 15:00:00,85695.79,87446.3,85534.59,86238.6,9874
2023-10-03 16:00:00,86694.88,88997.75,85273.56,87195.3,6187
2023-10-03 17:00:00,89149.71,89449.74,89149.71,89271.19,15656
2023-10-03 18:00:00,89352.46,89438.84,87692.35,87868.08,8988
2023-10-03 19:00:00,88277.03,89436.03,87441.75,87616.99,12466
2023-10-03 20:00:00,87489.95,87489.95,85278.55,85449.45,13881
2023-10-03 21:00:00,85467.1,86508.78,85467.1,85638.38,13267
2023-10-03 22:00:00,85800.77,87336.61,85800.77,85972.71,14654
2023-10-03 23:00:00,86044.94,86116.8,84452.43,85944.91,4739
2023-10-04 00:00:00,86606.47,87611.43,85141.92,85379.24,18398
2023-10-04 01:00:00,83673.5,83673.5,83449.61,83616.84,11426
2023-10-04 02:00:00,83985.83,84176.83,83840.8,84008.81,9544
2023-10-04 03:00:00,85149.07,86272.93,85149.07,85319.71,21634
2023-10-04 04:00:00,84912.76,84912.76,84663.1,84832.77,5750
2023-10-04 05:00:00,85084.41,87419.94,85084.41,85254.92,11282
2023-10-04 06:00:00,84792.78,84792.78,83752.84,83920.69,16920
2023-10-04 07:00:00,84169.71,84549.22,81899.5,84380.45,14772
2023-10-04 08:00:00,83751.42,84123.08,80988.82,84097.33,11633
2023-10-04 09:00:00,83744.63,83744.63,83339.69,83506.71,8121
2023-10-04 10:00:00,83571.56,83571.56,82772.35,82938.23,10038
2023-10-04 11:00:00,82627.79,83033.25,82536.1,82701.51,12529
2023-10-04 12:00:00,82783.64,83293.52,82783.64,83127.26,10612
2023-10-04 13:00:00,82953.74,84708.57,81281.37,82105.27,16223
2023-10-04 14:00:00,81726.59,82682.28,81726.59,81890.37,10875
2023-10-04 15:00:00,82147.71,83222.04,80904.38,81979.58,9501
2023-10-04 16:00:00,81344.91,81344.91,81020.18,81182.55,10497
2023-10-04 17:00:00,82647.74,83621.67,82647.74,82813.36,11213
2023-10-04 18:00:00,82358.24,82358.24,80691.61,82193.86,7206
2023-10-04 19:00:00,81619.71,82518.05,80558.81,81750.96,12596
2023-10-04 20:00:00,82038.39,82132.76,80420.73,81065.52,8317
2023-10-04 21:00:00,82536.65,82867.45,82536.65,82702.05,9005
2023-10-04 22:00:00,83108.95,83442.06,83108.95,83275.5,10561
2023-10-04 23:00:00,83427.86,84281.89,82406.13,82571.28,8808
2023-10-05 00:00:00,83084.11,84489.72,82335.91,83615.14,8360
2023-10-05 01:00:00,83691.3,83879.3,82565.21,83870.67,10788
2023-10-05 02:00:00,84067.79,85359.37,84067.79,84169.24,8469
2023-10-05 03:00:00,84111.46,84111.46,81937.85,83943.57,9818
2023-10-05 04:00:00,83145.22,85680.52,82976.9,83378.4,8858
2023-10-05 05:00:00,83660.57,84005.59,83588.42,83757.59,10596
2023-10-05 06:00:00,83541.33,83541.33,81980.16,83374.58,12108
2023-10-05 07:00:00,83899.06,86363.09,83899.06,85013.4,12649
2023-10-05 08:00:00,84128.34,84128.34,83792.5,83960.42,7338
2023-10-05 09:00:00,85183.37,85524.78,85183.37,85354.07,15897
2023-10-05 10:00:00,85760.25,87753.97,85125.49,85296.08,7554
2023-10-05 11:00:00,85159.65,85769.21,85159.65,85598.02,11249
2023-10-05 12:00:00,86346.72,86531.8,86346.72,86359.08,12115
2023-10-05 13:00:00,85768.22,86494.25,85039.32,85816.72,10529
2023-10-05 14:00:00,86428.71,86775.11,86428.71,86601.91,13005
2023-10-05 15:00:00,84383.53,84383.53,84046.67,84215.1,10561
2023-10-05 16:00:00,83634.64,83836.45,83313.38,83669.11,9550
2023-10-05 17:00:00,83134.26,83134.26,82802.38,82968.32,10117
2023-10-05 18:00:00,82644.43,83091.88,80169.68,82014.14,12174
2023-10-05 19:00:00,82279.89,82410.97,80835.86,81966.56,11159
2023-10-05 20:00:00,82259.31,83296.48,82259.31,82424.16,9872
2023-10-05 21:00:00,82323.05,83304.41,82251.67,83138.13,12666
2023-10-05 22:00:00,82816.3,84338.91,82255.77,83447.51,15364
2023-10-05 23:00:00,83142.98,83142.98,82870.29,82977.02,9861
2023-10-06 00:00:00,82765.82,83459.39,82754.25,83398.92,10837
2023-10-06 01:00:00,83624.2,83769.48,82898.61,83602.27,11370
2023-10-06 02:00:00,84323.91,86534.75,84323.91,84492.9,10187
2023-10-06 03:00:00,85060.54,85401.46,85060.54,85231.0,9027
2023-10-06 04:00:00,85477.75,85477.75,84983.27,85307.14,10439
2023-10-06 05:00:00,84863.64,84863.64,84404.74,84573.89,10959
2023-10-06 06:00:00,84279.41,84279.41,83187.08,84080.24,8901
2023-10-06 07:00:00,84102.39,85917.33,83635.07,83692.37,12866
2023-10-06 08:00:00,83684.49,83684.49,83350.42,83517.46,11424
2023-10-06 09:00:00,82752.22,84014.33,82723.55,83846.63,9294
2023-10-06 10:00:00,83798.23,84720.36,83451.19,84551.25,10652
2023-10-06 11:00:00,84826.25,85468.24,84411.31,84580.47,12486
2023-10-06 12:00:00,84973.39,85271.33,84483.81,84667.67,12533
2023-10-06 13:00:00,84387.98,85032.24,84387.98,84862.51,5950
2023-10-06 14:00:00,84648.95,84648.95,84064.36,84479.99,5928
2023-10-06 15:00:00,84686.71,84983.13,82618.59,83758.05,8603
2023-10-06 16:00:00,82518.83,82518.83,82189.42,82354.13,10629
2023-10-06 17:00:00,82491.76,82491.76,79906.27,81905.33,7816
2023-10-06 18:00:00,82238.88,82613.44,81302.59,82448.55,6266
2023-10-06 19:00:00,82479.19,83037.55,81826.96,81990.94,11086
2023-10-06 20:00:00,81816.07,82102.49,81774.73,81938.61,6187
2023-10-06 21:00:00,82312.77,82629.62,82312.77,82477.73,17407
2023-10-06 22:00:00,82603.51,83219.04,82603.51,83052.94,8137
2023-10-06 23:00:00,82100.37,82424.62,80731.44,82260.1,8484
2023-10-07 00:00:00,83073.74,83519.27,83073.74,83240.22,8527
2023-10-07 01:00:00,83172.26,85871.66,82378.74,84315.26,14242
2023-10-07 02:00:00,83599.23,83599.23,81262.87,83432.36,12836
2023-10-07 03:00:00,83699.61,84123.28,82483.39,82842.9,4979
2023-10-07 04:00:00,83810.56,84146.47,83810.56,83978.51,9138
2023-10-07 05:00:00,83981.61,84606.39,82712.51,83951.99,11246
2023-10-07 06:00:00,82769.48,82769.48,81410.65,82150.92,11682
2023-10-07 07:00:00,81781.96,81781.96,80963.62,81125.87,11518
2023-10-07 08:00:00,81165.51,82405.41,80933.16,81095.35,8574
2023-10-07 09:00:00,81013.13,82220.93,78716.69,80310.49,8955
2023-10-07 10:00:00,80228.87,80328.86,80008.19,80168.53,10134
2023-10-07 11:00:00,80420.78,80420.78,80234.45,80395.24,7197
2023-10-07 12:00:00,81249.37,84200.55,81249.37,81789.39,10906
2023-10-07 13:00:00,82082.1,82082.1,81544.0,81707.41,12913
2023-10-07 14:00:00,82411.02,82929.43,82411.02,82763.9,12658
2023-10-07 15:00:00,83423.11,85103.6,83423.11,84107.05,14366
2023-10-07 16:00:00,84172.0,88033.91,84172.0,85440.57,10137
2023-10-07 17:00:00,85981.05,89360.87,85509.81,85754.41,13819
2023-10-07 18:00:00,84239.48,84239.48,83910.83,84093.09,14710
2023-10-07 19:00:00,84485.08,84626.95,83692.33,84591.43,7133
2023-10-07 20:00:00,85415.88,86168.29,85415.88,85587.06,8520
2023-10-07 21:00:00,85511.88,85752.29,85409.96,85581.12,7661
2023-10-07 22:00:00,86994.57,88919.51,86994.57,87168.91,21474
2023-10-07 23:00:00,88034.75,88128.87,87777.06,87952.97,13114
2023-10-08 00:00:00,88850.54,89068.78,86293.66,88459.5,13248
2023-10-08 01:00:00,89242.07,89599.75,89242.07,89420.91,9292
2023-10-08 02:00:00,89782.15,89856.17,89638.03,89676.82,8671
2023-10-08 03:00:00,87769.04,87769.04,87165.2,87339.88,13687
2023-10-08 04:00:00,87082.98,87082.98,84878.88,86909.17,14385
2023-10-08 05:00:00,87627.67,90522.92,87627.67,87996.72,4745
2023-10-08 06:00:00,87693.89,88238.66,87093.85,87268.39,14059
2023-10-08 07:00:00,87114.52,87114.52,86722.74,87088.12,16094
2023-10-08 08:00:00,86356.23,86356.23,85179.82,86183.86,9042
2023-10-08 09:00:00,87626.98,88322.82,87626.98,87802.59,11295
2023-10-08 10:00:00,87830.31,90400.94,87795.57,89313.15,10571
2023-10-08 11:00:00,88829.89,88829.89,87497.8,88466.5,10300
2023-10-08 12:00:00,89058.52,91325.16,88376.28,88582.58,15692
2023-10-08 13:00:00,88122.31,88122.31,87298.44,87946.42,10663
2023-10-08 14:00:00,88415.84,88608.31,88320.32,88497.32,9957
2023-10-08 15:00:00,88518.14,89120.32,85522.28,88942.43,9133
2023-10-08 16:00:00,89106.37,89830.76,89106.37,89651.45,10842
2023-10-08 17:00:00,89729.41,90087.11,89727.48,89907.29,14798
2023-10-08 18:00:00,92360.33,92730.51,92360.33,92545.42,15777
2023-10-08 19:00:00,92057.37,92057.37,90776.23,91436.37,17487
2023-10-08 20:00:00,91484.12,91484.12,88112.48,89738.71,8551
2023-10-08 21:00:00,90034.44,90034.44,89153.24,89331.91,11157
2023-10-08 22:00:00,87956.39,87956.39,87663.96,87869.4,12730
2023-10-08 23:00:00,86779.25,86779.25,83862.37,86540.83,10846
2023-10-09 00:00:00,85876.19,85876.19,84767.8,85704.78,18830
2023-10-09 01:00:00,85381.39,85381.39,84800.57,84970.51,4952
2023-10-09 02:00:00,84403.8,84403.8,82441.08,84235.33,5851
2023-10-09 03:00:00,84208.06,84963.66,84208.06,84794.07,10667
2023-10-09 04:00:00,84655.02,84655.02,84408.4,84455.22,10863
2023-10-09 05:00:00,84241.22,85145.01,84241.22,84410.04,12460
2023-10-09 06:00:00,84461.15,85463.56,84215.22,85292.98,11870
2023-10-09 07:00:00,85641.0,85641.0,83259.45,84714.58,9298
2023-10-09 08:00:00,84134.06,84758.65,82721.82,84589.47,6748
2023-10-09 09:00:00,84842.88,85668.81,84842.88,85012.9,7170
2023-10-09 10:00:00,83593.29,83593.29,83297.9,83426.43,7562
2023-10-09 11:00:00,81576.27,81576.27,81373.08,81536.15,9937
2023-10-09 12:00:00,81785.37,82874.78,80576.93,82013.66,6784
2023-10-09 13:00:00,82409.86,83637.97,82409.86,82603.95,12435
2023-10-09 14:00:00,84060.36,84677.24,84060.36,84508.22,7687
2023-10-09 15:00:00,84589.54,84928.58,84589.54,84759.06,15458
2023-10-09 16:00:00,84878.74,85746.64,84421.16,85575.49,12475
2023-10-09 17:00:00,85388.92,86126.8,85292.36,85488.22,16067
2023-10-09 18:00:00,85661.14,87085.48,85661.14,85832.81,5023
2023-10-09 19:00:00,87194.4,88968.03,87194.4,87369.14,8519
2023-10-09 20:00:00,85679.88,85679.88,84483.97,85508.86,7183
2023-10-09 21:00:00,85784.19,87197.24,85784.19,85956.11,6263
2023-10-09 22:00:00,87727.64,88032.65,87727.64,87903.45,16334
2023-10-09 23:00:00,87360.22,89518.02,85513.95,88174.5,11820
2023-10-10 00:00:00,89491.61,89850.29,89491.61,89670.95,13474
2023-10-10 01:00:00,89241.33,89241.33,88885.08,89063.2,11943
2023-10-10 02:00:00,89913.37,90721.24,88843.71,89021.75,8455
2023-10-10 03:00:00,88863.96,89440.02,88863.96,89042.04,10290
2023-10-10 04:00:00,88142.79,88142.79,86840.99,87015.02,8197
2023-10-10 05:00:00,86655.0,86655.0,84070.17,86024.97,9836
2023-10-10 06:00:00,86042.21,86855.65,84968.93,85139.21,12041
2023-10-10 07:00:00,85784.56,86886.36,85784.56,85956.48,7580
2023-10-10 08:00:00,86223.49,86974.75,85507.12,86801.15,16349
2023-10-10 09:00:00,86526.31,88142.62,84516.83,87144.42,10413
2023-10-10 10:00:00,87701.88,88100.36,87701.88,87924.51,15453
2023-10-10 11:00:00,87873.26,90460.28,85968.92,87801.59,9732
2023-10-10 12:00:00,88769.8,89082.77,88769.8,88904.96,12113
2023-10-10 13:00:00,88817.11,90983.22,88817.11,88907.31,7389
2023-10-10 14:00:00,89084.99,91945.92,88775.88,88953.79,9584
2023-10-10 15:00:00,88226.42,91115.77,88226.42,88704.93,11121
2023-10-10 16:00:00,89301.09,89502.94,89145.65,89324.3,6062
2023-10-10 17:00:00,89099.66,89099.66,88743.97,88921.82,11439
2023-10-10 18:00:00,89622.27,90633.41,89622.27,89801.87,4697
2023-10-10 19:00:00,89525.69,89525.69,86376.79,88731.28,10312
2023-10-10 20:00:00,87910.86,87910.86,87559.91,87735.39,9511
2023-10-10 21:00:00,88201.44,89237.06,88201.44,88378.19,8748
2023-10-10 22:00:00,88130.87,90616.6,88130.87,88307.48,15136
2023-10-10 23:00:00,88539.99,89166.86,87731.66,87907.48,7343
2023-10-11 00:00:00,88549.46,90996.45,88549.46,88726.91,10865
2023-10-11 01:00:00,88318.55,88318.55,87158.3,88175.01,7941
2023-10-11 02:00:00,88344.83,88471.49,87873.03,88008.52,13515
2023-10-11 03:00:00,89106.33,90092.93,89106.33,89284.9,11596
2023-10-11 04:00:00,90489.35,91044.79,90489.35,90670.69,14265
2023-10-11 05:00:00,90759.51,92686.3,90759.51,92064.27,14052
2023-10-11 06:00:00,91851.96,91851.96,91412.61,91694.18,13660
2023-10-11 07:00:00,91246.82,93699.71,90820.56,92750.42,10838
2023-10-11 08:00:00,91906.56,91906.56,88475.39,91723.12,9290
2023-10-11 09:00:00,90698.32,90959.9,90596.78,90778.34,7966
2023-10-11 10:00:00,89854.78,89854.78,87380.31,88532.56,8752
2023-10-11 11:00:00,89433.67,90918.91,89433.67,90046.08,11950
2023-10-11 12:00:00,89978.5,89978.5,87250.88,89209.24,7061
2023-10-11 13:00:00,89080.93,90906.76,88897.97,89076.12,13767
2023-10-11 14:00:00,88412.73,88412.73,87786.41,88236.26,10025
2023-10-11 15:00:00,88603.47,89228.57,88603.47,88873.64,10547
2023-10-11 16:00:00,89727.23,90457.3,85588.97,88524.73,9604
2023-10-11 17:00:00,87506.28,87506.28,87171.61,87346.31,11848
2023-10-11 18:00:00,87747.67,89680.15,87296.5,87776.76,6862
2023-10-11 19:00:00,87318.69,87318.69,86344.26,86517.29,12933
2023-10-11 20:00:00,86360.52,86360.52,85173.24,85839.71,9357
2023-10-11 21:00:00,84243.4,84243.4,83907.1,84075.25,10901
2023-10-11 22:00:00,83657.82,84246.7,82817.38,82983.35,12592
2023-10-11 23:00:00,82346.99,85129.77,82196.63,83293.47,7462
2023-10-12 00:00:00,81902.02,81902.02,80033.37,81774.87,8280
2023-10-12 01:00:00,80970.44,80970.44,79869.86,80729.22,12159
2023-10-12 02:00:00,80781.46,81105.23,80781.46,80943.34,10082
2023-10-12 03:00:00,80848.45,80848.45,80544.02,80705.43,14629
2023-10-12 04:00:00,81538.95,82779.19,81538.95,82563.77,11737
2023-10-12 05:00:00,83876.43,85651.53,83876.43,84280.94,20077
2023-10-12 06:00:00,83827.93,83827.93,81952.78,83660.61,7606
2023-10-12 07:00:00,84182.81,84446.72,84182.81,84278.17,9017
2023-10-12 08:00:00,84652.12,87332.65,84652.12,85049.47,13720
2023-10-12 09:00:00,84664.78,84806.31,84244.65,84637.03,10672
2023-10-12 10:00:00,83763.5,83763.5,83176.6,83463.31,13009
2023-10-12 11:00:00,83181.76,84733.94,82047.2,83601.44,13528
2023-10-12 12:00:00,83765.28,83765.28,83430.89,83598.08,6172
2023-10-12 13:00:00,83536.65,83536.88,83203.4,83370.14,8946
2023-10-12 14:00:00,83728.67,85194.06,83728.67,83896.46,17161
2023-10-12 15:00:00,83556.39,83556.39,81254.28,83389.61,9135
2023-10-12 16:00:00,82724.95,82724.95,81650.22,82559.83,9453
2023-10-12 17:00:00,82658.6,82989.89,82658.6,82824.25,9451
2023-10-12 18:00:00,83151.51,83477.97,83151.51,83318.14,6893
2023-10-12 19:00:00,82638.11,82638.11,81937.48,82473.17,13150
2023-10-12 20:00:00,83263.12,85743.45,83263.12,83429.98,9502
2023-10-12 21:00:00,82238.81,82238.81,81444.9,82074.66,5046
2023-10-12 22:00:00,81209.92,84606.89,81067.38,81776.36,9531
2023-10-12 23:00:00,81800.23,84024.62,81591.46,81754.97,10321
2023-10-13 00:00:00,81943.12,83159.33,80990.22,81418.29,13276
2023-10-13 01:00:00,81060.18,81315.66,80991.05,81153.36,8315
2023-10-13 02:00:00,82749.9,83288.63,82749.9,82915.73,9951
2023-10-13 03:00:00,82919.21,82962.09,82199.19,82363.92,8100
2023-10-13 04:00:00,84429.4,84767.79,84429.4,84598.59,6310
2023-10-13 05:00:00,84962.58,85271.25,84749.56,85101.04,6510
2023-10-13 06:00:00,85123.01,85992.76,85123.01,85293.6,10350
2023-10-13 07:00:00,85644.31,85987.57,85644.31,85815.94,10039
2023-10-13 08:00:00,87948.5,88301.0,87948.5,88124.75,4386
2023-10-13 09:00:00,88538.82,88538.82,87083.94,87258.46,7310
2023-10-13 10:00:00,86485.93,86485.93,85523.04,86313.3,7611
2023-10-13 11:00:00,85900.48,85900.48,85557.57,85729.02,12173
2023-10-13 12:00:00,85701.53,86132.64,85383.25,85854.73,9060
2023-10-13 13:00:00,84605.21,84605.21,82788.21,84436.34,14684
2023-10-13 14:00:00,84595.32,84757.86,84419.51,84588.68,10809
2023-10-13 15:00:00,86007.47,87285.11,86007.47,86179.83,11929
2023-10-13 16:00:00,86181.88,88015.55,85649.04,86399.91,8044
2023-10-13 17:00:00,86009.3,86397.6,85514.19,86225.15,9936
2023-10-13 18:00:00,85876.6,86452.32,85597.85,85769.39,8388
2023-10-13 19:00:00,86122.84,88023.83,85606.54,86657.78,8276
2023-10-13 20:00:00,85832.32,86748.69,85832.32,86004.33,13106
2023-10-13 21:00:00,87050.79,89699.49,87050.79,87720.42,8073
2023-10-13 22:00:00,89319.83,90255.29,89319.83,89498.83,8691
2023-10-13 23:00:00,89549.49,91070.51,89549.49,89728.95,8340
2023-10-14 00:00:00,89676.83,89889.1,88561.85,89709.68,6526
2023-10-14 01:00:00,89678.8,90826.6,89100.51,90645.31,8529
2023-10-14 02:00:00,91077.1,91665.23,89923.39,91622.67,9341
2023-10-14 03:00:00,91093.11,91093.11,90330.85,90801.87,10166
2023-10-14 04:00:00,90475.08,91634.05,89614.82,90273.0,10239
2023-10-14 05:00:00,89209.39,89209.39,88664.19,89031.33,13838
2023-10-14 06:00:00,89237.94,89595.61,89237.94,89416.78,13058
2023-10-14 07:00:00,88679.62,90205.64,87099.51,90025.59,22796
2023-10-14 08:00:00,88945.3,88945.3,88590.23,88767.76,10656
2023-10-14 09:00:00,88626.69,89102.71,88198.97,88375.72,8192
2023-10-14 10:00:00,87913.92,87913.92,85722.28,87193.35,10244
2023-10-14 11:00:00,86635.3,86635.3,86289.45,86462.37,12687
2023-10-14 12:00:00,86284.47,89456.52,86121.97,87038.01,6970
2023-10-14 13:00:00,87188.38,87394.44,85363.79,86459.34,14778
2023-10-14 14:00:00,86454.9,86454.9,85409.66,86282.34,12487
2023-10-14 15:00:00,85662.8,85964.4,84189.68,84943.19,8416
2023-10-14 16:00:00,85065.94,85406.88,85065.94,85236.41,8439
2023-10-14 17:00:00,85150.38,85491.66,85150.38,85321.02,8484
2023-10-14 18:00:00,85606.26,87579.53,83854.48,84808.09,11774
2023-10-14 19:00:00,84950.42,84950.42,83663.03,84780.86,9709
2023-10-14 20:00:00,84904.21,85244.51,84904.21,85074.36,11511
2023-10-14 21:00:00,85334.76,88156.13,84327.06,84496.05,9721
2023-10-14 22:00:00,83534.26,83534.26,83200.79,83367.52,9428
2023-10-14 23:00:00,84389.97,87620.12,84389.97,85076.16,11689
2023-10-15 00:00:00,84771.41,84823.56,84484.95,84654.25,13208
2023-10-15 01:00:00,85222.49,86549.02,84518.41,84710.27,10807
2023-10-15 02:00:00,85758.6,87155.93,85551.4,85722.84,9486
2023-10-15 03:00:00,87250.01,89580.84,87250.01,88922.58,12315
2023-10-15 04:00:00,87990.97,87990.97,87639.71,87815.34,8638
2023-10-15 05:00:00,87801.43,89066.9,87392.49,88273.11,17339
2023-10-15 06:00:00,87852.84,87852.84,87502.13,87677.49,7542
2023-10-15 07:00:00,87408.47,87408.47,87078.94,87253.44,11588
2023-10-15 08:00:00,86606.25,86855.44,85921.98,86682.08,17209
2023-10-15 09:00:00,86375.97,86375.97,85749.45,85772.67,19374
2023-10-15 10:00:00,86491.02,86491.02,85342.33,85847.8,9976
2023-10-15 11:00:00,84835.52,84835.52,82472.9,84666.19,11023
2023-10-15 12:00:00,84570.83,86938.87,84189.95,85626.29,8332
2023-10-15 13:00:00,86464.68,87481.62,85619.47,85791.05,11545
2023-10-15 14:00:00,85883.68,88946.31,85118.09,86273.6,7439
2023-10-15 15:00:00,85791.6,86960.71,85791.6,85963.53,14089
2023-10-15 16:00:00,86084.4,87108.9,84779.48,85751.44,6511
2023-10-15 17:00:00,85947.7,86292.17,85947.7,86119.93,10129
2023-10-15 18:00:00,85372.48,85372.48,85031.67,85202.07,12550
2023-10-15 19:00:00,84966.05,85874.28,84852.33,85022.38,7303
2023-10-15 20:00:00,84583.35,84583.35,82456.66,84414.52,9685
2023-10-15 21:00:00,84409.03,84653.07,81518.34,83801.39,14913
2023-10-15 22:00:00,83119.33,83119.33,79584.77,82167.55,8486
2023-10-15 23:00:00,82882.12,83769.08,82775.17,83502.46,10644
2023-10-16 00:00:00,83700.55,83738.19,82789.89,83094.09,9709
2023-10-16 01:00:00,83665.97,85498.17,83519.43,84267.63,12023
2023-10-16 02:00:00,85172.65,85404.07,85172.65,85343.33,12945
2023-10-16 03:00:00,84712.66,84712.66,83792.9,84351.12,8789
2023-10-16 04:00:00,84595.33,85046.29,83400.85,83567.98,16231
2023-10-16 05:00:00,85322.35,87636.05,85322.35,85925.87,7045
2023-10-16 06:00:00,85878.76,88080.26,85757.27,87573.12,7133
2023-10-16 07:00:00,87969.97,89311.35,86828.66,87610.43,9975
2023-10-16 08:00:00,87377.95,88081.63,87003.69,87905.82,10256
2023-10-16 09:00:00,87804.19,89636.79,87222.83,87397.62,7010
2023-10-16 10:00:00,87682.26,88033.7,87682.26,87857.98,6296
2023-10-16 11:00:00,87452.41,87452.41,87103.3,87277.85,10244
2023-10-16 12:00:00,85718.58,85718.58,84700.62,85547.49,10539
2023-10-16 13:00:00,85555.92,85752.28,84352.16,84521.21,11900
2023-10-16 14:00:00,84864.36,84864.36,84379.69,84694.97,10132
2023-10-16 15:00:00,84036.62,84036.62,83701.14,83868.88,10791
2023-10-16 16:00:00,83980.87,86373.01,82713.82,83984.44,9931
2023-10-16 17:00:00,83422.86,83422.86,82900.93,83234.44,7274
2023-10-16 18:00:00,82597.0,83862.64,82597.0,82759.45,11317
2023-10-16 19:00:00,82825.9,84075.92,82336.58,83681.88,7085
2023-10-16 20:00:00,83866.78,84240.51,83866.78,84072.36,7166
2023-10-16 21:00:00,84257.89,84401.66,84080.53,84233.19,7661
2023-10-16 22:00:00,85074.9,85324.26,85074.9,85153.95,8142
2023-10-16 23:00:00,85692.59,88320.97,85692.59,85712.66,8916
2023-10-17 00:00:00,86929.53,88683.14,86929.53,87103.73,8197
2023-10-17 01:00:00,86957.14,86957.14,86507.66,86783.57,7326
2023-10-17 02:00:00,86656.57,86656.57,86327.1,86500.1,8193
2023-10-17 03:00:00,85627.9,85627.9,84576.48,85456.99,8972
2023-10-17 04:00:00,85251.88,86166.25,85009.13,85217.54,5855
2023-10-17 05:00:00,85482.99,87531.66,85482.99,86197.33,7924
2023-10-17 06:00:00,86432.44,87630.47,86432.44,87455.56,8066
2023-10-17 07:00:00,88215.06,88637.52,88215.06,88391.85,7040
2023-10-17 08:00:00,87000.87,87000.87,86653.56,86827.21,10138
2023-10-17 09:00:00,87708.99,88060.53,87708.99,87884.76,12319
2023-10-17 10:00:00,87290.08,87876.32,86130.75,86303.35,6945
2023-10-17 11:00:00,87031.3,88991.53,87031.3,87205.71,3824
2023-10-17 12:00:00,86844.81,87330.15,84723.35,86963.75,10630
2023-10-17 13:00:00,87505.84,88359.38,87505.84,87681.2,7535
2023-10-17 14:00:00,87522.0,88014.1,86390.23,86563.35,10648
2023-10-17 15:00:00,87528.99,87879.81,87528.99,87704.4,8124
2023-10-17 16:00:00,87234.06,87272.53,84223.72,86467.23,12358
2023-10-17 17:00:00,86154.4,86154.4,84298.67,85987.24,13143
2023-10-17 18:00:00,85404.5,85404.5,85063.57,85234.04,12066
2023-10-17 19:00:00,84101.9,84101.9,83684.33,83852.04,9088
2023-10-17 20:00:00,83734.54,85320.86,82935.59,84112.92,15877
2023-10-17 21:00:00,85664.78,86592.99,85664.78,85836.45,11905
2023-10-17 22:00:00,88124.51,88477.72,88124.51,88301.11,12044
2023-10-17 23:00:00,88788.71,88788.71,88272.33,88449.23,9105
2023-10-18 00:00:00,89292.09,91213.57,89292.09,89514.48,6644
2023-10-18 01:00:00,89787.08,90592.51,89572.54,89752.04,12619
2023-10-18 02:00:00,90047.04,94002.98,90047.04,90227.49,9723
2023-10-18 03:00:00,90785.98,92392.16,87935.6,89917.18,10529
2023-10-18 04:00:00,90290.1,90290.1,87879.46,90109.88,7809
2023-10-18 05:00:00,90970.31,90970.31,89016.98,90613.71,10500
2023-10-18 06:00:00,90251.43,90251.43,89221.72,90071.29,7534
2023-10-18 07:00:00,90188.63,90188.63,89828.59,90008.61,7005
2023-10-18 08:00:00,90032.2,90536.59,89489.26,89965.28,13333
2023-10-18 09:00:00,90335.08,91333.19,90335.08,90733.55,14117
2023-10-18 10:00:00,89911.24,89911.24,86544.63,89731.78,11313
2023-10-18 11:00:00,89568.35,89880.45,88725.09,89701.05,10000
2023-10-18 12:00:00,91286.36,91652.24,91286.36,91469.3,11876
2023-10-18 13:00:00,92337.02,93234.43,92337.02,92522.06,11027
2023-10-18 14:00:00,93543.63,93918.56,93543.63,93731.1,7096
2023-10-18 15:00:00,93838.95,93838.95,92507.08,93651.65,14271
2023-10-18 16:00:00,93689.99,94395.86,93689.99,93858.89,10025
2023-10-18 17:00:00,94168.06,96724.47,93936.57,94713.16,8781
2023-10-18 18:00:00,95893.35,97834.19,95893.35,96085.52,17764
2023-10-18 19:00:00,94176.88,94176.88,93800.93,93988.9,11550
2023-10-18 20:00:00,93226.54,93226.54,92429.23,92614.46,13554
2023-10-18 21:00:00,93468.19,95228.42,93468.19,93784.66,10230
2023-10-18 22:00:00,93228.47,93602.14,93228.47,93415.31,12647
2023-10-18 23:00:00,93553.58,93994.18,91666.61,92682.02,15286
2023-10-19 00:00:00,91610.32,91610.32,91244.61,91427.46,8162
2023-10-19 01:00:00,90860.47,91064.0,90835.12,90882.24,4188
2023-10-19 02:00:00,89751.19,89751.19,89392.9,89572.04,11317
2023-10-19 03:00:00,91183.74,92750.25,91183.74,91514.81,14719
2023-10-19 04:00:00,91795.4,91795.4,91066.46,91466.24,7474
2023-10-19 05:00:00,91570.16,91570.16,88885.79,91387.39,9615
2023-10-19 06:00:00,91708.53,93329.13,91708.53,91914.08,9088
2023-10-19 07:00:00,92459.51,94306.03,92136.43,92779.63,8878
2023-10-19 08:00:00,92674.58,94902.64,90827.79,93611.7,9353
2023-10-19 09:00:00,94358.48,94736.67,94358.48,94547.58,8081
2023-10-19 10:00:00,94916.22,95930.88,93763.89,93818.14,6347
2023-10-19 11:00:00,93623.16,93623.16,93249.42,93436.29,7319
2023-10-19 12:00:00,94087.47,94686.47,92399.21,94086.63,5061
2023-10-19 13:00:00,93563.21,94142.59,93289.21,93476.16,9256
2023-10-19 14:00:00,92878.12,94194.41,90617.17,93388.18,9807
2023-10-19 15:00:00,93378.8,93876.41,92757.12,93689.04,7736
2023-10-19 16:00:00,94162.38,94596.52,94162.38,94351.08,6950
2023-10-19 17:00:00,92715.79,92715.79,92345.67,92530.73,10426
2023-10-19 18:00:00,92302.02,93474.25,89261.38,93155.52,11553
2023-10-19 19:00:00,93050.88,93050.88,91925.89,92865.15,13587
2023-10-19 20:00:00,92187.7,94511.74,92137.25,93477.52,12503
2023-10-19 21:00:00,93571.43,94329.78,93113.42,94141.5,14534
2023-10-19 22:00:00,95387.6,97717.72,95387.6,95587.35,7048
2023-10-19 23:00:00,96050.37,99894.48,96050.37,96761.4,11000
2023-10-20 00:00:00,96821.66,98101.22,96821.66,97905.41,14787
2023-10-20 01:00:00,98923.57,99239.98,98923.57,99121.82,9236
2023-10-20 02:00:00,98507.2,99345.91,98387.0,99147.62,11650
2023-10-20 03:00:00,98712.09,99366.59,98712.09,98909.91,14546
2023-10-20 04:00:00,99331.15,99729.27,99331.15,99530.21,10733
2023-10-20 05:00:00,99583.01,100192.55,98686.79,99992.57,17280
2023-10-20 06:00:00,99577.08,99577.08,99076.79,99378.32,5684
2023-10-20 07:00:00,99610.41,99713.42,98512.61,99514.39,10316
2023-10-20 08:00:00,99398.01,99398.01,96172.98,99199.61,9525
2023-10-20 09:00:00,99766.65,100731.25,97253.83,98066.64,12775
2023-10-20 10:00:00,98932.84,100650.2,98932.84,99131.11,5078
2023-10-20 11:00:00,99119.98,99119.98,97640.67,98922.14,7478
2023-10-20 12:00:00,100532.05,100934.99,100532.05,100733.52,10620
2023-10-20 13:00:00,100459.05,100678.84,98542.31,98739.79,7358
2023-10-20 14:00:00,98620.74,98936.46,96502.75,97927.75,14305
2023-10-20 15:00:00,97790.84,97934.59,96794.61,97739.12,9294
2023-10-20 16:00:00,98461.83,98856.47,98461.83,98659.15,12779
2023-10-20 17:00:00,98742.69,99011.18,98615.93,98813.55,10111
2023-10-20 18:00:00,98701.45,99430.39,98676.57,98874.31,9565
2023-10-20 19:00:00,98233.46,98618.25,95519.23,97481.46,10955
2023-10-20 20:00:00,96315.5,96315.5,93408.48,96123.25,16076
2023-10-20 21:00:00,96473.0,96473.0,96087.88,96280.44,11632
2023-10-20 22:00:00,94946.85,94946.85,94585.18,94774.73,12234
2023-10-20 23:00:00,94331.63,94331.63,93955.06,94143.34,5695
2023-10-21 00:00:00,94615.13,95537.42,94340.25,94529.31,13612
2023-10-21 01:00:00,93660.75,93660.75,93286.85,93473.8,12761
2023-10-21 02:00:00,93407.17,95121.69,93121.25,94931.82,9653
2023-10-21 03:00:00,95018.5,96058.28,95018.5,95996.99,8610
2023-10-21 04:00:00,94516.48,94516.48,92005.29,94301.86,10935
2023-10-21 05:00:00,93491.3,93491.3,93118.09,93304.69,14428
2023-10-21 06:00:00,91785.18,91785.18,90879.89,91062.02,12320
2023-10-21 07:00:00,91551.31,91949.4,90156.74,90337.41,12197
2023-10-21 08:00:00,90278.51,91251.48,87496.0,91069.34,8424
2023-10-21 09:00:00,90870.27,90870.27,90304.69,90688.89,8383
2023-10-21 10:00:00,90903.23,92627.92,90903.23,91130.84,17770
2023-10-21 11:00:00,90225.28,90225.28,89374.43,89716.44,17628
2023-10-21 12:00:00,90311.23,90700.24,90311.23,90492.21,9792
2023-10-21 13:00:00,90181.09,90181.09,88974.96,90001.09,8553
2023-10-21 14:00:00,90228.37,90228.37,89947.52,90048.27,14662
2023-10-21 15:00:00,90178.7,90178.7,89818.7,89998.7,8225
2023-10-21 16:00:00,88902.95,88902.95,86960.08,88868.38,6403
2023-10-21 17:00:00,88067.75,88067.75,87716.18,87891.96,7506
2023-10-21 18:00:00,88681.59,89056.25,88681.59,88859.3,9491
2023-10-21 19:00:00,89251.94,89471.27,89114.1,89292.68,8355
2023-10-21 20:00:00,89226.91,91305.26,89226.91,90308.62,12165
2023-10-21 21:00:00,90389.62,93729.71,88739.73,90637.54,15016
2023-10-21 22:00:00,90657.92,90924.1,88575.1,90790.62,15752
2023-10-21 23:00:00,89388.02,89388.02,89031.19,89209.61,9802
2023-10-22 00:00:00,89017.14,89810.86,88928.37,89027.38,11427
2023-10-22 01:00:00,88896.99,90234.56,88894.68,89072.83,8382
2023-10-22 02:00:00,90833.37,93868.45,90833.37,90918.43,6450
2023-10-22 03:00:00,91118.19,91754.85,90414.72,91571.7,9210
2023-10-22 04:00:00,92214.73,93304.61,90725.91,93004.4,8358
2023-10-22 05:00:00,92856.46,94135.91,92500.6,93525.49,8164
2023-10-22 06:00:00,93473.73,93473.73,91140.27,92783.0,10006
2023-10-22 07:00:00,92670.16,94011.96,92670.16,92855.88,11272
2023-10-22 08:00:00,92852.28,93224.44,92852.28,93038.36,9506
2023-10-22 09:00:00,92282.97,92282.97,90809.75,92098.77,11686
2023-10-22 10:00:00,92087.97,92087.97,90788.8,91719.13,8660
2023-10-22 11:00:00,91338.98,91962.4,91338.98,91522.02,11874
2023-10-22 12:00:00,92837.4,93705.14,92837.4,93023.45,8456
2023-10-22 13:00:00,91585.6,91585.6,90107.9,91003.42,8056
2023-10-22 14:00:00,91072.12,92327.05,90376.59,92142.76,8435
2023-10-22 15:00:00,91460.8,91460.8,91064.02,91246.51,12081
2023-10-22 16:00:00,91218.04,92692.04,89612.26,89980.17,7779
2023-10-22 17:00:00,90930.83,93133.24,90930.83,91113.06,15480
2023-10-22 18:00:00,91627.16,91994.4,91627.16,91810.78,20477
2023-10-22 19:00:00,92796.69,95676.81,92796.69,92982.66,10591
2023-10-22 20:00:00,93517.27,93892.09,93517.27,93704.68,9234
2023-10-22 21:00:00,95423.82,98115.24,95423.82,95615.05,6756
2023-10-22 22:00:00,96034.1,96230.44,95863.15,96038.36,11989
2023-10-22 23:00:00,95940.91,95940.91,95557.91,95749.41,11693
2023-10-23 00:00:00,96212.75,99813.08,95766.26,95958.18,17787
2023-10-23 01:00:00,96554.41,98571.03,95949.18,97042.44,9089
2023-10-23 02:00:00,96297.35,96297.35,94523.76,96105.14,12165
2023-10-23 03:00:00,96195.88,97136.34,95142.67,95333.34,11494
2023-10-23 04:00:00,94718.3,96053.57,93784.48,94927.15,8740
2023-10-23 05:00:00,93831.44,93831.44,91615.53,92795.67,12045
2023-10-23 06:00:00,93220.55,93349.05,91780.15,92903.83,7069
2023-10-23 07:00:00,91795.56,91795.56,90222.46,91090.82,12014
2023-10-23 08:00:00,90666.5,91355.54,88614.51,91173.19,13382
2023-10-23 09:00:00,92070.4,92802.01,91178.89,92010.99,14751
2023-10-23 10:00:00,92485.93,93277.35,90299.97,91569.41,11625
2023-10-23 11:00:00,92730.93,93342.17,92730.93,93155.86,8258
2023-10-23 12:00:00,91920.31,91920.31,91553.37,91736.84,7614
2023-10-23 13:00:00,92588.65,93864.44,92588.65,92865.15,10563
2023-10-23 14:00:00,92506.9,93670.88,92506.9,93483.92,12465
2023-10-23 15:00:00,93425.72,93574.75,89404.31,91805.93,15356
2023-10-23 16:00:00,93460.79,94548.31,93460.79,94359.59,14436
2023-10-23 17:00:00,94643.83,95286.75,94045.65,94234.12,9134
2023-10-23 18:00:00,92925.02,95911.21,92111.28,93330.52,5953
2023-10-23 19:00:00,92076.07,92076.07,91228.21,91961.43,10526
2023-10-23 20:00:00,92259.64,93698.07,91586.76,91770.3,7424
2023-10-23 21:00:00,91819.86,91855.47,91488.78,91672.13,11631
2023-10-23 22:00:00,92397.21,92911.22,91744.29,91790.84,8805
2023-10-23 23:00:00,91714.17,91714.17,88833.27,91531.11,8512
2023-10-24 00:00:00,91965.27,94175.95,91965.27,92149.57,7360
2023-10-24 01:00:00,92272.96,93234.63,91444.1,91793.68,12299
2023-10-24 02:00:00,90629.65,90629.65,88583.61,90000.88,13233
2023-10-24 03:00:00,90327.38,90693.29,89757.63,89937.5,9071
2023-10-24 04:00:00,88016.54,88016.54,87665.18,87840.86,9954
2023-10-24 05:00:00,87577.83,89462.67,86786.69,88293.45,7160
2023-10-24 06:00:00,88172.17,88172.17,87359.42,87534.49,9723
2023-10-24 07:00:00,88610.83,89493.6,87649.38,87825.03,17220
2023-10-24 08:00:00,88961.74,91402.61,88961.74,89140.02,11027
2023-10-24 09:00:00,88773.76,91622.84,88201.43,88378.18,11306
2023-10-24 10:00:00,88560.64,89636.54,88040.35,89457.62,13116
2023-10-24 11:00:00,88819.62,89331.84,88137.78,89153.53,9800
2023-10-24 12:00:00,90169.19,91031.09,90169.19,90849.39,6128
2023-10-24 13:00:00,90743.0,90743.0,90208.56,90561.88,9654
2023-10-24 14:00:00,90503.48,90503.48,87323.35,89845.79,9418
2023-10-24 15:00:00,89725.59,90738.56,87752.62,90557.44,12200
2023-10-24 16:00:00,90403.93,90677.4,90175.67,90215.17,9922
2023-10-24 17:00:00,89689.73,89689.73,89235.78,89510.71,7207
2023-10-24 18:00:00,89745.35,90443.23,86792.24,89166.29,12310
2023-10-24 19:00:00,89049.18,89406.09,89049.18,89227.64,8408
2023-10-24 20:00:00,90267.78,90732.0,90267.78,90550.9,8009
2023-10-24 21:00:00,89007.52,89007.52,88530.33,88828.14,13355
2023-10-24 22:00:00,88648.7,89966.0,88501.38,88963.84,10096
2023-10-24 23:00:00,88928.79,89822.81,88432.08,89643.52,7992
2023-10-25 00:00:00,89735.39,90095.05,89735.39,89915.22,7393
2023-10-25 01:00:00,90533.84,93220.97,90395.32,91205.42,7306
2023-10-25 02:00:00,91004.39,91561.24,91004.39,91186.76,16690
2023-10-25 03:00:00,90884.94,91249.21,90884.94,91067.08,15800
2023-10-25 04:00:00,91603.95,92364.63,91489.12,91672.46,12902
2023-10-25 05:00:00,91641.83,91985.37,91641.83,91801.76,10166
2023-10-25 06:00:00,91729.9,91945.35,89958.09,91468.27,9853
2023-10-25 07:00:00,91810.9,92178.88,91810.9,91994.89,12891
2023-10-25 08:00:00,91611.59,92353.03,88786.86,91410.75,16600
2023-10-25 09:00:00,91625.57,92229.28,88402.88,90886.31,8105
2023-10-25 10:00:00,90638.28,90638.28,90276.45,90457.37,10779
2023-10-25 11:00:00,89918.03,91964.47,89918.03,91780.91,16881
2023-10-25 12:00:00,88976.73,88976.73,88621.53,88799.13,6987
2023-10-25 13:00:00,88842.33,89475.26,88097.42,89281.57,7876
2023-10-25 14:00:00,89602.84,89602.84,88138.44,89423.99,11778
2023-10-25 15:00:00,88587.12,88587.12,87820.16,87996.16,10902
2023-10-25 16:00:00,87681.99,88526.59,87205.2,88420.43,10891
2023-10-25 17:00:00,88807.67,90611.28,88807.67,88985.64,7247
2023-10-25 18:00:00,89063.83,90613.26,88835.62,89641.33,12183
2023-10-25 19:00:00,87492.71,87492.71,87262.29,87318.08,13627
2023-10-25 20:00:00,88356.31,88881.28,88356.31,88703.88,8732
2023-10-25 21:00:00,88341.6,88341.6,87142.15,88165.27,17058
2023-10-25 22:00:00,88749.65,89071.47,88749.65,88927.51,9210
2023-10-25 23:00:00,89543.27,89959.32,89543.27,89722.72,9624
2023-10-26 00:00:00,89197.72,89197.72,87426.03,89019.68,8832
2023-10-26 01:00:00,89645.44,91987.35,89560.67,89740.15,9467
2023-10-26 02:00:00,89488.43,89666.72,89308.77,89487.74,14706
2023-10-26 03:00:00,88727.18,88727.18,87527.35,87702.75,14092
2023-10-26 04:00:00,88095.62,89083.09,85442.74,88905.28,10439
2023-10-26 05:00:00,88914.82,89865.71,88182.57,88325.64,16191
2023-10-26 06:00:00,88113.72,88113.72,86806.46,87695.03,10733
2023-10-26 07:00:00,87666.86,87666.86,87316.89,87491.88,9952
2023-10-26 08:00:00,88073.82,88073.82,87722.22,87898.02,11626
2023-10-26 09:00:00,87427.99,88547.1,87220.56,88000.13,10399
2023-10-26 10:00:00,87680.34,88965.67,85809.48,88644.45,14935
2023-10-26 11:00:00,87743.3,87743.3,84079.67,87568.16,7729
2023-10-26 12:00:00,87243.25,87244.07,86895.79,87069.93,5592
2023-10-26 13:00:00,86970.88,87691.0,86970.88,87145.17,9734
2023-10-26 14:00:00,87413.79,89187.94,87413.79,89009.92,13257
2023-10-26 15:00:00,89429.61,89429.61,88853.87,89031.94,13337
2023-10-26 16:00:00,89488.54,90322.96,89488.54,90142.67,10000
2023-10-26 17:00:00,89252.04,90450.8,89252.04,90270.26,9726
2023-10-26 18:00:00,90093.23,90093.23,89157.26,89913.4,6774
2023-10-26 19:00:00,89965.67,89965.67,87979.02,89786.09,14180
2023-10-26 20:00:00,89556.05,90489.4,89556.05,89735.52,10722
2023-10-26 21:00:00,90179.24,90575.35,90179.24,90394.56,8467
2023-10-26 22:00:00,91567.74,92065.45,91567.74,91751.24,11915
2023-10-26 23:00:00,92569.61,95560.27,91951.33,92135.61,11663
2023-10-27 00:00:00,92773.3,93903.98,92773.3,93288.57,11698
2023-10-27 01:00:00,92555.73,92555.73,92186.24,92370.98,12464
2023-10-27 02:00:00,91972.82,93111.26,91824.58,92008.6,7451
2023-10-27 03:00:00,91468.86,93159.56,89620.74,91367.94,10704
2023-10-27 04:00:00,91659.83,91932.18,91659.83,91721.26,11809
2023-10-27 05:00:00,91602.29,91602.29,91226.53,91434.79,10198
2023-10-27 06:00:00,91991.42,92360.12,91991.42,92175.77,12228
2023-10-27 07:00:00,91523.51,92380.43,89707.27,91338.48,12960
2023-10-27 08:00:00,91436.44,91755.84,91400.53,91442.32,10805
2023-10-27 09:00:00,91737.09,93315.5,91737.09,92145.43,12567
2023-10-27 10:00:00,91297.4,91297.4,88221.59,90244.85,13784
2023-10-27 11:00:00,90443.77,94122.79,88332.03,92296.6,10318
2023-10-27 12:00:00,91973.75,92447.29,91973.75,92068.66,12225
2023-10-27 13:00:00,90392.53,90392.53,90031.68,90212.1,7774
2023-10-27 14:00:00,90640.18,90640.18,90342.1,90459.26,8454
2023-10-27 15:00:00,90756.32,90765.34,90403.0,90584.17,11823
2023-10-27 16:00:00,90734.46,90915.98,89913.29,90600.29,3856
2023-10-27 17:00:00,91078.89,94452.48,91078.89,91609.04,19318
2023-10-27 18:00:00,92186.54,92556.02,92186.54,92371.28,11548
2023-10-27 19:00:00,91609.7,93865.82,91244.4,92692.47,7432
2023-10-27 20:00:00,91925.86,94948.92,91563.4,93150.08,10415
2023-10-27 21:00:00,93432.5,94151.31,92844.54,93069.79,14415
2023-10-27 22:00:00,94274.13,95873.97,94274.13,94777.47,12938
2023-10-27 23:00:00,93978.57,93978.57,91828.52,93313.28,11201
2023-10-28 00:00:00,93840.83,94655.62,92629.97,93459.92,6341
2023-10-28 01:00:00,92816.63,96161.2,90529.28,93529.97,11199
2023-10-28 02:00:00,93565.26,94501.31,93565.26,94312.69,8222
2023-10-28 03:00:00,94207.13,94207.13,93133.66,93482.2,10637
2023-10-28 04:00:00,92011.58,92011.58,91644.27,91827.92,4655
2023-10-28 05:00:00,92007.66,92218.82,91284.41,92034.75,4493
2023-10-28 06:00:00,92097.78,92614.94,91585.7,92353.96,5720
2023-10-28 07:00:00,93567.68,97764.57,93567.68,93803.35,10526
2023-10-28 08:00:00,93102.26,94943.03,90524.46,92589.17,9918
2023-10-28 09:00:00,93534.67,93957.31,93534.67,93722.12,12763
2023-10-28 10:00:00,94162.78,96184.93,94162.78,95992.94,13854
2023-10-28 11:00:00,96260.82,96713.59,95366.18,95557.29,8586
2023-10-28 12:00:00,94254.44,94254.44,91901.09,94249.92,8289
2023-10-28 13:00:00,95163.2,95857.39,93664.58,93852.28,12123
2023-10-28 14:00:00,93671.82,94718.82,93333.84,93872.46,9352
2023-10-28 15:00:00,93902.18,96118.22,92226.58,94419.87,6233
2023-10-28 16:00:00,94647.0,94647.0,92913.52,93840.47,8344
2023-10-28 17:00:00,95146.77,95528.12,95146.77,95337.45,16044
2023-10-28 18:00:00,94402.9,94402.9,93129.14,94214.47,9046
2023-10-28 19:00:00,92722.9,92722.9,92352.75,92537.83,9198
2023-10-28 20:00:00,93443.33,93817.85,93443.33,93630.59,8532
2023-10-28 21:00:00,91655.37,91655.37,91289.48,91472.43,9600
2023-10-28 22:00:00,91534.43,91545.58,91180.13,91362.86,9778
2023-10-28 23:00:00,92308.21,94738.71,92308.21,94353.98,13951
2023-10-29 00:00:00,94442.65,96345.8,93546.37,94336.26,14579
2023-10-29 01:00:00,93583.45,93583.45,93064.7,93251.2,8338
2023-10-29 02:00:00,93037.2,93410.1,93037.2,93223.65,8264
2023-10-29 03:00:00,93390.29,93390.29,93017.48,93203.89,8127
2023-10-29 04:00:00,93295.76,97539.31,93199.33,93386.1,15759
2023-10-29 05:00:00,93602.39,94228.4,93368.04,94040.32,8315
2023-10-29 06:00:00,93232.73,93232.73,91458.35,93046.64,11626
2023-10-29 07:00:00,93265.45,94873.85,92071.41,94684.48,15766
2023-10-29 08:00:00,95095.4,95095.4,94715.77,94905.59,7361
2023-10-29 09:00:00,94851.39,95778.07,94851.39,95586.9,4998
2023-10-29 10:00:00,95120.25,95120.25,93857.25,94930.39,10811
2023-10-29 11:00:00,95234.66,96347.95,95234.66,96155.64,9359
2023-10-29 12:00:00,96034.54,96034.54,94760.01,95842.85,6672
2023-10-29 13:00:00,95313.76,96257.18,94440.14,96065.05,8118
2023-10-29 14:00:00,96195.56,96659.18,94904.41,95094.59,11276
2023-10-29 15:00:00,94292.2,94292.2,90884.09,94103.99,11043
2023-10-29 16:00:00,93504.82,94963.23,92959.61,94773.68,11229
2023-10-29 17:00:00,94392.01,94730.63,94143.08,94331.74,9201
2023-10-29 18:00:00,93815.42,93815.42,92458.97,93510.77,14733
2023-10-29 19:00:00,93110.12,93110.12,92006.99,92924.27,11128
2023-10-29 20:00:00,93447.31,94080.11,93447.31,93634.58,11350
2023-10-29 21:00:00,93636.33,93636.33,92793.18,93058.99,9516
2023-10-29 22:00:00,93210.55,93272.34,92805.65,92991.64,9917
2023-10-29 23:00:00,92866.32,94211.97,92866.32,93052.42,10870
2023-10-30 00:00:00,91459.21,91459.21,91094.1,91276.66,7622
2023-10-30 01:00:00,90186.28,90186.28,89826.25,90006.26,22843
2023-10-30 02:00:00,90272.15,90633.96,90272.15,90453.05,7923
2023-10-30 03:00:00,90891.78,90891.78,89015.15,89896.98,6927
2023-10-30 04:00:00,90357.91,92047.22,90357.91,91006.64,12086
2023-10-30 05:00:00,91830.3,92198.36,91830.3,92014.33,11617
2023-10-30 06:00:00,92248.02,92955.77,90524.53,92770.23,18053
2023-10-30 07:00:00,94361.26,95772.72,94361.26,94550.37,8976
2023-10-30 08:00:00,94282.97,94883.56,94282.97,94471.92,12281
2023-10-30 09:00:00,94856.43,97184.03,94744.25,95102.83,8577
2023-10-30 10:00:00,94860.0,94860.0,93851.42,94522.22,9863
2023-10-30 11:00:00,95559.07,97087.26,95559.07,96893.47,12683
2023-10-30 12:00:00,98589.32,98984.47,98589.32,98786.89,13204
2023-10-30 13:00:00,98522.69,100876.73,98522.69,98668.19,8128
2023-10-30 14:00:00,98381.12,100161.63,96949.23,98931.04,11989
2023-10-30 15:00:00,99967.35,100368.02,99967.35,100167.69,3766
2023-10-30 16:00:00,100037.54,100037.54,99638.19,99837.86,8935
2023-10-30 17:00:00,99199.71,99199.71,98658.83,99001.7,11315
2023-10-30 18:00:00,99547.16,99946.15,99547.16,99746.65,5419
2023-10-30 19:00:00,99465.29,99863.95,99465.29,99664.62,11727
2023-10-30 20:00:00,99748.1,99893.01,99494.23,99693.62,6136
2023-10-30 21:00:00,99057.16,100337.04,98490.27,98687.64,8006
2023-10-30 22:00:00,97854.6,97854.6,96640.7,96834.37,13744
2023-10-30 23:00:00,97020.11,100790.85,96743.68,97006.46,8438
2023-10-31 00:00:00,97759.45,98032.75,97759.45,97837.08,4652
2023-10-31 01:00:00,97713.5,97713.5,97323.42,97518.46,10340
2023-10-31 02:00:00,98669.42,99064.88,98669.42,98867.15,15375
2023-10-31 03:00:00,98863.28,98863.28,96481.72,98031.19,14318
2023-10-31 04:00:00,97072.86,97072.86,94035.52,96879.1,8709
2023-10-31 05:00:00,97044.15,98352.89,96560.36,96753.87,9730
2023-10-31 06:00:00,96711.79,100344.49,96377.38,96617.97,8629
2023-10-31 07:00:00,97133.29,100849.26,97133.29,97327.94,7146
2023-10-31 08:00:00,96598.73,96679.83,96057.34,96486.85,7085
2023-10-31 09:00:00,97594.46,99650.5,97594.46,97790.04,6497
2023-10-31 10:00:00,98591.96,99865.49,98427.46,99666.16,10745
2023-10-31 11:00:00,99610.13,102492.95,99276.86,99475.81,11958
2023-10-31 12:00:00,99604.76,100802.95,97200.05,100601.75,10545
2023-10-31 13:00:00,100789.1,102513.37,96981.6,99334.25,13208
2023-10-31 14:00:00,100084.42,101101.53,100084.42,100284.99,12964
2023-10-31 15:00:00,100983.17,102341.37,100983.17,101185.54,7075
2023-10-31 16:00:00,100899.7,102076.58,99942.76,101872.83,9482
2023-10-31 17:00:00,101336.23,101832.52,101336.23,101629.26,9924
2023-10-31 18:00:00,98543.33,98543.33,97872.76,98346.64,8908
2023-10-31 19:00:00,97792.92,97792.92,96346.73,97597.73,14811
2023-10-31 20:00:00,96766.0,97088.36,96379.29,96894.57,9531
2023-10-31 21:00:00,96063.27,96063.27,94881.65,95871.53,6436
2023-10-31 22:00:00,95071.55,96160.62,94389.38,95968.69,13565
2023-10-31 23:00:00,95491.09,96217.04,95342.09,95533.16,5889
2023-11-01 00:00:00,95310.27,96340.63,93922.23,94719.06,16063
2023-11-01 01:00:00,94231.17,94231.17,93523.98,93711.41,8266
2023-11-01 02:00:00,93259.95,93259.95,92887.65,93073.8,11622
2023-11-01 03:00:00,92071.54,94393.86,91263.46,94205.45,9958
2023-11-01 04:00:00,93790.4,93790.4,93415.99,93603.19,10778
2023-11-01 05:00:00,93351.43,93351.43,91319.05,93165.1,17240
2023-11-01 06:00:00,92966.9,93653.75,89690.08,92796.55,11086
2023-11-01 07:00:00,93382.25,93382.25,89952.41,93195.86,7860
2023-11-01 08:00:00,93747.7,93884.03,93372.15,93696.64,11695
2023-11-01 09:00:00,91019.52,91019.52,88547.92,90837.85,9253
2023-11-01 10:00:00,91738.77,92106.47,91738.77,91922.62,13526
2023-11-01 11:00:00,92102.41,94572.05,92073.95,93374.96,15927
2023-11-01 12:00:00,92621.16,92621.16,91863.19,92436.28,9072
2023-11-01 13:00:00,92624.24,92985.7,91425.74,91608.96,11747
2023-11-01 14:00:00,91118.92,91484.12,91118.92,91301.52,21244
2023-11-01 15:00:00,91487.93,92828.3,90537.29,90718.73,11781
2023-11-01 16:00:00,90204.37,91247.65,89073.08,91065.52,10662
2023-11-01 17:00:00,89565.1,89565.1,89207.55,89386.33,13742
2023-11-01 18:00:00,88722.21,88722.21,87724.36,88545.12,11750
2023-11-01 19:00:00,89958.62,90319.17,89958.62,90138.9,5311
2023-11-01 20:00:00,89611.88,89622.39,88625.59,89443.5,15100
2023-11-01 21:00:00,90575.45,90938.48,90575.45,90756.96,12481
2023-11-01 22:00:00,91547.74,93790.37,91044.82,91227.27,12561
2023-11-01 23:00:00,90029.75,90116.4,89491.13,89670.47,8897
2023-11-02 00:00:00,90242.71,90500.08,90242.71,90423.56,11164
2023-11-02 01:00:00,89888.65,90647.01,88048.81,90466.08,16536
2023-11-02 02:00:00,90377.18,90377.18,88859.25,90196.79,6265
2023-11-02 03:00:00,90399.66,90761.99,90399.66,90580.82,16736
2023-11-02 04:00:00,90422.64,91351.11,90422.64,91168.77,10384
2023-11-02 05:00:00,91528.49,92143.83,90883.32,91959.91,9440
2023-11-02 06:00:00,92989.67,93362.37,92989.67,93176.02,12140
2023-11-02 07:00:00,93256.58,94991.07,93256.58,93636.88,10832
2023-11-02 08:00:00,92564.38,92564.38,92194.86,92379.62,13754
2023-11-02 09:00:00,92212.98,92212.98,91844.86,92028.92,9400
2023-11-02 10:00:00,94710.8,96224.74,94710.8,94900.6,12104
2023-11-02 11:00:00,94612.22,95980.72,94479.95,95621.97,9876
2023-11-02 12:00:00,97737.17,99465.41,97737.17,97933.04,14075
2023-11-02 13:00:00,99053.75,99450.76,99053.75,99252.26,8709
2023-11-02 14:00:00,99177.74,100171.51,99177.74,99376.5,9630
2023-11-02 15:00:00,99756.79,99756.79,99470.38,99557.68,9325
2023-11-02 16:00:00,100000.6,100544.66,97023.83,99392.63,8993
2023-11-02 17:00:00,97701.75,97701.75,97311.72,97506.74,9765
2023-11-02 18:00:00,97553.17,97661.16,96472.7,97466.22,11634
2023-11-02 19:00:00,97594.37,98810.74,97370.78,98613.52,10262
2023-11-02 20:00:00,98424.59,98424.59,93782.01,97915.68,13251
2023-11-02 21:00:00,98061.62,98454.66,98061.62,98258.14,6320
2023-11-02 22:00:00,98653.5,99949.25,98653.5,99031.5,13137
2023-11-02 23:00:00,98202.77,98202.77,96782.72,98006.76,7589
2023-11-03 00:00:00,98462.03,98462.03,96738.34,97487.19,4328
2023-11-03 01:00:00,97442.92,98047.99,96231.12,96423.96,7142
2023-11-03 02:00:00,95791.51,95791.51,95409.11,95600.31,10799
2023-11-03 03:00:00,94493.67,94493.67,94166.92,94355.63,9106
2023-11-03 04:00:00,93572.39,93572.39,92959.15,93539.55,6875
2023-11-03 05:00:00,93859.29,95160.92,92614.71,94970.98,10276
2023-11-03 06:00:00,94305.15,94305.15,93975.27,94116.91,11945
2023-11-03 07:00:00,94111.11,95706.09,94111.11,94299.71,5776
2023-11-03 08:00:00,93698.22,94982.85,93683.97,93871.71,6885
2023-11-03 09:00:00,94881.96,95848.41,94881.96,95072.1,10367
2023-11-03 10:00:00,95803.79,96572.79,95803.79,96380.03,15998
2023-11-03 11:00:00,97030.9,97419.8,97030.9,97225.35,10377
2023-11-03 12:00:00,98178.43,100827.43,97301.96,97496.95,11657
2023-11-03 13:00:00,97420.2,97420.2,97031.3,97225.75,11351
2023-11-03 14:00:00,96202.3,96202.3,94639.89,96010.28,13923
2023-11-03 15:00:00,97726.76,99948.19,97726.76,97922.61,7972
2023-11-03 16:00:00,97302.41,97302.41,96587.45,97108.19,12583
2023-11-03 17:00:00,97362.08,97934.11,97362.08,97738.64,12176
2023-11-03 18:00:00,97545.33,98944.42,97545.33,98746.93,13321
2023-11-03 19:00:00,98666.94,100179.15,96792.12,98106.17,8906
2023-11-03 20:00:00,97570.79,99284.47,97570.79,99086.29,16247
2023-11-03 21:00:00,99569.15,99968.22,99569.15,99768.68,16588
2023-11-03 22:00:00,100546.89,101618.81,100546.89,101415.98,11606
2023-11-03 23:00:00,100963.82,100963.82,98753.92,100762.29,7602
2023-11-04 00:00:00,99495.55,99495.55,99126.13,99296.96,11910
2023-11-04 01:00:00,98243.14,99206.89,96616.28,98692.86,7451
2023-11-04 02:00:00,99178.76,100259.87,98633.45,98831.11,13083
2023-11-04 03:00:00,99722.05,100720.22,98614.81,98812.43,11418
2023-11-04 04:00:00,98490.33,101581.27,97118.26,98337.23,9512
2023-11-04 05:00:00,96592.85,96592.85,95604.55,96357.94,9815
2023-11-04 06:00:00,96944.58,97016.47,95957.19,96822.83,11067
2023-11-04 07:00:00,98561.43,98956.46,98561.43,98758.95,12234
2023-11-04 08:00:00,98951.89,100829.4,98951.89,99150.19,7326
2023-11-04 09:00:00,99337.9,103559.61,98334.79,99677.56,16592
2023-11-04 10:00:00,100139.3,100353.31,99311.54,100153.01,10666
2023-11-04 11:00:00,100012.38,101482.06,100012.38,100434.85,9240
2023-11-04 12:00:00,100650.15,103373.67,100503.67,101256.44,7703
2023-11-04 13:00:00,101428.38,104913.2,101299.29,101502.3,13251
2023-11-04 14:00:00,100805.06,101209.09,100805.06,101007.07,8399
2023-11-04 15:00:00,100234.54,100234.54,96912.5,100034.47,9943
2023-11-04 16:00:00,99861.63,99861.63,97518.08,99662.3,9860
2023-11-04 17:00:00,99465.7,100078.59,97682.3,99878.83,8358
2023-11-04 18:00:00,99859.48,99874.49,98316.08,99448.04,6887
2023-11-04 19:00:00,99828.61,99872.45,99473.75,99673.1,8957
2023-11-04 20:00:00,100219.92,100358.98,99042.73,100017.47,9503
2023-11-04 21:00:00,100552.62,100955.64,100552.62,100754.13,10586
2023-11-04 22:00:00,101731.54,102139.28,101731.54,101935.41,6861
2023-11-04 23:00:00,102040.57,102040.57,101633.22,101836.89,13166
2023-11-05 00:00:00,100503.43,100503.43,98716.59,100302.83,12523
2023-11-05 01:00:00,100179.09,101511.59,98585.67,99830.29,10318
2023-11-05 02:00:00,99570.05,102784.24,99570.05,99771.86,7139
2023-11-05 03:00:00,97996.54,97996.54,97605.34,97800.94,9105
2023-11-05 04:00:00,97969.14,99351.16,97587.28,99152.86,11785
2023-11-05 05:00:00,99240.61,100026.95,96915.32,99218.14,7470
2023-11-05 06:00:00,99749.17,99824.42,98078.29,99523.03,11190
2023-11-05 07:00:00,100616.84,100904.33,100616.84,100818.48,6606
2023-11-05 08:00:00,100657.84,101918.57,99834.05,100034.12,8499
2023-11-05 09:00:00,100309.28,101581.92,100309.28,100510.3,11967
2023-11-05 10:00:00,100512.24,100950.16,98724.08,100272.41,8588
2023-11-05 11:00:00,101028.91,102126.81,98694.06,99967.02,10948
2023-11-05 12:00:00,99268.47,99268.47,95543.74,99070.33,15068
2023-11-05 13:00:00,100625.74,102837.07,100625.74,100676.62,8845
2023-11-05 14:00:00,100769.42,100769.42,99957.11,100157.43,13776
2023-11-05 15:00:00,100557.7,102034.34,100557.7,100759.22,7727
2023-11-05 16:00:00,98894.13,98894.13,96624.32,98696.73,6542
2023-11-05 17:00:00,99373.75,100020.65,99373.75,99821.01,8837
2023-11-05 18:00:00,100218.44,102059.64,98636.37,100791.42,8076
2023-11-05 19:00:00,101019.89,101469.07,98782.12,100756.24,9248
2023-11-05 20:00:00,101036.38,101391.5,99266.18,100388.32,13306
2023-11-05 21:00:00,100271.02,101160.18,99651.13,100677.34,6982
2023-11-05 22:00:00,102691.87,103519.56,102691.87,102897.66,14955
2023-11-05 23:00:00,101035.98,101035.98,100632.64,100834.31,14554
2023-11-06 00:00:00,101300.26,101706.27,101300.26,101503.26,9784
2023-11-06 01:00:00,100601.28,100601.28,97139.91,100400.48,9348
2023-11-06 02:00:00,100096.4,102706.08,98324.41,100260.47,6544
2023-11-06 03:00:00,100090.84,101923.21,98902.85,99892.48,9098
2023-11-06 04:00:00,99417.1,99553.76,96871.26,99355.05,12067
2023-11-06 05:00:00,99461.94,99461.94,99064.89,99263.41,5859
2023-11-06 06:00:00,98232.2,98232.2,97840.05,98036.13,8558
2023-11-06 07:00:00,98831.43,103427.97,98831.43,99029.49,8753
2023-11-06 08:00:00,97962.07,97981.52,96952.16,97146.46,5329
2023-11-06 09:00:00,97183.16,97869.84,97156.07,97674.49,6150
2023-11-06 10:00:00,97259.45,97519.82,96928.31,97325.17,8547
2023-11-06 11:00:00,96342.37,96342.37,95957.77,96150.07,7169
2023-11-06 12:00:00,95326.59,98045.38,94109.87,96375.6,9802
2023-11-06 13:00:00,95054.48,95054.48,94683.73,94864.75,13202
2023-11-06 14:00:00,95014.64,97697.88,94654.48,94970.23,5314
2023-11-06 15:00:00,93841.24,93841.24,92395.23,93653.93,8291
2023-11-06 16:00:00,93425.76,94386.37,91859.61,94197.98,7618
2023-11-06 17:00:00,94354.2,94782.69,93211.27,93398.06,14084
2023-11-06 18:00:00,93266.83,93266.83,92894.51,93080.67,7718
2023-11-06 19:00:00,93525.84,93669.06,92233.14,93482.09,7530
2023-11-06 20:00:00,93040.8,93040.8,91490.54,92855.09,7374
2023-11-06 21:00:00,92729.55,93114.63,92035.48,92928.78,14128
2023-11-06 22:00:00,91985.9,91985.9,89734.83,91619.97,12633
2023-11-06 23:00:00,91657.69,92561.49,90584.94,92376.74,8199
2023-11-07 00:00:00,93998.08,95144.53,93998.08,94186.45,17254
2023-11-07 01:00:00,94365.66,97074.02,92796.8,96961.95,5217
2023-11-07 02:00:00,96891.08,98864.69,96851.53,97059.63,9834
2023-11-07 03:00:00,97013.58,98875.15,96722.21,97845.22,10533
2023-11-07 04:00:00,96238.17,96238.17,95853.98,96046.07,11276
2023-11-07 05:00:00,97362.82,98284.82,97362.82,97557.94,9817
2023-11-07 06:00:00,97739.85,98517.65,95078.27,98321.0,8526
2023-11-07 07:00:00,97998.13,97998.13,97274.11,97802.52,9188
2023-11-07 08:00:00,98246.13,99393.56,96279.39,99021.24,11540
2023-11-07 09:00:00,99192.14,100719.59,97466.08,98709.23,5700
2023-11-07 10:00:00,98400.42,98400.42,95762.93,98204.01,7068
2023-11-07 11:00:00,98227.49,98852.4,98227.49,98655.09,6711
2023-11-07 12:00:00,99429.58,100123.25,97298.24,97546.4,7830
2023-11-07 13:00:00,98268.68,98758.41,98268.68,98561.28,16220
2023-11-07 14:00:00,97660.03,97660.03,95981.84,97465.1,14113
2023-11-07 15:00:00,96784.5,96784.5,96228.81,96421.66,13525
2023-11-07 16:00:00,97073.51,97256.85,95369.33,95560.45,7486
2023-11-07 17:00:00,96169.25,99902.21,96169.25,96361.97,14090
2023-11-07 18:00:00,95983.39,95983.39,95600.22,95791.81,13081
2023-11-07 19:00:00,94717.81,94717.81,94339.7,94528.76,12576
2023-11-07 20:00:00,94180.53,94295.46,91183.61,94038.57,12994
2023-11-07 21:00:00,93929.14,94305.61,93929.14,94117.38,12445
2023-11-07 22:00:00,93303.99,93303.99,92467.22,93091.09,10771
2023-11-07 23:00:00,92320.95,92320.95,90981.2,92136.68,9050
2023-11-08 00:00:00,92054.51,96027.7,90344.85,94291.15,10058
2023-11-08 01:00:00,93839.18,93839.18,92525.78,93570.41,9388
2023-11-08 02:00:00,93594.74,93857.78,93204.58,93391.36,6907
2023-11-08 03:00:00,92723.01,93362.36,92723.01,93176.01,8274
2023-11-08 04:00:00,93100.93,93100.93,92731.5,92917.33,10587
2023-11-08 05:00:00,93468.23,96311.56,93468.23,93655.54,8939
2023-11-08 06:00:00,94508.83,94878.07,94499.32,94688.69,15894
2023-11-08 07:00:00,93954.56,95705.86,93233.37,94490.0,8036
2023-11-08 08:00:00,93986.1,93986.1,92460.79,93400.88,6596
2023-11-08 09:00:00,93863.82,94852.32,93377.14,94751.06,12323
2023-11-08 10:00:00,94562.95,94941.96,94562.95,94752.45,5909
2023-11-08 11:00:00,94699.13,96712.82,93359.38,96519.78,10698
2023-11-08 12:00:00,94536.73,94536.73,94159.34,94348.03,6842
2023-11-08 13:00:00,94059.44,94834.72,92628.95,94645.43,12330
2023-11-08 14:00:00,95817.44,96792.65,95817.44,96599.45,14354
2023-11-08 15:00:00,96100.77,96485.95,96100.77,96293.36,9431
2023-11-08 16:00:00,96316.19,96316.19,95931.69,96123.94,17560
2023-11-08 17:00:00,96043.23,97985.86,95303.15,96471.65,14288
2023-11-08 18:00:00,96540.1,97333.01,95797.66,95966.2,14134
2023-11-08 19:00:00,96075.14,97879.78,93279.25,95721.2,12113
2023-11-08 20:00:00,95583.11,95651.62,95269.78,95460.7,14894
2023-11-08 21:00:00,95118.79,95118.79,94739.07,94928.93,16631
2023-11-08 22:00:00,95265.9,97573.11,95265.9,96215.04,9663
2023-11-08 23:00:00,96175.91,97041.22,95063.63,96724.21,15504
2023-11-09 00:00:00,95890.84,99230.55,94445.12,97013.33,8859
2023-11-09 01:00:00,97183.69,98042.51,95699.0,97846.82,10224
2023-11-09 02:00:00,97640.38,97782.16,97391.81,97586.99,8583
2023-11-09 03:00:00,97566.29,98596.11,96635.48,96829.14,8946
2023-11-09 04:00:00,96718.57,97383.74,95358.5,96272.34,7188
2023-11-09 05:00:00,96374.34,98269.91,96137.32,96329.98,8662
2023-11-09 06:00:00,96116.24,96966.68,95152.14,95342.82,14693
2023-11-09 07:00:00,95130.24,95130.24,92823.96,94940.36,13982
2023-11-09 08:00:00,94749.0,94964.26,92588.5,94534.93,14479
2023-11-09 09:00:00,96375.74,97380.43,96375.74,96693.2,14053
2023-11-09 10:00:00,95710.16,95710.16,91739.92,93997.52,12720
2023-11-09 11:00:00,94531.07,96478.94,93572.83,93952.12,11863
2023-11-09 12:00:00,95544.87,95927.82,95544.87,95736.35,8310
2023-11-09 13:00:00,95738.59,96634.84,95738.59,95930.45,12558
2023-11-09 14:00:00,96319.24,96930.9,95619.66,96737.43,11034
2023-11-09 15:00:00,96687.05,97074.58,96687.05,96880.82,9667
2023-11-09 16:00:00,97127.49,97261.45,94715.38,96262.57,14419
2023-11-09 17:00:00,94242.4,94242.4,92872.0,94121.83,4506
2023-11-09 18:00:00,94259.41,96157.05,94259.41,94448.31,6125
2023-11-09 19:00:00,94715.24,95662.26,92922.75,93820.04,10436
2023-11-09 20:00:00,93377.77,93377.77,93005.0,93191.39,12701
2023-11-09 21:00:00,93590.65,93590.65,90926.59,92873.42,20119
2023-11-09 22:00:00,94602.52,95142.91,94602.52,94693.87,5399
2023-11-09 23:00:00,96935.38,97323.9,96935.38,97129.64,9903
2023-11-10 00:00:00,97183.66,98300.08,95307.86,97379.66,8630
2023-11-10 01:00:00,97237.24,97315.58,96255.01,96945.25,13686
2023-11-10 02:00:00,97632.89,98932.15,95290.85,95821.88,7529
2023-11-10 03:00:00,95672.22,96512.93,94194.64,96357.18,12838
2023-11-10 04:00:00,96729.99,100112.7,96729.99,98170.93,15540
2023-11-10 05:00:00,97881.73,99818.71,97731.31,97927.16,8151
2023-11-10 06:00:00,95754.21,95754.21,95231.08,95563.08,12378
2023-11-10 07:00:00,96279.91,96923.2,96279.91,96304.44,10096
2023-11-10 08:00:00,97142.93,97532.28,97142.93,97337.6,9496
2023-11-10 09:00:00,96633.03,96633.03,94110.06,95795.16,18721
2023-11-10 10:00:00,96242.53,96242.53,94909.63,96050.43,15349
2023-11-10 11:00:00,96374.76,96761.03,96374.76,96567.9,19522
2023-11-10 12:00:00,96360.91,96949.21,96360.91,96554.02,7183
2023-11-10 13:00:00,96293.09,96769.05,95641.45,95833.11,7632
2023-11-10 14:00:00,96713.83,97641.92,96713.83,96907.65,9370
2023-11-10 15:00:00,96769.83,98058.52,96363.29,96556.41,14048
2023-11-10 16:00:00,96193.87,96193.87,94891.35,95153.7,13258
2023-11-10 17:00:00,93454.12,93454.12,93081.05,93267.59,15259
2023-11-10 18:00:00,94438.8,94985.46,94438.8,94628.06,11900
2023-11-10 19:00:00,95152.91,97815.19,95152.91,95343.6,13672
2023-11-10 20:00:00,95482.52,96432.07,95337.67,95528.72,14531
2023-11-10 21:00:00,95176.8,96737.39,91979.7,95192.3,8772
2023-11-10 22:00:00,94539.67,94972.88,93937.0,94783.31,7261
2023-11-10 23:00:00,94137.74,94482.04,93672.61,93860.33,7046
2023-11-11 00:00:00,93136.6,93779.3,93104.72,93592.11,8306
2023-11-11 01:00:00,91902.34,91902.34,91535.47,91718.9,9647
2023-11-11 02:00:00,91419.55,91419.55,89992.1,91237.08,7535
2023-11-11 03:00:00,90937.68,93557.92,88846.6,91168.53,13139
2023-11-11 04:00:00,91951.3,92143.37,91775.54,91959.45,12845
2023-11-11 05:00:00,91873.29,92306.92,90251.35,92122.67,11576
2023-11-11 06:00:00,91899.32,95029.16,91691.17,93066.21,9864
2023-11-11 07:00:00,94327.45,94705.52,94327.45,94516.49,10574
2023-11-11 08:00:00,95471.96,97258.21,95471.96,95663.29,14736
2023-11-11 09:00:00,95765.55,99139.92,95765.55,96213.43,19723
2023-11-11 10:00:00,96526.11,98205.9,96026.79,96297.64,7395
2023-11-11 11:00:00,96813.14,97280.55,92544.39,95406.64,8638
2023-11-11 12:00:00,95179.5,96419.31,93049.39,96226.86,13059
2023-11-11 13:00:00,95989.07,98147.29,95842.14,97951.38,14043
2023-11-11 14:00:00,98433.0,99982.04,98223.26,98311.93,12366
2023-11-11 15:00:00,100040.44,100441.41,100040.44,100240.93,11687
2023-11-11 16:00:00,98818.79,98818.79,98536.93,98621.54,10766
2023-11-11 17:00:00,97729.96,97729.96,97261.07,97455.98,19234
2023-11-11 18:00:00,97354.31,99599.79,97306.02,98342.32,8018
2023-11-11 19:00:00,98115.35,98812.6,94721.33,98615.37,6728
2023-11-11 20:00:00,98873.23,100382.07,98873.23,99936.77,5606
2023-11-11 21:00:00,100075.26,100075.26,96950.58,99875.51,10902
2023-11-11 22:00:00,99147.15,99147.15,98751.35,98949.25,11340
2023-11-11 23:00:00,98696.29,100038.53,97662.71,98724.32,10139
2023-11-12 00:00:00,97371.72,97371.72,96983.01,97177.36,9508
2023-11-12 01:00:00,97923.76,99400.77,94229.76,96105.98,13947
2023-11-12 02:00:00,96594.91,99061.22,96594.91,97142.13,9276
2023-11-12 03:00:00,97861.05,99816.82,97861.05,98057.17,8660
2023-11-12 04:00:00,98715.34,98715.34,97655.91,98441.89,12920
2023-11-12 05:00:00,98035.08,98182.53,96529.37,96722.82,13147
2023-11-12 06:00:00,96397.07,96627.47,96397.07,96434.6,7673
2023-11-12 07:00:00,95494.31,95494.31,94897.8,95303.7,12801
2023-11-12 08:00:00,96122.74,96597.59,96122.74,96559.77,6996
2023-11-12 09:00:00,96434.01,96760.32,95866.4,96058.51,13487
2023-11-12 10:00:00,95274.37,95274.37,94894.03,95084.2,7639
2023-11-12 11:00:00,95292.86,95422.54,94831.0,95232.07,11186
2023-11-12 12:00:00,94914.49,94914.49,94535.59,94725.04,9744
2023-11-12 13:00:00,95118.69,96716.92,95118.69,96291.13,15438
2023-11-12 14:00:00,96527.16,97743.08,95074.83,95650.26,13778
2023-11-12 15:00:00,94574.89,94574.89,92254.06,94386.12,13216
2023-11-12 16:00:00,93768.85,93768.85,91656.18,92452.4,11654
2023-11-12 17:00:00,92315.02,92805.74,90125.18,92620.5,10874
2023-11-12 18:00:00,92465.72,92465.72,92096.6,92281.16,7542
2023-11-12 19:00:00,91319.47,91319.47,90954.92,91137.2,17666
2023-11-12 20:00:00,92294.16,92664.07,92294.16,92479.11,9110
2023-11-12 21:00:00,93120.1,93493.33,93120.1,93306.72,11393
2023-11-12 22:00:00,93268.07,93641.89,93268.07,93454.98,11312
2023-11-12 23:00:00,93093.59,95116.59,92513.5,94926.73,14177
2023-11-13 00:00:00,95504.89,96929.46,95504.89,95696.29,11758
2023-11-13 01:00:00,95187.15,95187.15,93560.65,94997.16,9753
2023-11-13 02:00:00,95244.66,95331.8,93927.99,94116.22,12808
2023-11-13 03:00:00,94865.35,97939.99,94865.35,95055.46,12023
2023-11-13 04:00:00,94850.65,98300.89,94031.94,95566.3,16033
2023-11-13 05:00:00,96032.19,96032.19,95648.82,95840.5,6929
2023-11-13 06:00:00,95301.94,95301.94,94921.5,95111.72,5512
2023-11-13 07:00:00,95718.77,96015.9,95632.6,95824.25,10209
2023-11-13 08:00:00,96160.63,96160.63,94371.86,95184.35,16113
2023-11-13 09:00:00,95390.95,96586.42,94749.42,95203.78,13438
2023-11-13 10:00:00,96534.54,97058.37,96534.54,96727.99,15461
2023-11-13 11:00:00,97407.26,97444.38,95138.76,96146.21,12223
2023-11-13 12:00:00,94776.82,94776.82,92483.97,94691.22,17418
2023-11-13 13:00:00,93995.42,93995.42,89741.64,93807.81,10841
2023-11-13 14:00:00,93887.05,96163.4,93887.05,94921.29,8220
2023-11-13 15:00:00,94711.07,97811.57,94364.35,95295.76,4684
2023-11-13 16:00:00,95172.15,95477.13,95095.98,95286.56,13543
2023-11-13 17:00:00,95097.4,95097.4,92533.31,94907.59,8504
2023-11-13 18:00:00,94843.55,95694.49,94060.89,95503.48,8929
2023-11-13 19:00:00,94973.51,94973.51,94594.37,94783.94,10591
2023-11-13 20:00:00,95035.98,95401.54,95020.52,95210.94,7399
2023-11-13 21:00:00,94809.3,94809.3,91108.59,94620.06,8836
2023-11-13 22:00:00,95005.86,95005.86,93702.58,93890.36,10384
2023-11-13 23:00:00,93624.52,93624.52,91703.75,93437.64,6277
2023-11-14 00:00:00,93284.09,93438.06,91294.92,93251.56,8632
2023-11-14 01:00:00,93196.84,93831.12,93196.84,93383.6,6435
2023-11-14 02:00:00,93730.2,93970.78,93730.2,93783.21,9565
2023-11-14 03:00:00,91135.12,91135.12,90236.1,90416.93,7671
2023-11-14 04:00:00,89743.75,90087.53,88124.8,89932.71,14968
2023-11-14 05:00:00,89416.43,90026.91,87813.28,89847.22,14185
2023-11-14 06:00:00,89469.79,91686.76,89327.41,91503.76,10976
2023-11-14 07:00:00,91147.91,92213.79,90546.52,90727.98,8723
2023-11-14 08:00:00,90950.99,94281.29,90950.99,91133.25,5073
2023-11-14 09:00:00,90740.16,92951.93,90642.11,92766.4,8321
2023-11-14 10:00:00,91902.92,91902.92,91540.29,91719.48,6884
2023-11-14 11:00:00,91346.88,92342.96,91346.88,92313.79,12634
2023-11-14 12:00:00,91950.84,91950.84,91121.1,91767.3,10053
2023-11-14 13:00:00,91910.63,91994.14,89453.61,91519.1,9211
2023-11-14 14:00:00,92124.39,92754.25,90818.97,91000.97,8006
2023-11-14 15:00:00,91315.01,92587.03,90423.47,90567.37,12743
2023-11-14 16:00:00,91536.24,94262.62,91536.24,93339.88,12207
2023-11-14 17:00:00,93355.82,94511.77,93355.82,94323.13,6856
2023-11-14 18:00:00,93700.07,97043.45,93127.47,95534.03,19874
2023-11-14 19:00:00,96071.32,96320.53,95936.02,96128.28,12651
2023-11-14 20:00:00,95144.63,95144.63,94311.48,94648.33,9592
2023-11-14 21:00:00,94579.46,96448.2,94515.51,95170.7,18135
2023-11-14 22:00:00,96077.48,96531.36,96077.48,96338.69,11757
2023-11-14 23:00:00,96298.0,96298.0,93511.63,95591.3,11150
2023-11-15 00:00:00,96455.03,98590.9,96455.03,96648.33,7475
2023-11-15 01:00:00,97231.51,97621.21,97231.51,97426.36,9510
2023-11-15 02:00:00,97603.2,99525.36,96642.7,99326.7,10520
2023-11-15 03:00:00,99096.85,99096.85,98701.25,98899.05,10102
2023-11-15 04:00:00,98679.26,99416.05,97606.89,97802.49,8029
2023-11-15 05:00:00,97294.81,97684.77,97294.81,97489.79,9030
2023-11-15 06:00:00,98779.61,99175.52,98779.61,98977.57,6369
2023-11-15 07:00:00,99056.89,99742.69,95078.45,97141.97,8537
2023-11-15 08:00:00,95353.25,95353.25,93477.95,95162.92,9684
2023-11-15 09:00:00,94489.61,95992.87,93563.63,95383.95,9166
2023-11-15 10:00:00,95848.73,96111.5,94624.06,95082.53,10794
2023-11-15 11:00:00,95130.21,95524.87,95039.48,95229.94,13343
2023-11-15 12:00:00,96092.07,97375.36,96092.07,96284.64,15189
2023-11-15 13:00:00,96024.1,97323.6,95652.64,95844.33,12966
2023-11-15 14:00:00,94317.26,94317.26,93940.74,94129.0,13377
2023-11-15 15:00:00,96069.82,98976.24,96069.82,96262.35,7287
2023-11-15 16:00:00,96441.38,96441.38,94692.99,95388.28,9058
2023-11-15 17:00:00,94680.44,94680.44,93865.35,94491.46,10476
2023-11-15 18:00:00,95525.94,95908.81,95525.94,95717.37,5124
2023-11-15 19:00:00,95635.76,97090.13,95166.34,95468.65,9527
2023-11-15 20:00:00,95561.9,95561.9,95348.99,95540.07,10824
2023-11-15 21:00:00,95950.36,96334.93,95950.36,96142.65,13589
2023-11-15 22:00:00,97124.24,98016.9,97124.24,97318.88,9035
2023-11-15 23:00:00,97418.06,97891.44,96868.28,97062.41,14905
2023-11-16 00:00:00,98453.88,100710.1,98453.88,98651.18,5262
2023-11-16 01:00:00,96724.94,96724.94,96338.81,96531.88,10444
2023-11-16 02:00:00,97378.84,100228.54,97378.84,97379.35,8900
2023-11-16 03:00:00,97800.12,97800.12,96412.07,96617.67,9804
2023-11-16 04:00:00,97086.93,98265.16,97086.93,98069.02,8651
2023-11-16 05:00:00,98458.83,98458.83,98065.78,98262.3,11359
2023-11-16 06:00:00,97243.86,97828.91,96485.43,97633.64,11431
2023-11-16 07:00:00,98164.27,98557.72,98164.27,98360.99,8455
2023-11-16 08:00:00,99247.69,99458.15,99103.98,99302.58,6647
2023-11-16 09:00:00,99694.8,100167.25,97525.86,99967.31,8348
2023-11-16 10:00:00,99051.39,99051.39,98355.63,98907.93,9611
2023-11-16 11:00:00,98515.07,98641.64,98274.79,98444.75,12813
2023-11-16 12:00:00,98860.56,98860.56,96648.95,98480.31,16764
2023-11-16 13:00:00,98069.06,102383.08,97676.26,98478.21,13003
2023-11-16 14:00:00,99268.21,101220.86,99268.21,99273.08,7452
2023-11-16 15:00:00,98154.82,98154.82,95992.03,97246.77,9684
2023-11-16 16:00:00,97039.62,97855.5,96483.41,97660.18,11326
2023-11-16 17:00:00,98098.31,98531.24,97243.65,97438.53,9828
2023-11-16 18:00:00,96873.04,96873.04,96453.73,96679.68,6722
2023-11-16 19:00:00,97008.49,97169.31,93723.29,96046.98,7122
2023-11-16 20:00:00,96147.13,96147.13,94855.54,95955.22,12071
2023-11-16 21:00:00,92735.22,92735.22,92053.68,92550.12,15806
2023-11-16 22:00:00,92295.27,92295.27,91926.82,92111.04,10655
2023-11-16 23:00:00,91533.78,91671.11,90490.94,91521.15,11077
2023-11-17 00:00:00,92085.83,92311.82,92085.83,92270.38,21497
2023-11-17 01:00:00,91559.59,93665.12,91559.59,91743.08,11361
2023-11-17 02:00:00,92747.98,94242.67,90925.57,91788.79,12380
2023-11-17 03:00:00,92478.9,94172.94,91809.79,93479.48,8215
2023-11-17 04:00:00,93898.34,94813.9,91670.83,94624.65,12389
2023-11-17 05:00:00,95468.38,95961.32,95468.38,95659.7,9051
2023-11-17 06:00:00,95495.05,95495.05,92566.43,95304.44,6821
2023-11-17 07:00:00,95457.78,96498.76,95457.78,95976.65,14060
2023-11-17 08:00:00,95868.49,96064.23,92927.31,95872.49,8010
2023-11-17 09:00:00,96074.07,96272.03,94209.49,95809.89,7571
2023-11-17 10:00:00,96151.25,96536.62,96151.25,96343.94,7074
2023-11-17 11:00:00,95793.35,96066.23,95050.71,95874.48,9211
2023-11-17 12:00:00,96186.09,97662.08,95833.99,97467.15,7853
2023-11-17 13:00:00,97145.68,99502.18,96778.92,97390.27,11904
2023-11-17 14:00:00,97894.38,98435.51,97894.38,98090.56,11794
2023-11-17 15:00:00,99369.9,99811.81,99369.9,99612.58,15160
2023-11-17 16:00:00,100474.27,100876.98,100474.27,100675.62,10571
2023-11-17 17:00:00,99405.45,99405.45,96421.2,99207.04,12219
2023-11-17 18:00:00,99488.11,99977.57,99488.11,99687.49,10235
2023-11-17 19:00:00,100366.24,102521.47,100366.24,100567.37,9088
2023-11-17 20:00:00,101023.83,101672.05,100211.35,101469.11,24187
2023-11-17 21:00:00,100473.34,100473.34,100072.25,100272.79,11107
2023-11-17 22:00:00,99399.68,101889.15,99399.68,99598.87,6563
2023-11-17 23:00:00,99529.36,100831.62,99198.54,100630.36,9894
2023-11-18 00:00:00,99564.19,100033.37,97125.16,99833.7,6358
2023-11-18 01:00:00,99358.14,101319.65,98838.66,99541.1,5677
2023-11-18 02:00:00,100961.1,101365.75,100961.1,101163.43,9363
2023-11-18 03:00:00,100770.88,101283.36,98092.35,101081.2,11995
2023-11-18 04:00:00,100502.62,100502.62,100101.41,100302.01,8814
2023-11-18 05:00:00,99601.48,99601.48,99203.87,99402.67,10314
2023-11-18 06:00:00,99693.44,100347.15,99693.44,99769.93,7279
2023-11-18 07:00:00,98627.92,98627.92,96015.5,98431.06,9706
2023-11-18 08:00:00,99130.94,99684.03,96073.6,98246.46,15418
2023-11-18 09:00:00,98051.28,98847.16,97605.33,98649.86,6694
2023-11-18 10:00:00,99814.39,100214.45,99814.39,100014.42,6041
2023-11-18 11:00:00,99671.24,102179.59,99212.38,100710.5,17423
2023-11-18 12:00:00,100111.72,100862.96,98455.15,99968.26,13456
2023-11-18 13:00:00,100115.97,102853.79,100115.97,101188.66,11827
2023-11-18 14:00:00,100630.53,102058.95,99991.37,100857.85,10188
2023-11-18 15:00:00,100562.89,100562.89,98548.23,99574.49,11691
2023-11-18 16:00:00,99007.28,101438.48,98506.02,99431.75,10010
2023-11-18 17:00:00,98281.79,103786.13,97956.55,100928.58,10984
2023-11-18 18:00:00,100804.66,101289.28,100467.9,101087.1,13710
2023-11-18 19:00:00,100880.46,101321.49,100880.46,101082.63,8617
2023-11-18 20:00:00,101134.88,102959.24,98924.13,102753.74,10480
2023-11-18 21:00:00,101379.45,101379.45,100682.37,101177.09,13686
2023-11-18 22:00:00,101090.28,101090.28,99628.99,99828.65,8590
2023-11-18 23:00:00,98404.58,98404.58,98011.75,98208.16,8347
2023-11-19 00:00:00,98495.3,100997.41,97576.89,98662.36,12220
2023-11-19 01:00:00,99095.71,99095.71,98700.12,98897.92,7434
2023-11-19 02:00:00,100315.65,101121.37,100315.65,100516.68,10179
2023-11-19 03:00:00,100572.65,100975.75,100572.65,100774.2,9028
2023-11-19 04:00:00,100558.35,100558.35,99155.45,100357.64,9976
2023-11-19 05:00:00,100902.23,102469.76,100172.42,100373.16,8733
2023-11-19 06:00:00,99740.85,101252.93,98749.99,100506.7,14802
2023-11-19 07:00:00,98998.92,98998.92,96587.25,98801.32,9312
2023-11-19 08:00:00,101397.8,101625.06,101397.8,101601.0,11717
2023-11-19 09:00:00,101910.52,102553.89,101910.52,102114.75,9442
2023-11-19 10:00:00,101192.89,102774.17,99785.24,102292.14,10477
2023-11-19 11:00:00,102182.14,105259.31,102034.07,102886.28,14609
2023-11-19 12:00:00,103643.37,103643.37,103356.73,103563.86,8442
2023-11-19 13:00:00,103359.36,103359.36,103117.15,103323.8,9677
2023-11-19 14:00:00,103286.48,104004.37,102369.43,102574.58,9118
2023-11-19 15:00:00,102939.49,103352.08,102939.49,103145.78,6544
2023-11-19 16:00:00,103365.67,104167.51,103270.25,103477.21,7733
2023-11-19 17:00:00,102741.59,102741.59,101789.8,102536.51,7442
2023-11-19 18:00:00,102858.76,104517.16,102858.76,103969.56,7176
2023-11-19 19:00:00,104616.15,105914.36,102923.09,104179.23,10095
2023-11-19 20:00:00,104637.01,105056.39,104637.01,104846.7,9020
2023-11-19 21:00:00,104611.0,108325.97,103829.76,106202.88,7774
2023-11-19 22:00:00,105747.5,106254.79,104971.9,106042.7,9339
2023-11-19 23:00:00,105264.25,107544.5,104693.29,106208.13,12665
2023-11-20 00:00:00,106689.16,107116.77,106689.16,106902.97,9696
2023-11-20 01:00:00,105684.73,106115.18,103740.19,105903.37,11035
2023-11-20 02:00:00,105979.05,105979.05,105579.89,105791.47,13461
2023-11-20 03:00:00,105972.57,105972.57,105579.27,105761.05,7957
2023-11-20 04:00:00,104774.37,104774.37,104356.11,104565.24,11734
2023-11-20 05:00:00,104796.33,107786.63,104796.33,106918.64,9894
2023-11-20 06:00:00,105836.14,105836.14,104968.41,105178.77,10910
2023-11-20 07:00:00,104982.12,104982.12,103438.65,103645.94,14544
2023-11-20 08:00:00,104744.76,105297.55,104744.76,104954.67,10610
2023-11-20 09:00:00,105531.43,105802.39,105531.43,105591.21,13833
2023-11-20 10:00:00,105196.38,105196.38,103772.94,104335.07,12667
2023-11-20 11:00:00,105327.43,108081.56,104666.5,104876.26,12923
2023-11-20 12:00:00,106108.74,106534.03,106108.74,106321.39,7930
2023-11-20 13:00:00,106321.16,106321.16,105110.11,106108.94,9285
2023-11-20 14:00:00,108533.67,109515.69,108533.67,108751.17,11909
2023-11-20 15:00:00,106779.29,106779.29,106353.03,106566.16,8991
2023-11-20 16:00:00,106918.07,108413.89,106918.07,107132.33,8331
2023-11-20 17:00:00,107138.2,108415.2,105105.68,108198.8,12358
2023-11-20 18:00:00,108717.5,109153.24,108717.5,108935.37,7654
2023-11-20 19:00:00,109648.95,109785.18,106891.06,108432.36,8857
2023-11-20 20:00:00,108028.08,109975.77,107641.57,107857.28,21121
2023-11-20 21:00:00,107697.63,108459.96,106763.57,108113.75,9031
2023-11-20 22:00:00,108819.72,111385.37,108554.38,108771.93,6786
2023-11-20 23:00:00,109321.82,109810.86,106308.04,109173.34,8708
2023-11-21 00:00:00,108892.07,111211.29,108892.07,110050.67,13735
2023-11-21 01:00:00,108888.87,110481.61,108489.52,108588.28,12697
2023-11-21 02:00:00,108290.04,108290.04,107857.75,108073.9,8990
2023-11-21 03:00:00,107912.72,107912.72,105159.77,106795.19,12255
2023-11-21 04:00:00,107243.46,109952.12,105745.81,106182.97,7383
2023-11-21 05:00:00,106112.79,110159.44,105495.63,107115.28,12208
2023-11-21 06:00:00,106815.59,107243.71,106815.59,107029.65,12958
2023-11-21 07:00:00,109456.65,111761.55,109456.65,109676.0,21581
2023-11-21 08:00:00,109860.39,110605.29,109443.55,109591.77,14822
2023-11-21 09:00:00,109091.82,113509.95,108759.73,109360.89,14347
2023-11-21 10:00:00,109408.61,109408.61,108971.85,109190.23,9779
2023-11-21 11:00:00,108444.81,108444.81,105192.43,108199.0,13396
2023-11-21 12:00:00,108029.9,108110.31,107431.66,107894.52,5535
2023-11-21 13:00:00,108190.65,112000.74,106899.47,108909.28,8976
2023-11-21 14:00:00,108715.23,108986.8,108057.94,108769.26,9478
2023-11-21 15:00:00,107841.18,107841.18,105666.08,107625.92,10120
2023-11-21 16:00:00,106614.56,106614.56,104649.77,106391.64,9842
2023-11-21 17:00:00,105943.19,105943.19,105520.26,105731.73,13273
2023-11-21 18:00:00,105487.8,107628.42,105454.2,105665.53,9748
2023-11-21 19:00:00,106597.64,107530.0,106597.64,106811.26,10387
2023-11-21 20:00:00,106797.34,108426.81,104004.66,105164.73,23577
2023-11-21 21:00:00,104907.54,104907.54,101967.42,104698.15,16683
2023-11-21 22:00:00,104915.6,106719.69,102891.67,104745.17,9563
2023-11-21 23:00:00,104236.0,104236.0,101421.46,102677.31,19063
2023-11-22 00:00:00,101972.58,101972.58,101565.5,101769.04,6331
2023-11-22 01:00:00,101260.99,101260.99,100158.88,101058.87,7930
2023-11-22 02:00:00,100458.16,100458.16,100057.13,100257.65,14929
2023-11-22 03:00:00,101275.93,102299.0,100298.36,100499.36,10913
2023-11-22 04:00:00,100390.7,102828.06,100171.75,100372.49,9860
2023-11-22 05:00:00,100663.8,101661.28,99645.62,99845.31,9240
2023-11-22 06:00:00,100025.5,100542.3,97251.17,100341.62,11090
2023-11-22 07:00:00,101946.89,102355.49,101946.89,102151.19,6471
2023-11-22 08:00:00,103638.84,104054.23,103638.84,103846.54,10153
2023-11-22 09:00:00,102286.9,102286.9,101391.43,101736.83,13594
2023-11-22 10:00:00,102003.31,104586.43,101549.93,102338.19,13076
2023-11-22 11:00:00,102260.87,102260.87,100727.57,102135.76,8389
2023-11-22 12:00:00,102083.14,102492.29,102083.14,102287.72,10646
2023-11-22 13:00:00,101282.08,102059.56,101282.08,101855.85,7514
2023-11-22 14:00:00,102129.26,102147.28,101773.43,101977.38,10350
2023-11-22 15:00:00,102333.36,102333.36,101438.82,102129.1,7247
2023-11-22 16:00:00,101720.55,101720.55,101314.48,101517.52,18069
2023-11-22 17:00:00,100692.37,101947.43,100402.11,100603.32,13802
2023-11-22 18:00:00,100390.65,100390.65,99989.88,100190.27,10797
2023-11-22 19:00:00,100265.69,100692.53,97596.51,100491.55,9259
2023-11-22 20:00:00,99147.44,101361.02,98302.91,101158.7,12887
2023-11-22 21:00:00,101266.34,102274.49,100839.59,102070.35,14095
2023-11-22 22:00:00,102272.04,102272.04,100577.01,101556.73,8552
2023-11-22 23:00:00,101715.62,102072.44,101715.62,101868.7,13386
2023-11-23 00:00:00,102310.99,103080.22,102310.99,102874.47,13092
2023-11-23 01:00:00,103326.76,104604.86,103326.76,104068.53,10292
2023-11-23 02:00:00,104141.3,104141.3,103725.57,103933.44,10223
2023-11-23 03:00:00,103841.22,103841.22,101773.01,103633.21,15771
2023-11-23 04:00:00,104270.81,104707.69,103574.81,103782.37,13929
2023-11-23 05:00:00,102710.34,102710.34,101719.43,102505.32,10735
2023-11-23 06:00:00,102631.9,103751.96,102085.06,102289.64,4655
2023-11-23 07:00:00,103347.93,105184.94,102856.5,103062.62,8784
2023-11-23 08:00:00,103297.96,103913.15,103113.92,103705.74,8930
2023-11-23 09:00:00,103653.43,105802.17,102031.52,103365.14,9417
2023-11-23 10:00:00,103666.83,108171.98,101833.99,103552.04,7012
2023-11-23 11:00:00,103468.26,103468.26,100855.09,102632.37,13662
2023-11-23 12:00:00,102605.07,104083.2,100885.05,103352.21,9460
2023-11-23 13:00:00,103949.11,104823.97,101521.36,103228.48,13830
2023-11-23 14:00:00,103105.93,103105.93,102252.47,102900.13,13657
2023-11-23 15:00:00,102699.91,102699.91,102289.93,102494.92,10890
2023-11-23 16:00:00,102622.79,102622.79,101350.98,102417.95,12760
2023-11-23 17:00:00,102145.01,102145.01,101737.25,101941.13,11872
2023-11-23 18:00:00,102428.41,103947.76,102428.41,102633.68,11067
2023-11-23 19:00:00,102410.7,102410.7,100926.66,102206.29,13032
2023-11-23 20:00:00,103661.52,104077.0,103661.52,103869.26,12236
2023-11-23 21:00:00,105154.89,106554.26,105154.89,105365.63,8083
2023-11-23 22:00:00,104506.23,104506.23,102477.61,104297.64,9742
2023-11-23 23:00:00,104657.16,105953.96,104092.51,104301.12,9586
2023-11-24 00:00:00,103599.41,104477.24,103329.52,103536.6,5776
2023-11-24 01:00:00,102821.3,104444.1,101526.85,103149.2,11924
2023-11-24 02:00:00,105018.13,105439.05,105018.13,105228.59,9504
2023-11-24 03:00:00,104586.51,105005.7,104586.51,104796.1,4816
2023-11-24 04:00:00,104885.17,105305.56,104885.17,105095.36,6567
2023-11-24 05:00:00,105669.13,105757.61,105370.34,105581.5,7897
2023-11-24 06:00:00,104598.63,104598.63,102830.34,104389.85,11889
2023-11-24 07:00:00,103615.72,103615.72,101372.05,103408.9,20142
2023-11-24 08:00:00,103540.93,103540.93,100485.75,102103.2,7568
2023-11-24 09:00:00,101287.96,101287.96,100514.66,101192.5,7573
2023-11-24 10:00:00,98775.66,98775.66,95418.71,98291.35,15292
2023-11-24 11:00:00,97643.41,100792.8,97643.41,98973.64,5548
2023-11-24 12:00:00,100961.37,102404.18,100961.37,101163.7,16772
2023-11-24 13:00:00,101159.09,101898.36,101159.09,101361.81,16440
2023-11-24 14:00:00,99989.65,99989.65,98411.29,99935.62,18272
2023-11-24 15:00:00,100522.93,102847.81,97622.69,99367.18,11695
2023-11-24 16:00:00,99672.68,100769.98,98808.28,99006.29,15361
2023-11-24 17:00:00,98289.23,98289.23,97896.86,98093.04,8788
2023-11-24 18:00:00,97807.89,99396.69,97302.55,99097.96,7002
2023-11-24 19:00:00,99831.25,100231.38,99831.25,100031.32,8018
2023-11-24 20:00:00,100748.24,101203.26,98738.09,98935.96,6407
2023-11-24 21:00:00,99588.73,100553.56,99588.73,99788.3,20839
2023-11-24 22:00:00,101233.99,101639.74,101233.99,101436.87,10411
2023-11-24 23:00:00,103240.58,105908.22,103240.58,103447.47,10458
2023-11-25 00:00:00,103997.96,108226.15,103518.02,106444.78,18648
2023-11-25 01:00:00,107264.12,107675.56,105120.41,105331.07,12135
2023-11-25 02:00:00,107101.05,108490.03,107101.05,108273.48,10346
2023-11-25 03:00:00,107852.97,107852.97,106812.73,107682.13,15827
2023-11-25 04:00:00,106639.26,107516.71,106639.26,106852.97,10489
2023-11-25 05:00:00,107464.76,109128.61,106847.92,107062.04,11158
2023-11-25 06:00:00,107250.35,107250.35,104880.51,106271.69,8558
2023-11-25 07:00:00,106326.46,107988.12,106326.46,106579.84,13664
2023-11-25 08:00:00,106207.7,106207.7,104798.68,105008.7,17084
2023-11-25 09:00:00,105051.2,105512.12,104465.94,104675.3,8266
2023-11-25 10:00:00,104904.42,106864.6,104717.32,105982.38,3947
2023-11-25 11:00:00,105476.62,106021.07,105469.25,105809.46,11329
2023-11-25 12:00:00,105531.87,106070.55,105531.87,105858.83,13592
2023-11-25 13:00:00,106056.32,107457.96,106056.32,106268.86,21579
2023-11-25 14:00:00,105974.92,107488.7,105974.92,107420.07,14015
2023-11-25 15:00:00,107267.05,108341.66,103787.57,105445.26,9740
2023-11-25 16:00:00,105870.59,106107.9,102858.85,105987.23,14370
2023-11-25 17:00:00,105803.3,105803.3,105380.93,105592.12,4021
2023-11-25 18:00:00,105893.97,105893.97,105154.84,105682.61,11017
2023-11-25 19:00:00,106520.71,107088.62,106520.71,106734.18,14816
2023-11-25 20:00:00,105454.32,105454.32,102406.75,105302.08,11251
2023-11-25 21:00:00,104345.15,104345.15,103210.17,104136.88,11247
2023-11-25 22:00:00,102249.35,102249.35,101841.17,102045.26,11454
2023-11-25 23:00:00,101963.21,101963.21,100581.4,101510.4,10474
2023-11-26 00:00:00,101926.57,103366.64,98792.8,102944.6,9975
2023-11-26 01:00:00,103368.4,104297.02,102618.52,102824.17,10431
2023-11-26 02:00:00,101632.55,101632.55,101226.83,101429.69,10755
2023-11-26 03:00:00,100440.4,101010.57,99323.69,100984.73,16210
2023-11-26 04:00:00,99723.02,99723.02,98941.29,99523.97,15524
2023-11-26 05:00:00,98698.86,98698.86,98304.85,98501.86,6667
2023-11-26 06:00:00,98621.87,99245.41,97687.86,99047.31,10579
2023-11-26 07:00:00,98117.52,98117.52,97802.58,97998.57,9558
2023-11-26 08:00:00,99126.39,99411.93,97749.57,99283.18,5271
2023-11-26 09:00:00,99684.42,101489.81,99144.3,99342.99,10467
2023-11-26 10:00:00,99537.92,101850.39,98591.87,99560.14,10233
2023-11-26 11:00:00,99284.69,99600.01,99284.69,99401.21,8241
2023-11-26 12:00:00,100113.88,102993.37,100113.88,100314.5,12969
2023-11-26 13:00:00,101012.51,101901.22,101012.51,101214.94,13779
2023-11-26 14:00:00,102646.01,104277.7,99976.68,101629.81,10939
2023-11-26 15:00:00,101421.94,102790.73,101331.05,102271.3,12534
2023-11-26 16:00:00,102038.71,103366.14,101880.06,102084.23,4456
2023-11-26 17:00:00,102402.42,102895.41,102402.42,102690.03,8940
2023-11-26 18:00:00,102561.1,102561.1,102151.67,102356.39,8754
2023-11-26 19:00:00,102594.84,102594.84,100786.73,102390.06,7566
2023-11-26 20:00:00,101985.08,103456.29,101928.91,102133.18,8814
2023-11-26 21:00:00,101803.9,103506.7,101492.09,101695.48,6181
2023-11-26 22:00:00,101899.19,103239.13,100832.17,101034.24,13719
2023-11-26 23:00:00,101390.07,101796.44,101390.07,101593.26,12102
2023-11-27 00:00:00,102804.65,104554.35,102804.65,103010.67,10889
2023-11-27 01:00:00,104043.4,105009.02,104043.4,104251.9,9037
2023-11-27 02:00:00,103810.38,103810.38,102675.09,102880.85,7563
2023-11-27 03:00:00,102603.3,104459.57,101965.88,104251.06,9448
2023-11-27 04:00:00,103306.27,104088.69,101691.61,103880.92,10675
2023-11-27 05:00:00,104304.26,105011.56,104290.05,104499.05,11354
2023-11-27 06:00:00,103981.56,103981.56,103286.08,103493.07,8354
2023-11-27 07:00:00,103606.41,105147.83,102358.21,103639.47,13805
2023-11-27 08:00:00,103401.5,104171.58,102167.04,103963.65,7717
2023-11-27 09:00:00,102574.16,102574.16,102164.68,102369.42,8138
2023-11-27 10:00:00,102001.03,103247.44,101317.36,103041.35,14851
2023-11-27 11:00:00,104261.95,104611.78,104261.95,104470.89,8498
2023-11-27 12:00:00,104569.32,106012.79,101324.84,104249.26,7057
2023-11-27 13:00:00,105166.03,105880.85,105166.03,105669.52,10918
2023-11-27 14:00:00,105587.64,105853.5,100964.73,105389.15,9663
2023-11-27 15:00:00,105826.33,107546.4,104232.75,106237.67,8749
2023-11-27 16:00:00,103944.12,103944.12,103529.17,103736.64,12932
2023-11-27 17:00:00,106079.76,106504.93,106079.76,106292.35,9644
2023-11-27 18:00:00,106541.38,108035.91,106541.38,107820.27,16868
2023-11-27 19:00:00,107622.77,107622.77,105984.94,107358.54,8699
2023-11-27 20:00:00,106875.66,107006.81,104854.74,105064.87,14371
2023-11-27 21:00:00,105114.83,106591.03,105114.83,105325.48,12096
2023-11-27 22:00:00,105115.55,107015.81,103672.37,103716.86,16948
2023-11-27 23:00:00,104616.67,105542.43,103170.72,104187.31,7112
2023-11-28 00:00:00,104745.62,105753.01,104399.63,104608.85,7683
2023-11-28 01:00:00,103781.57,103781.57,103367.27,103574.42,7309
2023-11-28 02:00:00,104123.81,105554.19,102160.93,104765.65,8684
2023-11-28 03:00:00,105381.45,105649.62,105381.45,105592.64,11643
2023-11-28 04:00:00,106368.72,108547.49,106368.72,106581.89,6045
2023-11-28 05:00:00,106465.19,106717.02,106010.18,106492.7,11624
2023-11-28 06:00:00,105510.06,105510.06,104649.18,104858.9,20504
2023-11-28 07:00:00,105657.72,106081.2,105657.72,105869.46,10348
2023-11-28 08:00:00,105715.96,105715.96,105293.94,105504.95,4913
2023-11-28 09:00:00,104156.53,104156.53,103065.2,103948.63,13072
2023-11-28 10:00:00,105167.59,108065.58,105167.59,105378.34,11266
2023-11-28 11:00:00,107367.42,109717.52,107367.42,107582.59,8378
2023-11-28 12:00:00,107792.59,109216.34,105707.84,107404.57,12488
2023-11-28 13:00:00,107827.71,109795.96,107827.71,109644.78,9860
2023-11-28 14:00:00,108848.78,109756.09,108574.02,109537.01,12317
2023-11-28 15:00:00,109325.66,109776.66,108687.6,108905.41,9449
2023-11-28 16:00:00,108166.03,108237.24,107805.15,108021.19,10323
2023-11-28 17:00:00,109456.63,109895.34,109456.63,109675.98,10098
2023-11-28 18:00:00,108808.71,108808.71,106044.76,108591.53,17325
2023-11-28 19:00:00,109197.27,110235.57,109197.27,109237.76,10333
2023-11-28 20:00:00,108706.01,109077.55,106982.04,108421.6,10468
2023-11-28 21:00:00,107752.95,110487.41,107534.91,107750.42,9264
2023-11-28 22:00:00,108715.48,110262.11,108529.23,108746.73,9400
2023-11-28 23:00:00,108681.63,109813.02,107935.14,108151.44,10437
2023-11-29 00:00:00,107391.96,107995.89,107337.73,107552.84,11594
2023-11-29 01:00:00,108449.58,111502.18,108449.58,108666.92,8048
2023-11-29 02:00:00,110047.13,111883.28,110047.13,110267.67,11244
2023-11-29 03:00:00,110093.9,110981.46,109407.59,110759.94,10707
2023-11-29 04:00:00,109986.35,109986.35,107655.82,109766.82,11143
2023-11-29 05:00:00,109199.3,109199.3,105030.26,108981.34,7452
2023-11-29 06:00:00,108669.54,108897.1,108669.54,108887.32,6558
2023-11-29 07:00:00,108875.53,109282.88,108846.62,109064.75,10062
2023-11-29 08:00:00,107994.17,107994.17,107563.06,107778.61,24722
2023-11-29 09:00:00,108317.11,108522.45,108221.13,108438.01,10894
2023-11-29 10:00:00,108254.61,108588.32,107432.18,108371.58,11196
2023-11-29 11:00:00,106320.08,106320.08,105098.94,106316.04,14808
2023-11-29 12:00:00,105436.44,105436.44,104466.65,105225.99,15056
2023-11-29 13:00:00,104851.32,104851.32,103990.06,104642.04,12318
2023-11-29 14:00:00,104752.3,104752.3,101069.17,104543.21,7504
2023-11-29 15:00:00,104840.8,110252.36,104840.8,106540.5,12074
2023-11-29 16:00:00,106496.66,106923.5,106496.66,106710.08,7853
2023-11-29 17:00:00,105911.93,105911.93,105489.13,105700.53,7190
2023-11-29 18:00:00,105671.69,106095.22,105671.69,105883.45,6027
2023-11-29 19:00:00,105523.98,105523.98,104489.91,105441.62,8583
2023-11-29 20:00:00,105534.54,105957.52,105534.54,105746.03,11528
2023-11-29 21:00:00,105961.13,106532.1,105618.85,106319.46,14305
2023-11-29 22:00:00,107138.77,107774.62,106271.81,107559.5,8640
2023-11-29 23:00:00,107595.78,107646.02,107200.37,107415.2,9361
2023-11-30 00:00:00,107657.31,109143.39,107560.43,109099.47,8086
2023-11-30 01:00:00,109631.78,111550.11,109631.78,109936.5,17035
2023-11-30 02:00:00,109153.89,109153.89,108649.12,108936.02,8395
2023-11-30 03:00:00,109983.7,113146.64,109983.7,111226.13,10180
2023-11-30 04:00:00,111208.35,111947.13,111132.37,111342.89,8728
2023-11-30 05:00:00,110356.14,110356.14,109915.6,110135.87,8206
2023-11-30 06:00:00,110992.42,112694.26,110672.21,111783.15,21853
2023-11-30 07:00:00,113650.41,116592.53,113650.41,113878.16,9483
2023-11-30 08:00:00,113492.83,113708.71,111396.51,113481.75,14373
2023-11-30 09:00:00,112434.77,113326.93,111105.64,112556.81,20154
2023-11-30 10:00:00,112255.35,113287.26,111830.58,112054.69,9678
2023-11-30 11:00:00,112813.66,112813.66,112359.37,112588.48,7037
2023-11-30 12:00:00,113525.05,114023.41,113525.05,113752.56,13614
2023-11-30 13:00:00,113834.46,114290.71,113834.46,114062.59,7195
2023-11-30 14:00:00,114043.42,114043.42,112368.76,113815.79,11079
2023-11-30 15:00:00,113736.43,115742.47,112404.92,115200.64,10706
2023-11-30 16:00:00,115421.05,116879.72,114420.52,114421.48,18797
2023-11-30 17:00:00,114229.37,115476.51,114229.37,115246.02,16912
2023-11-30 18:00:00,115561.45,117711.68,114262.89,114491.87,11727
2023-11-30 19:00:00,114380.71,114839.15,114380.71,114609.93,6869
2023-11-30 20:00:00,114313.55,114313.55,113857.2,114085.37,9016
2023-11-30 21:00:00,114483.94,114483.94,113425.09,113652.39,7404
2023-11-30 22:00:00,113039.91,113039.91,112639.25,112864.98,13066
2023-11-30 23:00:00,113798.92,115843.42,113798.92,114097.58,13548
2023-12-01 00:00:00,114504.28,114721.08,111644.26,112878.26,15367
2023-12-01 01:00:00,111933.39,111933.39,111595.29,111709.97,11375
2023-12-01 02:00:00,113632.12,114051.37,113632.12,113859.84,6072
2023-12-01 03:00:00,114413.44,114872.01,114413.44,114642.73,10308
2023-12-01 04:00:00,113575.44,113575.44,111411.42,111466.83,14039
2023-12-01 05:00:00,110790.45,110790.45,110348.17,110569.31,7360
2023-12-01 06:00:00,108522.93,108522.93,107939.05,108306.32,8385
2023-12-01 07:00:00,107198.01,107198.01,106685.78,107123.19,4708
2023-12-01 08:00:00,104535.54,104535.54,103508.71,103603.16,11906
2023-12-01 09:00:00,104478.77,104478.77,102714.2,103493.84,15323
2023-12-01 10:00:00,102533.24,102533.24,101437.67,102328.58,14584
2023-12-01 11:00:00,102266.45,103158.19,102266.45,102471.39,12753
2023-12-01 12:00:00,101048.55,101048.55,100645.17,100846.86,10037
2023-12-01 13:00:00,100859.33,101263.57,100859.33,101061.45,13842
2023-12-01 14:00:00,100684.6,100957.62,100488.21,100756.11,10524
2023-12-01 15:00:00,101912.05,102638.71,100883.29,102433.84,13212
2023-12-01 16:00:00,103781.9,104878.14,103781.9,103989.88,9834
2023-12-01 17:00:00,104819.48,106357.31,103237.36,104852.59,10383
2023-12-01 18:00:00,105110.11,106073.02,104293.8,104502.81,8068
2023-12-01 19:00:00,106418.0,108901.78,106418.0,106631.26,9796
2023-12-01 20:00:00,105649.57,105649.57,104146.44,104876.46,7953
2023-12-01 21:00:00,103579.81,103579.81,103166.32,103373.07,15186
2023-12-01 22:00:00,103598.84,103598.84,103128.01,103334.67,9444
2023-12-01 23:00:00,104543.12,105977.39,104543.12,105765.86,8544
2023-12-02 00:00:00,105637.53,106583.07,103056.04,105517.4,11357
2023-12-02 01:00:00,105824.52,105824.52,103822.3,105299.32,11087
2023-12-02 02:00:00,103943.86,103943.86,103528.91,103736.38,8628
2023-12-02 03:00:00,103843.53,104989.34,102888.98,104779.78,12310
2023-12-02 04:00:00,105592.59,106364.7,105592.59,105804.2,5531
2023-12-02 05:00:00,106414.77,106841.28,106414.77,106628.03,4446
2023-12-02 06:00:00,106263.86,109113.93,105675.58,105887.35,7890
2023-12-02 07:00:00,106060.59,106403.22,104885.52,105095.71,9879
2023-12-02 08:00:00,103915.11,103915.11,103340.62,103707.69,8584
2023-12-02 09:00:00,104123.17,105091.92,102902.32,103844.13,7552
2023-12-02 10:00:00,103073.07,103073.07,102538.26,102743.74,11327
2023-12-02 11:00:00,101851.76,101851.76,101219.95,101592.01,13659
2023-12-02 12:00:00,101160.65,101475.67,101070.57,101273.12,9857
2023-12-02 13:00:00,100158.23,102173.74,100158.23,100898.09,6927
2023-12-02 14:00:00,100687.72,100687.72,100287.65,100486.75,9091
2023-12-02 15:00:00,100918.56,101323.04,100918.56,101120.8,13455
2023-12-02 16:00:00,100909.24,101757.84,99599.43,101339.63,9818
2023-12-02 17:00:00,101372.56,101372.56,100967.88,101170.22,10461
2023-12-02 18:00:00,101291.41,103230.79,101291.41,101494.4,10258
2023-12-02 19:00:00,100792.28,100792.28,100389.91,100591.09,8191
2023-12-02 20:00:00,100818.57,101053.31,100649.9,100851.61,11916
2023-12-02 21:00:00,101418.4,103710.3,100946.78,101149.08,9755
2023-12-02 22:00:00,99929.59,99929.59,99585.86,99730.13,12795
2023-12-02 23:00:00,100721.71,101125.4,100721.71,100923.56,11231
2023-12-03 00:00:00,100755.52,101388.36,99815.04,100158.28,14473
2023-12-03 01:00:00,100216.08,101611.62,100216.08,100416.92,10437
2023-12-03 02:00:00,99723.48,102054.93,98801.98,101769.83,10625
2023-12-03 03:00:00,102370.32,103054.48,102370.32,102848.78,10003
2023-12-03 04:00:00,103015.95,103538.55,99788.15,102967.08,8759
2023-12-03 05:00:00,102872.28,102872.28,101649.19,102666.95,8942
2023-12-03 06:00:00,103680.11,103959.41,103680.11,103751.91,9261
2023-12-03 07:00:00,104729.29,104732.12,103396.91,104523.07,10653
2023-12-03 08:00:00,104316.8,104624.35,102580.05,103893.27,9527
2023-12-03 09:00:00,103657.25,104764.28,102896.78,103102.98,10195
2023-12-03 10:00:00,101204.26,101204.26,100800.25,101002.26,9830
2023-12-03 11:00:00,101108.45,103149.33,101108.45,101311.07,10125
2023-12-03 12:00:00,101196.94,101401.06,99559.22,101365.36,14190
2023-12-03 13:00:00,102474.04,104673.81,102474.04,102679.4,10750
2023-12-03 14:00:00,102944.37,103356.98,102944.37,103150.68,8256
2023-12-03 15:00:00,103546.53,106680.57,103546.53,104632.77,9438
2023-12-03 16:00:00,105085.71,105085.71,101204.03,103916.39,7552
2023-12-03 17:00:00,104964.99,105385.7,104964.99,105175.35,9213
2023-12-03 18:00:00,104938.96,107390.34,104407.23,104616.46,9752
2023-12-03 19:00:00,105371.51,107491.34,103634.9,105475.84,8797
2023-12-03 20:00:00,104113.2,104113.2,103697.58,103905.39,5927
2023-12-03 21:00:00,104320.15,104354.84,102168.99,104209.19,16840
2023-12-03 22:00:00,103273.38,103273.38,100672.74,102143.09,10389
2023-12-03 23:00:00,102172.81,102172.81,100931.44,101979.74,9881
2023-12-04 00:00:00,102291.86,102764.87,102291.86,102559.75,11241
2023-12-04 01:00:00,102323.41,102323.41,101914.93,102119.17,11717
2023-12-04 02:00:00,101161.81,101346.6,98967.61,101144.31,10457
2023-12-04 03:00:00,101642.74,102374.27,101642.74,102169.93,7136
2023-12-04 04:00:00,101837.86,102384.68,99811.45,102180.32,8497
2023-12-04 05:00:00,101828.32,101990.69,101585.0,101788.57,11601
2023-12-04 06:00:00,102037.85,103461.07,101760.92,101964.85,10258
2023-12-04 07:00:00,104626.31,105045.65,104626.31,104835.98,15264
2023-12-04 08:00:00,105578.18,106565.24,105528.78,106101.68,8867
2023-12-04 09:00:00,107133.15,107664.74,107133.15,107347.84,14155
2023-12-04 10:00:00,107835.62,110522.91,106553.27,107768.68,9078
2023-12-04 11:00:00,108169.2,111506.27,107665.78,107881.54,13862
2023-12-04 12:00:00,105380.68,105380.68,104960.0,105170.34,11411
2023-12-04 13:00:00,104674.93,104674.93,104257.07,104466.0,11564
2023-12-04 14:00:00,104518.48,104805.34,103512.54,104001.79,9265
2023-12-04 15:00:00,103821.14,104882.62,101871.37,102075.52,11038
2023-12-04 16:00:00,102817.08,105719.5,100796.97,100998.97,9155
2023-12-04 17:00:00,100125.66,100125.66,97898.2,99124.12,13323
2023-12-04 18:00:00,99463.73,99509.92,97237.62,99311.29,8703
2023-12-04 19:00:00,98681.02,100562.96,97349.69,100362.23,11594
2023-12-04 20:00:00,101480.64,101887.37,101480.64,101684.01,9609
2023-12-04 21:00:00,101987.79,102637.75,101639.78,102259.67,7316
2023-12-04 22:00:00,101838.7,102463.51,101177.56,101380.32,11531
2023-12-04 23:00:00,100366.44,100366.44,99335.19,99534.26,15937
2023-12-05 00:00:00,99690.49,101357.65,97766.89,97962.81,10911
2023-12-05 01:00:00,97147.42,97147.42,94586.76,96953.51,10937
2023-12-05 02:00:00,96170.79,96374.03,96170.79,96363.52,10224
2023-12-05 03:00:00,96432.58,97429.37,96319.4,96512.42,11202
2023-12-05 04:00:00,96355.13,96355.13,95623.06,95814.69,19396
2023-12-05 05:00:00,96465.47,97594.81,96465.47,96469.24,9025
2023-12-05 06:00:00,96496.64,99021.94,92657.05,96545.38,9950
2023-12-05 07:00:00,97277.1,97874.98,96664.14,96857.85,10520
2023-12-05 08:00:00,98081.3,98478.18,98081.3,98277.86,12411
2023-12-05 09:00:00,98339.48,99113.32,96734.79,97344.27,16406
2023-12-05 10:00:00,97388.74,99107.47,97388.74,98038.78,14105
2023-12-05 11:00:00,98216.52,100238.37,96746.82,98283.18,10010
2023-12-05 12:00:00,98166.45,98400.03,98005.55,98201.96,8429
2023-12-05 13:00:00,98785.37,99542.18,98785.37,99343.5,7932
2023-12-05 14:00:00,98965.58,100655.46,98901.71,100454.55,12119
2023-12-05 15:00:00,99868.66,99868.66,98321.16,99669.32,14254
2023-12-05 16:00:00,99625.49,99894.57,99166.81,99695.18,5806
2023-12-05 17:00:00,100101.19,101483.56,99992.06,100192.44,21303
2023-12-05 18:00:00,100310.07,100310.07,97575.03,100109.85,9127
2023-12-05 19:00:00,100177.12,101109.35,100177.12,100907.53,17388
2023-12-05 20:00:00,100162.56,105114.66,98580.21,101371.31,8443
2023-12-05 21:00:00,101915.22,103635.12,101915.22,103428.26,9394
2023-12-05 22:00:00,102111.27,102111.27,100032.14,101907.45,9072
2023-12-05 23:00:00,101671.43,102130.16,99295.94,101926.3,13508
2023-12-06 00:00:00,101312.91,102335.3,100926.24,101128.5,6998
2023-12-06 01:00:00,101722.05,103964.58,101722.05,101925.9,13045
2023-12-06 02:00:00,100594.48,100594.48,98218.46,100393.69,11256
2023-12-06 03:00:00,100001.96,101579.45,99854.54,100948.44,21610
2023-12-06 04:00:00,100682.81,100682.81,100280.89,100481.85,8691
2023-12-06 05:00:00,100469.74,102349.89,99726.83,99926.68,14430
2023-12-06 06:00:00,100162.38,102693.04,97287.08,98666.97,9504
2023-12-06 07:00:00,98649.68,98649.68,96736.35,98452.78,5842
2023-12-06 08:00:00,99325.31,100864.88,98270.29,99805.16,9435
2023-12-06 09:00:00,100201.47,100201.47,99801.46,100001.47,11926
2023-12-06 10:00:00,100372.33,102380.14,98917.04,100858.47,9648
2023-12-06 11:00:00,102556.73,103626.88,102556.73,102762.25,12069
2023-12-06 12:00:00,102686.94,103192.09,100942.61,103170.98,10297
2023-12-06 13:00:00,103371.2,103922.99,98713.12,102700.4,8854
2023-12-06 14:00:00,103010.26,104888.27,103010.26,103323.12,9625
2023-12-06 15:00:00,102862.76,103683.46,102654.74,102860.46,9021
2023-12-06 16:00:00,103049.34,105023.35,101595.43,102457.79,7103
2023-12-06 17:00:00,101211.26,101211.26,99130.16,101009.24,13797
2023-12-06 18:00:00,100735.89,104219.53,98895.1,102151.68,13194
2023-12-06 19:00:00,102044.55,102044.55,101696.08,101899.88,9293
2023-12-06 20:00:00,101854.8,102281.37,101854.8,102248.65,13510
2023-12-06 21:00:00,102372.67,102747.75,101112.88,101315.51,7748
2023-12-06 22:00:00,102329.82,103022.0,101836.75,101945.16,6911
2023-12-06 23:00:00,101515.14,101515.14,98597.37,101312.52,5990
2023-12-07 00:00:00,101231.65,103453.86,101144.91,101347.6,7420
2023-12-07 01:00:00,101664.5,102642.28,101048.57,102437.41,8197
2023-12-07 02:00:00,103205.41,106683.02,103205.41,103412.24,8793
2023-12-07 03:00:00,103298.59,103712.61,103298.59,103505.6,13368
2023-12-07 04:00:00,102090.03,102090.03,101548.02,101751.52,9199
2023-12-07 05:00:00,103720.73,105307.51,103720.73,105030.52,8452
2023-12-07 06:00:00,106749.8,107177.65,106749.8,106963.73,16263
2023-12-07 07:00:00,107530.98,107961.96,107530.98,107746.47,8533
2023-12-07 08:00:00,107725.92,107725.92,106049.05,106885.07,28830
2023-12-07 09:00:00,107323.95,107587.94,106546.29,106759.81,10834
2023-12-07 10:00:00,106384.34,106384.34,103230.96,106171.99,9316
2023-12-07 11:00:00,107350.69,107780.95,107350.69,107565.82,15555
2023-12-07 12:00:00,107614.97,108046.29,107614.97,107830.63,14736
2023-12-07 13:00:00,107600.12,107600.12,106720.79,106934.66,9074
2023-12-07 14:00:00,106147.67,106632.24,105523.62,106419.4,8767
2023-12-07 15:00:00,106663.45,107869.25,104915.38,107653.94,10488
2023-12-07 16:00:00,109169.05,110119.7,109169.05,109387.83,7621
2023-12-07 17:00:00,109328.7,111845.43,105807.57,111006.32,13545
2023-12-07 18:00:00,110492.79,113804.64,110492.79,111715.13,4789
2023-12-07 19:00:00,112649.64,112649.64,110326.66,111251.13,6955
2023-12-07 20:00:00,108286.62,108286.62,107197.99,107412.82,6453
2023-12-07 21:00:00,107507.89,112526.63,107507.89,107723.34,12913
2023-12-07 22:00:00,107480.09,109358.83,107480.09,107695.48,11131
2023-12-07 23:00:00,107909.34,110512.15,107610.46,107826.12,8545
2023-12-08 00:00:00,108073.98,108073.98,104990.56,107858.27,9452
2023-12-08 01:00:00,106581.95,106581.95,106156.47,106369.21,7808
2023-12-08 02:00:00,106612.81,107212.54,106367.65,106998.54,7829
2023-12-08 03:00:00,107475.33,109645.9,107475.33,107690.71,9627
2023-12-08 04:00:00,108509.09,108634.93,108199.96,108418.1,8818
2023-12-08 05:00:00,108706.46,110057.62,107943.57,109418.4,11220
2023-12-08 06:00:00,109796.2,112533.3,108310.91,110009.22,14753
2023-12-08 07:00:00,109662.23,109662.23,108906.6,109443.34,9407
2023-12-08 08:00:00,109380.97,109900.81,109063.73,109282.3,9684
2023-12-08 09:00:00,109091.21,110074.58,108327.0,109309.42,7712
2023-12-08 10:00:00,109162.32,109614.07,109136.42,109355.13,7999
2023-12-08 11:00:00,110174.91,110567.56,110174.91,110395.7,19715
2023-12-08 12:00:00,110825.85,111231.42,110426.07,111009.4,8186
2023-12-08 13:00:00,112894.56,116840.95,112894.56,113226.4,10205
2023-12-08 14:00:00,114116.27,117666.92,113365.71,115554.63,11395
2023-12-08 15:00:00,115749.48,116816.49,113708.02,115331.38,7614
2023-12-08 16:00:00,112788.58,112788.58,108038.73,110508.28,9799
2023-12-08 17:00:00,110756.7,112008.91,109881.6,111785.34,7996
2023-12-08 18:00:00,111223.91,111223.91,110779.9,111001.9,12314
2023-12-08 19:00:00,110210.24,110210.24,109737.27,109957.19,7411
2023-12-08 20:00:00,110199.36,110199.36,107368.81,109412.51,10785
2023-12-08 21:00:00,109054.33,109054.33,108618.98,108836.66,8423
2023-12-08 22:00:00,109161.76,111360.47,108866.1,109462.55,8333
2023-12-08 23:00:00,109263.22,109263.22,107638.14,107642.66,10181
2023-12-09 00:00:00,106456.59,109370.22,106235.68,106448.58,13208
2023-12-09 01:00:00,106639.52,107066.93,106639.52,106853.22,11399
2023-12-09 02:00:00,106622.37,107765.46,106487.52,107550.36,8371
2023-12-09 03:00:00,107467.59,108464.76,107277.26,108248.27,11418
2023-12-09 04:00:00,108316.85,110664.75,105499.9,107346.59,13173
2023-12-09 05:00:00,106321.82,106486.77,102357.05,106274.22,5148
2023-12-09 06:00:00,106675.93,108523.68,105551.55,105763.07,13997
2023-12-09 07:00:00,105940.47,106292.0,105867.68,106079.84,9848
2023-12-09 08:00:00,107519.83,109852.3,107519.83,107735.3,15343
2023-12-09 09:00:00,105683.36,105683.36,105451.89,105472.42,6196
2023-12-09 10:00:00,105093.02,106941.3,105093.02,105303.63,8144
2023-12-09 11:00:00,104345.74,104345.74,103870.66,103946.46,8443
2023-12-09 12:00:00,102359.51,102359.51,102110.84,102315.47,8612
2023-12-09 13:00:00,103291.64,103705.64,103291.64,103498.64,12395
2023-12-09 14:00:00,102592.24,105079.25,99338.16,104207.88,9282
2023-12-09 15:00:00,104403.05,106650.54,103456.87,104795.65,12191
2023-12-09 16:00:00,104684.24,107046.79,104684.24,105871.2,7128
2023-12-09 17:00:00,106845.52,110420.48,105196.09,105406.91,8312
2023-12-09 18:00:00,105391.65,107294.1,103946.61,105012.72,9341
2023-12-09 19:00:00,105725.7,107655.72,105725.7,107440.83,9065
2023-12-09 20:00:00,107695.23,107695.23,105501.65,107170.01,8923
2023-12-09 21:00:00,107579.37,110960.75,107579.37,107985.32,16483
2023-12-09 22:00:00,107606.85,108192.1,106993.18,107976.15,10814
2023-12-09 23:00:00,106134.37,106134.37,105710.68,105922.53,12990
2023-12-10 00:00:00,105210.62,105210.62,102659.98,103768.98,9682
2023-12-10 01:00:00,103609.37,103609.37,103079.2,103285.77,10059
2023-12-10 02:00:00,103553.46,104754.74,103312.08,104545.65,8622
2023-12-10 03:00:00,105347.47,106695.77,105281.79,105492.78,8716
2023-12-10 04:00:00,104995.34,106766.41,102537.26,106553.3,8063
2023-12-10 05:00:00,106637.52,106637.52,105309.54,105520.58,14166
2023-12-10 06:00:00,105392.88,107552.87,105087.35,107338.19,9058
2023-12-10 07:00:00,106507.48,106507.48,106082.3,106294.89,12941
2023-12-10 08:00:00,106347.93,106790.16,106184.95,106577.0,8787
2023-12-10 09:00:00,107260.87,108952.59,103721.29,106608.98,9285
2023-12-10 10:00:00,107062.33,108252.06,106249.37,106462.3,9921
2023-12-10 11:00:00,107748.0,108673.96,107748.0,107963.93,15053
2023-12-10 12:00:00,107772.4,108067.21,105679.92,107179.45,13412
2023-12-10 13:00:00,105936.13,105936.13,105513.23,105724.68,6859
2023-12-10 14:00:00,105422.5,106465.92,104390.62,105819.49,8444
2023-12-10 15:00:00,105955.5,105955.5,104524.14,105457.38,13867
2023-12-10 16:00:00,108957.9,110390.88,108957.9,109176.25,9257
2023-12-10 17:00:00,109240.86,110101.17,109075.21,109881.4,20069
2023-12-10 18:00:00,109507.17,109566.54,109129.15,109347.84,9077
2023-12-10 19:00:00,108331.17,108331.17,105418.45,108114.94,13906
2023-12-10 20:00:00,106243.08,106243.08,105818.95,106031.02,9587
2023-12-10 21:00:00,105576.33,105576.33,104776.96,104986.94,12104
2023-12-10 22:00:00,105423.45,105423.45,105002.6,105213.03,6218
2023-12-10 23:00:00,106183.16,108981.38,106183.16,106840.18,9515
2023-12-11 00:00:00,107000.09,110518.46,106995.82,108102.25,6480
2023-12-11 01:00:00,108566.26,108566.26,106274.55,108349.56,9946
2023-12-11 02:00:00,107938.84,110083.51,107762.46,107978.42,16030
2023-12-11 03:00:00,108492.24,108492.24,108059.14,108275.69,10298
2023-12-11 04:00:00,108124.12,108124.12,107477.97,107693.35,9072
2023-12-11 05:00:00,108637.8,109813.99,108637.8,109594.8,6483
2023-12-11 06:00:00,109469.81,109546.56,108465.41,109327.91,11002
2023-12-11 07:00:00,109404.43,109404.43,108967.69,109186.06,12364
2023-12-11 08:00:00,106890.65,106890.65,105175.78,106677.29,10285
2023-12-11 09:00:00,106869.55,107899.23,106065.84,106515.3,8924
2023-12-11 10:00:00,106757.21,108265.48,106757.21,107481.42,6085
2023-12-11 11:00:00,107428.85,107428.85,106120.25,106332.92,7815
2023-12-11 12:00:00,105793.54,105793.54,103890.01,105582.37,12304
2023-12-11 13:00:00,106314.21,106740.31,106314.21,106527.26,10526
2023-12-11 14:00:00,105879.55,105879.55,102020.82,104980.57,7159
2023-12-11 15:00:00,106013.98,106438.88,106013.98,106226.43,12831
2023-12-11 16:00:00,105506.5,106418.35,105506.5,105717.93,6859
2023-12-11 17:00:00,105481.51,105595.95,105174.41,105385.18,6678
2023-12-11 18:00:00,104476.5,104483.33,102501.87,104274.78,19678
2023-12-11 19:00:00,103272.67,107066.55,101393.2,104813.78,8438
2023-12-11 20:00:00,107348.47,107778.72,107348.47,107563.6,11257
2023-12-11 21:00:00,108126.88,108660.46,106219.63,108443.57,12348
2023-12-11 22:00:00,107704.92,107704.92,107263.56,107478.52,8811
2023-12-11 23:00:00,108533.07,112201.13,108533.07,108750.57,9982
2023-12-12 00:00:00,108597.01,108597.01,105521.04,108380.25,8463
2023-12-12 01:00:00,109675.62,110642.68,109675.62,109895.41,7804
2023-12-12 02:00:00,110585.23,111053.63,110585.23,110739.83,6646
2023-12-12 03:00:00,107536.0,107536.0,106849.98,107321.36,7668
2023-12-12 04:00:00,106466.57,106466.57,102970.23,106254.06,10843
2023-12-12 05:00:00,106470.28,107563.83,104823.29,107349.14,12266
2023-12-12 06:00:00,107667.93,108029.25,107291.98,107547.58,9771
2023-12-12 07:00:00,106662.6,106662.6,106018.12,106449.7,9888
2023-12-12 08:00:00,106544.16,107547.93,103601.1,105826.76,7098
2023-12-12 09:00:00,104062.4,104062.4,103646.98,103854.69,10599
2023-12-12 10:00:00,103234.5,104121.52,103234.5,103913.69,10445
2023-12-12 11:00:00,106199.11,106624.76,106199.11,106411.93,7012
2023-12-12 12:00:00,107140.06,108291.32,107140.06,107354.77,13152
2023-12-12 13:00:00,109571.81,110010.98,109571.81,109791.39,9317
2023-12-12 14:00:00,109994.42,112051.68,109994.42,110731.02,16341
2023-12-12 15:00:00,110801.96,112032.93,110065.87,111809.32,10894
2023-12-12 16:00:00,113824.21,115011.51,113824.21,113938.26,11642
2023-12-12 17:00:00,114024.33,114398.72,109378.5,114170.38,15624
2023-12-12 18:00:00,113963.37,113963.37,111603.44,113735.9,11674
2023-12-12 19:00:00,114507.6,117012.8,114507.6,114737.08,7648
2023-12-12 20:00:00,115328.67,116435.53,114906.94,116203.12,8933
2023-12-12 21:00:00,116369.96,117347.12,112353.45,115337.52,8336
2023-12-12 22:00:00,115463.77,115463.77,113444.73,114226.51,9247
2023-12-12 23:00:00,114168.32,114468.61,113942.24,114170.58,10177
2023-12-13 00:00:00,114448.42,116581.25,114448.42,114925.5,8601
2023-12-13 01:00:00,115196.33,115849.17,114837.61,115617.93,10570
2023-12-13 02:00:00,115766.35,116385.15,113438.94,113666.27,5321
2023-12-13 03:00:00,114167.1,117202.97,114004.61,115690.87,11716
2023-12-13 04:00:00,116130.37,116130.37,114428.7,114658.02,12433
2023-12-13 05:00:00,114343.8,114343.8,113887.34,114115.57,15120
2023-12-13 06:00:00,113386.58,115804.63,112628.54,112854.25,8914
2023-12-13 07:00:00,115571.87,118479.84,115571.87,115803.48,9300
2023-12-13 08:00:00,115938.26,116044.51,113438.05,115812.88,12406
2023-12-13 09:00:00,114759.2,114759.2,114301.08,114530.14,12203
2023-12-13 10:00:00,115085.82,118521.43,115085.82,115316.45,11205
2023-12-13 11:00:00,115735.76,118680.34,115735.76,115967.7,11468
2023-12-13 12:00:00,116560.63,116563.45,114752.17,115466.33,10760
2023-12-13 13:00:00,115966.02,117776.31,115966.02,116198.42,7528
2023-12-13 14:00:00,115162.2,115162.2,114447.62,114932.33,9957
2023-12-13 15:00:00,114726.12,115102.34,113891.94,114120.18,9063
2023-12-13 16:00:00,113672.5,113672.5,111354.62,111577.77,9650
2023-12-13 17:00:00,110438.6,110438.6,109748.03,109967.96,11980
2023-12-13 18:00:00,110300.76,112180.99,110300.76,111957.07,11221
2023-12-13 19:00:00,113490.32,113945.19,113490.32,113717.75,11170
2023-12-13 20:00:00,113567.08,113839.06,113384.61,113611.84,12539
2023-12-13 21:00:00,115131.68,115593.13,115131.68,115362.4,13149
2023-12-13 22:00:00,115154.4,115154.4,114694.7,114924.55,6651
2023-12-13 23:00:00,114991.75,116464.09,114180.34,114409.16,11509
2023-12-14 00:00:00,114139.48,114820.7,114034.74,114263.27,12920
2023-12-14 01:00:00,115229.33,115229.33,113274.1,113909.75,12106
2023-12-14 02:00:00,113850.08,114139.16,113239.93,113466.86,14579
2023-12-14 03:00:00,114387.63,114924.0,114387.63,114616.87,5893
2023-12-14 04:00:00,114506.45,115608.09,113569.09,114572.41,4968
2023-12-14 05:00:00,115336.94,118471.84,115022.99,115187.9,6627
2023-12-14 06:00:00,115923.22,116675.88,115923.22,116155.53,10833
2023-12-14 07:00:00,116099.96,116565.29,116099.96,116332.62,8391
2023-12-14 08:00:00,115264.1,115264.1,113939.83,114890.98,14236
2023-12-14 09:00:00,113148.74,113148.74,112061.8,113074.2,7188
2023-12-14 10:00:00,113251.72,113703.13,112861.94,113088.11,10183
2023-12-14 11:00:00,113110.3,114088.44,111457.94,112733.14,15465
2023-12-14 12:00:00,112916.04,112916.04,112465.28,112690.66,8046
2023-12-14 13:00:00,112932.42,114027.96,111167.26,112529.17,8443
2023-12-14 14:00:00,115240.09,116195.01,115240.09,115362.57,10907
2023-12-14 15:00:00,113779.16,113779.16,111224.78,113552.06,14060
2023-12-14 16:00:00,112377.89,112377.89,110850.78,111072.93,11189
2023-12-14 17:00:00,111271.25,111595.2,110330.7,111372.46,5824
2023-12-14 18:00:00,112424.21,114064.71,108305.11,110856.19,8317
2023-12-14 19:00:00,110612.63,111368.84,110150.23,111146.55,8541
2023-12-14 20:00:00,111547.3,111952.24,111547.3,111728.78,12973
2023-12-14 21:00:00,112765.28,115825.67,109452.57,113090.77,12790
2023-12-14 22:00:00,111957.84,111957.84,109903.3,111194.66,13535
2023-12-14 23:00:00,110344.79,115136.05,110258.52,110479.48,9452
2023-12-15 00:00:00,110684.57,111368.07,110684.57,110906.38,8052
2023-12-15 01:00:00,111453.43,112131.73,110725.69,111706.48,20700
2023-12-15 02:00:00,113876.49,116005.5,113876.49,114104.7,11575
2023-12-15 03:00:00,114729.99,115251.39,114158.32,115021.35,11043
2023-12-15 04:00:00,114576.15,114952.27,114493.38,114722.82,7176
2023-12-15 05:00:00,113688.3,113688.3,113234.46,113461.38,10901
2023-12-15 06:00:00,112865.57,112865.57,110937.3,112640.29,9822
2023-12-15 07:00:00,112731.04,112731.04,111252.83,111823.58,11694
2023-12-15 08:00:00,112242.39,116896.36,112242.39,112467.33,10646
2023-12-15 09:00:00,112859.12,112859.12,110676.69,112633.86,11064
2023-12-15 10:00:00,112084.47,113174.08,107940.47,110978.36,11475
2023-12-15 11:00:00,110379.68,110632.83,107722.41,110412.01,9094
2023-12-15 12:00:00,111127.69,112374.43,111127.69,111350.39,7480
2023-12-15 13:00:00,111441.75,111888.41,111441.75,111665.08,7561
2023-12-15 14:00:00,111671.52,112441.21,111671.52,112216.77,7499
2023-12-15 15:00:00,112244.27,113174.86,109877.31,112538.14,9605
2023-12-15 16:00:00,114045.69,115304.61,114045.69,114274.24,10101
2023-12-15 17:00:00,114120.64,114578.04,114120.64,114349.34,9852
2023-12-15 18:00:00,113925.55,113925.55,111948.92,113698.15,14238
2023-12-15 19:00:00,114460.15,114460.15,111798.59,112461.13,11745
2023-12-15 20:00:00,113074.22,114124.9,112396.42,112621.67,10001
2023-12-15 21:00:00,110853.39,110853.39,109465.17,109684.54,13314
2023-12-15 22:00:00,109239.3,111901.22,109239.3,109458.22,12468
2023-12-15 23:00:00,109103.91,110298.3,108258.21,109217.72,16500
2023-12-16 00:00:00,107910.58,107910.58,105095.89,107695.19,5917
2023-12-16 01:00:00,106942.37,106942.37,104723.65,106728.91,15582
2023-12-16 02:00:00,107485.62,107916.42,107485.62,107701.02,5188
2023-12-16 03:00:00,107906.44,108228.25,107078.98,108012.23,11923
2023-12-16 04:00:00,107670.2,109035.31,106397.24,108173.99,6519
2023-12-16 05:00:00,108462.09,108989.5,107632.17,108555.74,12378
2023-12-16 06:00:00,108473.13,108907.89,108473.13,108690.51,7231
2023-12-16 07:00:00,108475.44,110316.32,106018.88,110096.13,8994
2023-12-16 08:00:00,110385.84,110431.75,109990.9,110211.32,11900
2023-12-16 09:00:00,109996.3,109996.3,108216.03,108544.58,13674
2023-12-16 10:00:00,110163.83,111820.61,110163.83,110384.6,7513
2023-12-16 11:00:00,110745.3,111495.64,109476.28,110769.38,10913
2023-12-16 12:00:00,110473.0,110473.0,109080.55,110057.91,13441
2023-12-16 13:00:00,108848.02,108848.02,106303.26,108630.76,14415
2023-12-16 14:00:00,108886.46,109322.88,108886.46,109104.67,7444
2023-12-16 15:00:00,109021.6,110840.35,108773.04,108991.02,12690
2023-12-16 16:00:00,109036.94,112233.53,107963.9,110765.58,16489
2023-12-16 17:00:00,110172.62,111449.64,105674.3,110334.46,13580
2023-12-16 18:00:00,109586.53,109586.53,109149.06,109367.8,9403
2023-12-16 19:00:00,109782.44,110600.24,108382.47,110379.48,8572
2023-12-16 20:00:00,110140.75,111619.22,109209.87,111396.42,8550
2023-12-16 21:00:00,111748.09,111748.09,109787.47,111525.04,15138
2023-12-16 22:00:00,111947.37,112384.45,111947.37,112227.33,18243
2023-12-16 23:00:00,112198.38,112315.96,109633.36,112091.77,11308
2023-12-17 00:00:00,112555.41,112555.41,109639.9,112274.78,9713
2023-12-17 01:00:00,113291.87,114803.45,113291.87,113518.91,6031
2023-12-17 02:00:00,113291.94,115414.3,110279.55,114103.99,8726
2023-12-17 03:00:00,114384.67,114699.54,112266.61,113744.34,7464
2023-12-17 04:00:00,114853.99,115396.51,114853.99,115166.18,11074
2023-12-17 05:00:00,115007.51,115007.51,111956.89,112181.25,14314
2023-12-17 06:00:00,114212.71,115234.91,114212.71,114441.59,8558
2023-12-17 07:00:00,112499.24,112499.24,112050.14,112274.69,17949
2023-12-17 08:00:00,111689.93,111689.93,111244.06,111466.99,11412
2023-12-17 09:00:00,111584.24,111584.24,107956.37,111361.52,8854
2023-12-17 10:00:00,111910.94,113117.61,109713.65,111141.45,9095
2023-12-17 11:00:00,112012.42,112461.36,112012.42,112236.89,12239
2023-12-17 12:00:00,111028.69,111028.69,107693.76,110936.76,8134
2023-12-17 13:00:00,110969.93,111414.7,110969.93,111192.31,5368
2023-12-17 14:00:00,110710.15,110710.15,109006.26,110489.17,11236
2023-12-17 15:00:00,110739.75,111023.02,108170.97,110801.41,14963
2023-12-17 16:00:00,110915.14,110915.14,109084.92,110693.75,13362
2023-12-17 17:00:00,110718.6,110991.67,110548.59,110770.13,12218
2023-12-17 18:00:00,110124.45,110337.33,109896.86,110117.09,8488
2023-12-17 19:00:00,109754.16,109754.16,109436.72,109535.09,21768
2023-12-17 20:00:00,109649.16,110088.64,109649.16,109868.9,11385
2023-12-17 21:00:00,111150.49,111150.49,109845.48,110928.63,8992
2023-12-17 22:00:00,110434.95,110434.95,108230.13,110214.52,6592
2023-12-17 23:00:00,109922.24,109922.24,109010.96,109229.42,10279
2023-12-18 00:00:00,109316.26,110160.82,108527.9,109940.93,10127
2023-12-18 01:00:00,110126.5,110126.5,109104.48,109906.69,18239
2023-12-18 02:00:00,109883.0,111063.14,109288.94,110841.46,14673
2023-12-18 03:00:00,110041.6,110041.6,109564.6,109784.17,7129
2023-12-18 04:00:00,109352.99,109352.99,107789.85,107798.19,6411
2023-12-18 05:00:00,107077.2,110563.07,107077.2,107291.78,13580
2023-12-18 06:00:00,106764.2,106764.2,106280.2,106551.1,9807
2023-12-18 07:00:00,106834.23,106834.23,103600.47,106590.44,10462
2023-12-18 08:00:00,106654.85,107048.66,105808.97,106021.01,11372
2023-12-18 09:00:00,106066.08,107179.01,105311.87,106965.08,11020
2023-12-18 10:00:00,106914.69,107722.8,106547.3,106760.82,11230
2023-12-18 11:00:00,106648.28,107459.69,106321.74,107043.84,8050
2023-12-18 12:00:00,106962.65,107461.11,106653.15,107327.51,6031
2023-12-18 13:00:00,107294.31,107807.13,105904.88,107643.96,7317
2023-12-18 14:00:00,107306.88,108113.56,106906.85,107709.77,11111
2023-12-18 15:00:00,108016.09,109297.23,107956.6,108361.83,8975
2023-12-18 16:00:00,107820.39,108517.96,107159.32,107550.08,7961
2023-12-18 17:00:00,108963.98,111418.51,108963.98,109182.35,8479
2023-12-18 18:00:00,109365.58,111617.74,108739.54,108957.45,17703
2023-12-18 19:00:00,107759.82,107759.82,107329.64,107544.73,8419
2023-12-18 20:00:00,108539.08,112380.23,107631.61,107847.3,12146
2023-12-18 21:00:00,107965.02,107965.02,105672.28,106998.15,10527
2023-12-18 22:00:00,107097.45,108297.11,107097.45,107843.39,10425
2023-12-18 23:00:00,109949.06,110898.64,109949.06,110364.12,11987
2023-12-19 00:00:00,109487.89,109602.93,103700.56,109476.52,8680
2023-12-19 01:00:00,109658.48,112315.22,109658.48,109878.24,9538
2023-12-19 02:00:00,109281.62,110037.58,106604.12,107925.67,13831
2023-12-19 03:00:00,108188.8,110655.48,107203.18,108513.31,10027
2023-12-19 04:00:00,107815.62,107815.62,107385.22,107600.42,12671
2023-12-19 05:00:00,107301.7,107447.9,106419.61,107017.56,7536
2023-12-19 06:00:00,106151.86,106151.86,104807.87,105939.98,7051
2023-12-19 07:00:00,106680.56,106971.83,106680.56,106894.35,12614
2023-12-19 08:00:00,106489.0,109826.93,105842.46,108124.67,7202
2023-12-19 09:00:00,108122.15,109250.87,108122.15,108239.24,8267
2023-12-19 10:00:00,108186.92,108186.92,107228.07,107368.26,7345
2023-12-19 11:00:00,107427.39,109539.5,107257.44,109226.4,10264
2023-12-19 12:00:00,109209.45,109209.45,107451.21,108442.07,8353
2023-12-19 13:00:00,106341.82,106341.82,105917.3,106129.56,6398
2023-12-19 14:00:00,106727.72,107000.87,106573.72,106787.3,10993
2023-12-19 15:00:00,105935.23,105935.23,105512.33,105723.78,8235
2023-12-19 16:00:00,106592.23,108612.91,106592.23,106968.52,9773
2023-12-19 17:00:00,106473.62,106900.37,106473.62,106686.99,8737
2023-12-19 18:00:00,107729.82,108226.47,107274.32,107489.3,9975
2023-12-19 19:00:00,108926.09,110043.66,108926.09,109144.38,10130
2023-12-19 20:00:00,110208.43,110376.36,107764.13,107858.59,9681
2023-12-19 21:00:00,107156.79,107522.77,106891.51,107343.48,14056
2023-12-19 22:00:00,107173.47,107603.03,107173.47,107388.25,16947
2023-12-19 23:00:00,108966.8,111545.48,108966.8,109198.82,12633
2023-12-20 00:00:00,109120.52,110614.77,106691.08,108526.22,10511
2023-12-20 01:00:00,109048.26,110038.54,107385.58,107954.52,8328
2023-12-20 02:00:00,108370.88,108805.23,108370.88,108588.06,8062
2023-12-20 03:00:00,108285.47,109627.63,106847.54,108031.54,9535
2023-12-20 04:00:00,108126.55,108520.18,108086.96,108303.57,7903
2023-12-20 05:00:00,106896.07,106896.07,104177.76,106682.7,10812
2023-12-20 06:00:00,109027.97,109962.97,109027.97,109246.46,12194
2023-12-20 07:00:00,109769.97,110617.89,107591.99,107807.6,11695
2023-12-20 08:00:00,107688.47,109054.53,106583.66,107568.89,16853
2023-12-20 09:00:00,107374.15,107872.21,106315.41,107656.9,8592
2023-12-20 10:00:00,109661.51,110101.04,109661.51,109881.27,13275
2023-12-20 11:00:00,109845.25,112324.64,107515.72,108440.19,6130
2023-12-20 12:00:00,110156.83,110953.34,110156.83,110731.88,11890
2023-12-20 13:00:00,111676.25,112968.64,111377.63,111600.84,9327
2023-12-20 14:00:00,112121.91,112281.42,111833.19,112057.31,10445
2023-12-20 15:00:00,110929.78,110929.78,109723.51,110894.84,12319
2023-12-20 16:00:00,111227.3,111772.95,109875.01,111549.85,7866
2023-12-20 17:00:00,111292.05,111292.05,110539.86,110708.89,8462
2023-12-20 18:00:00,111930.01,115407.76,111930.01,112154.32,11154
2023-12-20 19:00:00,113014.18,114388.06,110820.3,111004.27,7717
2023-12-20 20:00:00,111103.13,111103.13,106988.76,110881.36,6061
2023-12-20 21:00:00,110881.38,110881.38,110041.94,110262.47,11507
2023-12-20 22:00:00,110547.88,111613.54,107762.31,109184.52,10263
2023-12-20 23:00:00,110066.85,110192.62,110066.85,110082.39,16010
2023-12-21 00:00:00,109631.28,110945.29,108583.5,110723.84,18831
2023-12-21 01:00:00,111643.41,114934.11,109936.26,112107.69,8245
2023-12-21 02:00:00,111465.35,111465.35,108532.25,110038.25,8967
2023-12-21 03:00:00,111483.54,111499.26,110180.86,111276.7,10913
2023-12-21 04:00:00,112429.89,114350.07,112429.89,114121.83,12643
2023-12-21 05:00:00,113714.75,113714.75,113260.8,113487.77,9801
2023-12-21 06:00:00,115369.58,118091.03,115369.58,115600.78,8021
2023-12-21 07:00:00,115884.84,116187.0,114897.23,115127.48,10574
2023-12-21 08:00:00,114269.14,114269.14,113145.92,113372.67,7091
2023-12-21 09:00:00,112941.86,113172.93,112735.48,112947.03,10655
2023-12-21 10:00:00,114110.67,114328.56,112122.92,114100.36,9339
2023-12-21 11:00:00,113252.28,113252.28,112492.48,113026.23,14500
2023-12-21 12:00:00,112502.31,112502.31,110649.09,112277.75,9997
2023-12-21 13:00:00,111678.41,113155.32,110154.8,112929.46,6207
2023-12-21 14:00:00,112654.89,113106.41,112654.89,112880.65,13974
2023-12-21 15:00:00,112851.73,113895.54,112851.73,113504.47,14614
2023-12-21 16:00:00,113721.18,114247.22,110637.6,113707.52,8388
2023-12-21 17:00:00,114398.71,114631.76,113955.81,114184.18,7197
2023-12-21 18:00:00,114896.63,114896.63,113354.39,113581.56,14484
2023-12-21 19:00:00,114463.01,114734.03,113548.36,113775.92,9451
2023-12-21 20:00:00,113713.69,114298.56,112391.01,112616.24,5728
2023-12-21 21:00:00,113832.72,114288.97,113832.72,114060.85,9101
2023-12-21 22:00:00,113457.45,113457.45,113004.53,113230.99,8477
2023-12-21 23:00:00,113641.9,117236.35,113305.78,114476.81,10410
2023-12-22 00:00:00,113869.86,114400.79,113869.86,114098.06,11536
2023-12-22 01:00:00,114014.89,115533.35,114014.89,114243.38,10101
2023-12-22 02:00:00,113796.71,113796.71,112087.76,113569.57,15700
2023-12-22 03:00:00,114065.88,115769.52,111408.77,112322.71,10299
2023-12-22 04:00:00,110522.19,110522.19,110080.98,110301.59,9007
2023-12-22 05:00:00,109385.38,109385.38,108949.86,109167.04,22098
2023-12-22 06:00:00,108784.68,110869.79,108784.68,108900.02,9629
2023-12-22 07:00:00,109347.51,112601.68,109042.38,109238.93,11303
2023-12-22 08:00:00,110234.95,110676.77,110234.95,110455.86,8170
2023-12-22 09:00:00,109782.34,110367.87,109782.34,110002.35,10953
2023-12-22 10:00:00,109527.41,109527.41,106232.53,109079.69,11020
2023-12-22 11:00:00,109049.38,109315.32,107359.83,107574.98,9036
2023-12-22 12:00:00,107580.87,108472.79,106885.2,108256.28,7724
2023-12-22 13:00:00,108096.14,111207.1,108096.14,109915.4,9115
2023-12-22 14:00:00,109427.23,112051.44,108970.41,111409.35,9027
2023-12-22 15:00:00,112013.41,112462.36,112013.41,112237.88,8760
2023-12-22 16:00:00,112852.44,113185.55,112852.44,112959.63,16304
2023-12-22 17:00:00,112880.0,117198.76,112365.19,114879.06,12481
2023-12-22 18:00:00,115266.18,115389.1,114207.51,115158.79,10828
2023-12-22 19:00:00,114326.42,116146.38,114313.43,115795.99,9690
2023-12-22 20:00:00,115456.78,115456.78,112383.94,115268.7,11339
2023-12-22 21:00:00,113766.36,113766.36,113312.2,113539.28,9217
2023-12-22 22:00:00,112911.22,112911.22,111786.29,112685.85,11199
2023-12-22 23:00:00,112873.87,112873.87,110990.81,112648.57,9392
2023-12-23 00:00:00,112353.83,113136.94,109463.13,112694.56,16808
2023-12-23 01:00:00,114654.56,115114.1,114654.56,114884.33,8607
2023-12-23 02:00:00,114641.66,115101.14,114641.66,114871.4,15443
2023-12-23 03:00:00,115915.61,116959.16,115915.61,116147.9,9433
2023-12-23 04:00:00,115577.21,115707.29,115245.38,115476.34,7446
2023-12-23 05:00:00,115209.86,115209.86,114749.94,114979.9,8070
2023-12-23 06:00:00,113968.48,114100.99,111648.25,113313.85,9223
2023-12-23 07:00:00,113571.85,115525.26,112189.83,112414.66,11307
2023-12-23 08:00:00,112787.34,113239.39,112787.34,113013.37,9851
2023-12-23 09:00:00,112741.97,113672.02,109934.79,112995.6,7069
2023-12-23 10:00:00,113829.94,114286.17,113829.94,114058.05,12717
2023-12-23 11:00:00,113755.01,116313.8,113755.01,114203.32,13893
2023-12-23 12:00:00,113585.76,115005.14,113494.29,113721.73,9304
2023-12-23 13:00:00,115932.29,116396.95,115932.29,116164.62,10526
2023-12-23 14:00:00,115555.33,118574.63,114905.97,115905.21,8313
2023-12-23 15:00:00,115990.85,117377.7,115990.85,117143.41,9806
2023-12-23 16:00:00,117233.1,117233.1,115323.4,116478.45,5770
2023-12-23 17:00:00,117015.84,117397.82,116929.17,117163.5,14593
2023-12-23 18:00:00,117739.51,119571.43,117739.51,118089.3,6275
2023-12-23 19:00:00,118736.95,118736.95,115220.83,118120.94,7527
2023-12-23 20:00:00,115276.91,115276.91,114831.79,115061.92,9061
2023-12-23 21:00:00,115215.65,115215.65,112381.63,114985.68,16682
2023-12-23 22:00:00,116542.84,116567.84,116329.48,116335.17,11959
2023-12-23 23:00:00,117238.15,118877.86,115124.26,116817.07,8270
2023-12-24 00:00:00,116953.17,117421.92,116953.17,117187.55,10089
2023-12-24 01:00:00,117048.79,118101.09,113031.17,114952.23,9072
2023-12-24 02:00:00,114248.37,114248.37,113745.38,114020.33,16530
2023-12-24 03:00:00,114406.88,115059.99,112858.41,114449.11,10034
2023-12-24 04:00:00,113523.74,115272.65,112740.4,114862.76,10529
2023-12-24 05:00:00,115714.28,116436.41,114931.1,116204.0,9998
2023-12-24 06:00:00,116543.22,118169.43,115665.32,115897.11,8713
2023-12-24 07:00:00,116023.79,118615.57,116023.79,116256.3,11085
2023-12-24 08:00:00,116224.17,116371.26,115278.94,116138.98,8572
2023-12-24 09:00:00,117348.29,117868.02,113778.79,114838.49,11295
2023-12-24 10:00:00,112341.47,112341.47,110932.55,112117.23,13207
2023-12-24 11:00:00,112306.82,112861.75,112306.82,112636.48,13622
2023-12-24 12:00:00,112753.84,114876.19,112576.32,112845.5,6538
2023-12-24 13:00:00,112358.7,112358.7,110768.33,112134.43,13120
2023-12-24 14:00:00,111953.1,112761.47,110089.15,110309.77,8581
2023-12-24 15:00:00,110891.71,111598.16,110891.71,111113.94,8288
2023-12-24 16:00:00,110656.83,112234.5,110656.83,110878.58,9001
2023-12-24 17:00:00,111360.15,113220.08,111360.15,111583.32,11270
2023-12-24 18:00:00,113528.72,114528.42,113528.72,113756.23,10944
2023-12-24 19:00:00,111462.54,111462.54,111017.58,111240.06,11416
2023-12-24 20:00:00,110731.23,110731.23,110289.19,110510.21,10852
2023-12-24 21:00:00,111021.91,113941.24,108869.8,110363.9,14634
2023-12-24 22:00:00,110623.39,113992.58,110623.39,112098.63,8893
2023-12-24 23:00:00,110480.58,110480.58,108538.07,110260.06,15686
2023-12-25 00:00:00,112380.49,112764.53,112380.49,112539.45,10025
2023-12-25 01:00:00,113337.52,114451.36,112490.1,112715.53,7147
2023-12-25 02:00:00,112842.48,112842.48,111581.9,112617.25,11046
2023-12-25 03:00:00,112628.22,112628.22,112178.6,112403.41,13192
2023-12-25 04:00:00,113293.22,114918.71,109947.34,111924.37,10370
2023-12-25 05:00:00,113085.19,113388.47,113085.19,113162.14,9974
2023-12-25 06:00:00,112145.41,112145.41,110010.81,111921.57,14210
2023-12-25 07:00:00,112172.36,112392.99,110365.45,112355.37,12688
2023-12-25 08:00:00,110924.8,112271.96,109531.48,111939.51,7980
2023-12-25 09:00:00,111493.96,113200.29,110887.66,111109.88,9477
2023-12-25 10:00:00,113535.46,115651.59,113535.46,114114.8,9960
2023-12-25 11:00:00,113667.51,115735.58,113665.91,114564.28,14746
2023-12-25 12:00:00,114510.24,115455.9,113843.27,115225.45,13342
2023-12-25 13:00:00,116354.09,116714.87,116354.09,116481.91,11475
2023-12-25 14:00:00,116058.27,118142.99,110948.01,114662.33,13627
2023-12-25 15:00:00,116420.36,122154.43,116420.36,116653.66,9659
2023-12-25 16:00:00,113753.78,113753.78,113299.68,113526.73,15400
2023-12-25 17:00:00,112843.48,112843.48,110916.26,112618.24,15283
2023-12-25 18:00:00,112332.88,112332.88,111140.77,112108.66,9363
2023-12-25 19:00:00,111479.55,113204.0,109987.59,112812.02,10310
2023-12-25 20:00:00,112634.82,113302.97,110790.38,113076.82,7836
2023-12-25 21:00:00,112906.49,113271.69,112659.74,112885.51,8808
2023-12-25 22:00:00,113335.93,115037.56,112655.16,112880.92,4788
2023-12-25 23:00:00,111988.3,111988.3,110470.97,111764.77,13854
2023-12-26 00:00:00,110328.15,110328.15,107481.21,110107.93,10076
2023-12-26 01:00:00,110814.81,111258.96,110814.81,111036.88,11832
2023-12-26 02:00:00,111678.65,113050.52,111678.65,111902.45,6959
2023-12-26 03:00:00,111308.22,113991.28,110597.21,113763.75,18046
2023-12-26 04:00:00,113052.04,113052.04,110501.13,112826.39,13085
2023-12-26 05:00:00,113414.26,113868.83,113414.26,113641.55,11153
2023-12-26 06:00:00,113368.04,113525.72,110638.4,113299.12,12101
2023-12-26 07:00:00,114444.62,118361.38,114444.62,114673.97,7089
2023-12-26 08:00:00,114849.3,115887.78,114810.71,115815.61,10235
2023-12-26 09:00:00,116805.32,117149.12,114993.38,115966.99,12341
2023-12-26 10:00:00,115296.7,115693.49,115231.64,115462.57,7793
2023-12-26 11:00:00,116281.7,116747.76,116281.7,116514.73,8364
2023-12-26 12:00:00,117440.54,117804.22,116929.99,117164.32,6457
2023-12-26 13:00:00,117695.24,118750.04,112247.53,116199.5,15077
2023-12-26 14:00:00,115580.68,116949.57,114289.76,114518.79,13087
2023-12-26 15:00:00,114257.54,114370.46,112192.58,114142.18,9004
2023-12-26 16:00:00,114330.34,116648.43,114325.96,115882.38,7074
2023-12-26 17:00:00,116469.81,117565.44,116315.6,117145.8,14375
2023-12-26 18:00:00,115724.76,115724.76,111925.73,115672.64,14040
2023-12-26 19:00:00,114306.93,114306.93,113981.47,114209.89,10841
2023-12-26 20:00:00,113849.38,116238.04,113327.65,115668.0,12235
2023-12-26 21:00:00,114470.83,114470.83,114013.86,114242.34,9569
2023-12-26 22:00:00,114719.24,115037.14,112919.56,114807.53,12584
2023-12-26 23:00:00,114752.05,118119.64,113996.85,114036.43,11863
2023-12-27 00:00:00,114087.05,116130.97,114012.36,115899.17,12383
2023-12-27 01:00:00,116146.27,116146.27,114668.52,114898.32,12318
2023-12-27 02:00:00,115039.57,117009.05,113634.6,116188.87,9974
2023-12-27 03:00:00,116489.92,116540.05,116074.82,116307.44,11450
2023-12-27 04:00:00,116369.74,117823.14,116369.74,116502.71,17103
2023-12-27 05:00:00,114644.12,114644.12,109356.58,114048.39,14727
2023-12-27 06:00:00,111691.83,111691.83,110224.34,111468.89,9223
2023-12-27 07:00:00,111014.32,112274.99,109853.01,111296.51,12603
2023-12-27 08:00:00,111438.95,116405.49,111438.95,111662.27,13116
2023-12-27 09:00:00,110800.4,113671.3,110229.44,110450.34,11903
2023-12-27 10:00:00,109555.11,109555.11,109094.55,109336.44,12620
2023-12-27 11:00:00,109894.57,110335.03,109894.57,110114.8,9445
2023-12-27 12:00:00,110649.25,112154.51,110649.25,110871.0,9704
2023-12-27 13:00:00,110864.19,113362.12,110589.9,110811.52,12829
2023-12-27 14:00:00,111568.77,112015.94,111568.77,111792.35,10885
2023-12-27 15:00:00,110737.64,110737.64,108206.63,110516.6,8128
2023-12-27 16:00:00,111244.49,112299.97,107400.83,110226.08,10618
2023-12-27 17:00:00,111103.42,112424.03,111103.42,112199.63,12129
2023-12-27 18:00:00,112017.72,112551.12,110373.52,112326.47,10044
2023-12-27 19:00:00,112290.97,114062.81,112290.97,112516.01,10842
2023-12-27 20:00:00,114421.26,115833.43,114421.26,115201.86,5423
2023-12-27 21:00:00,115422.15,115422.15,113265.54,113492.52,8495
2023-12-27 22:00:00,112490.59,115741.42,110804.62,114417.32,10111
2023-12-27 23:00:00,116096.18,116561.5,116096.18,116328.84,14844
2023-12-28 00:00:00,115603.85,117221.88,115603.85,115835.52,15370
2023-12-28 01:00:00,116106.6,119306.82,113996.69,116763.89,8727
2023-12-28 02:00:00,116817.95,119021.16,113435.89,115471.09,11183
2023-12-28 03:00:00,114844.55,114844.55,114363.3,114592.49,6185
2023-12-28 04:00:00,115070.5,116194.37,114644.38,115008.99,10688
2023-12-28 05:00:00,114777.87,116129.42,113746.28,115897.62,10115
2023-12-28 06:00:00,116886.21,117834.66,115788.54,117142.51,11870
2023-12-28 07:00:00,118287.27,120806.61,118287.27,118891.35,13367
2023-12-28 08:00:00,118848.07,118848.07,114656.1,118610.85,8051
2023-12-28 09:00:00,119628.31,120107.78,119628.31,119868.05,6245
2023-12-28 10:00:00,120621.62,121747.6,118747.58,119209.47,12772
2023-12-28 11:00:00,120033.03,121640.34,120033.03,120098.9,14093
2023-12-28 12:00:00,120394.95,121934.24,118685.06,120106.57,8403
2023-12-28 13:00:00,120165.03,120646.65,120165.03,120405.84,10557
2023-12-28 14:00:00,120839.11,121715.37,119689.22,120665.4,8827
2023-12-28 15:00:00,120447.54,120447.54,118294.82,118417.92,8280
2023-12-28 16:00:00,117114.67,117114.67,116871.89,116880.91,9170
2023-12-28 17:00:00,117076.2,119027.68,115211.9,116887.4,8658
2023-12-28 18:00:00,117054.37,117758.95,114527.11,114756.62,9352
2023-12-28 19:00:00,115465.72,115928.51,115465.72,115697.12,13065
2023-12-28 20:00:00,116556.25,116891.9,116556.25,116658.58,7662
2023-12-28 21:00:00,116177.16,117497.75,115316.53,116942.52,8809
2023-12-28 22:00:00,115718.78,115718.78,115256.83,115487.81,7836
2023-12-28 23:00:00,116821.6,118834.18,116821.6,117055.71,15231
2023-12-29 00:00:00,119289.93,120071.78,119289.93,119369.42,15265
2023-12-29 01:00:00,119134.86,119527.52,118433.08,119334.49,12205
2023-12-29 02:00:00,119726.19,120254.34,119726.19,119745.05,9429
2023-12-29 03:00:00,119525.68,119858.51,119525.68,119765.21,11553
2023-12-29 04:00:00,119722.41,122508.08,116510.76,120185.8,13686
2023-12-29 05:00:00,119625.74,120033.5,119554.32,119793.91,10170
2023-12-29 06:00:00,119946.79,122173.57,119285.4,119524.45,6933
2023-12-29 07:00:00,119348.76,120652.99,116776.02,120412.17,13951
2023-12-29 08:00:00,122287.27,123284.63,122287.27,123038.56,17653
2023-12-29 09:00:00,121997.44,121997.44,120669.8,120911.62,13123
2023-12-29 10:00:00,120590.49,122822.84,120215.64,120507.93,7579
2023-12-29 11:00:00,119168.36,122287.61,118559.64,118797.23,9437
2023-12-29 12:00:00,120298.84,121653.86,120298.84,120539.92,11478
2023-12-29 13:00:00,119795.19,119795.19,117050.9,119556.07,7562
2023-12-29 14:00:00,119263.15,119639.91,114410.1,117575.08,12712
2023-12-29 15:00:00,118154.38,119829.01,117967.1,118203.51,9189
2023-12-29 16:00:00,119903.79,123013.81,119903.79,120144.07,11264
2023-12-29 17:00:00,119578.4,121965.76,118538.85,120713.78,8904
2023-12-29 18:00:00,120535.07,121990.65,119269.66,120697.41,9850
2023-12-29 19:00:00,120690.31,123866.96,120690.31,120932.17,10595
2023-12-29 20:00:00,121614.37,122645.58,121614.37,122400.78,14471
2023-12-29 21:00:00,121209.53,121209.53,120725.66,120967.6,9450
2023-12-29 22:00:00,120713.18,120792.04,118823.43,120550.93,12560
2023-12-29 23:00:00,119853.56,119971.23,119194.52,119731.77,8717
2023-12-30 00:00:00,118836.98,118836.98,114769.4,118076.53,8638
2023-12-30 01:00:00,117287.34,120982.81,117287.34,117522.38,10977
2023-12-30 02:00:00,118481.17,118956.05,118481.17,118718.61,12478
2023-12-30 03:00:00,119236.69,119460.62,116366.43,119222.17,11659
2023-12-30 04:00:00,119398.09,122242.87,119186.53,119802.67,9445
2023-12-30 05:00:00,119993.32,120270.36,116675.25,119755.09,11326
2023-12-30 06:00:00,120277.56,120410.13,119929.45,120169.79,15288
2023-12-30 07:00:00,119184.97,119184.97,118709.18,118947.08,9090
2023-12-30 08:00:00,118988.54,121213.05,116736.78,118380.93,6108
2023-12-30 09:00:00,118683.32,118683.32,115331.21,118446.43,8003
2023-12-30 10:00:00,118375.4,118849.85,118375.4,118612.62,14498
2023-12-30 11:00:00,118921.17,122504.31,114509.73,118826.08,5410
2023-12-30 12:00:00,118265.4,118712.03,118238.13,118475.08,10910
2023-12-30 13:00:00,118258.41,118258.41,114583.04,117849.96,11127
2023-12-30 14:00:00,119960.78,121941.71,119960.78,121506.43,7219
2023-12-30 15:00:00,122132.28,122580.69,122091.35,122336.02,8738
2023-12-30 16:00:00,122589.44,123729.16,122276.64,122521.69,8148
2023-12-30 17:00:00,121982.87,121982.87,121454.5,121890.07,7206
2023-12-30 18:00:00,121257.38,121257.38,120773.32,121015.35,11906
2023-12-30 19:00:00,121559.31,122102.12,120337.74,120578.9,13132
2023-12-30 20:00:00,121225.34,123084.44,120623.19,120682.22,18035
2023-12-30 21:00:00,118805.88,118805.88,117868.28,118104.49,9798
2023-12-30 22:00:00,117021.77,117021.77,115033.52,116059.31,11533
2023-12-30 23:00:00,116303.13,118207.15,113394.3,115233.06,8726
2023-12-31 00:00:00,116199.55,117111.27,115207.62,115438.5,9089
2023-12-31 01:00:00,115707.84,115707.84,114880.95,115111.17,4863
2023-12-31 02:00:00,116582.36,117049.63,116582.36,116816.0,12884
2023-12-31 03:00:00,117093.63,117093.63,114238.97,114951.95,16893
2023-12-31 04:00:00,114845.54,116132.11,112387.1,114047.6,10433
2023-12-31 05:00:00,115599.25,116062.58,115599.25,115830.92,9797
2023-12-31 06:00:00,115635.97,118144.49,114800.69,115932.77,11209
2023-12-31 07:00:00,116688.63,117156.32,116688.63,116922.48,5073
2023-12-31 08:00:00,118278.41,121142.04,118278.41,119275.97,11693
2023-12-31 09:00:00,119340.95,119340.95,116536.35,118242.38,13546
2023-12-31 10:00:00,118334.77,121824.15,116810.4,117975.94,10887
2023-12-31 11:00:00,117747.98,117747.98,117277.93,117512.96,11660
2023-12-31 12:00:00,115284.31,115284.31,114347.79,115054.2,8062
2023-12-31 13:00:00,114906.93,114906.93,114443.57,114672.91,14982
2023-12-31 14:00:00,115473.07,115935.89,115473.07,115704.48,9641
2023-12-31 15:00:00,116072.61,116537.83,116072.61,116305.22,10255
2023-12-31 16:00:00,116614.34,117210.92,116118.74,116980.06,8326
2023-12-31 17:00:00,117045.94,117754.09,116211.43,116444.32,9333
2023-12-31 18:00:00,115814.83,115814.83,115367.44,115598.63,8407
2023-12-31 19:00:00,115464.69,118834.97,115464.69,117063.82,11453
2023-12-31 20:00:00,116613.81,116613.81,112913.34,116381.05,5232
2023-12-31 21:00:00,116624.98,116903.34,116436.66,116670.0,9555
2023-12-31 22:00:00,117006.29,117027.01,115687.95,116793.43,9698
2023-12-31 23:00:00,116541.57,118697.42,116541.57,118460.5,12082
2024-01-01 00:00:00,119258.37,120040.0,116901.46,119494.1,8081
