time,open,high,low,close,volume
2023-01-01 00:00:00,1900.0,1903.8,1896.2,1900.0,5411
2023-01-01 01:00:00,1902.29,1914.97,1893.31,1899.32,11240
2023-01-01 02:00:00,1901.16,1910.38,1900.4,1902.31,9087
2023-01-01 03:00:00,1902.29,1922.22,1896.2,1909.38,13089
2023-01-01 04:00:00,1908.48,1920.81,1905.69,1908.25,13094
2023-01-01 05:00:00,1908.06,1908.27,1903.33,1907.14,6315
2023-01-01 06:00:00,1909.08,1918.35,1909.08,1914.52,18313
2023-01-01 07:00:00,1912.63,1921.95,1912.63,1918.11,8749
2023-01-01 08:00:00,1919.46,1933.28,1902.33,1915.92,11354
2023-01-01 09:00:00,1916.3,1924.06,1916.3,1918.47,16529
2023-01-01 10:00:00,1924.05,1935.36,1910.91,1916.33,9049
2023-01-01 11:00:00,1915.28,1922.68,1910.35,1914.18,6625
2023-01-01 12:00:00,1912.97,1919.2,1911.53,1915.37,9517
2023-01-01 13:00:00,1910.28,1910.28,1902.66,1906.47,8715
2023-01-01 14:00:00,1906.06,1906.22,1885.51,1898.48,15532
2023-01-01 15:00:00,1898.97,1904.55,1891.14,1895.94,8969
2023-01-01 16:00:00,1896.42,1910.6,1880.13,1891.34,10489
2023-01-01 17:00:00,1891.26,1905.47,1889.14,1892.92,10959
2023-01-01 18:00:00,1889.31,1896.74,1867.72,1888.84,8350
2023-01-01 19:00:00,1884.27,1884.27,1868.66,1882.43,10055
2023-01-01 20:00:00,1882.33,1893.55,1875.13,1889.34,4632
2023-01-01 21:00:00,1889.89,1893.02,1883.23,1888.47,6278
2023-01-01 22:00:00,1886.62,1896.13,1876.18,1888.93,12479
2023-01-01 23:00:00,1887.08,1901.77,1877.18,1882.47,10711
2023-01-02 00:00:00,1888.67,1892.11,1878.68,1880.11,8251
2023-01-02 01:00:00,1883.47,1888.14,1877.03,1880.79,5610
2023-01-02 02:00:00,1881.26,1881.26,1871.9,1875.65,12534
2023-01-02 03:00:00,1880.65,1880.71,1865.11,1877.56,12545
2023-01-02 04:00:00,1878.26,1878.73,1867.98,1874.98,11875
2023-01-02 05:00:00,1871.26,1877.53,1864.01,1873.78,13752
2023-01-02 06:00:00,1874.47,1874.47,1868.68,1871.15,10776
2023-01-02 07:00:00,1875.46,1884.67,1875.46,1879.79,14700
2023-01-02 08:00:00,1882.15,1887.61,1870.54,1879.86,14552
2023-01-02 09:00:00,1878.86,1878.86,1871.36,1875.11,10995
2023-01-02 10:00:00,1877.26,1891.43,1869.51,1878.98,8972
2023-01-02 11:00:00,1877.2,1877.2,1861.1,1873.45,7605
2023-01-02 12:00:00,1876.45,1891.0,1870.77,1874.52,10434
2023-01-02 13:00:00,1872.98,1872.98,1852.04,1865.65,11426
2023-01-02 14:00:00,1864.3,1869.13,1856.03,1859.75,9745
2023-01-02 15:00:00,1859.34,1868.59,1848.97,1860.81,11639
2023-01-02 16:00:00,1860.6,1867.74,1860.6,1864.33,14145
2023-01-02 17:00:00,1862.26,1875.3,1855.85,1865.26,5400
2023-01-02 18:00:00,1865.14,1865.16,1861.18,1864.91,14183
2023-01-02 19:00:00,1863.3,1865.14,1862.87,1863.71,7493
2023-01-02 20:00:00,1860.26,1861.97,1847.1,1857.11,9547
2023-01-02 21:00:00,1859.2,1860.25,1850.27,1853.98,14621
2023-01-02 22:00:00,1851.25,1862.4,1848.7,1852.04,10482
2023-01-02 23:00:00,1853.56,1866.56,1853.28,1857.0,14642
2023-01-03 00:00:00,1857.95,1862.46,1850.98,1858.74,14196
2023-01-03 01:00:00,1855.48,1855.48,1844.79,1850.89,7221
2023-01-03 02:00:00,1846.63,1868.84,1841.14,1852.56,10191
2023-01-03 03:00:00,1854.23,1867.89,1849.37,1851.02,10212
2023-01-03 04:00:00,1846.0,1852.7,1832.35,1848.17,10668
2023-01-03 05:00:00,1849.55,1865.47,1847.91,1851.17,16152
2023-01-03 06:00:00,1849.69,1863.85,1849.69,1856.08,18659
2023-01-03 07:00:00,1853.47,1869.66,1848.65,1860.55,14841
2023-01-03 08:00:00,1854.39,1860.67,1853.24,1856.95,15428
2023-01-03 09:00:00,1856.56,1864.62,1851.02,1855.8,17670
2023-01-03 10:00:00,1851.97,1867.86,1845.95,1857.56,10705
2023-01-03 11:00:00,1857.44,1867.85,1846.49,1862.27,8527
2023-01-03 12:00:00,1865.6,1866.02,1859.65,1860.37,13318
2023-01-03 13:00:00,1860.51,1860.58,1856.72,1859.83,6717
2023-01-03 14:00:00,1859.9,1863.31,1851.37,1855.08,6278
2023-01-03 15:00:00,1855.72,1855.72,1836.33,1849.97,11886
2023-01-03 16:00:00,1849.5,1858.37,1846.18,1853.95,10145
2023-01-03 17:00:00,1856.48,1860.8,1845.52,1860.39,9001
2023-01-03 18:00:00,1861.11,1867.05,1856.68,1860.35,7046
2023-01-03 19:00:00,1861.23,1868.95,1855.68,1865.22,8124
2023-01-03 20:00:00,1863.42,1870.37,1863.42,1867.15,8053
2023-01-03 21:00:00,1865.57,1882.8,1858.58,1864.48,14241
2023-01-03 22:00:00,1864.91,1872.36,1858.45,1866.39,8241
2023-01-03 23:00:00,1867.3,1877.43,1867.3,1873.69,10203
2023-01-04 00:00:00,1876.22,1881.81,1870.05,1873.8,8911
2023-01-04 01:00:00,1878.96,1890.3,1878.96,1881.27,8713
2023-01-04 02:00:00,1873.23,1873.23,1867.26,1869.49,9320
2023-01-04 03:00:00,1867.52,1877.29,1858.91,1873.55,14120
2023-01-04 04:00:00,1875.19,1884.48,1864.85,1874.21,13084
2023-01-04 05:00:00,1873.75,1877.68,1858.19,1873.14,9726
2023-01-04 06:00:00,1873.77,1877.62,1870.73,1873.88,11431
2023-01-04 07:00:00,1872.53,1872.53,1864.36,1865.06,10835
2023-01-04 08:00:00,1867.31,1867.31,1854.87,1864.38,5458
2023-01-04 09:00:00,1862.71,1877.84,1856.58,1866.35,10922
2023-01-04 10:00:00,1864.45,1877.18,1862.31,1873.43,9582
2023-01-04 11:00:00,1871.59,1871.59,1867.65,1871.39,5454
2023-01-04 12:00:00,1872.61,1877.28,1864.28,1868.01,8309
2023-01-04 13:00:00,1867.07,1870.0,1855.42,1866.04,6975
2023-01-04 14:00:00,1865.59,1875.4,1854.83,1870.56,6967
2023-01-04 15:00:00,1871.21,1879.41,1862.2,1872.39,13876
2023-01-04 16:00:00,1870.52,1886.62,1847.67,1870.31,9136
2023-01-04 17:00:00,1868.1,1881.76,1856.29,1873.04,10536
2023-01-04 18:00:00,1874.04,1880.05,1870.78,1873.85,11074
2023-01-04 19:00:00,1875.35,1885.59,1873.38,1878.64,5152
2023-01-04 20:00:00,1876.21,1891.77,1855.2,1875.71,9354
2023-01-04 21:00:00,1875.65,1884.68,1848.68,1874.52,12721
2023-01-04 22:00:00,1873.84,1885.34,1862.69,1873.02,8330
2023-01-04 23:00:00,1869.57,1869.57,1854.08,1866.61,11482
2023-01-05 00:00:00,1867.09,1874.77,1865.99,1868.28,12392
2023-01-05 01:00:00,1866.37,1881.29,1852.44,1869.77,9414
2023-01-05 02:00:00,1871.82,1875.51,1859.94,1870.06,18197
2023-01-05 03:00:00,1871.96,1876.11,1864.21,1869.25,5754
2023-01-05 04:00:00,1867.81,1868.83,1859.33,1863.05,7009
2023-01-05 05:00:00,1861.02,1865.75,1855.42,1861.41,18774
2023-01-05 06:00:00,1861.2,1862.48,1846.8,1860.1,13169
2023-01-05 07:00:00,1858.16,1862.4,1854.39,1856.71,15685
2023-01-05 08:00:00,1857.53,1865.6,1852.57,1856.28,12850
2023-01-05 09:00:00,1859.28,1862.14,1849.56,1858.42,16003
2023-01-05 10:00:00,1863.38,1871.04,1863.38,1867.3,8198
2023-01-05 11:00:00,1868.31,1875.91,1864.65,1868.39,9087
2023-01-05 12:00:00,1869.31,1878.91,1861.8,1869.84,15224
2023-01-05 13:00:00,1869.54,1873.53,1869.54,1869.79,14465
2023-01-05 14:00:00,1862.61,1862.61,1847.55,1861.3,11193
2023-01-05 15:00:00,1860.88,1865.17,1847.47,1861.45,6978
2023-01-05 16:00:00,1859.29,1865.72,1857.18,1862.0,11447
2023-01-05 17:00:00,1866.89,1889.19,1866.89,1873.51,18645
2023-01-05 18:00:00,1875.92,1876.65,1869.16,1872.9,13025
2023-01-05 19:00:00,1871.59,1888.9,1870.83,1874.56,13997
2023-01-05 20:00:00,1874.66,1887.92,1870.9,1874.65,8066
2023-01-05 21:00:00,1876.45,1876.45,1865.81,1869.55,8952
2023-01-05 22:00:00,1871.76,1882.8,1860.59,1875.04,7975
2023-01-05 23:00:00,1877.37,1889.67,1865.31,1878.72,11053
2023-01-06 00:00:00,1881.61,1882.93,1881.61,1882.57,12553
2023-01-06 01:00:00,1880.35,1882.4,1861.34,1878.61,8829
2023-01-06 02:00:00,1882.27,1900.24,1881.53,1885.3,16554
2023-01-06 03:00:00,1881.11,1881.11,1872.18,1879.09,8219
2023-01-06 04:00:00,1876.33,1885.84,1876.33,1882.07,10049
2023-01-06 05:00:00,1883.31,1912.55,1883.31,1892.46,13444
2023-01-06 06:00:00,1891.64,1895.72,1884.48,1888.15,9413
2023-01-06 07:00:00,1884.21,1889.59,1882.05,1885.82,13439
2023-01-06 08:00:00,1885.02,1890.34,1882.8,1886.57,6938
2023-01-06 09:00:00,1885.58,1894.11,1880.76,1884.53,12447
2023-01-06 10:00:00,1881.43,1881.43,1863.12,1877.68,9444
2023-01-06 11:00:00,1875.59,1882.04,1867.92,1878.29,9582
2023-01-06 12:00:00,1876.8,1876.8,1869.26,1873.68,15161
2023-01-06 13:00:00,1876.3,1884.61,1873.58,1876.11,8903
2023-01-06 14:00:00,1875.94,1875.94,1868.45,1872.19,10530
2023-01-06 15:00:00,1874.09,1880.98,1869.81,1879.62,13634
2023-01-06 16:00:00,1880.91,1887.26,1876.07,1876.34,10528
2023-01-06 17:00:00,1875.5,1879.61,1871.42,1875.17,11183
2023-01-06 18:00:00,1874.64,1879.44,1869.14,1879.24,7953
2023-01-06 19:00:00,1879.46,1884.9,1859.18,1873.9,10559
2023-01-06 20:00:00,1874.47,1879.03,1866.68,1875.28,11397
2023-01-06 21:00:00,1880.55,1885.87,1880.55,1881.61,10069
2023-01-06 22:00:00,1880.08,1881.85,1870.78,1874.53,8768
2023-01-06 23:00:00,1876.81,1876.81,1867.83,1875.7,11909
2023-01-07 00:00:00,1876.54,1880.97,1867.52,1877.21,7632
2023-01-07 01:00:00,1877.38,1881.87,1877.38,1881.14,13449
2023-01-07 02:00:00,1879.13,1889.85,1865.16,1875.74,9287
2023-01-07 03:00:00,1873.74,1873.74,1865.2,1870.0,11253
2023-01-07 04:00:00,1872.63,1887.77,1872.63,1872.73,5545
2023-01-07 05:00:00,1870.68,1883.04,1870.68,1874.43,12420
2023-01-07 06:00:00,1876.23,1880.44,1864.53,1875.89,16716
2023-01-07 07:00:00,1873.77,1888.67,1869.66,1877.8,10555
2023-01-07 08:00:00,1877.15,1886.51,1866.76,1874.99,23450
2023-01-07 09:00:00,1872.64,1889.3,1872.64,1876.39,8169
2023-01-07 10:00:00,1879.99,1884.21,1865.67,1878.07,15344
2023-01-07 11:00:00,1877.18,1877.18,1871.41,1875.16,21862
2023-01-07 12:00:00,1882.35,1890.73,1882.35,1884.1,14739
2023-01-07 13:00:00,1885.26,1895.75,1880.0,1886.62,7856
2023-01-07 14:00:00,1882.59,1888.14,1868.31,1881.46,10182
2023-01-07 15:00:00,1881.28,1899.1,1881.11,1884.88,17051
2023-01-07 16:00:00,1879.95,1882.57,1862.15,1880.78,7031
2023-01-07 17:00:00,1881.82,1895.99,1874.83,1884.79,16516
2023-01-07 18:00:00,1888.11,1894.31,1888.11,1890.53,7773
2023-01-07 19:00:00,1889.66,1901.95,1879.47,1887.09,18969
2023-01-07 20:00:00,1890.16,1901.16,1888.14,1891.93,8265
2023-01-07 21:00:00,1890.69,1908.4,1885.09,1894.19,9301
2023-01-07 22:00:00,1898.29,1899.81,1898.29,1898.36,8631
2023-01-07 23:00:00,1899.9,1917.87,1899.9,1907.52,10350
2023-01-08 00:00:00,1906.68,1915.6,1903.66,1906.7,12894
2023-01-08 01:00:00,1903.34,1907.7,1893.31,1903.51,13436
2023-01-08 02:00:00,1905.49,1905.49,1895.45,1899.71,8797
2023-01-08 03:00:00,1900.05,1900.05,1891.05,1896.26,9333
2023-01-08 04:00:00,1898.81,1911.99,1873.58,1896.24,12764
2023-01-08 05:00:00,1899.16,1906.99,1869.68,1898.17,7368
2023-01-08 06:00:00,1899.1,1902.04,1892.95,1899.81,12137
2023-01-08 07:00:00,1903.88,1915.83,1903.88,1904.0,11332
2023-01-08 08:00:00,1906.05,1908.25,1893.58,1904.44,12909
2023-01-08 09:00:00,1906.52,1922.33,1902.34,1911.62,7152
2023-01-08 10:00:00,1915.48,1923.91,1903.24,1910.77,6413
2023-01-08 11:00:00,1915.64,1941.9,1915.64,1923.92,10830
2023-01-08 12:00:00,1922.22,1928.26,1921.03,1927.32,8210
2023-01-08 13:00:00,1925.54,1932.86,1911.7,1923.72,6655
2023-01-08 14:00:00,1921.41,1921.41,1915.3,1919.13,8076
2023-01-08 15:00:00,1924.26,1928.96,1913.52,1921.85,9583
2023-01-08 16:00:00,1923.98,1929.33,1917.41,1921.25,10801
2023-01-08 17:00:00,1921.21,1929.72,1921.21,1925.06,8846
2023-01-08 18:00:00,1926.96,1929.05,1909.98,1927.74,4954
2023-01-08 19:00:00,1932.93,1933.61,1920.66,1927.86,5848
2023-01-08 20:00:00,1927.41,1928.19,1917.63,1924.34,8547
2023-01-08 21:00:00,1922.88,1922.88,1903.24,1917.69,5050
2023-01-08 22:00:00,1920.03,1921.64,1906.18,1916.07,17106
2023-01-08 23:00:00,1916.71,1924.02,1916.71,1920.55,7558
2023-01-09 00:00:00,1920.56,1939.85,1919.85,1922.01,12335
2023-01-09 01:00:00,1918.95,1924.23,1910.36,1916.59,9277
2023-01-09 02:00:00,1918.67,1927.94,1911.28,1917.88,11242
2023-01-09 03:00:00,1917.52,1923.99,1905.27,1920.15,8603
2023-01-09 04:00:00,1918.73,1924.52,1905.74,1916.45,13796
2023-01-09 05:00:00,1916.49,1924.42,1907.04,1917.65,15169
2023-01-09 06:00:00,1916.74,1926.18,1916.74,1918.4,13664
2023-01-09 07:00:00,1915.68,1935.22,1902.32,1913.52,10600
2023-01-09 08:00:00,1911.1,1927.47,1909.31,1915.69,9795
2023-01-09 09:00:00,1917.08,1928.71,1910.25,1918.82,14246
2023-01-09 10:00:00,1920.73,1931.84,1918.44,1924.41,7809
2023-01-09 11:00:00,1923.27,1933.74,1922.24,1929.88,7993
2023-01-09 12:00:00,1929.07,1942.3,1920.01,1923.85,10417
2023-01-09 13:00:00,1924.38,1924.38,1916.08,1919.92,5935
2023-01-09 14:00:00,1923.97,1931.9,1908.02,1922.83,11445
2023-01-09 15:00:00,1922.17,1925.83,1918.31,1925.76,11815
2023-01-09 16:00:00,1930.01,1941.75,1914.97,1928.73,16242
2023-01-09 17:00:00,1942.13,1951.36,1942.13,1947.46,14674
2023-01-09 18:00:00,1954.22,1954.22,1950.6,1950.73,10412
2023-01-09 19:00:00,1952.05,1958.11,1952.05,1956.7,8645
2023-01-09 20:00:00,1955.14,1970.84,1947.09,1961.84,12769
2023-01-09 21:00:00,1961.62,1969.48,1961.62,1965.55,6008
2023-01-09 22:00:00,1966.96,1966.96,1960.73,1964.6,10235
2023-01-09 23:00:00,1967.03,1972.98,1967.03,1968.82,10474
2023-01-10 00:00:00,1968.52,1969.6,1960.36,1965.67,7912
2023-01-10 01:00:00,1968.45,1972.19,1960.35,1965.13,6229
2023-01-10 02:00:00,1967.18,1968.74,1952.12,1963.39,12658
2023-01-10 03:00:00,1965.47,1973.86,1953.5,1964.37,6336
2023-01-10 04:00:00,1964.29,1980.09,1961.13,1976.13,12614
2023-01-10 05:00:00,1971.65,1971.65,1963.78,1967.71,6310
2023-01-10 06:00:00,1969.13,1978.3,1967.72,1971.67,13995
2023-01-10 07:00:00,1968.45,1968.45,1955.7,1964.52,16908
2023-01-10 08:00:00,1963.42,1973.34,1959.0,1962.93,8056
2023-01-10 09:00:00,1964.9,1973.73,1964.9,1968.84,10484
2023-01-10 10:00:00,1967.3,1976.41,1964.18,1969.81,9657
2023-01-10 11:00:00,1969.93,1969.93,1959.36,1965.31,17157
2023-01-10 12:00:00,1963.36,1966.49,1953.9,1962.56,10598
2023-01-10 13:00:00,1965.16,1968.65,1962.36,1966.56,4703
2023-01-10 14:00:00,1967.65,1973.16,1954.65,1963.79,7716
2023-01-10 15:00:00,1965.13,1979.95,1961.66,1965.59,12701
2023-01-10 16:00:00,1967.15,1967.15,1956.24,1966.53,7955
2023-01-10 17:00:00,1967.71,1980.23,1955.93,1964.11,18943
2023-01-10 18:00:00,1969.72,1976.06,1969.72,1975.16,13486
2023-01-10 19:00:00,1974.61,1982.58,1969.36,1978.98,15610
2023-01-10 20:00:00,1973.88,1973.88,1964.59,1969.95,12480
2023-01-10 21:00:00,1967.66,1978.65,1958.59,1971.63,5545
2023-01-10 22:00:00,1969.25,1969.25,1968.95,1969.23,12283
2023-01-10 23:00:00,1971.06,1984.03,1967.34,1974.16,10982
2023-01-11 00:00:00,1977.35,1989.89,1964.56,1971.17,13201
2023-01-11 01:00:00,1973.37,1982.61,1951.29,1971.48,9670
2023-01-11 02:00:00,1971.47,1977.51,1958.28,1974.74,10185
2023-01-11 03:00:00,1975.89,1983.71,1963.31,1979.75,13115
2023-01-11 04:00:00,1979.55,1982.01,1970.78,1974.73,9957
2023-01-11 05:00:00,1977.87,1977.87,1956.91,1973.92,14181
2023-01-11 06:00:00,1973.68,1976.4,1967.64,1972.45,9239
2023-01-11 07:00:00,1973.14,1973.14,1966.93,1970.14,11369
2023-01-11 08:00:00,1972.46,1984.6,1972.46,1979.52,11697
2023-01-11 09:00:00,1980.34,1988.83,1976.16,1982.36,8733
2023-01-11 10:00:00,1981.38,1988.87,1963.5,1977.09,12142
2023-01-11 11:00:00,1977.24,1986.3,1965.17,1982.34,6088
2023-01-11 12:00:00,1992.9,1997.44,1992.9,1993.45,14725
2023-01-11 13:00:00,1994.41,2003.3,1992.63,1999.3,7125
2023-01-11 14:00:00,1995.44,2006.02,1990.33,1992.64,9956
2023-01-11 15:00:00,1989.11,1999.78,1980.84,1991.04,10924
2023-01-11 16:00:00,1994.79,2019.87,1989.19,1997.97,8043
2023-01-11 17:00:00,1997.95,2002.78,1994.81,1995.25,9207
2023-01-11 18:00:00,1995.97,2009.4,1994.19,1998.18,8613
2023-01-11 19:00:00,1998.74,2007.39,1998.74,2002.75,8450
2023-01-11 20:00:00,2003.0,2003.0,1979.87,1999.0,12291
2023-01-11 21:00:00,1996.2,2002.64,1993.4,1999.5,10493
2023-01-11 22:00:00,1993.83,1993.83,1974.66,1984.44,7962
2023-01-11 23:00:00,1984.25,1988.25,1976.32,1980.28,9544
2023-01-12 00:00:00,1979.88,1983.87,1975.95,1979.91,11750
2023-01-12 01:00:00,1979.44,1985.4,1964.31,1974.7,15102
2023-01-12 02:00:00,1979.5,1987.43,1979.5,1983.46,7090
2023-01-12 03:00:00,1978.91,1984.26,1973.44,1977.39,9622
2023-01-12 04:00:00,1978.3,1985.45,1970.44,1976.13,8106
2023-01-12 05:00:00,1973.45,1979.3,1970.65,1977.64,9971
2023-01-12 06:00:00,1978.4,1988.67,1976.17,1985.49,5895
2023-01-12 07:00:00,1982.9,1983.7,1975.43,1979.39,14835
2023-01-12 08:00:00,1976.25,1992.24,1975.63,1985.9,10682
2023-01-12 09:00:00,1985.7,2003.17,1978.07,1986.81,13578
2023-01-12 10:00:00,1987.05,1991.29,1965.74,1982.91,15904
2023-01-12 11:00:00,1983.84,1991.74,1960.48,1986.04,9474
2023-01-12 12:00:00,1988.36,1991.9,1969.94,1987.92,8036
2023-01-12 13:00:00,1986.39,1989.9,1979.72,1985.93,10316
2023-01-12 14:00:00,1984.71,1991.72,1972.66,1987.21,11492
2023-01-12 15:00:00,1991.83,1992.54,1979.73,1986.28,12625
2023-01-12 16:00:00,1986.8,1999.85,1980.63,1987.79,8808
2023-01-12 17:00:00,1988.32,2003.53,1985.21,1991.98,10590
2023-01-12 18:00:00,1996.65,2006.52,1996.65,2000.65,8246
2023-01-12 19:00:00,1999.95,2006.48,1985.24,1995.51,7298
2023-01-12 20:00:00,2004.46,2016.41,2004.46,2006.84,12465
2023-01-12 21:00:00,2002.16,2002.16,1987.09,1998.17,7105
2023-01-12 22:00:00,1999.83,2002.35,1990.15,1998.36,14744
2023-01-12 23:00:00,2001.45,2004.23,2001.45,2002.17,14439
2023-01-13 00:00:00,2002.34,2007.99,1985.51,2004.5,7417
2023-01-13 01:00:00,2003.2,2003.2,1994.23,2002.41,10454
2023-01-13 02:00:00,2003.36,2013.41,1993.68,2002.34,10070
2023-01-13 03:00:00,2002.15,2013.61,1993.51,2000.87,8966
2023-01-13 04:00:00,1998.75,2003.76,1987.3,1998.93,12626
2023-01-13 05:00:00,2001.37,2008.02,1995.7,2004.01,9055
2023-01-13 06:00:00,2001.48,2018.68,1996.38,2006.67,6277
2023-01-13 07:00:00,2008.47,2019.65,1989.95,2004.17,7487
2023-01-13 08:00:00,2005.48,2025.05,2005.48,2009.49,7294
2023-01-13 09:00:00,2011.37,2023.52,2009.57,2011.89,8429
2023-01-13 10:00:00,2011.61,2037.28,2011.61,2016.8,9388
2023-01-13 11:00:00,2016.77,2024.86,2016.77,2020.81,11708
2023-01-13 12:00:00,2016.18,2020.25,2007.1,2017.62,12008
2023-01-13 13:00:00,2013.88,2031.25,2003.08,2015.77,12785
2023-01-13 14:00:00,2016.33,2024.41,2016.33,2020.37,7254
2023-01-13 15:00:00,2018.66,2032.2,2010.68,2024.32,11276
2023-01-13 16:00:00,2024.42,2029.18,2021.08,2025.13,6796
2023-01-13 17:00:00,2026.59,2030.67,2022.56,2026.61,15160
2023-01-13 18:00:00,2029.94,2034.98,2029.94,2033.87,12438
2023-01-13 19:00:00,2033.59,2046.21,2020.53,2031.87,8362
2023-01-13 20:00:00,2034.57,2041.28,2034.57,2035.56,13982
2023-01-13 21:00:00,2038.6,2039.61,2027.18,2035.54,11116
2023-01-13 22:00:00,2032.99,2044.03,2020.68,2035.44,13342
2023-01-13 23:00:00,2037.79,2043.67,2032.11,2041.87,7371
2023-01-14 00:00:00,2041.86,2055.11,2041.16,2046.98,8666
2023-01-14 01:00:00,2048.17,2053.96,2037.97,2052.09,8261
2023-01-14 02:00:00,2051.87,2073.07,2051.87,2059.71,9489
2023-01-14 03:00:00,2058.8,2064.01,2056.75,2060.87,9251
2023-01-14 04:00:00,2064.98,2082.04,2062.93,2065.35,14602
2023-01-14 05:00:00,2068.92,2068.92,2060.66,2064.79,15996
2023-01-14 06:00:00,2064.04,2080.97,2063.28,2067.41,7842
2023-01-14 07:00:00,2070.74,2071.32,2049.14,2067.74,9251
2023-01-14 08:00:00,2070.42,2085.08,2053.87,2069.25,8644
2023-01-14 09:00:00,2072.0,2077.43,2069.14,2073.29,10689
2023-01-14 10:00:00,2073.77,2076.63,2067.23,2070.16,7953
2023-01-14 11:00:00,2077.67,2084.99,2077.67,2081.84,16140
2023-01-14 12:00:00,2079.84,2087.57,2069.0,2077.76,8067
2023-01-14 13:00:00,2074.77,2074.77,2068.54,2072.68,12572
2023-01-14 14:00:00,2075.55,2083.87,2075.55,2079.71,5294
2023-01-14 15:00:00,2077.7,2093.3,2072.32,2084.89,9436
2023-01-14 16:00:00,2084.69,2091.74,2082.69,2089.22,5758
2023-01-14 17:00:00,2086.83,2111.33,2079.9,2093.59,9208
2023-01-14 18:00:00,2094.27,2100.14,2090.49,2094.67,11863
2023-01-14 19:00:00,2095.45,2099.54,2086.67,2091.2,5656
2023-01-14 20:00:00,2097.15,2097.15,2088.56,2092.75,7040
2023-01-14 21:00:00,2097.89,2099.92,2079.9,2090.47,6780
2023-01-14 22:00:00,2089.67,2107.67,2079.75,2096.66,10063
2023-01-14 23:00:00,2098.33,2111.45,2082.66,2097.08,10086
2023-01-15 00:00:00,2093.85,2102.33,2089.8,2093.99,12757
2023-01-15 01:00:00,2094.83,2095.5,2089.32,2093.51,9420
2023-01-15 02:00:00,2096.7,2098.61,2096.7,2096.78,8524
2023-01-15 03:00:00,2093.98,2099.22,2093.98,2095.03,6776
2023-01-15 04:00:00,2091.67,2096.17,2082.59,2091.99,5594
2023-01-15 05:00:00,2093.0,2098.63,2093.0,2094.44,9060
2023-01-15 06:00:00,2095.3,2117.91,2090.26,2096.92,7558
2023-01-15 07:00:00,2096.35,2118.14,2085.16,2095.53,14874
2023-01-15 08:00:00,2094.83,2099.24,2088.4,2094.33,9219
2023-01-15 09:00:00,2094.63,2105.84,2094.63,2096.75,7986
2023-01-15 10:00:00,2092.24,2092.24,2073.74,2090.56,10976
2023-01-15 11:00:00,2084.58,2097.93,2080.46,2084.63,9292
2023-01-15 12:00:00,2083.59,2086.43,2077.09,2082.26,11981
2023-01-15 13:00:00,2079.85,2088.62,2062.06,2082.52,10081
2023-01-15 14:00:00,2078.68,2092.4,2068.65,2085.46,10336
2023-01-15 15:00:00,2084.35,2098.57,2075.52,2094.38,8844
2023-01-15 16:00:00,2094.42,2104.36,2088.54,2100.16,8167
2023-01-15 17:00:00,2100.58,2107.55,2091.54,2100.72,13018
2023-01-15 18:00:00,2102.83,2114.68,2097.82,2102.02,10762
2023-01-15 19:00:00,2099.81,2101.32,2089.08,2098.3,10049
2023-01-15 20:00:00,2098.21,2111.24,2087.88,2099.67,8189
2023-01-15 21:00:00,2097.81,2107.53,2089.2,2099.65,8190
2023-01-15 22:00:00,2098.57,2112.92,2095.76,2102.81,10924
2023-01-15 23:00:00,2100.35,2103.17,2095.8,2100.0,9462
2023-01-16 00:00:00,2095.77,2108.31,2095.16,2104.1,12758
2023-01-16 01:00:00,2113.07,2125.62,2113.07,2113.45,7686
2023-01-16 02:00:00,2114.58,2114.58,2110.1,2114.33,10380
2023-01-16 03:00:00,2113.64,2120.3,2113.64,2117.88,10817
2023-01-16 04:00:00,2119.99,2139.63,2110.17,2122.93,11771
2023-01-16 05:00:00,2121.08,2128.39,2108.37,2122.32,10939
2023-01-16 06:00:00,2123.7,2129.21,2119.59,2124.96,13478
2023-01-16 07:00:00,2129.28,2130.76,2122.26,2126.51,11382
2023-01-16 08:00:00,2126.39,2132.79,2119.63,2128.53,10899
2023-01-16 09:00:00,2128.3,2132.59,2121.82,2126.04,10885
2023-01-16 10:00:00,2124.57,2130.61,2118.78,2127.76,17907
2023-01-16 11:00:00,2131.14,2149.58,2129.82,2131.95,12730
2023-01-16 12:00:00,2131.28,2148.96,2123.11,2141.14,9252
2023-01-16 13:00:00,2142.4,2152.04,2129.81,2147.74,11159
2023-01-16 14:00:00,2150.74,2164.96,2148.35,2160.64,7861
2023-01-16 15:00:00,2161.95,2165.94,2150.19,2158.14,7803
2023-01-16 16:00:00,2159.16,2171.53,2159.16,2164.34,10362
2023-01-16 17:00:00,2170.99,2176.07,2162.55,2166.89,8333
2023-01-16 18:00:00,2178.24,2184.47,2178.24,2180.11,13806
2023-01-16 19:00:00,2183.06,2186.15,2171.31,2177.39,14822
2023-01-16 20:00:00,2177.11,2178.86,2161.59,2174.51,10361
2023-01-16 21:00:00,2177.11,2177.68,2169.8,2172.93,16927
2023-01-16 22:00:00,2172.54,2174.23,2150.1,2163.23,9986
2023-01-16 23:00:00,2168.55,2172.54,2158.58,2162.05,8837
2023-01-17 00:00:00,2160.53,2169.07,2155.28,2159.6,10467
2023-01-17 01:00:00,2157.58,2166.3,2156.13,2161.97,13828
2023-01-17 02:00:00,2164.15,2172.99,2151.56,2165.35,10582
2023-01-17 03:00:00,2166.31,2190.86,2161.34,2176.86,12918
2023-01-17 04:00:00,2176.75,2186.72,2167.05,2183.5,14678
2023-01-17 05:00:00,2180.13,2197.39,2172.08,2182.0,8824
2023-01-17 06:00:00,2181.65,2181.65,2175.75,2178.79,8029
2023-01-17 07:00:00,2179.93,2198.26,2177.59,2183.04,6002
2023-01-17 08:00:00,2181.78,2181.97,2159.81,2177.61,12000
2023-01-17 09:00:00,2184.64,2193.4,2184.64,2189.02,15190
2023-01-17 10:00:00,2194.37,2201.37,2194.37,2196.97,12856
2023-01-17 11:00:00,2199.88,2200.82,2193.24,2196.08,8296
2023-01-17 12:00:00,2196.99,2196.99,2167.08,2188.52,18321
2023-01-17 13:00:00,2190.83,2201.86,2190.15,2197.47,10247
2023-01-17 14:00:00,2196.34,2206.47,2188.88,2198.57,9792
2023-01-17 15:00:00,2198.4,2213.9,2190.94,2206.95,16320
2023-01-17 16:00:00,2203.32,2203.32,2183.64,2200.04,8130
2023-01-17 17:00:00,2198.16,2202.94,2193.05,2198.54,8298
2023-01-17 18:00:00,2193.95,2208.15,2181.59,2200.33,12407
2023-01-17 19:00:00,2195.58,2206.77,2188.02,2202.37,8776
2023-01-17 20:00:00,2208.69,2211.73,2196.01,2201.73,14073
2023-01-17 21:00:00,2208.88,2211.27,2190.72,2206.85,13817
2023-01-17 22:00:00,2207.58,2214.11,2196.81,2202.83,6479
2023-01-17 23:00:00,2200.44,2211.67,2197.77,2203.82,8573
2023-01-18 00:00:00,2209.29,2224.89,2198.62,2206.24,5973
2023-01-18 01:00:00,2203.03,2213.24,2191.82,2210.77,7936
2023-01-18 02:00:00,2211.85,2225.54,2211.85,2216.37,5177
2023-01-18 03:00:00,2213.4,2230.44,2203.12,2212.04,10893
2023-01-18 04:00:00,2212.43,2213.71,2196.3,2205.47,7182
2023-01-18 05:00:00,2203.87,2226.86,2199.57,2214.16,12432
2023-01-18 06:00:00,2216.96,2234.0,2213.3,2217.73,9089
2023-01-18 07:00:00,2219.91,2219.91,2211.04,2215.47,8255
2023-01-18 08:00:00,2219.47,2239.75,2216.35,2225.69,8688
2023-01-18 09:00:00,2230.49,2250.66,2227.72,2228.1,8747
2023-01-18 10:00:00,2230.36,2246.28,2221.8,2236.31,13270
2023-01-18 11:00:00,2238.25,2264.48,2235.62,2238.45,8686
2023-01-18 12:00:00,2241.68,2262.66,2241.68,2251.51,10768
2023-01-18 13:00:00,2256.68,2266.87,2256.68,2262.95,9047
2023-01-18 14:00:00,2263.9,2278.91,2257.98,2263.34,6466
2023-01-18 15:00:00,2268.02,2280.77,2268.02,2270.5,18793
2023-01-18 16:00:00,2275.45,2280.41,2275.45,2275.86,11774
2023-01-18 17:00:00,2282.89,2293.52,2282.89,2285.22,8084
2023-01-18 18:00:00,2282.22,2290.86,2273.21,2281.56,12418
2023-01-18 19:00:00,2280.08,2289.35,2267.95,2287.14,7990
2023-01-18 20:00:00,2290.93,2310.24,2289.24,2294.86,8257
2023-01-18 21:00:00,2295.84,2300.79,2282.16,2286.73,13206
2023-01-18 22:00:00,2288.34,2294.38,2263.31,2281.84,11118
2023-01-18 23:00:00,2276.89,2276.89,2258.15,2272.19,7546
2023-01-19 00:00:00,2268.86,2296.74,2266.58,2272.47,8639
2023-01-19 01:00:00,2273.65,2282.76,2273.65,2278.21,9754
2023-01-19 02:00:00,2285.56,2290.75,2285.56,2288.31,7148
2023-01-19 03:00:00,2286.69,2295.75,2281.14,2290.48,8578
2023-01-19 04:00:00,2291.86,2318.13,2291.86,2301.41,8886
2023-01-19 05:00:00,2302.7,2302.7,2277.44,2295.37,13179
2023-01-19 06:00:00,2289.6,2306.16,2283.89,2287.52,15922
2023-01-19 07:00:00,2287.95,2293.56,2275.67,2288.99,15154
2023-01-19 08:00:00,2288.32,2308.48,2288.32,2292.91,9154
2023-01-19 09:00:00,2295.36,2304.23,2286.53,2294.49,12852
2023-01-19 10:00:00,2294.84,2296.35,2257.0,2284.63,9894
2023-01-19 11:00:00,2281.0,2294.11,2272.81,2285.87,11613
2023-01-19 12:00:00,2284.03,2284.19,2278.16,2280.28,15418
2023-01-19 13:00:00,2281.34,2300.85,2281.34,2285.76,13038
2023-01-19 14:00:00,2288.62,2299.62,2284.61,2289.51,15371
2023-01-19 15:00:00,2287.37,2290.52,2270.45,2285.95,6391
2023-01-19 16:00:00,2285.89,2291.15,2282.89,2284.81,8539
2023-01-19 17:00:00,2285.75,2296.68,2274.9,2280.59,14297
2023-01-19 18:00:00,2279.36,2287.76,2277.37,2281.93,18312
2023-01-19 19:00:00,2286.39,2293.57,2286.39,2288.99,14071
2023-01-19 20:00:00,2287.21,2288.13,2280.74,2285.21,13304
2023-01-19 21:00:00,2285.18,2291.22,2285.18,2289.76,6745
2023-01-19 22:00:00,2289.74,2303.25,2276.81,2288.55,9102
2023-01-19 23:00:00,2290.47,2290.47,2278.4,2285.89,13646
2023-01-20 00:00:00,2282.99,2295.87,2282.53,2287.1,9151
2023-01-20 01:00:00,2286.42,2293.19,2275.17,2283.09,7026
2023-01-20 02:00:00,2283.76,2286.35,2281.66,2281.78,13164
2023-01-20 03:00:00,2280.13,2280.13,2264.21,2276.89,13012
2023-01-20 04:00:00,2289.39,2294.61,2289.39,2289.65,9532
2023-01-20 05:00:00,2290.22,2297.96,2287.08,2291.67,16938
2023-01-20 06:00:00,2292.16,2294.11,2283.73,2289.53,12113
2023-01-20 07:00:00,2289.56,2292.66,2287.91,2292.49,7263
2023-01-20 08:00:00,2300.15,2300.38,2284.16,2293.63,13896
2023-01-20 09:00:00,2296.25,2301.45,2286.35,2294.15,13555
2023-01-20 10:00:00,2297.78,2303.96,2297.78,2299.36,6771
2023-01-20 11:00:00,2300.89,2319.56,2300.73,2305.34,14045
2023-01-20 12:00:00,2300.2,2325.94,2290.26,2304.06,12280
2023-01-20 13:00:00,2303.84,2307.39,2284.23,2302.53,12474
2023-01-20 14:00:00,2301.92,2308.4,2289.29,2302.72,9959
2023-01-20 15:00:00,2296.07,2296.07,2283.44,2291.49,12307
2023-01-20 16:00:00,2289.31,2289.31,2280.17,2284.74,8581
2023-01-20 17:00:00,2285.5,2303.49,2280.14,2294.18,8180
2023-01-20 18:00:00,2301.63,2307.48,2301.63,2305.18,6896
2023-01-20 19:00:00,2305.65,2314.53,2298.41,2305.55,11035
2023-01-20 20:00:00,2308.67,2317.95,2308.67,2310.55,5498
2023-01-20 21:00:00,2310.55,2318.66,2309.4,2314.03,13398
2023-01-20 22:00:00,2325.69,2337.27,2325.69,2333.18,21291
2023-01-20 23:00:00,2329.76,2350.45,2329.76,2341.29,18525
2023-01-21 00:00:00,2343.69,2347.91,2341.51,2342.26,8730
2023-01-21 01:00:00,2339.48,2351.17,2326.4,2338.5,14211
2023-01-21 02:00:00,2336.66,2336.66,2328.35,2330.99,12255
2023-01-21 03:00:00,2330.08,2338.52,2321.93,2333.85,7855
2023-01-21 04:00:00,2337.62,2341.8,2326.55,2331.21,9156
2023-01-21 05:00:00,2332.95,2334.2,2321.54,2324.78,7818
2023-01-21 06:00:00,2327.44,2344.98,2318.14,2322.78,14491
2023-01-21 07:00:00,2322.4,2329.76,2302.82,2318.35,6146
2023-01-21 08:00:00,2321.21,2340.09,2321.21,2329.62,14610
2023-01-21 09:00:00,2329.68,2339.48,2327.19,2336.32,5840
2023-01-21 10:00:00,2334.68,2342.75,2310.04,2337.98,13016
2023-01-21 11:00:00,2338.09,2358.98,2336.09,2348.16,7399
2023-01-21 12:00:00,2353.36,2357.3,2345.57,2350.27,10225
2023-01-21 13:00:00,2348.01,2355.39,2331.68,2347.0,11171
2023-01-21 14:00:00,2352.71,2360.05,2352.71,2357.43,11160
2023-01-21 15:00:00,2359.54,2370.15,2340.82,2362.19,7135
2023-01-21 16:00:00,2361.35,2361.35,2353.11,2357.82,8758
2023-01-21 17:00:00,2354.44,2362.03,2345.42,2358.43,8336
2023-01-21 18:00:00,2359.55,2359.78,2353.8,2355.07,11943
2023-01-21 19:00:00,2353.46,2353.46,2331.61,2348.76,10295
2023-01-21 20:00:00,2353.58,2361.62,2346.28,2355.8,11416
2023-01-21 21:00:00,2363.8,2392.45,2363.8,2368.54,7317
2023-01-21 22:00:00,2363.81,2374.26,2351.37,2362.13,15720
2023-01-21 23:00:00,2360.95,2371.67,2350.98,2367.08,7977
2023-01-22 00:00:00,2366.2,2366.2,2356.03,2365.01,8208
2023-01-22 01:00:00,2366.14,2385.11,2359.17,2363.9,12575
2023-01-22 02:00:00,2365.51,2369.34,2357.41,2362.14,6112
2023-01-22 03:00:00,2361.32,2368.45,2358.43,2358.85,10440
2023-01-22 04:00:00,2354.46,2362.72,2342.05,2360.85,6391
2023-01-22 05:00:00,2358.96,2370.54,2329.58,2357.79,7967
2023-01-22 06:00:00,2358.94,2365.83,2338.28,2361.14,6857
2023-01-22 07:00:00,2360.87,2379.34,2350.24,2362.62,10048
2023-01-22 08:00:00,2361.41,2372.2,2356.26,2363.03,11122
2023-01-22 09:00:00,2364.24,2370.61,2345.99,2359.57,14439
2023-01-22 10:00:00,2360.05,2371.05,2353.27,2357.98,7584
2023-01-22 11:00:00,2360.65,2364.29,2359.72,2364.09,23234
2023-01-22 12:00:00,2361.91,2384.22,2351.66,2368.75,20095
2023-01-22 13:00:00,2366.02,2370.09,2358.13,2364.82,16032
2023-01-22 14:00:00,2362.0,2378.51,2353.44,2367.14,11084
2023-01-22 15:00:00,2373.27,2380.77,2373.27,2373.28,9237
2023-01-22 16:00:00,2367.82,2367.82,2356.9,2365.35,9667
2023-01-22 17:00:00,2367.14,2377.52,2355.5,2370.27,9007
2023-01-22 18:00:00,2370.96,2372.95,2358.11,2368.22,10311
2023-01-22 19:00:00,2371.92,2384.05,2368.58,2373.33,10926
2023-01-22 20:00:00,2370.47,2375.37,2361.22,2370.63,16643
2023-01-22 21:00:00,2373.07,2385.9,2360.36,2361.91,11035
2023-01-22 22:00:00,2361.7,2364.44,2333.67,2354.27,7797
2023-01-22 23:00:00,2359.77,2365.79,2348.76,2356.34,13260
2023-01-23 00:00:00,2361.08,2369.15,2350.3,2359.65,9940
2023-01-23 01:00:00,2358.51,2366.1,2349.51,2356.22,10159
2023-01-23 02:00:00,2357.21,2366.45,2341.48,2361.72,16160
2023-01-23 03:00:00,2357.63,2363.9,2340.72,2353.89,12754
2023-01-23 04:00:00,2354.99,2357.56,2353.7,2355.31,11550
2023-01-23 05:00:00,2354.97,2357.5,2346.36,2350.17,8348
2023-01-23 06:00:00,2349.66,2352.94,2321.04,2348.25,15821
2023-01-23 07:00:00,2346.18,2363.57,2345.22,2350.34,13607
2023-01-23 08:00:00,2347.57,2353.23,2342.5,2347.19,7991
2023-01-23 09:00:00,2344.55,2351.49,2327.24,2346.8,10363
2023-01-23 10:00:00,2349.82,2355.41,2314.63,2354.38,6092
2023-01-23 11:00:00,2360.36,2364.91,2346.07,2352.86,13700
2023-01-23 12:00:00,2357.1,2362.3,2346.47,2359.51,6455
2023-01-23 13:00:00,2358.54,2363.51,2346.65,2354.83,11206
2023-01-23 14:00:00,2356.51,2368.39,2356.51,2359.7,11411
2023-01-23 15:00:00,2359.71,2377.78,2357.14,2369.87,8244
2023-01-23 16:00:00,2357.83,2357.83,2347.46,2357.38,10115
2023-01-23 17:00:00,2357.94,2369.51,2343.39,2354.67,10432
2023-01-23 18:00:00,2357.51,2361.82,2353.46,2359.91,10629
2023-01-23 19:00:00,2365.49,2369.66,2347.57,2360.65,8316
2023-01-23 20:00:00,2360.33,2369.47,2360.01,2364.74,9216
2023-01-23 21:00:00,2365.68,2365.68,2358.51,2363.23,11854
2023-01-23 22:00:00,2367.2,2374.19,2360.91,2365.71,9304
2023-01-23 23:00:00,2367.12,2371.55,2362.08,2366.81,10335
2023-01-24 00:00:00,2366.87,2386.74,2365.29,2375.59,9789
2023-01-24 01:00:00,2374.32,2381.15,2374.32,2379.08,20508
2023-01-24 02:00:00,2378.44,2397.69,2360.61,2383.02,9598
2023-01-24 03:00:00,2383.11,2393.09,2366.95,2382.58,9653
2023-01-24 04:00:00,2382.51,2382.51,2367.02,2381.69,6021
2023-01-24 05:00:00,2381.06,2392.35,2380.8,2381.11,10159
2023-01-24 06:00:00,2379.39,2402.48,2372.12,2385.33,8726
2023-01-24 07:00:00,2381.34,2401.95,2380.02,2384.79,13621
2023-01-24 08:00:00,2385.89,2402.6,2383.62,2388.39,9919
2023-01-24 09:00:00,2401.29,2419.56,2401.29,2402.45,13364
2023-01-24 10:00:00,2400.78,2418.01,2392.04,2409.45,6617
2023-01-24 11:00:00,2409.44,2414.74,2404.56,2409.37,13588
2023-01-24 12:00:00,2409.63,2428.51,2407.56,2418.32,11729
2023-01-24 13:00:00,2416.09,2426.21,2411.8,2417.74,8811
2023-01-24 14:00:00,2413.47,2434.34,2402.73,2407.54,4976
2023-01-24 15:00:00,2406.04,2411.35,2398.68,2403.48,13658
2023-01-24 16:00:00,2402.07,2402.07,2385.79,2394.38,8661
2023-01-24 17:00:00,2394.29,2398.98,2392.86,2394.26,17730
2023-01-24 18:00:00,2394.56,2409.49,2394.56,2396.32,13048
2023-01-24 19:00:00,2403.32,2412.53,2403.32,2408.1,13794
2023-01-24 20:00:00,2415.01,2421.75,2407.16,2411.99,12652
2023-01-24 21:00:00,2414.6,2420.5,2397.21,2412.67,10693
2023-01-24 22:00:00,2414.7,2431.49,2414.7,2419.54,7654
2023-01-24 23:00:00,2413.62,2413.62,2408.34,2408.45,7725
2023-01-25 00:00:00,2406.03,2425.66,2394.19,2411.85,9776
2023-01-25 01:00:00,2413.59,2420.86,2413.59,2418.43,17153
2023-01-25 02:00:00,2416.78,2416.78,2403.39,2411.69,9833
2023-01-25 03:00:00,2417.9,2440.73,2417.9,2420.45,14312
2023-01-25 04:00:00,2419.62,2439.71,2419.62,2424.47,8278
2023-01-25 05:00:00,2426.18,2426.18,2409.44,2424.05,10008
2023-01-25 06:00:00,2427.41,2436.84,2427.41,2429.87,3695
2023-01-25 07:00:00,2431.04,2447.1,2425.68,2445.45,9441
2023-01-25 08:00:00,2444.54,2456.08,2422.93,2448.6,14088
2023-01-25 09:00:00,2451.15,2471.96,2451.15,2452.16,14621
2023-01-25 10:00:00,2446.21,2465.24,2443.11,2451.5,13456
2023-01-25 11:00:00,2450.64,2450.64,2444.22,2448.51,15933
2023-01-25 12:00:00,2453.15,2461.86,2448.1,2455.61,8249
2023-01-25 13:00:00,2452.65,2467.13,2443.47,2452.58,10004
2023-01-25 14:00:00,2456.92,2468.63,2450.24,2455.15,9186
2023-01-25 15:00:00,2451.67,2459.31,2444.22,2454.4,9420
2023-01-25 16:00:00,2458.47,2463.76,2458.47,2459.41,8039
2023-01-25 17:00:00,2458.57,2464.46,2458.57,2463.5,10810
2023-01-25 18:00:00,2466.91,2478.13,2466.91,2471.86,10474
2023-01-25 19:00:00,2472.59,2473.36,2446.99,2470.88,11765
2023-01-25 20:00:00,2471.63,2476.33,2452.99,2471.38,11076
2023-01-25 21:00:00,2465.94,2472.53,2455.09,2467.59,15166
2023-01-25 22:00:00,2467.49,2471.99,2464.47,2467.05,14736
2023-01-25 23:00:00,2464.65,2471.89,2464.65,2471.52,5668
2023-01-26 00:00:00,2470.84,2491.08,2454.97,2478.33,13749
2023-01-26 01:00:00,2473.6,2489.04,2461.61,2474.96,11683
2023-01-26 02:00:00,2472.57,2501.91,2469.1,2482.47,8713
2023-01-26 03:00:00,2487.99,2505.59,2487.99,2492.98,6443
2023-01-26 04:00:00,2493.73,2526.27,2488.64,2497.73,8190
2023-01-26 05:00:00,2506.42,2523.4,2506.42,2511.44,17027
2023-01-26 06:00:00,2512.14,2513.51,2499.04,2508.94,11570
2023-01-26 07:00:00,2509.88,2513.14,2484.49,2503.58,9050
2023-01-26 08:00:00,2497.24,2497.24,2487.78,2494.98,7145
2023-01-26 09:00:00,2501.38,2511.41,2501.38,2506.4,9752
2023-01-26 10:00:00,2504.21,2514.19,2479.14,2512.69,12605
2023-01-26 11:00:00,2513.17,2530.69,2512.88,2514.61,14829
2023-01-26 12:00:00,2513.58,2523.19,2513.58,2518.61,7754
2023-01-26 13:00:00,2518.96,2518.96,2496.75,2513.93,8082
2023-01-26 14:00:00,2530.14,2536.29,2530.14,2531.23,13376
2023-01-26 15:00:00,2531.46,2546.5,2519.75,2534.22,10439
2023-01-26 16:00:00,2532.15,2542.19,2519.42,2537.12,18603
2023-01-26 17:00:00,2538.76,2547.7,2538.76,2543.85,13186
2023-01-26 18:00:00,2545.03,2564.99,2543.97,2549.07,15236
2023-01-26 19:00:00,2547.58,2563.82,2547.58,2552.69,11212
2023-01-26 20:00:00,2554.46,2560.2,2533.7,2549.95,6451
2023-01-26 21:00:00,2554.72,2556.71,2529.01,2555.07,9335
2023-01-26 22:00:00,2568.72,2596.74,2568.72,2569.0,8391
2023-01-26 23:00:00,2576.71,2584.75,2576.71,2579.6,6728
2023-01-27 00:00:00,2585.23,2596.99,2575.08,2591.8,19672
2023-01-27 01:00:00,2590.76,2600.36,2584.29,2590.68,7556
2023-01-27 02:00:00,2587.9,2607.13,2581.4,2586.57,9779
2023-01-27 03:00:00,2590.25,2591.55,2576.3,2587.98,6775
2023-01-27 04:00:00,2589.58,2602.68,2589.58,2590.56,13097
2023-01-27 05:00:00,2594.54,2608.92,2594.54,2599.74,9096
2023-01-27 06:00:00,2596.35,2598.33,2558.53,2591.23,7911
2023-01-27 07:00:00,2588.78,2619.91,2588.78,2603.21,13135
2023-01-27 08:00:00,2602.08,2609.69,2577.25,2604.48,6506
2023-01-27 09:00:00,2607.22,2609.25,2601.6,2604.04,12747
2023-01-27 10:00:00,2597.39,2618.07,2594.69,2599.89,11501
2023-01-27 11:00:00,2594.52,2594.52,2576.94,2591.68,5983
2023-01-27 12:00:00,2597.37,2604.44,2597.37,2599.24,10456
2023-01-27 13:00:00,2601.36,2607.23,2601.18,2602.02,10272
2023-01-27 14:00:00,2601.33,2601.33,2584.37,2596.14,15039
2023-01-27 15:00:00,2594.99,2594.99,2580.17,2590.27,10958
2023-01-27 16:00:00,2592.85,2592.85,2555.73,2590.5,17210
2023-01-27 17:00:00,2590.07,2605.48,2585.61,2603.41,9696
2023-01-27 18:00:00,2600.94,2621.22,2596.78,2604.08,6773
2023-01-27 19:00:00,2607.39,2612.71,2594.64,2596.83,7630
2023-01-27 20:00:00,2599.04,2622.65,2573.56,2597.66,5653
2023-01-27 21:00:00,2598.7,2598.7,2593.1,2598.3,8495
2023-01-27 22:00:00,2586.42,2586.42,2576.69,2583.5,14639
2023-01-27 23:00:00,2583.99,2589.03,2562.76,2585.52,8743
2023-01-28 00:00:00,2584.86,2591.64,2581.48,2586.47,10997
2023-01-28 01:00:00,2590.05,2598.47,2590.05,2593.29,7849
2023-01-28 02:00:00,2602.21,2612.96,2602.21,2607.42,13953
2023-01-28 03:00:00,2611.79,2638.22,2611.79,2617.02,15466
2023-01-28 04:00:00,2622.59,2635.09,2612.45,2617.69,8900
2023-01-28 05:00:00,2616.11,2616.11,2608.13,2612.96,11068
2023-01-28 06:00:00,2619.36,2654.48,2619.36,2631.78,10786
2023-01-28 07:00:00,2629.95,2640.3,2608.5,2634.56,12397
2023-01-28 08:00:00,2630.89,2658.61,2618.18,2637.05,10209
2023-01-28 09:00:00,2631.56,2644.59,2627.17,2639.31,15301
2023-01-28 10:00:00,2642.84,2643.61,2637.72,2643.01,8240
2023-01-28 11:00:00,2642.67,2649.78,2634.72,2644.49,11132
2023-01-28 12:00:00,2643.76,2643.76,2642.39,2643.21,9038
2023-01-28 13:00:00,2640.62,2643.28,2632.44,2642.12,10205
2023-01-28 14:00:00,2647.72,2653.12,2638.93,2644.37,9671
2023-01-28 15:00:00,2643.61,2660.83,2637.59,2643.34,9653
2023-01-28 16:00:00,2640.29,2648.58,2635.95,2641.21,6454
2023-01-28 17:00:00,2643.58,2658.54,2639.09,2644.38,10491
2023-01-28 18:00:00,2646.87,2660.43,2644.04,2645.19,7751
2023-01-28 19:00:00,2645.65,2662.66,2645.65,2657.34,9505
2023-01-28 20:00:00,2647.84,2647.84,2637.27,2642.56,10636
2023-01-28 21:00:00,2640.93,2671.96,2621.78,2652.12,9092
2023-01-28 22:00:00,2656.73,2667.46,2653.05,2662.7,12376
2023-01-28 23:00:00,2658.23,2668.75,2644.15,2651.65,5424
2023-01-29 00:00:00,2651.75,2657.2,2647.37,2651.9,9391
2023-01-29 01:00:00,2649.28,2656.43,2646.69,2652.0,13277
2023-01-29 02:00:00,2653.29,2653.29,2636.82,2645.34,15740
2023-01-29 03:00:00,2646.49,2648.44,2642.47,2642.79,10092
2023-01-29 04:00:00,2641.82,2647.95,2623.65,2638.1,8460
2023-01-29 05:00:00,2643.09,2668.51,2643.09,2651.95,8184
2023-01-29 06:00:00,2652.07,2665.87,2647.84,2660.55,9753
2023-01-29 07:00:00,2668.83,2698.38,2668.83,2671.32,6136
2023-01-29 08:00:00,2668.8,2683.03,2665.79,2678.51,8009
2023-01-29 09:00:00,2678.9,2678.9,2653.26,2673.56,9675
2023-01-29 10:00:00,2675.73,2675.73,2664.51,2672.58,10071
2023-01-29 11:00:00,2670.6,2691.53,2662.09,2678.29,11280
2023-01-29 12:00:00,2680.16,2698.96,2667.38,2672.73,10609
2023-01-29 13:00:00,2679.47,2701.4,2679.47,2679.84,7294
2023-01-29 14:00:00,2676.96,2692.01,2655.41,2680.7,8162
2023-01-29 15:00:00,2679.77,2686.24,2669.85,2680.67,12830
2023-01-29 16:00:00,2676.33,2693.29,2676.01,2687.79,13888
2023-01-29 17:00:00,2688.48,2694.74,2674.55,2693.17,8013
2023-01-29 18:00:00,2692.11,2696.23,2687.68,2693.25,20049
2023-01-29 19:00:00,2701.26,2710.74,2701.26,2703.35,7754
2023-01-29 20:00:00,2704.05,2704.05,2681.29,2698.66,13779
2023-01-29 21:00:00,2696.61,2716.69,2694.9,2705.22,14189
2023-01-29 22:00:00,2708.27,2739.98,2704.81,2711.62,11153
2023-01-29 23:00:00,2710.03,2727.57,2692.56,2712.06,11301
2023-01-30 00:00:00,2705.45,2736.74,2700.58,2716.73,8791
2023-01-30 01:00:00,2712.9,2728.93,2687.35,2710.94,10516
2023-01-30 02:00:00,2717.28,2726.64,2717.28,2719.62,9110
2023-01-30 03:00:00,2724.44,2740.8,2701.09,2720.93,7306
2023-01-30 04:00:00,2717.19,2736.48,2708.19,2720.0,8659
2023-01-30 05:00:00,2723.65,2743.09,2721.29,2729.55,15550
2023-01-30 06:00:00,2725.28,2732.86,2706.89,2727.4,7665
2023-01-30 07:00:00,2725.62,2739.56,2717.91,2720.58,10058
2023-01-30 08:00:00,2721.43,2734.62,2707.34,2712.77,4574
2023-01-30 09:00:00,2713.97,2730.47,2713.97,2719.41,12559
2023-01-30 10:00:00,2716.51,2725.07,2693.24,2713.44,9132
2023-01-30 11:00:00,2714.92,2746.3,2711.95,2727.65,11210
2023-01-30 12:00:00,2721.91,2739.95,2707.74,2716.29,12267
2023-01-30 13:00:00,2728.96,2759.35,2728.96,2730.15,7244
2023-01-30 14:00:00,2729.08,2739.64,2728.7,2734.17,8273
2023-01-30 15:00:00,2739.32,2742.74,2724.76,2736.09,7419
2023-01-30 16:00:00,2740.05,2754.82,2727.99,2734.99,16225
2023-01-30 17:00:00,2735.21,2749.23,2728.84,2740.17,9807
2023-01-30 18:00:00,2740.98,2747.91,2736.94,2742.43,7073
2023-01-30 19:00:00,2744.96,2757.86,2721.04,2752.36,8417
2023-01-30 20:00:00,2752.27,2759.45,2752.27,2755.69,11854
2023-01-30 21:00:00,2750.49,2768.5,2750.17,2759.28,7944
2023-01-30 22:00:00,2763.27,2773.69,2744.37,2759.43,20357
2023-01-30 23:00:00,2761.81,2776.48,2756.14,2761.67,8521
2023-01-31 00:00:00,2760.83,2776.66,2760.83,2766.37,7394
2023-01-31 01:00:00,2762.88,2762.88,2746.93,2757.36,16688
2023-01-31 02:00:00,2756.37,2761.25,2745.36,2750.86,7174
2023-01-31 03:00:00,2752.0,2763.95,2741.14,2758.43,11824
2023-01-31 04:00:00,2758.43,2776.48,2739.11,2762.2,7400
2023-01-31 05:00:00,2760.03,2775.84,2760.03,2763.56,13455
2023-01-31 06:00:00,2763.02,2797.92,2760.79,2766.33,9148
2023-01-31 07:00:00,2767.16,2777.54,2755.41,2771.32,7160
2023-01-31 08:00:00,2771.39,2775.84,2764.18,2770.3,8441
2023-01-31 09:00:00,2767.01,2773.21,2762.26,2767.67,9603
2023-01-31 10:00:00,2769.85,2797.59,2769.85,2771.66,6844
2023-01-31 11:00:00,2765.01,2777.49,2745.67,2767.68,11788
2023-01-31 12:00:00,2769.3,2784.64,2769.3,2773.12,9873
2023-01-31 13:00:00,2765.91,2765.91,2761.05,2764.21,8630
2023-01-31 14:00:00,2761.33,2779.35,2754.15,2773.8,10866
2023-01-31 15:00:00,2775.95,2785.24,2775.73,2779.68,5870
2023-01-31 16:00:00,2779.2,2789.68,2776.55,2784.11,11790
2023-01-31 17:00:00,2787.91,2800.46,2787.91,2793.5,7520
2023-01-31 18:00:00,2806.65,2813.25,2806.65,2807.64,12115
2023-01-31 19:00:00,2803.8,2832.01,2788.41,2817.34,7540
2023-01-31 20:00:00,2807.58,2807.58,2794.74,2807.41,14331
2023-01-31 21:00:00,2805.03,2806.85,2790.46,2801.39,10337
2023-01-31 22:00:00,2804.08,2810.31,2799.6,2799.87,5050
2023-01-31 23:00:00,2798.4,2809.74,2797.27,2802.87,14186
2023-02-01 00:00:00,2802.63,2814.61,2802.63,2809.28,7276
2023-02-01 01:00:00,2809.37,2822.9,2801.53,2807.14,6946
2023-02-01 02:00:00,2813.02,2820.19,2805.69,2811.31,9121
2023-02-01 03:00:00,2810.38,2814.6,2803.37,2808.98,13302
2023-02-01 04:00:00,2809.18,2818.95,2790.33,2807.68,14846
2023-02-01 05:00:00,2802.33,2807.75,2782.02,2800.85,7953
2023-02-01 06:00:00,2797.21,2801.6,2797.21,2797.34,15941
2023-02-01 07:00:00,2796.52,2796.52,2785.36,2790.94,10536
2023-02-01 08:00:00,2789.64,2792.7,2778.21,2787.13,6853
2023-02-01 09:00:00,2784.74,2808.52,2780.51,2797.2,9617
2023-02-01 10:00:00,2795.4,2796.13,2787.94,2793.53,11452
2023-02-01 11:00:00,2809.57,2824.36,2809.57,2814.44,13139
2023-02-01 12:00:00,2814.64,2831.94,2814.59,2820.77,9697
2023-02-01 13:00:00,2821.59,2830.62,2815.88,2824.97,11349
2023-02-01 14:00:00,2824.78,2832.25,2811.12,2821.95,8512
2023-02-01 15:00:00,2822.56,2841.42,2819.0,2829.74,13673
2023-02-01 16:00:00,2829.86,2830.03,2826.36,2828.77,18372
2023-02-01 17:00:00,2831.25,2838.95,2831.25,2832.66,6609
2023-02-01 18:00:00,2847.82,2856.74,2847.82,2853.53,5188
2023-02-01 19:00:00,2853.98,2864.19,2836.14,2855.94,15980
2023-02-01 20:00:00,2861.31,2883.59,2861.31,2867.05,9675
2023-02-01 21:00:00,2863.86,2870.87,2849.49,2865.14,6772
2023-02-01 22:00:00,2869.85,2890.65,2837.74,2867.94,14580
2023-02-01 23:00:00,2863.23,2897.28,2863.23,2883.45,8782
2023-02-02 00:00:00,2879.83,2897.2,2873.46,2882.07,14167
2023-02-02 01:00:00,2886.89,2924.22,2886.89,2897.95,6481
2023-02-02 02:00:00,2902.72,2910.48,2902.72,2906.1,8637
2023-02-02 03:00:00,2905.12,2911.02,2891.78,2905.17,11354
2023-02-02 04:00:00,2906.39,2918.56,2903.22,2912.74,8519
2023-02-02 05:00:00,2911.06,2926.49,2909.26,2922.77,10219
2023-02-02 06:00:00,2925.06,2940.45,2899.35,2930.3,9248
2023-02-02 07:00:00,2927.25,2951.19,2900.79,2922.09,9492
2023-02-02 08:00:00,2919.18,2933.09,2890.72,2919.98,11957
2023-02-02 09:00:00,2918.39,2927.13,2915.44,2921.28,7673
2023-02-02 10:00:00,2922.74,2939.01,2917.97,2923.82,14622
2023-02-02 11:00:00,2927.11,2957.83,2912.82,2931.34,6377
2023-02-02 12:00:00,2935.71,2948.98,2926.12,2935.68,14215
2023-02-02 13:00:00,2937.47,2943.97,2923.53,2929.17,10330
2023-02-02 14:00:00,2934.67,2943.15,2929.12,2934.99,9589
2023-02-02 15:00:00,2934.54,2953.85,2934.54,2942.51,9162
2023-02-02 16:00:00,2949.97,2975.51,2932.86,2949.67,14221
2023-02-02 17:00:00,2957.73,2973.79,2957.73,2960.63,9280
2023-02-02 18:00:00,2964.4,2994.17,2954.37,2969.85,6676
2023-02-02 19:00:00,2970.4,2982.3,2970.4,2976.35,8593
2023-02-02 20:00:00,2979.64,3002.49,2972.98,2978.94,8438
2023-02-02 21:00:00,2975.77,2975.77,2964.35,2969.93,8669
2023-02-02 22:00:00,2974.52,2986.94,2970.12,2976.18,12575
2023-02-02 23:00:00,2972.87,2986.81,2969.61,2980.85,12017
2023-02-03 00:00:00,2979.89,3004.85,2978.11,2985.97,10313
2023-02-03 01:00:00,2981.61,2990.95,2963.96,2979.77,5422
2023-02-03 02:00:00,2981.07,2997.58,2971.47,2975.08,14763
2023-02-03 03:00:00,2976.45,2991.9,2958.31,2985.93,11093
2023-02-03 04:00:00,2984.49,2994.81,2983.73,2988.83,7906
2023-02-03 05:00:00,2986.71,3002.39,2961.66,2997.0,8234
2023-02-03 06:00:00,2999.29,3015.39,2989.66,3000.38,4662
2023-02-03 07:00:00,3000.76,3009.77,3000.76,3003.76,12951
2023-02-03 08:00:00,3012.7,3019.84,3012.7,3013.81,8033
2023-02-03 09:00:00,3017.55,3032.95,3007.14,3013.16,18567
2023-02-03 10:00:00,3013.68,3039.9,2999.4,3017.09,9026
2023-02-03 11:00:00,3016.4,3047.99,3010.87,3016.9,13023
2023-02-03 12:00:00,3013.51,3022.97,3010.6,3016.93,6059
2023-02-03 13:00:00,3018.59,3035.44,3011.83,3017.86,9477
2023-02-03 14:00:00,3014.35,3028.79,3001.04,3022.75,9452
2023-02-03 15:00:00,3016.77,3043.29,3016.46,3022.51,8199
2023-02-03 16:00:00,3024.56,3036.34,2998.34,3035.11,9450
2023-02-03 17:00:00,3035.43,3039.61,3025.68,3031.75,8841
2023-02-03 18:00:00,3032.83,3048.99,3027.58,3033.64,12313
2023-02-03 19:00:00,3034.05,3041.16,3023.65,3033.65,7983
2023-02-03 20:00:00,3041.5,3050.51,3041.5,3047.6,16284
2023-02-03 21:00:00,3043.24,3058.37,3027.51,3052.27,10565
2023-02-03 22:00:00,3057.42,3069.3,3047.49,3063.17,13553
2023-02-03 23:00:00,3058.72,3058.72,3041.23,3055.16,13316
2023-02-04 00:00:00,3053.08,3063.63,3048.56,3060.33,6786
2023-02-04 01:00:00,3057.65,3076.92,3057.65,3070.13,12386
2023-02-04 02:00:00,3072.36,3088.45,3072.36,3073.88,5528
2023-02-04 03:00:00,3070.6,3099.53,3068.45,3085.09,7020
2023-02-04 04:00:00,3083.21,3090.51,3078.14,3084.31,7224
2023-02-04 05:00:00,3090.69,3114.62,3090.69,3098.05,12343
2023-02-04 06:00:00,3093.46,3151.85,3080.05,3118.6,4427
2023-02-04 07:00:00,3119.0,3127.47,3112.72,3118.96,15183
2023-02-04 08:00:00,3123.3,3137.33,3112.41,3118.65,8927
2023-02-04 09:00:00,3117.78,3143.01,3113.66,3132.85,10433
2023-02-04 10:00:00,3141.8,3156.58,3141.8,3148.1,7636
2023-02-04 11:00:00,3145.1,3153.42,3145.1,3147.12,9444
2023-02-04 12:00:00,3146.84,3171.45,3140.84,3146.97,9894
2023-02-04 13:00:00,3146.23,3154.21,3128.76,3147.92,10876
2023-02-04 14:00:00,3153.03,3160.81,3132.29,3140.67,16503
2023-02-04 15:00:00,3136.93,3155.16,3130.5,3136.77,7085
2023-02-04 16:00:00,3135.68,3147.5,3107.75,3132.27,12671
2023-02-04 17:00:00,3129.82,3154.91,3117.35,3129.6,11013
2023-02-04 18:00:00,3129.57,3138.82,3121.2,3132.55,9963
2023-02-04 19:00:00,3129.82,3147.96,3118.71,3137.54,8090
2023-02-04 20:00:00,3147.08,3158.96,3147.08,3152.66,12810
2023-02-04 21:00:00,3154.63,3154.63,3129.52,3148.16,12236
2023-02-04 22:00:00,3152.64,3170.91,3152.64,3158.96,9351
2023-02-04 23:00:00,3161.46,3165.37,3133.2,3160.44,9704
2023-02-05 00:00:00,3158.96,3178.54,3156.92,3163.24,4992
2023-02-05 01:00:00,3164.06,3186.68,3164.06,3171.67,11401
2023-02-05 02:00:00,3170.52,3184.59,3145.84,3166.13,15681
2023-02-05 03:00:00,3163.56,3173.6,3163.56,3172.32,6499
2023-02-05 04:00:00,3170.53,3188.22,3170.53,3176.89,10328
2023-02-05 05:00:00,3177.54,3189.15,3177.54,3183.91,11491
2023-02-05 06:00:00,3184.17,3191.43,3182.36,3189.37,9348
2023-02-05 07:00:00,3202.58,3226.87,3202.58,3211.71,9114
2023-02-05 08:00:00,3207.9,3220.39,3202.8,3209.86,9032
2023-02-05 09:00:00,3207.58,3215.28,3198.78,3208.87,12626
2023-02-05 10:00:00,3208.86,3224.57,3186.9,3207.18,12143
2023-02-05 11:00:00,3202.97,3213.61,3187.99,3206.01,12982
2023-02-05 12:00:00,3208.96,3224.18,3192.14,3204.16,4139
2023-02-05 13:00:00,3205.16,3241.65,3205.16,3216.63,9245
2023-02-05 14:00:00,3222.32,3256.9,3208.94,3230.97,11413
2023-02-05 15:00:00,3225.9,3246.57,3216.12,3229.64,13296
2023-02-05 16:00:00,3228.89,3239.5,3219.75,3226.2,8854
2023-02-05 17:00:00,3226.66,3258.98,3226.66,3233.12,8058
2023-02-05 18:00:00,3235.45,3251.05,3219.27,3231.92,9302
2023-02-05 19:00:00,3233.79,3268.09,3222.25,3240.13,8720
2023-02-05 20:00:00,3243.0,3251.36,3230.37,3244.92,13210
2023-02-05 21:00:00,3245.46,3252.26,3225.09,3236.06,13280
2023-02-05 22:00:00,3235.0,3272.19,3210.31,3251.55,9588
2023-02-05 23:00:00,3258.45,3286.72,3258.45,3269.04,7353
2023-02-06 00:00:00,3263.26,3280.15,3260.76,3267.29,21388
2023-02-06 01:00:00,3264.04,3291.17,3257.57,3267.36,9536
2023-02-06 02:00:00,3273.24,3283.71,3268.28,3272.9,8673
2023-02-06 03:00:00,3271.28,3295.29,3253.72,3278.82,11325
2023-02-06 04:00:00,3277.08,3305.45,3268.63,3287.4,15742
2023-02-06 05:00:00,3299.52,3330.71,3299.52,3306.96,21480
2023-02-06 06:00:00,3304.88,3318.57,3295.23,3308.88,11262
2023-02-06 07:00:00,3305.2,3320.28,3299.15,3305.76,9112
2023-02-06 08:00:00,3305.08,3331.93,3290.7,3297.93,7620
2023-02-06 09:00:00,3301.39,3311.26,3288.78,3295.38,9337
2023-02-06 10:00:00,3299.61,3312.6,3291.82,3298.42,7918
2023-02-06 11:00:00,3309.82,3322.86,3309.82,3316.23,7282
2023-02-06 12:00:00,3316.65,3325.22,3302.29,3315.38,8508
2023-02-06 13:00:00,3312.35,3345.93,3312.35,3320.54,13331
2023-02-06 14:00:00,3324.49,3330.4,3317.1,3323.75,15189
2023-02-06 15:00:00,3324.08,3344.82,3320.74,3336.71,9935
2023-02-06 16:00:00,3343.88,3362.84,3343.88,3360.66,7216
2023-02-06 17:00:00,3359.42,3377.86,3348.87,3359.58,7168
2023-02-06 18:00:00,3357.05,3365.58,3352.14,3358.86,12042
2023-02-06 19:00:00,3366.08,3382.84,3326.96,3370.75,12363
2023-02-06 20:00:00,3369.19,3380.47,3369.19,3379.67,17564
2023-02-06 21:00:00,3381.68,3405.07,3381.68,3398.27,10495
2023-02-06 22:00:00,3399.62,3433.45,3399.62,3406.43,11313
2023-02-06 23:00:00,3416.33,3417.97,3384.48,3406.74,15261
2023-02-07 00:00:00,3411.7,3427.57,3408.17,3415.0,10298
2023-02-07 01:00:00,3420.78,3441.94,3420.78,3427.63,16687
2023-02-07 02:00:00,3431.03,3445.43,3431.03,3437.9,11176
2023-02-07 03:00:00,3436.79,3455.48,3428.63,3445.57,15317
2023-02-07 04:00:00,3442.57,3464.93,3432.21,3458.01,7398
2023-02-07 05:00:00,3464.42,3500.65,3464.42,3471.37,8341
2023-02-07 06:00:00,3480.29,3513.83,3456.22,3486.61,8217
2023-02-07 07:00:00,3482.12,3502.85,3479.77,3495.66,18162
2023-02-07 08:00:00,3490.68,3518.11,3490.68,3497.68,10663
2023-02-07 09:00:00,3495.34,3519.51,3495.34,3502.43,13947
2023-02-07 10:00:00,3494.64,3528.38,3493.65,3516.29,12367
2023-02-07 11:00:00,3517.01,3554.28,3489.37,3512.75,14037
2023-02-07 12:00:00,3509.13,3526.48,3502.8,3519.44,13634
2023-02-07 13:00:00,3515.89,3546.91,3511.02,3519.56,8801
2023-02-07 14:00:00,3519.13,3525.91,3500.37,3523.33,11953
2023-02-07 15:00:00,3527.15,3554.73,3527.15,3537.87,9906
2023-02-07 16:00:00,3535.4,3550.16,3534.49,3543.08,6747
2023-02-07 17:00:00,3544.04,3562.4,3528.57,3547.02,12949
2023-02-07 18:00:00,3539.32,3545.82,3529.3,3538.75,15849
2023-02-07 19:00:00,3544.43,3555.83,3531.51,3548.73,9377
2023-02-07 20:00:00,3556.33,3564.98,3556.33,3557.87,8287
2023-02-07 21:00:00,3563.9,3584.23,3563.9,3580.25,5797
2023-02-07 22:00:00,3576.4,3589.49,3573.93,3581.09,8449
2023-02-07 23:00:00,3586.26,3593.69,3583.66,3586.51,14253
2023-02-08 00:00:00,3592.68,3599.34,3587.84,3592.15,11660
2023-02-08 01:00:00,3593.1,3626.55,3592.55,3609.51,14821
2023-02-08 02:00:00,3607.53,3627.29,3585.11,3612.18,14465
2023-02-08 03:00:00,3609.78,3633.22,3608.83,3618.14,14449
2023-02-08 04:00:00,3624.4,3659.66,3619.82,3627.07,9012
2023-02-08 05:00:00,3627.24,3636.64,3619.34,3632.28,15468
2023-02-08 06:00:00,3628.01,3658.01,3628.01,3631.87,6058
2023-02-08 07:00:00,3631.52,3651.21,3629.87,3637.15,17899
2023-02-08 08:00:00,3634.25,3657.52,3623.39,3650.22,8278
2023-02-08 09:00:00,3643.44,3662.41,3628.11,3644.57,13086
2023-02-08 10:00:00,3637.48,3656.58,3624.26,3649.28,10813
2023-02-08 11:00:00,3653.28,3659.9,3639.22,3646.51,15553
2023-02-08 12:00:00,3647.07,3675.51,3636.87,3660.73,12168
2023-02-08 13:00:00,3662.88,3670.74,3633.38,3650.54,7685
2023-02-08 14:00:00,3650.64,3656.26,3623.36,3648.97,7039
2023-02-08 15:00:00,3648.46,3661.15,3648.46,3655.77,8682
2023-02-08 16:00:00,3665.48,3685.21,3665.48,3673.24,12796
2023-02-08 17:00:00,3672.88,3694.95,3668.75,3676.1,8611
2023-02-08 18:00:00,3674.44,3676.55,3667.59,3674.55,8431
2023-02-08 19:00:00,3675.43,3700.16,3674.86,3695.04,6720
2023-02-08 20:00:00,3692.46,3700.54,3683.38,3685.46,17968
2023-02-08 21:00:00,3680.39,3680.39,3637.52,3669.15,10345
2023-02-08 22:00:00,3664.7,3693.61,3662.2,3676.64,7317
2023-02-08 23:00:00,3671.63,3678.04,3657.25,3675.66,8070
2023-02-09 00:00:00,3678.99,3689.75,3662.69,3670.03,14975
2023-02-09 01:00:00,3680.02,3703.97,3680.02,3680.03,10431
2023-02-09 02:00:00,3680.33,3691.27,3671.83,3685.79,12479
2023-02-09 03:00:00,3686.04,3700.93,3671.07,3684.27,11416
2023-02-09 04:00:00,3679.5,3696.16,3645.17,3676.3,14000
2023-02-09 05:00:00,3675.14,3698.04,3671.09,3687.78,9398
2023-02-09 06:00:00,3687.89,3715.8,3671.44,3697.28,10903
2023-02-09 07:00:00,3699.57,3716.4,3691.89,3700.02,8426
2023-02-09 08:00:00,3712.93,3727.82,3712.93,3720.38,9556
2023-02-09 09:00:00,3717.94,3734.49,3706.86,3714.29,7447
2023-02-09 10:00:00,3709.66,3711.53,3696.71,3704.12,9991
2023-02-09 11:00:00,3702.82,3708.93,3671.12,3701.52,7560
2023-02-09 12:00:00,3703.41,3706.65,3697.35,3704.76,13248
2023-02-09 13:00:00,3702.81,3732.73,3698.11,3710.58,10888
2023-02-09 14:00:00,3711.16,3725.42,3693.3,3712.04,8099
2023-02-09 15:00:00,3706.38,3727.7,3703.19,3718.84,5022
2023-02-09 16:00:00,3717.46,3718.45,3703.61,3711.03,12730
2023-02-09 17:00:00,3705.0,3735.23,3703.06,3727.78,9700
2023-02-09 18:00:00,3735.36,3774.36,3725.63,3730.64,9323
2023-02-09 19:00:00,3736.99,3774.11,3736.99,3744.48,8591
2023-02-09 20:00:00,3744.85,3758.7,3735.77,3751.2,18547
2023-02-09 21:00:00,3748.53,3766.52,3748.53,3759.0,8921
2023-02-09 22:00:00,3763.48,3783.36,3763.48,3767.83,11331
2023-02-09 23:00:00,3764.82,3794.75,3764.82,3775.53,5819
2023-02-10 00:00:00,3781.21,3788.96,3771.86,3785.05,9751
2023-02-10 01:00:00,3794.82,3809.66,3794.82,3800.95,12855
2023-02-10 02:00:00,3801.39,3844.89,3798.74,3806.35,11135
2023-02-10 03:00:00,3809.45,3849.65,3803.0,3816.51,7179
2023-02-10 04:00:00,3813.22,3826.38,3811.56,3819.2,9698
2023-02-10 05:00:00,3828.53,3843.88,3828.53,3836.2,10686
2023-02-10 06:00:00,3842.58,3851.82,3827.28,3833.32,8661
2023-02-10 07:00:00,3845.99,3875.41,3845.99,3853.69,5128
2023-02-10 08:00:00,3854.39,3860.03,3831.06,3856.78,5478
2023-02-10 09:00:00,3854.38,3854.38,3838.99,3846.68,10473
2023-02-10 10:00:00,3851.29,3867.97,3841.85,3851.37,8272
2023-02-10 11:00:00,3846.54,3862.62,3840.09,3848.49,14705
2023-02-10 12:00:00,3852.19,3865.3,3852.19,3859.91,16487
2023-02-10 13:00:00,3855.71,3865.0,3830.65,3857.29,10429
2023-02-10 14:00:00,3848.91,3889.59,3848.91,3856.62,10885
2023-02-10 15:00:00,3850.03,3850.03,3841.82,3842.35,9978
2023-02-10 16:00:00,3838.73,3854.36,3831.17,3841.67,11426
2023-02-10 17:00:00,3830.77,3830.77,3814.84,3822.49,7807
2023-02-10 18:00:00,3818.95,3818.95,3774.32,3811.33,8803
2023-02-10 19:00:00,3814.44,3838.21,3814.44,3822.09,8367
2023-02-10 20:00:00,3830.74,3842.73,3821.96,3833.05,16044
2023-02-10 21:00:00,3832.92,3860.71,3832.92,3840.6,11048
2023-02-10 22:00:00,3842.4,3842.4,3805.74,3835.06,11841
2023-02-10 23:00:00,3828.13,3849.97,3826.66,3838.21,7556
2023-02-11 00:00:00,3837.2,3857.97,3822.95,3841.79,9748
2023-02-11 01:00:00,3834.36,3836.6,3809.65,3834.52,9571
2023-02-11 02:00:00,3834.41,3872.37,3817.88,3852.23,11132
2023-02-11 03:00:00,3856.34,3871.8,3856.34,3864.07,9797
2023-02-11 04:00:00,3868.75,3874.92,3829.33,3865.57,7538
2023-02-11 05:00:00,3872.35,3877.72,3866.13,3869.41,7260
2023-02-11 06:00:00,3871.56,3880.38,3867.23,3874.98,12284
2023-02-11 07:00:00,3866.87,3866.87,3842.31,3859.15,7807
2023-02-11 08:00:00,3865.42,3868.13,3841.73,3860.41,10245
2023-02-11 09:00:00,3856.87,3888.2,3848.45,3857.54,14683
2023-02-11 10:00:00,3852.59,3866.21,3844.01,3851.71,13672
2023-02-11 11:00:00,3847.98,3879.12,3845.19,3852.73,9923
2023-02-11 12:00:00,3865.01,3893.51,3865.01,3873.36,13694
2023-02-11 13:00:00,3873.19,3885.67,3855.29,3883.09,9173
2023-02-11 14:00:00,3887.84,3903.9,3854.62,3881.28,15136
2023-02-11 15:00:00,3879.48,3901.97,3879.48,3890.3,8616
2023-02-11 16:00:00,3899.36,3913.15,3899.36,3907.17,6793
2023-02-11 17:00:00,3919.46,3934.92,3919.46,3919.56,15540
2023-02-11 18:00:00,3916.97,3946.43,3897.09,3923.68,10793
2023-02-11 19:00:00,3915.38,3928.85,3914.0,3921.01,13691
2023-02-11 20:00:00,3926.62,3955.9,3926.62,3931.27,10586
2023-02-11 21:00:00,3929.67,3943.18,3912.21,3938.64,12471
2023-02-11 22:00:00,3942.97,3963.34,3942.97,3950.87,12306
2023-02-11 23:00:00,3945.82,3968.55,3944.68,3960.62,9643
2023-02-12 00:00:00,3965.67,3976.35,3957.02,3974.34,11658
2023-02-12 01:00:00,3974.62,3998.82,3937.7,3972.5,13399
2023-02-12 02:00:00,3970.83,4022.31,3954.52,3988.72,13945
2023-02-12 03:00:00,3981.3,4003.19,3968.9,3993.97,7642
2023-02-12 04:00:00,4006.39,4025.63,4006.39,4017.59,6946
2023-02-12 05:00:00,4017.58,4029.86,4006.07,4014.1,6194
2023-02-12 06:00:00,4021.63,4052.24,4021.63,4034.53,8623
2023-02-12 07:00:00,4046.1,4053.22,4035.14,4039.84,10422
2023-02-12 08:00:00,4039.36,4070.83,4029.85,4036.76,10489
2023-02-12 09:00:00,4027.73,4043.46,4027.73,4035.39,7793
2023-02-12 10:00:00,4042.32,4049.36,4027.59,4035.66,9391
2023-02-12 11:00:00,4035.2,4057.68,4035.2,4043.28,11404
2023-02-12 12:00:00,4041.06,4052.01,4037.27,4051.93,11548
2023-02-12 13:00:00,4053.62,4069.83,4041.56,4049.66,10579
2023-02-12 14:00:00,4057.9,4092.07,4018.47,4052.87,9224
2023-02-12 15:00:00,4060.51,4098.13,4060.51,4077.52,11806
2023-02-12 16:00:00,4092.83,4125.82,4092.83,4098.15,29739
2023-02-12 17:00:00,4097.68,4135.92,4097.68,4105.89,8372
2023-02-12 18:00:00,4101.48,4117.89,4101.48,4109.7,7330
2023-02-12 19:00:00,4106.66,4134.61,4106.66,4114.28,7275
2023-02-12 20:00:00,4116.74,4157.53,4116.74,4123.81,6841
2023-02-12 21:00:00,4123.84,4123.84,4115.36,4116.85,14161
2023-02-12 22:00:00,4123.9,4125.9,4108.63,4117.66,15028
2023-02-12 23:00:00,4120.67,4121.87,4096.05,4104.26,13945
2023-02-13 00:00:00,4099.95,4124.67,4087.78,4111.68,10711
2023-02-13 01:00:00,4106.62,4130.81,4082.97,4121.58,9254
2023-02-13 02:00:00,4121.22,4143.28,4107.53,4120.13,7447
2023-02-13 03:00:00,4131.18,4152.22,4131.18,4139.46,6426
2023-02-13 04:00:00,4138.34,4138.73,4126.83,4130.47,9871
2023-02-13 05:00:00,4122.37,4122.37,4114.21,4119.1,9493
2023-02-13 06:00:00,4118.01,4133.04,4116.55,4124.79,12099
2023-02-13 07:00:00,4131.12,4147.12,4130.56,4138.84,5691
2023-02-13 08:00:00,4154.07,4159.86,4154.07,4159.39,9674
2023-02-13 09:00:00,4162.08,4177.13,4143.03,4158.27,8159
2023-02-13 10:00:00,4164.44,4181.13,4164.44,4172.78,21405
2023-02-13 11:00:00,4174.69,4184.29,4174.69,4175.93,16962
2023-02-13 12:00:00,4179.84,4197.53,4150.81,4177.66,8493
2023-02-13 13:00:00,4186.41,4207.32,4180.75,4190.21,17315
2023-02-13 14:00:00,4192.05,4204.02,4192.05,4200.45,6611
2023-02-13 15:00:00,4189.75,4189.75,4179.31,4187.68,13530
2023-02-13 16:00:00,4187.82,4215.7,4185.5,4206.29,9436
2023-02-13 17:00:00,4209.87,4232.39,4196.01,4223.94,9069
2023-02-13 18:00:00,4225.53,4233.9,4211.75,4220.85,14183
2023-02-13 19:00:00,4224.67,4236.81,4224.35,4228.35,13499
2023-02-13 20:00:00,4237.06,4245.4,4228.1,4236.92,9708
2023-02-13 21:00:00,4242.27,4263.19,4242.27,4243.07,17351
2023-02-13 22:00:00,4236.02,4261.16,4236.02,4240.81,12763
2023-02-13 23:00:00,4239.23,4257.74,4228.83,4237.31,7452
2023-02-14 00:00:00,4231.62,4242.83,4220.1,4240.53,14881
2023-02-14 01:00:00,4240.38,4289.26,4240.38,4256.15,5908
2023-02-14 02:00:00,4256.77,4288.78,4256.77,4265.3,9752
2023-02-14 03:00:00,4266.32,4284.37,4256.38,4264.91,10621
2023-02-14 04:00:00,4257.51,4292.08,4241.72,4276.49,8022
2023-02-14 05:00:00,4273.77,4278.36,4232.24,4250.12,8720
2023-02-14 06:00:00,4257.04,4276.26,4257.04,4265.57,7977
2023-02-14 07:00:00,4263.0,4264.01,4242.37,4250.87,7116
2023-02-14 08:00:00,4254.38,4255.63,4239.76,4250.54,13587
2023-02-14 09:00:00,4248.89,4250.75,4215.01,4242.26,12375
2023-02-14 10:00:00,4239.24,4240.65,4210.23,4232.18,13375
2023-02-14 11:00:00,4239.14,4268.46,4239.14,4247.64,9215
2023-02-14 12:00:00,4238.27,4254.64,4215.36,4246.15,8795
2023-02-14 13:00:00,4252.4,4259.97,4252.4,4253.1,8639
2023-02-14 14:00:00,4258.33,4266.91,4227.23,4255.92,7921
2023-02-14 15:00:00,4263.95,4272.72,4263.95,4264.19,5964
2023-02-14 16:00:00,4262.27,4294.21,4244.07,4268.27,10651
2023-02-14 17:00:00,4268.01,4280.0,4252.28,4258.23,8904
2023-02-14 18:00:00,4267.45,4291.22,4257.42,4272.06,11987
2023-02-14 19:00:00,4272.31,4278.91,4250.21,4270.37,14800
2023-02-14 20:00:00,4265.58,4292.02,4238.78,4257.62,7340
2023-02-14 21:00:00,4260.37,4273.31,4248.16,4256.68,6226
2023-02-14 22:00:00,4253.37,4277.45,4253.37,4275.8,9136
2023-02-14 23:00:00,4285.78,4306.68,4285.78,4288.12,11734
2023-02-15 00:00:00,4287.3,4296.49,4258.73,4287.92,10459
2023-02-15 01:00:00,4288.18,4313.85,4275.5,4287.69,10745
2023-02-15 02:00:00,4293.49,4296.64,4276.19,4287.72,9816
2023-02-15 03:00:00,4299.46,4325.39,4299.46,4312.92,7284
2023-02-15 04:00:00,4309.53,4360.89,4289.05,4320.31,12659
2023-02-15 05:00:00,4314.64,4357.26,4293.37,4328.22,11040
2023-02-15 06:00:00,4333.83,4392.19,4333.83,4342.51,4888
2023-02-15 07:00:00,4341.0,4362.7,4341.0,4348.38,7813
2023-02-15 08:00:00,4358.15,4364.51,4321.17,4348.97,15928
2023-02-15 09:00:00,4345.52,4373.56,4338.57,4350.21,9991
2023-02-15 10:00:00,4351.27,4391.53,4344.08,4352.78,13217
2023-02-15 11:00:00,4357.9,4377.37,4348.9,4355.75,11706
2023-02-15 12:00:00,4356.3,4393.46,4356.3,4366.86,8586
2023-02-15 13:00:00,4362.08,4373.34,4332.36,4370.73,7615
2023-02-15 14:00:00,4373.15,4387.05,4373.15,4381.91,10859
2023-02-15 15:00:00,4378.89,4401.81,4375.57,4384.34,9412
2023-02-15 16:00:00,4391.41,4399.96,4379.69,4388.47,11568
2023-02-15 17:00:00,4387.56,4402.81,4359.98,4370.3,14522
2023-02-15 18:00:00,4375.53,4404.39,4358.79,4383.55,9479
2023-02-15 19:00:00,4383.08,4398.66,4381.94,4390.72,11335
2023-02-15 20:00:00,4392.75,4428.64,4379.3,4404.93,15198
2023-02-15 21:00:00,4385.91,4385.91,4371.12,4377.16,13721
2023-02-15 22:00:00,4388.77,4432.29,4384.21,4403.04,14163
2023-02-15 23:00:00,4408.24,4429.42,4402.1,4404.99,7445
2023-02-16 00:00:00,4413.25,4436.78,4413.25,4420.42,11589
2023-02-16 01:00:00,4420.13,4445.43,4392.69,4412.63,7884
2023-02-16 02:00:00,4421.88,4431.59,4421.88,4422.74,10153
2023-02-16 03:00:00,4423.66,4423.66,4398.64,4414.83,10102
2023-02-16 04:00:00,4408.28,4425.3,4401.66,4411.6,12107
2023-02-16 05:00:00,4407.5,4444.68,4407.5,4435.81,9792
2023-02-16 06:00:00,4430.99,4444.86,4423.85,4437.18,13615
2023-02-16 07:00:00,4434.64,4469.65,4426.88,4442.98,8483
2023-02-16 08:00:00,4437.87,4464.35,4420.12,4455.95,13207
2023-02-16 09:00:00,4455.94,4483.11,4455.94,4464.87,9062
2023-02-16 10:00:00,4461.33,4476.86,4451.46,4470.01,10952
2023-02-16 11:00:00,4476.72,4491.49,4455.94,4477.59,17681
2023-02-16 12:00:00,4503.01,4539.92,4503.01,4507.47,17539
2023-02-16 13:00:00,4509.59,4536.14,4487.23,4510.27,12075
2023-02-16 14:00:00,4516.22,4525.04,4497.82,4516.0,5787
2023-02-16 15:00:00,4517.92,4540.21,4514.67,4531.14,6751
2023-02-16 16:00:00,4537.81,4558.47,4537.81,4546.9,13386
2023-02-16 17:00:00,4551.54,4567.51,4536.55,4563.55,11318
2023-02-16 18:00:00,4572.11,4583.26,4547.2,4574.11,7594
2023-02-16 19:00:00,4574.09,4593.79,4543.19,4564.74,11035
2023-02-16 20:00:00,4565.21,4595.59,4548.51,4586.42,8233
2023-02-16 21:00:00,4589.53,4607.08,4536.73,4576.92,6708
2023-02-16 22:00:00,4587.37,4591.65,4552.39,4583.71,6717
2023-02-16 23:00:00,4590.37,4590.37,4536.44,4578.64,11423
2023-02-17 00:00:00,4579.45,4597.29,4572.13,4581.29,10702
2023-02-17 01:00:00,4583.96,4604.35,4583.96,4588.41,9422
2023-02-17 02:00:00,4587.78,4622.69,4586.3,4595.49,6624
2023-02-17 03:00:00,4600.94,4642.33,4578.92,4603.7,10572
2023-02-17 04:00:00,4616.08,4634.58,4616.08,4625.33,15076
2023-02-17 05:00:00,4631.72,4644.73,4631.72,4633.87,8626
2023-02-17 06:00:00,4636.5,4643.74,4614.31,4634.47,8359
2023-02-17 07:00:00,4639.39,4677.17,4620.48,4648.76,14962
2023-02-17 08:00:00,4645.85,4696.65,4645.85,4665.63,12161
2023-02-17 09:00:00,4662.52,4666.85,4624.62,4654.98,15501
2023-02-17 10:00:00,4659.11,4674.58,4659.11,4665.25,9042
2023-02-17 11:00:00,4667.39,4701.63,4667.39,4676.75,9389
2023-02-17 12:00:00,4676.03,4701.34,4667.48,4676.83,9132
2023-02-17 13:00:00,4670.44,4705.44,4668.8,4696.04,12616
2023-02-17 14:00:00,4695.99,4707.71,4678.87,4697.75,7716
2023-02-17 15:00:00,4706.87,4743.07,4693.26,4702.67,12330
2023-02-17 16:00:00,4698.83,4717.71,4694.69,4704.1,7743
2023-02-17 17:00:00,4702.47,4711.66,4702.47,4707.74,9597
2023-02-17 18:00:00,4699.17,4708.06,4692.71,4698.67,7564
2023-02-17 19:00:00,4700.78,4720.33,4676.37,4685.74,11035
2023-02-17 20:00:00,4683.7,4712.91,4680.56,4707.78,6513
2023-02-17 21:00:00,4702.51,4720.12,4688.47,4701.75,16022
2023-02-17 22:00:00,4699.0,4718.46,4691.73,4694.12,10047
2023-02-17 23:00:00,4697.72,4697.72,4661.69,4673.14,9652
2023-02-18 00:00:00,4666.35,4675.22,4666.35,4669.69,13242
2023-02-18 01:00:00,4666.06,4667.78,4655.2,4658.47,11630
2023-02-18 02:00:00,4669.7,4710.49,4669.7,4681.16,7734
2023-02-18 03:00:00,4687.49,4698.49,4650.59,4696.72,10437
2023-02-18 04:00:00,4692.77,4702.13,4683.36,4692.75,10780
2023-02-18 05:00:00,4685.06,4722.73,4674.11,4722.59,9091
2023-02-18 06:00:00,4729.56,4767.4,4729.56,4737.87,5519
2023-02-18 07:00:00,4737.19,4773.83,4727.55,4737.95,14056
2023-02-18 08:00:00,4736.54,4748.12,4703.39,4712.82,7585
2023-02-18 09:00:00,4723.83,4774.22,4705.57,4743.11,10290
2023-02-18 10:00:00,4735.83,4740.28,4695.64,4730.82,10485
2023-02-18 11:00:00,4728.79,4729.67,4680.51,4715.63,6726
2023-02-18 12:00:00,4716.22,4755.57,4716.22,4731.34,6903
2023-02-18 13:00:00,4742.05,4772.6,4742.05,4763.46,10751
2023-02-18 14:00:00,4760.7,4811.38,4760.7,4783.39,13783
2023-02-18 15:00:00,4783.15,4803.38,4760.31,4793.79,11071
2023-02-18 16:00:00,4791.54,4809.82,4780.86,4804.59,15503
2023-02-18 17:00:00,4799.07,4832.81,4787.16,4818.4,9461
2023-02-18 18:00:00,4825.0,4849.7,4825.0,4831.07,7816
2023-02-18 19:00:00,4836.4,4845.26,4836.4,4838.13,8711
2023-02-18 20:00:00,4837.01,4868.01,4833.38,4843.06,8894
2023-02-18 21:00:00,4850.73,4855.71,4840.65,4846.02,21692
2023-02-18 22:00:00,4840.67,4862.04,4825.37,4840.78,5691
2023-02-18 23:00:00,4848.17,4858.81,4831.52,4841.2,14079
2023-02-19 00:00:00,4827.12,4843.66,4816.69,4824.92,12598
2023-02-19 01:00:00,4823.05,4831.95,4800.85,4827.53,9026
2023-02-19 02:00:00,4821.54,4821.54,4805.31,4819.53,10326
2023-02-19 03:00:00,4813.19,4819.81,4792.05,4810.19,8275
2023-02-19 04:00:00,4805.44,4833.04,4773.84,4816.1,11992
2023-02-19 05:00:00,4826.75,4846.09,4826.75,4836.42,8707
2023-02-19 06:00:00,4840.23,4852.06,4840.23,4851.25,5547
2023-02-19 07:00:00,4843.04,4843.04,4819.68,4836.52,8371
2023-02-19 08:00:00,4829.92,4865.31,4788.21,4828.68,11586
2023-02-19 09:00:00,4829.4,4853.29,4808.14,4843.6,7397
2023-02-19 10:00:00,4838.59,4847.88,4809.0,4835.69,5338
2023-02-19 11:00:00,4834.72,4853.73,4800.57,4836.79,8594
2023-02-19 12:00:00,4837.92,4858.08,4829.99,4847.14,8115
2023-02-19 13:00:00,4845.82,4875.68,4792.81,4839.51,12935
2023-02-19 14:00:00,4834.82,4867.51,4813.13,4844.66,7468
2023-02-19 15:00:00,4846.14,4857.61,4805.32,4832.69,10975
2023-02-19 16:00:00,4827.99,4885.08,4820.37,4829.41,6462
2023-02-19 17:00:00,4820.48,4846.78,4820.48,4837.07,8211
2023-02-19 18:00:00,4841.72,4841.72,4798.39,4822.1,6392
2023-02-19 19:00:00,4827.63,4857.52,4821.59,4831.25,6275
2023-02-19 20:00:00,4823.1,4854.9,4808.78,4834.92,8940
2023-02-19 21:00:00,4837.9,4855.09,4835.71,4845.4,7131
2023-02-19 22:00:00,4844.98,4853.91,4830.8,4852.01,13622
2023-02-19 23:00:00,4858.4,4898.85,4858.4,4872.12,5957
2023-02-20 00:00:00,4881.21,4914.76,4854.96,4877.44,10646
2023-02-20 01:00:00,4872.19,4926.36,4872.19,4876.18,8350
2023-02-20 02:00:00,4873.97,4893.18,4851.51,4881.51,6687
2023-02-20 03:00:00,4881.45,4906.72,4881.45,4891.95,18089
2023-02-20 04:00:00,4882.38,4912.3,4867.41,4896.49,10328
2023-02-20 05:00:00,4900.03,4911.03,4900.03,4900.92,6996
2023-02-20 06:00:00,4899.43,4940.58,4889.43,4896.44,10538
2023-02-20 07:00:00,4897.36,4915.48,4852.6,4892.45,8780
2023-02-20 08:00:00,4888.9,4903.13,4851.94,4879.58,16625
2023-02-20 09:00:00,4886.36,4940.88,4831.53,4904.43,9962
2023-02-20 10:00:00,4895.62,4895.62,4861.0,4893.42,8173
2023-02-20 11:00:00,4887.31,4898.9,4850.61,4889.12,11039
2023-02-20 12:00:00,4888.73,4900.1,4879.69,4884.57,6785
2023-02-20 13:00:00,4888.36,4922.84,4867.0,4899.42,7128
2023-02-20 14:00:00,4902.55,4902.55,4878.91,4899.98,10569
2023-02-20 15:00:00,4909.31,4934.26,4909.31,4919.15,7396
2023-02-20 16:00:00,4914.9,4924.99,4869.08,4915.16,12294
2023-02-20 17:00:00,4905.0,4926.9,4901.94,4922.61,8015
2023-02-20 18:00:00,4913.16,4923.12,4913.16,4916.54,8754
2023-02-20 19:00:00,4923.62,4980.57,4923.62,4946.38,15017
2023-02-20 20:00:00,4936.03,4963.79,4926.05,4935.93,15743
2023-02-20 21:00:00,4931.76,4944.73,4919.76,4943.66,13445
2023-02-20 22:00:00,4949.06,4966.99,4949.06,4955.33,9780
2023-02-20 23:00:00,4954.36,4974.21,4954.36,4964.29,11429
2023-02-21 00:00:00,4972.56,4987.57,4956.0,4965.94,9660
2023-02-21 01:00:00,4965.55,4992.64,4958.31,4968.25,7281
2023-02-21 02:00:00,4970.47,4980.63,4934.32,4972.59,13791
2023-02-21 03:00:00,4978.69,4987.32,4930.61,4974.57,5893
2023-02-21 04:00:00,4976.07,5000.02,4971.87,4990.04,11509
2023-02-21 05:00:00,5010.8,5034.71,5010.8,5020.85,13776
2023-02-21 06:00:00,5019.82,5047.01,4979.33,5017.74,18947
2023-02-21 07:00:00,5010.62,5010.62,4977.53,5004.7,8740
2023-02-21 08:00:00,5008.09,5008.09,4983.64,5007.37,9605
2023-02-21 09:00:00,5020.63,5052.92,5000.26,5042.83,9558
2023-02-21 10:00:00,5044.78,5059.73,5007.64,5036.74,15616
2023-02-21 11:00:00,5053.88,5064.01,5053.88,5060.71,18470
2023-02-21 12:00:00,5062.38,5105.36,5062.38,5085.19,8774
2023-02-21 13:00:00,5084.59,5088.81,5021.94,5081.96,9613
2023-02-21 14:00:00,5077.26,5117.0,5067.89,5092.76,10129
2023-02-21 15:00:00,5104.04,5126.98,5104.04,5116.75,14171
2023-02-21 16:00:00,5120.81,5143.57,5083.22,5115.62,10392
2023-02-21 17:00:00,5117.56,5126.91,5064.06,5116.67,7886
2023-02-21 18:00:00,5112.38,5148.49,5097.92,5113.0,17159
2023-02-21 19:00:00,5110.02,5129.89,5021.52,5103.99,6640
2023-02-21 20:00:00,5100.17,5100.17,5081.6,5099.56,10822
2023-02-21 21:00:00,5103.07,5123.03,5084.42,5088.02,10779
2023-02-21 22:00:00,5086.25,5131.06,5071.12,5092.2,5678
2023-02-21 23:00:00,5110.12,5120.9,5069.64,5086.3,9060
2023-02-22 00:00:00,5087.73,5109.89,5087.73,5092.99,11193
2023-02-22 01:00:00,5093.26,5093.26,5056.61,5077.4,7743
2023-02-22 02:00:00,5075.24,5105.7,5075.24,5085.41,9239
2023-02-22 03:00:00,5093.03,5157.98,5093.03,5099.62,12804
2023-02-22 04:00:00,5083.36,5083.36,5034.66,5078.51,7216
2023-02-22 05:00:00,5091.51,5147.2,5062.82,5087.04,6661
2023-02-22 06:00:00,5100.09,5140.39,5100.09,5106.22,13450
2023-02-22 07:00:00,5101.04,5101.04,5055.59,5094.89,10756
2023-02-22 08:00:00,5109.37,5126.27,5109.37,5119.61,7687
2023-02-22 09:00:00,5115.31,5151.32,5108.33,5128.65,12829
2023-02-22 10:00:00,5124.69,5124.69,5099.86,5123.65,15118
2023-02-22 11:00:00,5121.82,5145.86,5121.29,5126.92,9815
2023-02-22 12:00:00,5127.94,5152.44,5127.94,5137.93,15093
2023-02-22 13:00:00,5151.46,5151.46,5095.91,5142.94,9139
2023-02-22 14:00:00,5148.78,5193.62,5143.49,5153.79,9469
2023-02-22 15:00:00,5166.1,5167.01,5107.21,5146.26,7893
2023-02-22 16:00:00,5145.6,5163.34,5138.97,5152.59,8267
2023-02-22 17:00:00,5154.58,5180.17,5128.68,5138.95,9004
2023-02-22 18:00:00,5148.64,5176.91,5117.76,5141.78,10408
2023-02-22 19:00:00,5142.22,5172.68,5117.04,5134.54,14550
2023-02-22 20:00:00,5139.95,5185.36,5119.2,5129.46,12055
2023-02-22 21:00:00,5139.24,5155.27,5139.24,5149.22,11301
2023-02-22 22:00:00,5149.46,5190.92,5115.26,5167.23,11520
2023-02-22 23:00:00,5170.33,5193.17,5170.33,5179.2,7991
2023-02-23 00:00:00,5181.31,5204.32,5154.05,5169.55,8584
2023-02-23 01:00:00,5174.8,5185.56,5111.33,5169.69,17285
2023-02-23 02:00:00,5172.42,5199.55,5156.04,5189.17,15812
2023-02-23 03:00:00,5187.87,5210.6,5156.48,5195.06,7392
2023-02-23 04:00:00,5207.23,5231.73,5207.23,5228.64,8081
2023-02-23 05:00:00,5226.06,5254.84,5226.06,5237.72,11388
2023-02-23 06:00:00,5242.62,5252.84,5242.19,5244.32,8506
2023-02-23 07:00:00,5252.65,5271.82,5212.96,5244.49,7929
2023-02-23 08:00:00,5238.09,5272.77,5231.06,5250.35,13256
2023-02-23 09:00:00,5232.2,5256.67,5204.62,5252.52,7840
2023-02-23 10:00:00,5255.24,5307.65,5255.24,5265.77,9026
2023-02-23 11:00:00,5259.78,5289.2,5241.0,5282.2,13708
2023-02-23 12:00:00,5273.74,5301.5,5265.45,5276.1,10329
2023-02-23 13:00:00,5273.53,5273.53,5252.48,5263.01,6745
2023-02-23 14:00:00,5266.36,5289.74,5193.86,5243.5,12068
2023-02-23 15:00:00,5237.78,5264.77,5237.78,5254.26,4324
2023-02-23 16:00:00,5254.8,5254.8,5216.93,5244.31,10306
2023-02-23 17:00:00,5238.26,5238.26,5186.11,5220.84,7691
2023-02-23 18:00:00,5221.3,5240.54,5203.21,5230.08,8492
2023-02-23 19:00:00,5263.63,5275.92,5263.63,5266.26,6718
2023-02-23 20:00:00,5268.33,5296.79,5259.53,5270.29,12087
2023-02-23 21:00:00,5285.42,5309.72,5269.87,5285.18,6802
2023-02-23 22:00:00,5286.08,5295.01,5279.72,5290.3,12603
2023-02-23 23:00:00,5283.91,5312.19,5282.49,5293.08,15088
2023-02-24 00:00:00,5297.08,5347.27,5269.9,5308.96,9982
2023-02-24 01:00:00,5302.52,5313.5,5257.14,5309.16,12444
2023-02-24 02:00:00,5314.37,5348.08,5296.57,5316.55,13305
2023-02-24 03:00:00,5319.36,5343.59,5294.83,5324.65,11630
2023-02-24 04:00:00,5315.95,5348.72,5309.22,5319.86,8613
2023-02-24 05:00:00,5335.11,5347.44,5335.11,5336.77,11397
2023-02-24 06:00:00,5329.12,5349.22,5327.86,5338.54,12727
2023-02-24 07:00:00,5336.81,5350.91,5313.02,5332.65,8290
2023-02-24 08:00:00,5327.88,5384.62,5327.88,5343.67,9044
2023-02-24 09:00:00,5339.8,5354.37,5325.23,5335.9,8541
2023-02-24 10:00:00,5329.63,5356.78,5329.63,5340.31,11753
2023-02-24 11:00:00,5351.34,5351.34,5321.96,5344.24,9490
2023-02-24 12:00:00,5360.28,5393.15,5360.28,5362.49,5760
2023-02-24 13:00:00,5351.78,5404.71,5335.63,5372.71,13870
2023-02-24 14:00:00,5385.44,5387.05,5345.21,5376.29,6129
2023-02-24 15:00:00,5374.74,5401.82,5365.94,5391.04,7764
2023-02-24 16:00:00,5402.54,5424.2,5402.54,5413.37,12038
2023-02-24 17:00:00,5419.43,5438.35,5414.14,5424.76,7452
2023-02-24 18:00:00,5434.81,5450.32,5426.17,5428.86,18036
2023-02-24 19:00:00,5411.46,5432.95,5404.51,5415.34,15988
2023-02-24 20:00:00,5407.21,5407.21,5384.21,5405.12,9568
2023-02-24 21:00:00,5402.63,5425.08,5394.23,5405.04,7233
2023-02-24 22:00:00,5417.51,5452.35,5394.93,5400.89,13156
2023-02-24 23:00:00,5398.8,5413.26,5398.8,5402.45,10056
2023-02-25 00:00:00,5397.18,5421.92,5359.47,5407.18,19557
2023-02-25 01:00:00,5418.94,5439.09,5398.5,5418.18,8885
2023-02-25 02:00:00,5415.58,5435.79,5410.47,5421.31,8035
2023-02-25 03:00:00,5415.16,5442.74,5397.26,5431.87,10649
2023-02-25 04:00:00,5425.95,5441.19,5425.95,5436.83,15375
2023-02-25 05:00:00,5435.09,5435.09,5414.05,5414.57,5237
2023-02-25 06:00:00,5407.21,5422.13,5384.82,5406.14,11489
2023-02-25 07:00:00,5402.67,5457.98,5340.07,5408.33,6917
2023-02-25 08:00:00,5404.4,5414.08,5373.98,5396.5,12387
2023-02-25 09:00:00,5397.81,5456.71,5397.81,5408.63,5849
2023-02-25 10:00:00,5422.17,5460.27,5422.17,5433.04,16353
2023-02-25 11:00:00,5433.79,5465.14,5424.88,5453.21,9217
2023-02-25 12:00:00,5460.07,5483.61,5443.32,5454.22,11717
2023-02-25 13:00:00,5477.24,5499.29,5477.24,5478.01,10659
2023-02-25 14:00:00,5477.43,5501.41,5471.68,5483.92,11450
2023-02-25 15:00:00,5487.04,5488.46,5472.38,5483.35,10497
2023-02-25 16:00:00,5481.77,5481.77,5478.74,5479.09,7991
2023-02-25 17:00:00,5482.72,5494.33,5474.98,5479.01,11612
2023-02-25 18:00:00,5487.15,5496.02,5466.81,5477.76,12582
2023-02-25 19:00:00,5474.19,5488.96,5446.76,5484.1,18132
2023-02-25 20:00:00,5483.31,5512.36,5479.34,5490.32,9312
2023-02-25 21:00:00,5485.22,5509.32,5476.0,5494.31,7143
2023-02-25 22:00:00,5510.43,5530.54,5493.09,5504.1,8830
2023-02-25 23:00:00,5511.53,5533.56,5492.09,5524.0,12914
2023-02-26 00:00:00,5530.31,5551.72,5506.02,5540.64,11322
2023-02-26 01:00:00,5528.15,5555.94,5490.15,5524.28,7718
2023-02-26 02:00:00,5521.43,5523.64,5482.57,5493.56,20292
2023-02-26 03:00:00,5494.97,5543.03,5465.88,5510.04,13136
2023-02-26 04:00:00,5506.54,5506.54,5491.82,5495.55,11383
2023-02-26 05:00:00,5494.03,5511.76,5476.58,5496.49,7042
2023-02-26 06:00:00,5487.69,5487.69,5460.13,5484.81,8483
2023-02-26 07:00:00,5475.61,5475.61,5463.23,5464.68,8591
2023-02-26 08:00:00,5465.09,5502.47,5450.7,5476.06,13532
2023-02-26 09:00:00,5475.11,5494.89,5450.71,5490.35,6735
2023-02-26 10:00:00,5474.12,5497.67,5464.69,5486.69,11860
2023-02-26 11:00:00,5468.79,5468.79,5445.1,5456.01,12614
2023-02-26 12:00:00,5456.0,5492.67,5434.0,5452.95,6254
2023-02-26 13:00:00,5446.37,5503.16,5443.14,5462.39,12668
2023-02-26 14:00:00,5457.65,5457.65,5421.99,5446.75,8856
2023-02-26 15:00:00,5433.61,5455.79,5428.99,5453.52,12621
2023-02-26 16:00:00,5451.77,5471.57,5435.89,5457.62,10096
2023-02-26 17:00:00,5452.26,5498.97,5452.26,5469.7,12074
2023-02-26 18:00:00,5476.75,5501.79,5463.16,5475.54,10102
2023-02-26 19:00:00,5479.36,5504.98,5455.77,5466.7,8082
2023-02-26 20:00:00,5476.0,5500.85,5476.0,5486.97,8979
2023-02-26 21:00:00,5492.72,5498.77,5455.51,5489.08,11233
2023-02-26 22:00:00,5488.3,5495.22,5488.3,5492.8,7687
2023-02-26 23:00:00,5486.73,5486.73,5476.51,5484.35,8660
2023-02-27 00:00:00,5476.07,5509.67,5471.51,5482.47,11191
2023-02-27 01:00:00,5490.62,5507.49,5456.4,5474.7,19621
2023-02-27 02:00:00,5481.12,5499.66,5455.42,5476.46,12928
2023-02-27 03:00:00,5486.89,5514.46,5486.89,5503.46,11433
2023-02-27 04:00:00,5497.76,5501.58,5470.79,5488.94,12565
2023-02-27 05:00:00,5479.74,5520.22,5438.1,5471.21,10138
2023-02-27 06:00:00,5483.92,5510.83,5483.92,5494.91,8594
2023-02-27 07:00:00,5496.56,5506.96,5484.98,5495.97,8706
2023-02-27 08:00:00,5498.71,5501.74,5449.96,5490.75,7225
2023-02-27 09:00:00,5497.59,5527.2,5497.59,5508.61,7569
2023-02-27 10:00:00,5519.98,5528.29,5463.4,5504.21,15453
2023-02-27 11:00:00,5501.39,5545.93,5498.13,5532.6,9410
2023-02-27 12:00:00,5534.47,5569.86,5534.47,5545.56,13678
2023-02-27 13:00:00,5538.33,5571.61,5515.89,5542.65,10395
2023-02-27 14:00:00,5564.48,5586.78,5564.48,5575.63,11903
2023-02-27 15:00:00,5574.94,5586.1,5543.04,5571.0,13875
2023-02-27 16:00:00,5565.97,5596.02,5559.81,5584.85,10052
2023-02-27 17:00:00,5577.78,5595.58,5540.21,5592.58,16561
2023-02-27 18:00:00,5601.49,5635.87,5601.49,5614.04,9956
2023-02-27 19:00:00,5632.79,5647.2,5632.79,5639.01,7076
2023-02-27 20:00:00,5641.81,5664.95,5575.99,5642.87,6558
2023-02-27 21:00:00,5642.89,5650.84,5594.73,5635.88,11968
2023-02-27 22:00:00,5642.48,5693.12,5597.37,5645.64,10430
2023-02-27 23:00:00,5644.04,5647.4,5638.14,5639.63,12450
2023-02-28 00:00:00,5646.02,5682.1,5640.83,5670.76,15956
2023-02-28 01:00:00,5669.41,5692.23,5601.93,5675.91,10155
2023-02-28 02:00:00,5672.67,5686.42,5664.0,5674.15,12878
2023-02-28 03:00:00,5684.7,5691.35,5668.63,5679.99,7635
2023-02-28 04:00:00,5671.89,5675.81,5655.86,5664.48,8682
2023-02-28 05:00:00,5677.94,5693.71,5652.36,5654.3,10744
2023-02-28 06:00:00,5658.37,5678.89,5658.37,5674.34,9734
2023-02-28 07:00:00,5676.27,5685.03,5632.49,5668.51,6598
2023-02-28 08:00:00,5653.14,5659.65,5637.89,5657.28,12640
2023-02-28 09:00:00,5664.74,5679.42,5664.74,5668.08,8882
2023-02-28 10:00:00,5676.51,5715.58,5676.51,5687.89,5572
2023-02-28 11:00:00,5688.37,5737.75,5679.21,5701.08,11953
2023-02-28 12:00:00,5701.14,5729.6,5701.14,5718.16,14642
2023-02-28 13:00:00,5726.83,5742.88,5660.21,5710.79,11603
2023-02-28 14:00:00,5705.56,5705.56,5678.24,5694.18,7016
2023-02-28 15:00:00,5688.77,5763.89,5670.09,5718.38,7732
2023-02-28 16:00:00,5710.4,5762.54,5689.79,5717.05,11495
2023-02-28 17:00:00,5715.19,5747.6,5713.43,5716.84,10809
2023-02-28 18:00:00,5727.33,5742.59,5727.33,5738.8,13977
2023-02-28 19:00:00,5743.49,5783.67,5743.49,5749.99,12160
2023-02-28 20:00:00,5755.56,5779.42,5748.26,5759.78,11838
2023-02-28 21:00:00,5774.4,5805.23,5774.4,5793.64,10966
2023-02-28 22:00:00,5796.45,5796.45,5764.63,5787.74,8850
2023-02-28 23:00:00,5781.96,5824.11,5754.99,5804.15,12408
2023-03-01 00:00:00,5810.94,5819.84,5796.61,5808.22,9248
2023-03-01 01:00:00,5803.76,5895.62,5803.76,5815.39,12634
2023-03-01 02:00:00,5807.93,5859.48,5806.72,5840.58,13856
2023-03-01 03:00:00,5834.12,5856.08,5831.42,5851.12,8105
2023-03-01 04:00:00,5852.71,5877.01,5852.71,5862.11,10131
2023-03-01 05:00:00,5882.66,5882.66,5869.05,5880.81,8992
2023-03-01 06:00:00,5879.36,5890.61,5863.69,5878.86,18072
2023-03-01 07:00:00,5874.72,5922.88,5858.31,5870.05,12303
2023-03-01 08:00:00,5859.08,5881.69,5846.03,5858.52,13757
2023-03-01 09:00:00,5853.52,5853.52,5814.14,5833.76,8014
2023-03-01 10:00:00,5839.28,5890.91,5812.06,5866.61,7459
2023-03-01 11:00:00,5860.57,5865.87,5842.45,5854.16,8096
2023-03-01 12:00:00,5843.39,5896.04,5842.86,5854.57,7578
2023-03-01 13:00:00,5865.84,5865.84,5842.43,5854.14,7304
2023-03-01 14:00:00,5856.5,5909.52,5829.53,5862.08,6861
2023-03-01 15:00:00,5859.86,5892.44,5857.4,5877.39,11392
2023-03-01 16:00:00,5880.48,5905.13,5856.91,5893.34,15120
2023-03-01 17:00:00,5898.7,5905.62,5881.45,5888.44,12940
2023-03-01 18:00:00,5883.57,5901.39,5855.46,5889.61,17926
2023-03-01 19:00:00,5892.2,5925.77,5889.43,5897.29,6757
2023-03-01 20:00:00,5902.4,5956.19,5889.83,5897.35,5913
2023-03-01 21:00:00,5898.94,5958.71,5898.94,5924.31,7673
2023-03-01 22:00:00,5924.74,5947.02,5889.95,5935.14,8982
2023-03-01 23:00:00,5937.64,5974.54,5937.64,5949.54,5150
2023-03-02 00:00:00,5950.97,5975.59,5950.97,5962.9,15980
2023-03-02 01:00:00,5963.68,6011.45,5926.2,5983.75,11115
2023-03-02 02:00:00,5990.26,6031.34,5978.09,5990.07,11414
2023-03-02 03:00:00,5979.55,6007.18,5953.17,5974.71,10166
2023-03-02 04:00:00,5984.22,6010.17,5940.46,5984.35,13521
2023-03-02 05:00:00,5982.13,5990.62,5966.71,5978.67,7940
2023-03-02 06:00:00,5992.29,6015.87,5955.71,5974.73,7855
2023-03-02 07:00:00,5980.39,5999.11,5963.13,5987.14,7614
2023-03-02 08:00:00,5995.99,6021.09,5995.99,6009.07,11083
2023-03-02 09:00:00,6005.75,6023.75,6005.75,6013.09,14851
2023-03-02 10:00:00,6020.01,6035.47,6019.86,6021.37,7074
2023-03-02 11:00:00,6011.47,6087.61,6001.05,6050.24,18606
2023-03-02 12:00:00,6047.55,6099.92,6045.39,6057.5,10396
2023-03-02 13:00:00,6081.11,6129.56,6081.11,6099.68,7759
2023-03-02 14:00:00,6091.67,6134.59,6069.74,6111.55,11436
2023-03-02 15:00:00,6104.82,6104.82,6076.47,6088.64,8511
2023-03-02 16:00:00,6083.84,6130.86,6067.09,6103.24,8439
2023-03-02 17:00:00,6100.12,6126.07,6100.12,6112.34,14897
2023-03-02 18:00:00,6135.35,6169.78,6122.81,6135.08,15367
2023-03-02 19:00:00,6126.35,6187.59,6101.16,6148.66,11343
2023-03-02 20:00:00,6145.17,6162.3,6145.17,6150.0,14184
2023-03-02 21:00:00,6144.47,6146.16,6119.25,6134.86,5702
2023-03-02 22:00:00,6132.27,6180.78,6122.83,6135.1,12224
2023-03-02 23:00:00,6135.56,6135.56,6113.78,6125.8,11905
2023-03-03 00:00:00,6126.01,6168.57,6113.73,6120.66,7992
2023-03-03 01:00:00,6132.53,6140.87,6132.53,6133.04,13939
2023-03-03 02:00:00,6125.03,6173.92,6125.03,6161.67,12608
2023-03-03 03:00:00,6158.73,6189.26,6158.73,6171.07,8491
2023-03-03 04:00:00,6171.12,6172.8,6121.24,6156.38,11137
2023-03-03 05:00:00,6154.24,6195.83,6154.24,6166.58,11177
2023-03-03 06:00:00,6179.07,6192.21,6179.07,6188.06,7491
2023-03-03 07:00:00,6188.23,6194.48,6174.96,6182.12,9408
2023-03-03 08:00:00,6181.09,6216.55,6181.09,6183.35,7758
2023-03-03 09:00:00,6172.79,6199.13,6168.94,6186.76,10419
2023-03-03 10:00:00,6182.78,6223.66,6151.67,6178.06,18278
2023-03-03 11:00:00,6179.09,6243.4,6155.56,6191.18,11144
2023-03-03 12:00:00,6191.82,6215.73,6180.23,6192.61,10744
2023-03-03 13:00:00,6199.57,6236.14,6189.76,6202.16,11776
2023-03-03 14:00:00,6204.29,6204.29,6162.45,6191.9,10887
2023-03-03 15:00:00,6183.16,6225.61,6176.26,6188.64,14131
2023-03-03 16:00:00,6190.53,6214.17,6190.53,6202.94,19118
2023-03-03 17:00:00,6206.06,6222.08,6167.67,6200.57,11069
2023-03-03 18:00:00,6221.51,6274.36,6221.51,6230.15,9738
2023-03-03 19:00:00,6230.79,6243.88,6195.21,6227.43,10746
2023-03-03 20:00:00,6222.87,6259.24,6217.03,6234.22,7745
2023-03-03 21:00:00,6244.37,6262.06,6239.24,6251.74,9829
2023-03-03 22:00:00,6245.77,6245.77,6212.79,6233.31,13629
2023-03-03 23:00:00,6240.76,6240.76,6197.4,6209.82,7251
2023-03-04 00:00:00,6199.92,6199.92,6159.74,6190.09,10575
2023-03-04 01:00:00,6200.28,6248.29,6182.76,6212.74,9892
2023-03-04 02:00:00,6221.05,6242.0,6195.44,6207.86,11261
2023-03-04 03:00:00,6237.84,6287.53,6237.84,6250.34,8114
2023-03-04 04:00:00,6232.73,6276.97,6225.55,6245.13,11600
2023-03-04 05:00:00,6239.51,6272.79,6238.91,6251.41,6426
2023-03-04 06:00:00,6268.15,6301.04,6268.15,6278.39,10144
2023-03-04 07:00:00,6290.5,6325.22,6290.5,6312.6,14038
2023-03-04 08:00:00,6325.65,6375.44,6322.33,6347.72,9385
2023-03-04 09:00:00,6360.15,6401.55,6346.72,6369.65,10340
2023-03-04 10:00:00,6371.15,6410.56,6366.33,6388.72,14528
2023-03-04 11:00:00,6401.76,6439.73,6382.48,6401.04,13001
2023-03-04 12:00:00,6397.85,6425.45,6365.19,6416.33,11483
2023-03-04 13:00:00,6407.9,6443.77,6397.93,6410.75,8785
2023-03-04 14:00:00,6405.92,6413.82,6350.96,6401.01,11205
2023-03-04 15:00:00,6394.8,6441.16,6363.09,6404.16,5905
2023-03-04 16:00:00,6416.94,6428.88,6368.63,6404.72,11415
2023-03-04 17:00:00,6393.23,6416.08,6366.85,6400.83,6673
2023-03-04 18:00:00,6393.15,6419.85,6379.59,6414.98,11388
2023-03-04 19:00:00,6429.87,6464.39,6403.26,6433.18,5936
2023-03-04 20:00:00,6428.93,6458.42,6413.38,6437.76,8167
2023-03-04 21:00:00,6439.59,6483.46,6439.59,6464.23,6902
2023-03-04 22:00:00,6461.11,6462.12,6423.18,6449.22,9512
2023-03-04 23:00:00,6447.58,6466.25,6417.94,6449.42,7752
2023-03-05 00:00:00,6446.55,6496.1,6403.56,6441.43,8080
2023-03-05 01:00:00,6417.44,6417.44,6396.63,6415.3,8726
2023-03-05 02:00:00,6418.4,6430.15,6381.57,6417.45,18539
2023-03-05 03:00:00,6417.79,6431.83,6408.84,6418.99,12232
2023-03-05 04:00:00,6431.71,6481.79,6431.71,6446.29,8877
2023-03-05 05:00:00,6438.05,6461.27,6438.05,6459.68,8508
2023-03-05 06:00:00,6466.6,6492.0,6429.92,6446.97,15776
2023-03-05 07:00:00,6465.21,6495.12,6465.21,6479.81,7925
2023-03-05 08:00:00,6489.67,6515.68,6489.67,6502.67,17576
2023-03-05 09:00:00,6509.23,6557.78,6478.74,6515.44,9168
2023-03-05 10:00:00,6507.21,6563.39,6484.35,6515.31,7925
2023-03-05 11:00:00,6505.58,6505.58,6464.32,6503.5,12951
2023-03-05 12:00:00,6513.36,6562.69,6450.51,6501.15,8746
2023-03-05 13:00:00,6505.24,6549.81,6463.67,6522.08,5550
2023-03-05 14:00:00,6542.13,6582.8,6542.13,6555.73,8104
2023-03-05 15:00:00,6573.45,6616.71,6573.45,6583.93,12330
2023-03-05 16:00:00,6582.93,6596.82,6572.13,6579.35,10700
2023-03-05 17:00:00,6569.61,6597.84,6535.47,6564.57,10905
2023-03-05 18:00:00,6567.07,6617.9,6557.43,6570.06,9896
2023-03-05 19:00:00,6566.48,6581.82,6520.76,6544.77,14162
2023-03-05 20:00:00,6553.46,6560.34,6540.09,6553.2,11855
2023-03-05 21:00:00,6551.61,6567.18,6535.05,6554.07,8633
2023-03-05 22:00:00,6550.46,6572.84,6548.31,6549.82,9503
2023-03-05 23:00:00,6541.26,6541.26,6514.29,6527.35,6978
2023-03-06 00:00:00,6527.77,6551.93,6527.77,6538.85,12325
2023-03-06 01:00:00,6528.41,6546.72,6501.38,6533.66,11438
2023-03-06 02:00:00,6525.14,6553.11,6506.72,6518.33,8037
2023-03-06 03:00:00,6500.94,6500.94,6417.28,6476.05,16064
2023-03-06 04:00:00,6471.33,6494.51,6425.11,6479.27,8326
2023-03-06 05:00:00,6498.15,6580.88,6498.15,6511.18,9112
2023-03-06 06:00:00,6519.59,6589.21,6495.0,6541.31,13430
2023-03-06 07:00:00,6537.8,6553.62,6524.49,6537.57,6843
2023-03-06 08:00:00,6542.29,6574.04,6509.85,6531.45,17411
2023-03-06 09:00:00,6543.75,6545.12,6519.5,6542.5,12233
2023-03-06 10:00:00,6533.2,6533.2,6488.02,6530.06,8032
2023-03-06 11:00:00,6532.25,6563.69,6520.72,6538.49,7807
2023-03-06 12:00:00,6539.63,6572.39,6486.23,6554.4,14388
2023-03-06 13:00:00,6569.42,6590.86,6569.42,6577.71,12802
2023-03-06 14:00:00,6578.22,6603.11,6569.46,6579.62,14911
2023-03-06 15:00:00,6580.4,6607.8,6543.38,6579.83,8956
2023-03-06 16:00:00,6574.48,6592.79,6539.6,6569.24,10658
2023-03-06 17:00:00,6565.97,6580.49,6546.37,6559.49,5546
2023-03-06 18:00:00,6562.77,6570.6,6501.43,6559.52,6067
2023-03-06 19:00:00,6571.67,6582.32,6540.9,6569.18,7261
2023-03-06 20:00:00,6581.5,6607.57,6581.5,6587.51,12685
2023-03-06 21:00:00,6577.96,6623.86,6565.07,6578.22,11141
2023-03-06 22:00:00,6573.65,6646.12,6563.55,6606.12,8052
2023-03-06 23:00:00,6603.58,6643.72,6584.06,6605.53,6817
2023-03-07 00:00:00,6607.46,6627.25,6575.7,6609.03,7105
2023-03-07 01:00:00,6599.12,6624.89,6570.62,6600.86,6724
2023-03-07 02:00:00,6578.73,6578.73,6541.02,6565.6,10951
2023-03-07 03:00:00,6573.94,6610.93,6546.15,6583.88,8823
2023-03-07 04:00:00,6586.85,6630.2,6576.01,6599.71,9468
2023-03-07 05:00:00,6606.16,6628.23,6579.11,6599.08,7864
2023-03-07 06:00:00,6607.55,6617.34,6561.18,6604.13,9571
2023-03-07 07:00:00,6604.65,6638.52,6571.54,6616.48,7423
2023-03-07 08:00:00,6608.4,6608.4,6565.87,6595.21,11918
2023-03-07 09:00:00,6595.16,6624.25,6533.28,6590.74,9458
2023-03-07 10:00:00,6588.75,6620.84,6588.18,6607.62,11825
2023-03-07 11:00:00,6613.18,6613.18,6558.67,6591.48,5219
2023-03-07 12:00:00,6584.26,6618.7,6538.72,6600.42,11848
2023-03-07 13:00:00,6595.86,6595.86,6529.21,6582.7,6717
2023-03-07 14:00:00,6578.55,6653.45,6570.61,6594.49,11997
2023-03-07 15:00:00,6590.45,6649.65,6551.09,6598.1,12967
2023-03-07 16:00:00,6602.18,6602.85,6563.15,6576.3,17539
2023-03-07 17:00:00,6584.88,6623.45,6584.88,6599.41,9687
2023-03-07 18:00:00,6605.65,6631.65,6577.6,6591.75,13415
2023-03-07 19:00:00,6583.76,6612.8,6575.03,6582.89,8483
2023-03-07 20:00:00,6577.08,6630.04,6577.08,6590.26,8518
2023-03-07 21:00:00,6583.75,6633.28,6572.11,6612.88,11786
2023-03-07 22:00:00,6611.53,6657.77,6532.31,6600.39,11587
2023-03-07 23:00:00,6614.34,6643.81,6593.22,6605.45,10154
2023-03-08 00:00:00,6605.91,6667.49,6581.15,6616.39,7005
2023-03-08 01:00:00,6619.24,6673.08,6608.91,6631.68,9188
2023-03-08 02:00:00,6628.24,6672.59,6628.24,6638.66,7609
2023-03-08 03:00:00,6653.5,6656.1,6632.7,6636.85,11088
2023-03-08 04:00:00,6652.88,6671.48,6569.2,6627.56,12220
2023-03-08 05:00:00,6618.76,6651.89,6609.34,6633.18,7901
2023-03-08 06:00:00,6625.15,6685.26,6576.44,6619.87,8132
2023-03-08 07:00:00,6589.8,6589.8,6557.28,6576.65,8409
2023-03-08 08:00:00,6576.21,6601.09,6575.08,6587.92,13629
2023-03-08 09:00:00,6586.74,6615.78,6580.76,6606.77,10426
2023-03-08 10:00:00,6583.35,6583.35,6540.08,6572.92,8506
2023-03-08 11:00:00,6569.2,6597.77,6548.07,6561.19,14857
2023-03-08 12:00:00,6548.18,6594.64,6524.2,6575.59,14713
2023-03-08 13:00:00,6564.39,6624.09,6564.39,6613.13,9210
2023-03-08 14:00:00,6604.77,6647.28,6581.31,6617.78,8564
2023-03-08 15:00:00,6612.69,6659.72,6557.32,6610.3,14405
2023-03-08 16:00:00,6605.16,6643.25,6596.08,6611.65,10141
2023-03-08 17:00:00,6603.08,6645.31,6597.8,6638.25,12988
2023-03-08 18:00:00,6639.46,6650.39,6619.55,6631.94,11478
2023-03-08 19:00:00,6625.45,6636.91,6591.76,6623.11,6554
2023-03-08 20:00:00,6610.37,6632.76,6590.96,6619.52,6651
2023-03-08 21:00:00,6615.93,6652.88,6593.77,6608.26,19882
2023-03-08 22:00:00,6607.38,6627.76,6601.3,6614.53,12724
2023-03-08 23:00:00,6615.28,6667.58,6580.31,6645.03,11307
2023-03-09 00:00:00,6647.52,6667.83,6641.21,6654.52,12297
2023-03-09 01:00:00,6663.22,6667.88,6651.15,6654.57,10860
2023-03-09 02:00:00,6652.84,6673.71,6612.61,6653.98,8583
2023-03-09 03:00:00,6658.48,6666.25,6592.51,6632.7,7925
2023-03-09 04:00:00,6646.08,6664.95,6646.08,6651.28,12202
2023-03-09 05:00:00,6660.55,6687.43,6627.77,6654.22,10284
2023-03-09 06:00:00,6652.29,6701.91,6642.22,6655.53,12164
2023-03-09 07:00:00,6666.82,6716.64,6666.82,6711.91,6869
2023-03-09 08:00:00,6715.2,6734.49,6715.2,6721.05,12429
2023-03-09 09:00:00,6725.28,6740.25,6699.45,6712.88,14097
2023-03-09 10:00:00,6722.26,6739.94,6697.49,6710.1,12332
2023-03-09 11:00:00,6718.18,6758.68,6718.18,6733.39,8268
2023-03-09 12:00:00,6742.58,6742.58,6726.2,6739.68,7584
2023-03-09 13:00:00,6724.27,6724.27,6706.86,6720.3,12286
2023-03-09 14:00:00,6722.96,6781.84,6713.8,6739.86,10921
2023-03-09 15:00:00,6746.67,6746.67,6720.64,6733.2,9136
2023-03-09 16:00:00,6753.22,6792.51,6753.22,6768.49,12390
2023-03-09 17:00:00,6777.04,6794.36,6777.04,6790.62,7625
2023-03-09 18:00:00,6784.73,6849.17,6771.06,6787.32,13955
2023-03-09 19:00:00,6783.04,6845.48,6749.01,6812.91,11112
2023-03-09 20:00:00,6814.2,6831.94,6799.94,6818.31,7032
2023-03-09 21:00:00,6816.32,6863.81,6816.32,6836.64,13373
2023-03-09 22:00:00,6835.01,6890.1,6821.21,6848.9,12560
2023-03-09 23:00:00,6852.9,6854.47,6770.83,6838.89,7915
2023-03-10 00:00:00,6837.79,6843.23,6818.65,6832.32,10045
2023-03-10 01:00:00,6845.76,6886.99,6845.76,6853.85,9878
2023-03-10 02:00:00,6856.23,6873.86,6838.57,6852.41,21793
2023-03-10 03:00:00,6862.14,6863.51,6836.11,6849.81,11697
2023-03-10 04:00:00,6831.79,6842.58,6824.4,6838.08,8184
2023-03-10 05:00:00,6851.18,6898.94,6819.82,6849.5,6361
2023-03-10 06:00:00,6854.43,6902.06,6854.43,6888.28,9586
2023-03-10 07:00:00,6882.83,6882.83,6860.59,6874.34,8885
2023-03-10 08:00:00,6876.31,6892.63,6804.8,6878.87,12197
2023-03-10 09:00:00,6884.38,6929.16,6884.38,6906.87,12370
2023-03-10 10:00:00,6906.23,6972.13,6833.78,6909.66,7492
2023-03-10 11:00:00,6912.8,6935.27,6872.51,6921.43,11362
2023-03-10 12:00:00,6906.82,6964.61,6887.07,6907.58,9315
2023-03-10 13:00:00,6912.39,6932.89,6868.24,6919.05,10650
2023-03-10 14:00:00,6925.62,6955.43,6890.37,6920.04,8869
2023-03-10 15:00:00,6928.78,6989.72,6928.78,6940.99,10750
2023-03-10 16:00:00,6951.46,6985.84,6951.46,6965.39,10095
2023-03-10 17:00:00,6999.7,7028.74,6999.7,7013.72,9303
2023-03-10 18:00:00,7012.17,7041.77,6983.81,7027.71,15154
2023-03-10 19:00:00,7012.86,7052.02,7001.08,7037.24,16020
2023-03-10 20:00:00,7045.37,7080.03,7043.52,7044.47,9523
2023-03-10 21:00:00,7045.99,7065.51,7028.15,7042.24,11959
2023-03-10 22:00:00,7047.12,7095.21,7047.12,7051.95,9932
2023-03-10 23:00:00,7061.84,7091.68,7049.34,7050.79,11890
2023-03-11 00:00:00,7045.88,7094.01,7025.17,7057.68,12744
2023-03-11 01:00:00,7069.36,7091.1,7062.71,7084.49,14576
2023-03-11 02:00:00,7083.44,7099.88,7042.24,7070.99,13087
2023-03-11 03:00:00,7081.31,7115.18,7059.28,7094.83,10660
2023-03-11 04:00:00,7112.7,7128.35,7112.7,7121.78,7438
2023-03-11 05:00:00,7125.65,7139.95,7096.02,7123.72,12104
2023-03-11 06:00:00,7097.89,7097.89,7031.32,7090.69,7182
2023-03-11 07:00:00,7092.07,7112.36,7059.57,7084.19,16502
2023-03-11 08:00:00,7092.55,7209.93,7047.67,7110.82,9664
2023-03-11 09:00:00,7122.85,7162.66,7100.25,7114.47,10956
2023-03-11 10:00:00,7115.28,7115.28,7086.88,7101.08,9415
2023-03-11 11:00:00,7105.58,7105.58,7082.26,7096.45,7031
2023-03-11 12:00:00,7084.28,7152.44,7084.28,7115.16,10680
2023-03-11 13:00:00,7108.49,7128.72,7066.84,7128.71,7451
2023-03-11 14:00:00,7125.33,7133.4,7073.2,7128.61,8092
2023-03-11 15:00:00,7130.83,7157.32,7120.16,7126.31,9347
2023-03-11 16:00:00,7119.36,7138.23,7080.76,7123.59,12386
2023-03-11 17:00:00,7120.83,7125.89,7088.26,7111.66,12046
2023-03-11 18:00:00,7122.92,7158.32,7122.92,7144.03,5730
2023-03-11 19:00:00,7148.44,7156.71,7118.64,7142.43,10607
2023-03-11 20:00:00,7128.81,7203.71,7118.39,7167.75,10536
2023-03-11 21:00:00,7175.77,7212.93,7154.52,7198.54,10751
2023-03-11 22:00:00,7203.9,7226.98,7180.28,7220.09,10776
2023-03-11 23:00:00,7230.76,7230.76,7144.07,7216.32,6999
2023-03-12 00:00:00,7217.6,7262.73,7212.86,7227.32,8407
2023-03-12 01:00:00,7230.58,7245.18,7171.54,7230.72,15455
2023-03-12 02:00:00,7229.88,7229.88,7182.41,7218.5,8204
2023-03-12 03:00:00,7214.96,7256.95,7207.52,7228.12,10044
2023-03-12 04:00:00,7237.6,7278.53,7205.19,7211.13,7729
2023-03-12 05:00:00,7231.05,7286.37,7231.05,7236.11,11799
2023-03-12 06:00:00,7237.24,7240.07,7169.8,7231.74,11799
2023-03-12 07:00:00,7228.87,7264.84,7214.61,7239.17,21108
2023-03-12 08:00:00,7239.3,7262.53,7233.54,7248.04,7785
2023-03-12 09:00:00,7242.86,7267.78,7189.22,7247.3,9890
2023-03-12 10:00:00,7252.99,7276.06,7252.99,7261.54,6507
2023-03-12 11:00:00,7244.3,7271.46,7242.43,7256.95,11497
2023-03-12 12:00:00,7262.21,7278.55,7245.41,7276.41,11926
2023-03-12 13:00:00,7260.26,7260.26,7199.03,7256.27,11834
2023-03-12 14:00:00,7252.39,7276.75,7252.18,7262.42,7856
2023-03-12 15:00:00,7292.5,7322.77,7292.5,7300.76,11716
2023-03-12 16:00:00,7288.72,7288.72,7272.23,7286.81,9662
2023-03-12 17:00:00,7291.46,7293.23,7251.76,7278.68,12680
2023-03-12 18:00:00,7283.75,7354.85,7283.75,7291.97,8796
2023-03-12 19:00:00,7300.29,7303.69,7284.58,7299.18,7244
2023-03-12 20:00:00,7304.56,7350.33,7304.56,7309.38,11798
2023-03-12 21:00:00,7307.97,7336.64,7236.0,7322.0,10907
2023-03-12 22:00:00,7325.32,7356.12,7322.47,7337.15,10535
2023-03-12 23:00:00,7345.33,7394.27,7327.03,7360.81,11261
2023-03-13 00:00:00,7346.99,7402.27,7333.12,7371.8,8748
2023-03-13 01:00:00,7374.38,7400.57,7337.04,7370.95,9348
2023-03-13 02:00:00,7372.66,7420.33,7338.58,7386.72,8329
2023-03-13 03:00:00,7400.34,7439.61,7398.08,7424.77,6562
2023-03-13 04:00:00,7445.26,7451.45,7425.03,7425.98,8737
2023-03-13 05:00:00,7417.3,7417.3,7358.57,7411.93,7736
2023-03-13 06:00:00,7419.8,7448.17,7363.98,7435.78,14307
2023-03-13 07:00:00,7441.2,7482.19,7371.94,7437.23,6070
2023-03-13 08:00:00,7424.99,7424.99,7384.5,7401.24,11927
2023-03-13 09:00:00,7405.99,7442.4,7345.67,7420.35,10396
2023-03-13 10:00:00,7429.06,7429.06,7350.1,7414.24,14612
2023-03-13 11:00:00,7391.84,7457.26,7375.86,7416.17,12785
2023-03-13 12:00:00,7426.18,7457.95,7393.58,7425.87,12899
2023-03-13 13:00:00,7426.32,7460.14,7411.77,7433.13,12318
2023-03-13 14:00:00,7438.94,7464.76,7438.94,7449.86,15042
2023-03-13 15:00:00,7450.58,7482.37,7404.98,7445.77,7765
2023-03-13 16:00:00,7451.99,7521.76,7444.08,7458.99,16026
2023-03-13 17:00:00,7469.96,7484.44,7456.11,7457.99,10062
2023-03-13 18:00:00,7463.77,7499.63,7460.34,7475.29,8033
2023-03-13 19:00:00,7463.15,7505.34,7463.15,7490.36,7563
2023-03-13 20:00:00,7491.92,7491.92,7439.22,7476.96,13788
2023-03-13 21:00:00,7495.24,7536.9,7495.24,7500.66,4745
2023-03-13 22:00:00,7505.25,7517.4,7423.68,7494.64,5374
2023-03-13 23:00:00,7505.53,7530.91,7505.53,7513.25,13413
2023-03-14 00:00:00,7519.55,7559.98,7511.43,7523.69,9003
2023-03-14 01:00:00,7538.73,7587.96,7538.73,7561.14,8295
2023-03-14 02:00:00,7557.59,7575.6,7528.62,7560.47,8032
2023-03-14 03:00:00,7558.92,7603.26,7502.85,7557.41,14203
2023-03-14 04:00:00,7552.05,7607.86,7545.31,7560.43,12722
2023-03-14 05:00:00,7558.78,7573.27,7527.97,7558.15,8416
2023-03-14 06:00:00,7549.24,7589.16,7540.11,7576.3,13161
2023-03-14 07:00:00,7567.17,7567.17,7532.3,7549.48,10284
2023-03-14 08:00:00,7558.4,7558.4,7502.4,7533.28,12772
2023-03-14 09:00:00,7532.21,7540.09,7482.39,7517.04,11448
2023-03-14 10:00:00,7522.99,7601.4,7478.2,7538.08,14162
2023-03-14 11:00:00,7545.61,7588.41,7545.61,7573.27,11587
2023-03-14 12:00:00,7569.53,7587.87,7548.65,7574.92,12455
2023-03-14 13:00:00,7576.38,7604.42,7559.02,7575.45,11881
2023-03-14 14:00:00,7565.27,7596.03,7565.27,7580.43,6018
2023-03-14 15:00:00,7586.56,7620.9,7525.93,7605.69,11947
2023-03-14 16:00:00,7612.49,7647.87,7540.43,7592.08,10308
2023-03-14 17:00:00,7594.53,7627.57,7594.53,7600.22,21812
2023-03-14 18:00:00,7590.27,7681.33,7584.46,7621.92,9942
2023-03-14 19:00:00,7619.52,7662.71,7619.52,7634.79,11003
2023-03-14 20:00:00,7633.81,7657.03,7630.82,7641.75,17971
2023-03-14 21:00:00,7648.48,7679.13,7648.48,7663.81,6782
2023-03-14 22:00:00,7631.55,7631.55,7600.34,7616.32,6739
2023-03-14 23:00:00,7621.92,7660.87,7621.92,7632.41,9590
2023-03-15 00:00:00,7639.78,7696.53,7604.6,7623.47,10549
2023-03-15 01:00:00,7607.82,7607.82,7584.88,7592.63,9827
2023-03-15 02:00:00,7577.97,7636.87,7529.71,7605.69,13377
2023-03-15 03:00:00,7607.21,7639.37,7594.87,7634.71,9068
2023-03-15 04:00:00,7636.53,7669.97,7611.27,7635.58,8106
2023-03-15 05:00:00,7641.43,7685.05,7641.43,7656.74,13291
2023-03-15 06:00:00,7687.68,7712.06,7687.68,7690.42,9917
2023-03-15 07:00:00,7703.05,7751.36,7703.05,7718.49,11659
2023-03-15 08:00:00,7737.22,7765.7,7737.22,7752.72,10338
2023-03-15 09:00:00,7754.25,7789.66,7754.25,7769.79,5916
2023-03-15 10:00:00,7784.62,7799.49,7758.59,7774.14,9748
2023-03-15 11:00:00,7771.03,7771.03,7737.82,7746.57,11859
2023-03-15 12:00:00,7753.29,7765.8,7729.46,7744.95,12820
2023-03-15 13:00:00,7749.45,7749.46,7716.52,7731.98,10891
2023-03-15 14:00:00,7750.07,7778.14,7750.07,7776.11,8028
2023-03-15 15:00:00,7776.63,7790.86,7747.75,7775.72,5896
2023-03-15 16:00:00,7775.53,7800.6,7747.13,7781.04,13690
2023-03-15 17:00:00,7790.3,7875.63,7790.3,7794.65,9040
2023-03-15 18:00:00,7803.88,7838.63,7788.67,7798.5,9745
2023-03-15 19:00:00,7818.2,7847.12,7818.2,7833.87,7445
2023-03-15 20:00:00,7801.01,7889.88,7759.24,7824.85,12788
2023-03-15 21:00:00,7819.62,7880.61,7819.62,7831.44,9899
2023-03-15 22:00:00,7835.58,7835.58,7781.37,7819.95,7378
2023-03-15 23:00:00,7823.53,7829.84,7781.97,7797.57,14751
2023-03-16 00:00:00,7801.0,7827.97,7777.47,7788.79,12114
2023-03-16 01:00:00,7797.71,7803.46,7731.02,7790.9,14231
2023-03-16 02:00:00,7776.34,7816.1,7746.95,7785.68,10322
2023-03-16 03:00:00,7785.49,7790.92,7710.37,7775.37,8003
2023-03-16 04:00:00,7769.71,7784.44,7723.85,7751.55,6066
2023-03-16 05:00:00,7740.15,7768.55,7707.01,7753.05,9135
2023-03-16 06:00:00,7742.79,7742.79,7699.6,7727.34,7882
2023-03-16 07:00:00,7717.03,7779.78,7683.49,7744.68,9839
2023-03-16 08:00:00,7759.67,7791.61,7733.7,7749.19,8992
2023-03-16 09:00:00,7737.54,7744.13,7672.61,7724.5,10799
2023-03-16 10:00:00,7710.94,7723.39,7706.35,7721.8,11652
2023-03-16 11:00:00,7726.14,7726.14,7664.81,7710.72,8246
2023-03-16 12:00:00,7727.23,7728.83,7674.27,7720.0,8347
2023-03-16 13:00:00,7722.05,7773.22,7719.66,7748.53,8458
2023-03-16 14:00:00,7733.5,7733.5,7703.73,7715.93,14022
2023-03-16 15:00:00,7716.58,7777.24,7714.82,7721.13,4089
2023-03-16 16:00:00,7718.85,7755.96,7686.97,7721.01,5667
2023-03-16 17:00:00,7722.1,7773.66,7673.15,7736.71,13241
2023-03-16 18:00:00,7729.77,7753.74,7728.1,7743.59,12080
2023-03-16 19:00:00,7747.65,7747.65,7716.72,7732.18,11623
2023-03-16 20:00:00,7728.56,7741.28,7666.83,7729.03,13957
2023-03-16 21:00:00,7718.6,7743.63,7650.58,7716.87,14579
2023-03-16 22:00:00,7700.52,7777.11,7682.68,7740.29,8504
2023-03-16 23:00:00,7759.16,7759.16,7716.09,7743.67,6255
2023-03-17 00:00:00,7767.19,7800.89,7767.19,7782.76,9659
2023-03-17 01:00:00,7780.26,7803.75,7728.75,7784.5,10786
2023-03-17 02:00:00,7782.73,7828.14,7733.21,7773.89,7564
2023-03-17 03:00:00,7777.73,7777.73,7746.82,7748.2,7173
2023-03-17 04:00:00,7744.34,7744.34,7675.14,7717.11,9695
2023-03-17 05:00:00,7705.91,7705.91,7661.37,7690.52,10866
2023-03-17 06:00:00,7681.41,7707.99,7659.76,7699.08,8985
2023-03-17 07:00:00,7696.72,7727.57,7696.72,7712.14,10477
2023-03-17 08:00:00,7710.4,7710.4,7670.47,7685.84,12518
2023-03-17 09:00:00,7675.98,7739.14,7654.01,7706.23,7912
2023-03-17 10:00:00,7714.26,7744.49,7679.48,7700.54,13630
2023-03-17 11:00:00,7700.42,7709.67,7684.46,7706.69,9100
2023-03-17 12:00:00,7725.05,7748.85,7725.05,7740.53,10140
2023-03-17 13:00:00,7756.33,7761.6,7756.33,7760.75,11494
2023-03-17 14:00:00,7763.71,7795.58,7724.04,7758.83,10606
2023-03-17 15:00:00,7759.41,7767.23,7722.22,7745.09,10493
2023-03-17 16:00:00,7732.29,7732.29,7653.75,7707.5,11000
2023-03-17 17:00:00,7713.23,7723.12,7681.94,7697.33,7781
2023-03-17 18:00:00,7697.29,7715.26,7665.07,7696.79,9994
2023-03-17 19:00:00,7708.16,7721.51,7663.41,7681.56,10935
2023-03-17 20:00:00,7682.82,7682.82,7646.78,7682.75,6161
2023-03-17 21:00:00,7691.51,7703.21,7665.06,7687.83,14836
2023-03-17 22:00:00,7688.5,7704.11,7671.69,7687.06,6322
2023-03-17 23:00:00,7695.53,7701.05,7638.1,7678.24,10034
2023-03-18 00:00:00,7678.04,7700.15,7620.23,7684.78,4859
2023-03-18 01:00:00,7679.83,7705.25,7679.83,7696.52,13620
2023-03-18 02:00:00,7693.77,7735.35,7628.24,7679.39,13603
2023-03-18 03:00:00,7678.07,7732.55,7647.63,7709.46,7900
2023-03-18 04:00:00,7706.55,7764.9,7704.69,7711.01,10465
2023-03-18 05:00:00,7725.38,7730.19,7670.68,7714.76,10231
2023-03-18 06:00:00,7726.93,7780.6,7714.78,7731.52,5506
2023-03-18 07:00:00,7740.39,7757.23,7723.78,7739.25,14893
2023-03-18 08:00:00,7729.72,7783.79,7722.41,7760.7,7340
2023-03-18 09:00:00,7760.54,7815.38,7760.54,7769.49,11714
2023-03-18 10:00:00,7778.38,7788.46,7745.68,7761.2,7343
2023-03-18 11:00:00,7762.44,7802.49,7701.51,7771.52,12057
2023-03-18 12:00:00,7768.75,7768.75,7718.36,7753.24,10834
2023-03-18 13:00:00,7752.74,7774.4,7702.88,7758.9,6115
2023-03-18 14:00:00,7757.65,7778.68,7726.27,7761.89,8478
2023-03-18 15:00:00,7770.56,7777.18,7728.13,7761.65,14683
2023-03-18 16:00:00,7750.51,7854.35,7747.37,7762.9,8917
2023-03-18 17:00:00,7753.3,7753.3,7705.17,7730.74,20890
2023-03-18 18:00:00,7739.47,7739.47,7681.01,7724.02,8395
2023-03-18 19:00:00,7728.53,7763.64,7714.04,7729.5,10598
2023-03-18 20:00:00,7724.9,7785.46,7688.03,7736.11,11828
2023-03-18 21:00:00,7735.68,7735.68,7704.8,7720.24,10574
2023-03-18 22:00:00,7716.55,7763.34,7688.72,7747.85,12999
2023-03-18 23:00:00,7744.5,7750.55,7733.83,7735.08,9408
2023-03-19 00:00:00,7741.39,7787.49,7741.39,7757.14,12184
2023-03-19 01:00:00,7758.57,7784.4,7732.96,7768.86,9076
2023-03-19 02:00:00,7758.13,7775.75,7758.13,7760.23,9812
2023-03-19 03:00:00,7774.96,7825.49,7774.96,7797.8,9986
2023-03-19 04:00:00,7803.53,7813.96,7753.75,7778.65,15432
2023-03-19 05:00:00,7798.47,7827.17,7798.47,7799.91,15039
2023-03-19 06:00:00,7807.09,7835.36,7807.09,7822.74,14121
2023-03-19 07:00:00,7826.81,7853.0,7797.88,7813.56,10887
2023-03-19 08:00:00,7815.9,7875.76,7815.9,7843.92,17275
2023-03-19 09:00:00,7841.31,7879.83,7803.11,7842.82,13741
2023-03-19 10:00:00,7829.57,7854.7,7786.5,7851.95,6038
2023-03-19 11:00:00,7865.0,7876.21,7803.49,7860.49,9890
2023-03-19 12:00:00,7859.14,7874.76,7797.02,7861.45,5946
2023-03-19 13:00:00,7867.71,7893.83,7864.9,7880.66,9467
2023-03-19 14:00:00,7873.09,7943.19,7861.1,7899.63,16954
2023-03-19 15:00:00,7885.23,7885.23,7835.85,7869.49,7626
2023-03-19 16:00:00,7875.76,7940.63,7866.02,7898.43,12093
2023-03-19 17:00:00,7886.8,7886.8,7854.34,7870.08,15146
2023-03-19 18:00:00,7878.07,7950.93,7878.07,7893.86,7972
2023-03-19 19:00:00,7886.22,8002.49,7886.22,7919.52,9645
2023-03-19 20:00:00,7913.77,7918.1,7893.56,7902.3,9240
2023-03-19 21:00:00,7902.45,7949.68,7892.51,7898.47,10552
2023-03-19 22:00:00,7898.44,7905.22,7845.35,7881.23,11712
2023-03-19 23:00:00,7873.32,7901.36,7869.56,7881.29,8385
2023-03-20 00:00:00,7882.26,7882.26,7839.78,7879.45,12455
2023-03-20 01:00:00,7887.4,7914.45,7887.4,7898.65,8206
2023-03-20 02:00:00,7912.16,7943.87,7912.16,7928.01,9943
2023-03-20 03:00:00,7957.33,7974.89,7957.33,7958.98,9614
2023-03-20 04:00:00,7959.1,7972.65,7936.49,7951.68,9917
2023-03-20 05:00:00,7941.01,7960.29,7882.35,7951.28,12485
2023-03-20 06:00:00,7937.22,7937.22,7879.47,7922.18,6026
2023-03-20 07:00:00,7914.08,7914.08,7894.55,7910.37,11303
2023-03-20 08:00:00,7927.36,7939.49,7927.36,7932.91,6934
2023-03-20 09:00:00,7952.24,7984.36,7952.24,7968.17,11687
2023-03-20 10:00:00,7967.74,7967.74,7932.67,7947.81,10004
2023-03-20 11:00:00,7944.8,7976.47,7922.17,7940.04,7007
2023-03-20 12:00:00,7942.39,7954.03,7942.39,7943.36,10949
2023-03-20 13:00:00,7941.08,7968.55,7898.6,7952.79,7412
2023-03-20 14:00:00,7948.78,7956.9,7925.14,7941.02,8044
2023-03-20 15:00:00,7952.77,8023.48,7952.77,7953.29,11372
2023-03-20 16:00:00,7957.82,7965.04,7904.27,7947.94,9129
2023-03-20 17:00:00,7956.63,7977.57,7935.65,7951.55,8505
2023-03-20 18:00:00,7955.85,8003.95,7909.87,7966.11,10522
2023-03-20 19:00:00,7986.03,8004.87,7937.64,7970.08,7707
2023-03-20 20:00:00,7974.91,8017.04,7911.8,7965.28,11957
2023-03-20 21:00:00,7966.63,7992.31,7928.72,7966.83,10835
2023-03-20 22:00:00,7961.51,8044.17,7919.98,7968.92,10942
2023-03-20 23:00:00,7979.15,7982.18,7938.86,7965.63,4327
2023-03-21 00:00:00,7954.2,7971.22,7890.62,7964.47,20705
2023-03-21 01:00:00,7983.63,8040.85,7983.63,7999.63,12681
2023-03-21 02:00:00,7998.35,8030.4,7998.35,8014.38,8612
2023-03-21 03:00:00,8015.19,8051.02,7997.5,8012.41,6655
2023-03-21 04:00:00,8013.9,8056.94,8013.9,8029.96,14984
2023-03-21 05:00:00,8043.36,8043.36,8003.41,8027.3,8232
2023-03-21 06:00:00,8038.05,8108.88,8038.05,8054.16,8623
2023-03-21 07:00:00,8066.5,8066.98,8049.09,8065.22,15458
2023-03-21 08:00:00,8064.74,8090.08,8050.7,8066.83,7682
2023-03-21 09:00:00,8063.34,8136.43,8063.34,8079.5,7394
2023-03-21 10:00:00,8068.51,8077.59,8036.17,8052.27,10812
2023-03-21 11:00:00,8041.06,8041.06,8030.2,8034.03,12660
2023-03-21 12:00:00,8034.03,8034.03,7963.47,8014.56,5658
2023-03-21 13:00:00,8007.21,8029.45,8007.21,8021.53,4665
2023-03-21 14:00:00,8043.61,8075.85,8043.61,8059.73,8609
2023-03-21 15:00:00,8071.62,8159.66,8071.62,8107.75,10303
2023-03-21 16:00:00,8115.27,8134.74,8108.37,8124.14,9512
2023-03-21 17:00:00,8103.22,8148.59,8103.22,8137.67,11117
2023-03-21 18:00:00,8121.46,8121.46,8099.31,8105.25,10423
2023-03-21 19:00:00,8108.84,8142.9,8046.88,8098.19,10907
2023-03-21 20:00:00,8103.97,8105.21,8035.05,8086.33,12483
2023-03-21 21:00:00,8081.21,8105.36,8022.46,8077.82,9841
2023-03-21 22:00:00,8072.36,8122.66,8008.11,8078.4,8895
2023-03-21 23:00:00,8076.29,8094.71,8010.87,8072.91,9129
2023-03-22 00:00:00,8053.74,8053.74,8010.14,8037.66,11718
2023-03-22 01:00:00,8034.86,8072.53,8034.86,8056.42,8465
2023-03-22 02:00:00,8052.39,8072.01,8021.97,8039.29,9298
2023-03-22 03:00:00,8045.92,8064.09,8031.9,8047.99,12174
2023-03-22 04:00:00,8051.16,8108.98,8051.16,8092.79,5747
2023-03-22 05:00:00,8112.82,8128.31,8062.03,8078.19,7462
2023-03-22 06:00:00,8059.29,8059.29,8015.74,8031.8,8579
2023-03-22 07:00:00,8031.61,8046.2,8014.08,8030.14,8042
2023-03-22 08:00:00,8036.01,8088.14,8036.01,8055.74,9484
2023-03-22 09:00:00,8071.39,8169.8,8070.02,8098.21,12040
2023-03-22 10:00:00,8107.68,8112.02,8050.05,8077.57,10536
2023-03-22 11:00:00,8081.67,8107.52,8038.94,8091.34,7662
2023-03-22 12:00:00,8094.29,8108.45,8069.84,8086.01,8093
2023-03-22 13:00:00,8095.88,8153.21,8079.58,8087.89,5089
2023-03-22 14:00:00,8127.9,8178.32,8127.9,8144.19,6510
2023-03-22 15:00:00,8124.48,8177.63,8101.79,8118.03,11589
2023-03-22 16:00:00,8113.26,8169.64,8093.24,8127.19,12323
2023-03-22 17:00:00,8135.11,8147.04,8109.85,8140.64,16982
2023-03-22 18:00:00,8145.65,8206.54,8145.65,8166.22,7477
2023-03-22 19:00:00,8177.5,8229.15,8142.96,8171.99,9089
2023-03-22 20:00:00,8171.24,8187.43,8169.86,8182.01,7011
2023-03-22 21:00:00,8191.12,8256.0,8134.97,8177.96,12976
2023-03-22 22:00:00,8175.0,8203.66,8133.18,8187.29,7770
2023-03-22 23:00:00,8196.03,8259.79,8153.92,8184.37,11748
2023-03-23 00:00:00,8196.52,8233.16,8177.35,8200.77,7827
2023-03-23 01:00:00,8208.46,8272.77,8134.65,8197.23,6605
2023-03-23 02:00:00,8192.44,8223.95,8186.78,8208.65,9563
2023-03-23 03:00:00,8213.56,8228.29,8158.04,8211.87,10099
2023-03-23 04:00:00,8221.81,8242.52,8221.81,8238.29,9061
2023-03-23 05:00:00,8238.76,8250.75,8234.55,8241.03,9694
2023-03-23 06:00:00,8225.61,8225.61,8192.78,8209.2,10456
2023-03-23 07:00:00,8223.96,8241.06,8186.97,8238.55,5926
2023-03-23 08:00:00,8240.45,8240.45,8207.55,8224.0,9160
2023-03-23 09:00:00,8226.29,8276.12,8203.18,8214.61,10776
2023-03-23 10:00:00,8236.26,8244.69,8196.65,8206.33,9603
2023-03-23 11:00:00,8205.82,8257.57,8176.33,8237.72,17826
2023-03-23 12:00:00,8238.02,8251.99,8157.7,8198.34,6941
2023-03-23 13:00:00,8245.02,8281.9,8245.02,8265.36,7399
2023-03-23 14:00:00,8263.2,8330.02,8263.2,8290.53,5454
2023-03-23 15:00:00,8271.94,8306.62,8226.41,8298.75,14258
2023-03-23 16:00:00,8296.88,8323.13,8268.31,8301.14,7126
2023-03-23 17:00:00,8293.6,8347.7,8281.63,8310.47,8418
2023-03-23 18:00:00,8308.08,8341.23,8287.43,8324.58,8870
2023-03-23 19:00:00,8326.89,8367.94,8313.88,8341.26,13384
2023-03-23 20:00:00,8339.31,8398.93,8339.31,8356.02,8670
2023-03-23 21:00:00,8356.32,8405.95,8356.32,8361.19,12048
2023-03-23 22:00:00,8360.93,8377.08,8349.75,8360.36,6603
2023-03-23 23:00:00,8362.39,8372.31,8343.57,8360.3,19964
2023-03-24 00:00:00,8356.78,8375.98,8356.78,8359.27,10014
2023-03-24 01:00:00,8368.56,8429.54,8368.56,8385.33,13794
2023-03-24 02:00:00,8380.97,8409.38,8370.15,8400.31,7193
2023-03-24 03:00:00,8411.28,8414.69,8318.93,8342.52,14240
2023-03-24 04:00:00,8347.56,8375.55,8342.11,8358.83,7367
2023-03-24 05:00:00,8374.94,8404.21,8309.69,8365.6,12836
2023-03-24 06:00:00,8350.98,8390.68,8350.98,8367.72,8066
2023-03-24 07:00:00,8356.97,8379.88,8345.66,8362.39,6011
2023-03-24 08:00:00,8371.23,8404.78,8371.23,8388.0,9629
2023-03-24 09:00:00,8390.06,8458.27,8379.92,8409.94,11880
2023-03-24 10:00:00,8408.46,8408.46,8366.08,8396.29,13069
2023-03-24 11:00:00,8403.14,8408.33,8290.45,8407.09,13240
2023-03-24 12:00:00,8401.4,8420.71,8372.43,8389.5,11701
2023-03-24 13:00:00,8414.36,8414.36,8340.19,8363.58,6444
2023-03-24 14:00:00,8372.41,8383.23,8292.89,8353.27,6293
2023-03-24 15:00:00,8355.93,8390.38,8329.43,8373.64,8452
2023-03-24 16:00:00,8371.2,8403.33,8365.19,8395.84,15854
2023-03-24 17:00:00,8416.97,8454.95,8373.9,8408.96,11644
2023-03-24 18:00:00,8414.36,8443.19,8408.84,8426.34,8193
2023-03-24 19:00:00,8422.7,8456.11,8416.54,8439.23,15738
2023-03-24 20:00:00,8443.54,8475.93,8383.43,8428.15,14758
2023-03-24 21:00:00,8428.04,8456.23,8382.96,8439.35,10175
2023-03-24 22:00:00,8436.05,8482.02,8423.4,8458.23,11369
2023-03-24 23:00:00,8482.98,8535.98,8435.85,8475.95,18082
2023-03-25 00:00:00,8496.37,8568.77,8496.12,8502.57,9199
2023-03-25 01:00:00,8492.34,8519.14,8477.43,8519.11,10535
2023-03-25 02:00:00,8518.99,8562.98,8508.77,8528.19,10463
2023-03-25 03:00:00,8545.68,8631.36,8545.68,8552.25,10629
2023-03-25 04:00:00,8570.41,8570.41,8471.79,8553.3,8610
2023-03-25 05:00:00,8543.14,8543.14,8518.42,8536.48,12299
2023-03-25 06:00:00,8528.17,8614.86,8517.67,8534.74,13424
2023-03-25 07:00:00,8523.54,8534.72,8491.16,8520.94,6026
2023-03-25 08:00:00,8530.43,8533.3,8453.93,8508.74,9308
2023-03-25 09:00:00,8493.57,8542.63,8490.64,8507.66,8112
2023-03-25 10:00:00,8518.92,8524.24,8477.31,8493.23,13166
2023-03-25 11:00:00,8496.61,8517.56,8472.93,8489.13,6462
2023-03-25 12:00:00,8472.76,8472.76,8434.37,8452.17,7670
2023-03-25 13:00:00,8472.12,8475.83,8426.39,8458.91,7881
2023-03-25 14:00:00,8459.37,8522.54,8444.47,8461.39,8164
2023-03-25 15:00:00,8452.67,8487.92,8427.57,8446.99,8234
2023-03-25 16:00:00,8446.47,8502.61,8446.47,8463.4,9892
2023-03-25 17:00:00,8460.36,8531.55,8454.94,8485.67,8091
2023-03-25 18:00:00,8456.99,8456.99,8438.23,8455.14,15077
2023-03-25 19:00:00,8458.88,8518.96,8411.55,8442.45,10412
2023-03-25 20:00:00,8442.95,8446.7,8357.45,8429.84,8871
2023-03-25 21:00:00,8449.57,8496.5,8381.55,8413.96,8850
2023-03-25 22:00:00,8424.75,8518.05,8424.75,8434.68,8627
2023-03-25 23:00:00,8433.21,8476.92,8417.23,8434.1,9036
2023-03-26 00:00:00,8442.76,8449.87,8415.2,8432.06,15536
2023-03-26 01:00:00,8428.81,8428.81,8370.16,8394.15,14069
2023-03-26 02:00:00,8397.84,8428.62,8394.05,8410.87,4896
2023-03-26 03:00:00,8419.55,8440.69,8325.25,8388.84,13344
2023-03-26 04:00:00,8399.91,8428.7,8384.8,8393.55,8651
2023-03-26 05:00:00,8411.28,8451.87,8385.85,8402.66,7213
2023-03-26 06:00:00,8392.54,8471.83,8379.62,8434.12,11413
2023-03-26 07:00:00,8430.62,8438.14,8393.74,8410.56,9720
2023-03-26 08:00:00,8383.44,8383.44,8301.05,8352.02,14238
2023-03-26 09:00:00,8358.11,8368.35,8343.07,8359.79,6292
2023-03-26 10:00:00,8391.25,8441.89,8391.25,8400.65,9636
2023-03-26 11:00:00,8412.98,8446.7,8412.98,8429.84,7748
2023-03-26 12:00:00,8420.24,8476.94,8389.85,8437.73,9027
2023-03-26 13:00:00,8436.19,8436.19,8378.11,8431.09,9693
2023-03-26 14:00:00,8413.61,8514.74,8399.93,8451.29,10690
2023-03-26 15:00:00,8483.9,8516.26,8425.42,8434.6,11368
2023-03-26 16:00:00,8438.93,8480.54,8357.14,8448.03,10575
2023-03-26 17:00:00,8447.34,8475.09,8432.56,8462.12,9557
2023-03-26 18:00:00,8463.84,8576.97,8450.86,8487.65,8983
2023-03-26 19:00:00,8528.14,8598.1,8528.14,8548.34,5677
2023-03-26 20:00:00,8547.72,8592.78,8524.38,8559.6,7062
2023-03-26 21:00:00,8574.3,8621.73,8534.84,8551.95,14290
2023-03-26 22:00:00,8570.87,8598.49,8493.74,8554.58,7642
2023-03-26 23:00:00,8537.97,8537.97,8516.76,8520.64,11993
2023-03-27 00:00:00,8522.74,8522.74,8465.35,8509.47,9959
2023-03-27 01:00:00,8511.97,8524.92,8457.0,8504.36,10659
2023-03-27 02:00:00,8521.9,8521.9,8483.09,8496.91,8487
2023-03-27 03:00:00,8499.91,8530.49,8458.32,8503.66,8450
2023-03-27 04:00:00,8499.47,8499.47,8419.98,8490.06,11439
2023-03-27 05:00:00,8505.76,8599.51,8505.76,8516.92,6694
2023-03-27 06:00:00,8536.11,8537.41,8455.07,8520.37,11002
2023-03-27 07:00:00,8511.62,8531.27,8468.56,8523.58,8387
2023-03-27 08:00:00,8508.78,8586.12,8493.71,8520.19,20133
2023-03-27 09:00:00,8533.58,8543.9,8483.13,8526.85,11371
2023-03-27 10:00:00,8516.96,8558.7,8483.98,8547.51,7755
2023-03-27 11:00:00,8545.99,8558.53,8512.99,8532.71,9959
2023-03-27 12:00:00,8539.46,8539.46,8505.84,8522.41,9618
2023-03-27 13:00:00,8533.85,8539.51,8496.53,8519.55,7709
2023-03-27 14:00:00,8519.84,8564.79,8482.33,8494.93,14600
2023-03-27 15:00:00,8498.45,8498.45,8471.98,8481.49,7628
2023-03-27 16:00:00,8479.67,8514.76,8458.5,8475.28,12987
2023-03-27 17:00:00,8479.94,8505.17,8479.94,8497.16,8400
2023-03-27 18:00:00,8482.15,8547.35,8474.55,8506.44,5909
2023-03-27 19:00:00,8509.29,8563.9,8451.22,8514.17,10195
2023-03-27 20:00:00,8518.53,8549.88,8518.53,8535.6,12670
2023-03-27 21:00:00,8535.4,8570.57,8503.48,8536.21,15496
2023-03-27 22:00:00,8538.48,8607.02,8530.8,8547.9,7729
2023-03-27 23:00:00,8555.77,8561.23,8486.93,8549.14,8420
2023-03-28 00:00:00,8543.28,8575.2,8540.97,8558.08,8484
2023-03-28 01:00:00,8569.76,8626.3,8486.37,8549.21,8484
2023-03-28 02:00:00,8518.56,8518.56,8484.55,8501.55,13310
2023-03-28 03:00:00,8495.17,8539.1,8495.17,8502.34,10384
2023-03-28 04:00:00,8506.53,8552.59,8467.23,8535.52,14395
2023-03-28 05:00:00,8526.22,8572.3,8526.22,8558.43,10210
2023-03-28 06:00:00,8580.88,8631.4,8580.88,8582.17,8312
2023-03-28 07:00:00,8610.35,8617.21,8610.35,8611.53,9503
2023-03-28 08:00:00,8607.81,8629.28,8599.41,8616.65,12572
2023-03-28 09:00:00,8633.32,8645.82,8565.8,8624.2,10421
2023-03-28 10:00:00,8610.85,8618.3,8545.52,8614.5,8960
2023-03-28 11:00:00,8629.46,8696.69,8567.22,8611.18,9717
2023-03-28 12:00:00,8597.94,8644.75,8586.91,8627.49,7868
2023-03-28 13:00:00,8643.15,8673.47,8570.87,8656.16,10733
2023-03-28 14:00:00,8647.48,8660.86,8637.22,8656.28,4510
2023-03-28 15:00:00,8650.16,8767.73,8629.67,8649.71,5599
2023-03-28 16:00:00,8665.3,8669.95,8635.34,8652.65,12626
2023-03-28 17:00:00,8657.32,8685.59,8650.92,8668.25,12247
2023-03-28 18:00:00,8655.79,8680.26,8567.66,8640.46,8656
2023-03-28 19:00:00,8638.64,8640.53,8526.33,8594.83,9724
2023-03-28 20:00:00,8584.41,8636.66,8581.49,8586.4,15452
2023-03-28 21:00:00,8580.73,8581.17,8546.92,8564.05,10606
2023-03-28 22:00:00,8570.98,8589.56,8537.35,8556.93,11338
2023-03-28 23:00:00,8546.03,8607.21,8546.03,8557.39,10915
2023-03-29 00:00:00,8554.42,8559.71,8491.62,8551.42,10583
2023-03-29 01:00:00,8568.17,8618.81,8568.17,8585.34,11172
2023-03-29 02:00:00,8593.24,8637.43,8572.8,8595.64,11589
2023-03-29 03:00:00,8590.01,8629.48,8588.15,8605.36,15608
2023-03-29 04:00:00,8621.19,8639.05,8621.19,8621.81,5645
2023-03-29 05:00:00,8624.41,8631.07,8597.32,8600.97,11353
2023-03-29 06:00:00,8625.41,8656.22,8566.25,8626.11,8601
2023-03-29 07:00:00,8602.56,8667.07,8581.73,8627.71,7688
2023-03-29 08:00:00,8627.68,8662.26,8627.68,8644.97,8656
2023-03-29 09:00:00,8637.53,8642.64,8602.44,8625.39,13562
2023-03-29 10:00:00,8630.87,8630.87,8552.26,8595.74,10227
2023-03-29 11:00:00,8595.01,8642.78,8545.05,8616.27,11148
2023-03-29 12:00:00,8639.82,8694.63,8578.1,8627.33,11903
2023-03-29 13:00:00,8628.59,8628.59,8559.33,8611.36,14665
2023-03-29 14:00:00,8599.33,8622.52,8575.02,8596.17,14892
2023-03-29 15:00:00,8610.11,8640.34,8605.84,8623.09,10221
2023-03-29 16:00:00,8625.86,8656.99,8584.02,8601.23,9623
2023-03-29 17:00:00,8593.32,8663.06,8590.19,8639.22,11724
2023-03-29 18:00:00,8623.77,8644.11,8607.63,8623.33,9728
2023-03-29 19:00:00,8623.5,8697.98,8579.29,8640.02,5787
2023-03-29 20:00:00,8636.81,8653.53,8635.46,8636.26,17279
2023-03-29 21:00:00,8642.93,8691.79,8642.93,8652.36,8957
2023-03-29 22:00:00,8647.28,8647.28,8585.06,8644.15,12984
2023-03-29 23:00:00,8647.58,8682.48,8592.43,8644.13,5645
2023-03-30 00:00:00,8632.51,8715.63,8582.13,8648.5,10447
2023-03-30 01:00:00,8636.98,8663.13,8602.74,8630.89,14099
2023-03-30 02:00:00,8629.78,8667.4,8577.96,8650.1,6924
2023-03-30 03:00:00,8666.26,8706.73,8580.18,8642.76,13826
2023-03-30 04:00:00,8643.61,8705.95,8624.32,8641.6,7387
2023-03-30 05:00:00,8634.25,8646.81,8580.67,8624.13,10524
2023-03-30 06:00:00,8589.7,8589.7,8524.66,8573.6,11900
2023-03-30 07:00:00,8570.48,8628.58,8498.14,8573.34,9600
2023-03-30 08:00:00,8598.11,8644.96,8598.11,8627.71,11885
2023-03-30 09:00:00,8648.54,8676.09,8594.38,8647.75,12829
2023-03-30 10:00:00,8650.28,8693.92,8633.45,8650.75,14713
2023-03-30 11:00:00,8657.34,8676.39,8622.78,8648.67,16126
2023-03-30 12:00:00,8654.04,8725.82,8645.27,8652.76,12331
2023-03-30 13:00:00,8650.57,8724.66,8650.57,8667.9,14998
2023-03-30 14:00:00,8682.28,8682.87,8640.58,8646.25,12771
2023-03-30 15:00:00,8661.8,8728.12,8635.32,8673.5,12404
2023-03-30 16:00:00,8700.44,8722.33,8674.92,8692.31,7075
2023-03-30 17:00:00,8696.76,8712.08,8693.73,8711.15,10676
2023-03-30 18:00:00,8738.45,8746.59,8706.6,8724.04,8258
2023-03-30 19:00:00,8731.72,8751.1,8690.76,8727.96,14460
2023-03-30 20:00:00,8754.35,8823.16,8743.79,8745.89,8456
2023-03-30 21:00:00,8747.18,8779.55,8744.5,8762.02,6674
2023-03-30 22:00:00,8755.23,8774.17,8739.64,8757.86,7386
2023-03-30 23:00:00,8764.53,8768.59,8689.11,8748.89,5631
2023-03-31 00:00:00,8747.94,8783.51,8744.51,8754.4,13932
2023-03-31 01:00:00,8750.93,8808.47,8742.32,8790.88,12666
2023-03-31 02:00:00,8782.38,8800.5,8749.76,8767.3,6636
2023-03-31 03:00:00,8774.49,8821.42,8667.69,8738.92,7606
2023-03-31 04:00:00,8748.35,8763.16,8707.63,8745.67,6941
2023-03-31 05:00:00,8747.63,8794.24,8747.63,8749.85,9351
2023-03-31 06:00:00,8750.93,8832.68,8750.93,8756.69,11364
2023-03-31 07:00:00,8768.39,8769.71,8747.51,8765.04,10389
2023-03-31 08:00:00,8750.82,8796.76,8705.39,8763.19,8994
2023-03-31 09:00:00,8780.48,8821.7,8780.48,8798.07,10676
2023-03-31 10:00:00,8809.45,8830.24,8710.3,8766.37,8081
2023-03-31 11:00:00,8745.35,8816.8,8724.81,8751.49,12492
2023-03-31 12:00:00,8747.59,8803.96,8711.56,8752.2,9557
2023-03-31 13:00:00,8737.35,8737.35,8619.51,8719.91,7887
2023-03-31 14:00:00,8736.31,8803.66,8701.83,8719.27,8307
2023-03-31 15:00:00,8714.6,8775.29,8697.23,8757.77,5028
2023-03-31 16:00:00,8744.17,8772.43,8728.49,8761.14,7389
2023-03-31 17:00:00,8753.88,8788.28,8753.88,8768.94,11010
2023-03-31 18:00:00,8762.08,8775.25,8719.95,8744.71,6769
2023-03-31 19:00:00,8755.26,8814.0,8728.07,8734.46,9868
2023-03-31 20:00:00,8718.63,8750.43,8718.63,8729.4,7201
2023-03-31 21:00:00,8720.19,8726.64,8685.07,8725.53,11083
2023-03-31 22:00:00,8751.43,8784.68,8738.34,8755.85,6863
2023-03-31 23:00:00,8755.7,8801.73,8749.05,8770.77,7284
2023-04-01 00:00:00,8760.82,8767.19,8731.01,8749.69,10556
2023-04-01 01:00:00,8739.68,8776.54,8736.22,8758.02,10593
2023-04-01 02:00:00,8772.1,8789.27,8750.48,8771.72,10816
2023-04-01 03:00:00,8798.69,8835.79,8798.69,8799.2,16752
2023-04-01 04:00:00,8818.37,8853.71,8818.37,8836.04,7705
2023-04-01 05:00:00,8856.08,8875.11,8805.99,8816.64,10833
2023-04-01 06:00:00,8798.2,8824.73,8759.04,8801.76,9107
2023-04-01 07:00:00,8786.73,8794.88,8759.22,8777.27,9358
2023-04-01 08:00:00,8769.97,8819.49,8769.97,8774.96,12395
2023-04-01 09:00:00,8755.49,8806.27,8755.49,8787.7,15940
2023-04-01 10:00:00,8791.66,8843.84,8736.78,8811.8,11215
2023-04-01 11:00:00,8811.93,8878.04,8776.55,8812.82,8250
2023-04-01 12:00:00,8803.37,8853.98,8757.32,8808.59,9827
2023-04-01 13:00:00,8828.96,8832.23,8796.97,8814.6,8798
2023-04-01 14:00:00,8809.5,8816.8,8783.47,8799.2,14307
2023-04-01 15:00:00,8837.82,8848.49,8837.82,8847.02,8206
2023-04-01 16:00:00,8847.94,8848.8,8797.11,8814.74,10489
2023-04-01 17:00:00,8825.79,8838.87,8803.58,8821.22,8864
2023-04-01 18:00:00,8849.76,8890.13,8849.76,8867.49,12107
2023-04-01 19:00:00,8868.17,8878.67,8852.16,8869.9,14609
2023-04-01 20:00:00,8867.41,8870.25,8801.48,8867.95,10823
2023-04-01 21:00:00,8865.71,8872.74,8860.05,8862.45,5365
2023-04-01 22:00:00,8858.6,8905.02,8806.07,8860.81,15954
2023-04-01 23:00:00,8866.95,8976.42,8847.88,8892.98,8597
2023-04-02 00:00:00,8864.57,8864.57,8801.33,8847.17,10390
2023-04-02 01:00:00,8858.72,8918.79,8834.82,8882.93,8893
2023-04-02 02:00:00,8860.66,8860.66,8844.63,8854.41,13172
2023-04-02 03:00:00,8864.9,8864.9,8833.46,8851.16,12211
2023-04-02 04:00:00,8835.93,8845.3,8778.26,8844.62,13990
2023-04-02 05:00:00,8843.22,8882.41,8814.43,8860.13,13961
2023-04-02 06:00:00,8866.91,8879.47,8815.69,8828.24,10785
2023-04-02 07:00:00,8828.24,8877.4,8821.77,8841.26,12628
2023-04-02 08:00:00,8846.87,8926.34,8833.27,8888.12,11020
2023-04-02 09:00:00,8896.77,8907.3,8831.3,8861.21,10013
2023-04-02 10:00:00,8857.09,8917.94,8827.05,8868.22,12054
2023-04-02 11:00:00,8872.53,8872.53,8838.82,8856.53,10165
2023-04-02 12:00:00,8866.34,8921.34,8826.6,8868.55,13097
2023-04-02 13:00:00,8855.54,8938.4,8831.05,8871.75,8403
2023-04-02 14:00:00,8878.2,8878.2,8842.88,8860.6,11199
2023-04-02 15:00:00,8869.37,8900.71,8835.99,8873.79,19329
2023-04-02 16:00:00,8897.62,8999.52,8897.62,8915.46,12964
2023-04-02 17:00:00,8915.23,8938.72,8863.13,8913.5,11361
2023-04-02 18:00:00,8904.67,8949.35,8899.77,8931.48,13758
2023-04-02 19:00:00,8914.51,8914.51,8889.23,8905.42,16231
2023-04-02 20:00:00,8891.77,8904.68,8875.47,8886.91,8606
2023-04-02 21:00:00,8889.35,8933.01,8881.18,8899.7,10526
2023-04-02 22:00:00,8902.35,8940.59,8902.35,8934.43,10794
2023-04-02 23:00:00,8941.17,8969.23,8941.17,8944.51,10642
2023-04-03 00:00:00,8946.17,8954.47,8879.28,8939.97,14415
2023-04-03 01:00:00,8948.71,8983.45,8889.19,8942.34,9075
2023-04-03 02:00:00,8946.13,8967.02,8878.74,8917.33,8697
2023-04-03 03:00:00,8922.81,8944.15,8856.03,8933.2,11239
2023-04-03 04:00:00,8937.18,8995.79,8937.18,8955.17,13495
2023-04-03 05:00:00,8960.89,9006.58,8895.52,8947.75,13097
2023-04-03 06:00:00,8951.72,8951.72,8903.68,8940.03,6398
2023-04-03 07:00:00,8920.75,8966.44,8889.81,8948.54,14062
2023-04-03 08:00:00,8957.26,8959.47,8925.81,8941.59,9236
2023-04-03 09:00:00,8941.61,8948.22,8923.57,8942.91,13522
2023-04-03 10:00:00,8948.93,9009.7,8935.0,8991.72,10395
2023-04-03 11:00:00,8990.26,9039.98,8970.2,8988.68,9141
2023-04-03 12:00:00,8994.03,9085.4,8965.29,8983.26,10299
2023-04-03 13:00:00,8987.77,9015.78,8971.27,8971.48,8054
2023-04-03 14:00:00,8993.17,9075.16,8971.43,8990.43,10593
2023-04-03 15:00:00,8993.68,9008.07,8971.07,8989.05,10435
2023-04-03 16:00:00,8983.73,8995.36,8971.81,8977.41,8773
2023-04-03 17:00:00,8996.55,9020.45,8996.55,9009.33,9453
2023-04-03 18:00:00,9011.2,9102.44,8975.71,9043.4,8422
2023-04-03 19:00:00,9025.49,9046.73,9014.69,9032.76,12632
2023-04-03 20:00:00,9005.76,9005.76,8950.19,8994.25,12617
2023-04-03 21:00:00,8995.44,9040.27,8982.06,9019.43,9628
2023-04-03 22:00:00,9025.27,9025.27,8964.32,9007.26,6427
2023-04-03 23:00:00,8999.42,9045.73,8986.72,9027.68,10072
2023-04-04 00:00:00,9004.95,9004.95,8947.47,8986.98,12270
2023-04-04 01:00:00,9007.34,9076.97,8974.06,9009.57,9474
2023-04-04 02:00:00,9011.08,9039.5,8967.76,8985.73,6716
2023-04-04 03:00:00,8982.77,9034.81,8958.01,9004.85,18362
2023-04-04 04:00:00,8995.37,9026.26,8990.97,9008.25,9183
2023-04-04 05:00:00,9005.81,9041.43,8973.68,8990.35,8299
2023-04-04 06:00:00,8980.63,9021.79,8966.65,8984.62,17784
2023-04-04 07:00:00,8987.94,9068.77,8984.88,9002.88,14327
2023-04-04 08:00:00,9011.16,9026.38,8959.67,9008.36,10945
2023-04-04 09:00:00,9003.65,9046.75,8916.12,9024.49,7112
2023-04-04 10:00:00,9037.98,9114.77,9037.98,9071.44,22506
2023-04-04 11:00:00,9095.41,9100.75,9021.76,9039.84,13109
2023-04-04 12:00:00,9050.31,9080.99,9022.7,9078.95,5476
2023-04-04 13:00:00,9080.03,9109.09,8986.12,9084.38,12951
2023-04-04 14:00:00,9103.74,9103.74,9049.28,9067.42,9769
2023-04-04 15:00:00,9077.74,9159.5,9020.79,9040.99,8493
2023-04-04 16:00:00,9056.96,9119.87,9021.97,9040.06,10259
2023-04-04 17:00:00,9051.59,9081.88,9051.59,9063.76,9101
2023-04-04 18:00:00,9067.22,9097.55,9045.99,9064.12,10445
2023-04-04 19:00:00,9065.05,9126.11,9029.6,9100.87,10517
2023-04-04 20:00:00,9089.65,9089.65,9005.54,9071.51,10298
2023-04-04 21:00:00,9074.66,9086.74,9012.91,9074.46,11755
2023-04-04 22:00:00,9080.94,9080.96,9004.37,9049.86,9606
2023-04-04 23:00:00,9053.7,9079.39,9043.14,9061.26,9688
2023-04-05 00:00:00,9083.21,9102.36,9032.58,9084.19,6363
2023-04-05 01:00:00,9087.69,9096.89,9050.11,9077.87,6416
2023-04-05 02:00:00,9055.9,9055.9,8941.34,9023.18,8371
2023-04-05 03:00:00,9020.62,9049.15,9013.03,9031.09,11593
2023-04-05 04:00:00,9026.02,9087.74,9026.02,9044.11,13306
2023-04-05 05:00:00,9031.63,9084.16,9016.95,9056.45,12160
2023-04-05 06:00:00,9077.4,9105.47,9076.98,9087.3,13490
2023-04-05 07:00:00,9095.62,9139.4,9016.12,9066.79,7206
2023-04-05 08:00:00,9067.31,9105.1,9067.31,9085.48,14097
2023-04-05 09:00:00,9097.32,9176.23,9097.32,9115.55,11823
2023-04-05 10:00:00,9097.45,9101.26,9060.98,9079.14,11278
2023-04-05 11:00:00,9069.49,9124.43,8997.36,9089.76,5839
2023-04-05 12:00:00,9085.53,9085.53,9072.75,9082.04,10541
2023-04-05 13:00:00,9081.83,9101.89,9065.56,9083.72,10112
2023-04-05 14:00:00,9086.22,9153.1,9035.28,9095.03,11409
2023-04-05 15:00:00,9096.97,9096.97,9081.63,9087.55,9751
2023-04-05 16:00:00,9096.15,9098.95,9065.92,9076.04,10303
2023-04-05 17:00:00,9074.6,9144.17,9074.6,9080.31,6581
2023-04-05 18:00:00,9082.1,9125.29,9024.33,9059.56,14249
2023-04-05 19:00:00,9050.11,9065.89,9013.08,9038.99,11242
2023-04-05 20:00:00,9028.99,9104.0,9011.69,9057.7,22337
2023-04-05 21:00:00,9059.92,9059.92,8986.49,9035.84,9979
2023-04-05 22:00:00,9042.84,9072.37,9042.84,9054.26,16148
2023-04-05 23:00:00,9055.45,9111.43,9031.84,9068.08,13204
2023-04-06 00:00:00,9066.32,9066.32,9015.1,9033.17,11786
2023-04-06 01:00:00,9038.36,9039.79,8989.91,9021.75,7884
2023-04-06 02:00:00,9014.85,9121.18,8992.98,9051.88,8621
2023-04-06 03:00:00,9032.32,9085.04,8980.47,9033.75,13870
2023-04-06 04:00:00,9025.56,9039.91,8965.46,9027.27,16752
2023-04-06 05:00:00,9022.43,9047.2,9010.33,9041.47,6981
2023-04-06 06:00:00,9051.84,9065.66,8993.06,9062.7,10369
2023-04-06 07:00:00,9053.36,9169.07,9010.6,9060.91,15908
2023-04-06 08:00:00,9048.8,9113.29,9037.05,9051.66,16905
2023-04-06 09:00:00,9064.08,9112.31,9046.05,9087.41,10061
2023-04-06 10:00:00,9103.97,9148.29,9103.97,9130.03,4112
2023-04-06 11:00:00,9117.37,9174.02,9110.85,9155.71,12133
2023-04-06 12:00:00,9149.61,9163.16,9149.61,9161.31,13219
2023-04-06 13:00:00,9165.23,9165.23,9042.39,9146.94,7812
2023-04-06 14:00:00,9155.61,9217.27,9123.27,9132.11,13859
2023-04-06 15:00:00,9146.15,9178.73,9124.22,9147.58,10347
2023-04-06 16:00:00,9152.46,9164.1,9152.46,9160.63,14922
2023-04-06 17:00:00,9177.27,9267.62,9177.27,9195.66,9848
2023-04-06 18:00:00,9214.95,9237.94,9145.41,9213.83,8651
2023-04-06 19:00:00,9199.01,9222.05,9164.11,9183.26,5975
2023-04-06 20:00:00,9182.27,9238.19,9167.7,9210.37,13976
2023-04-06 21:00:00,9215.29,9226.05,9188.56,9191.04,9214
2023-04-06 22:00:00,9191.96,9204.14,9166.97,9185.77,13203
2023-04-06 23:00:00,9183.24,9217.53,9157.51,9194.94,7639
2023-04-07 00:00:00,9224.89,9319.25,9224.89,9243.38,12855
2023-04-07 01:00:00,9298.42,9335.69,9298.42,9317.05,11251
2023-04-07 02:00:00,9322.29,9352.56,9265.61,9333.89,8154
2023-04-07 03:00:00,9351.43,9351.43,9314.1,9332.77,13378
2023-04-07 04:00:00,9329.42,9366.81,9329.42,9348.12,9218
2023-04-07 05:00:00,9358.36,9401.42,9352.72,9371.46,8762
2023-04-07 06:00:00,9365.46,9385.61,9348.14,9366.87,10679
2023-04-07 07:00:00,9401.83,9429.59,9401.83,9410.77,6922
2023-04-07 08:00:00,9419.13,9481.85,9409.16,9418.61,8928
2023-04-07 09:00:00,9416.94,9466.92,9406.4,9432.55,10612
2023-04-07 10:00:00,9431.46,9521.46,9431.46,9450.36,13574
2023-04-07 11:00:00,9456.13,9531.39,9428.89,9462.43,11636
2023-04-07 12:00:00,9470.96,9503.02,9442.55,9484.05,8677
2023-04-07 13:00:00,9497.06,9533.36,9452.74,9471.69,18353
2023-04-07 14:00:00,9475.33,9486.23,9438.59,9460.94,9895
2023-04-07 15:00:00,9463.26,9484.54,9351.35,9437.8,6704
2023-04-07 16:00:00,9447.2,9469.52,9447.2,9450.61,12350
2023-04-07 17:00:00,9452.37,9492.19,9452.37,9471.31,5618
2023-04-07 18:00:00,9454.8,9520.62,9381.96,9484.47,7793
2023-04-07 19:00:00,9478.73,9545.05,9478.73,9526.0,6722
2023-04-07 20:00:00,9500.5,9609.79,9476.47,9528.32,9105
2023-04-07 21:00:00,9536.44,9565.5,9487.35,9546.4,8787
2023-04-07 22:00:00,9542.33,9542.33,9510.01,9523.28,11864
2023-04-07 23:00:00,9523.82,9535.54,9449.76,9516.51,9329
2023-04-08 00:00:00,9500.46,9552.55,9472.84,9535.18,18597
2023-04-08 01:00:00,9550.87,9587.06,9550.87,9557.45,10174
2023-04-08 02:00:00,9540.08,9579.48,9485.76,9552.95,11304
2023-04-08 03:00:00,9561.38,9588.82,9534.59,9553.7,7877
2023-04-08 04:00:00,9561.62,9588.01,9518.28,9520.63,20057
2023-04-08 05:00:00,9527.08,9613.43,9509.96,9514.87,13922
2023-04-08 06:00:00,9522.56,9546.86,9490.12,9538.3,7798
2023-04-08 07:00:00,9530.93,9603.25,9530.93,9554.2,10200
2023-04-08 08:00:00,9555.19,9642.0,9542.47,9568.34,11113
2023-04-08 09:00:00,9572.36,9616.47,9531.82,9571.94,7301
2023-04-08 10:00:00,9575.69,9575.69,9522.66,9574.51,10498
2023-04-08 11:00:00,9578.87,9585.54,9556.58,9561.48,9250
2023-04-08 12:00:00,9544.65,9599.45,9523.28,9580.29,10625
2023-04-08 13:00:00,9578.83,9611.64,9546.57,9592.45,13775
2023-04-08 14:00:00,9607.02,9667.22,9575.57,9606.28,5469
2023-04-08 15:00:00,9607.46,9689.82,9591.32,9596.18,7698
2023-04-08 16:00:00,9561.33,9561.33,9540.04,9547.74,12307
2023-04-08 17:00:00,9549.98,9579.49,9515.09,9575.87,12768
2023-04-08 18:00:00,9576.25,9595.76,9547.82,9566.95,10046
2023-04-08 19:00:00,9551.46,9600.78,9529.98,9549.08,7159
2023-04-08 20:00:00,9548.5,9585.55,9548.5,9567.63,9737
2023-04-08 21:00:00,9569.58,9610.59,9541.5,9560.62,14247
2023-04-08 22:00:00,9573.96,9606.95,9532.57,9587.77,10105
2023-04-08 23:00:00,9578.44,9623.69,9529.94,9604.48,10142
2023-04-09 00:00:00,9608.92,9667.74,9582.41,9622.68,8833
2023-04-09 01:00:00,9618.15,9663.57,9573.34,9592.53,11702
2023-04-09 02:00:00,9600.05,9665.93,9599.19,9623.26,11684
2023-04-09 03:00:00,9625.59,9644.14,9612.32,9631.58,8937
2023-04-09 04:00:00,9634.53,9738.54,9592.11,9625.01,10592
2023-04-09 05:00:00,9617.35,9655.08,9617.35,9630.69,12042
2023-04-09 06:00:00,9610.35,9610.35,9517.58,9591.17,6928
2023-04-09 07:00:00,9611.2,9622.61,9532.02,9603.4,5865
2023-04-09 08:00:00,9600.24,9600.95,9502.74,9581.79,8858
2023-04-09 09:00:00,9564.95,9564.95,9533.72,9552.83,9759
2023-04-09 10:00:00,9558.4,9560.34,9458.02,9520.18,9047
2023-04-09 11:00:00,9517.01,9590.89,9517.01,9549.37,15048
2023-04-09 12:00:00,9539.08,9637.57,9503.18,9537.87,15721
2023-04-09 13:00:00,9542.34,9670.8,9542.34,9576.89,9939
2023-04-09 14:00:00,9586.38,9586.38,9528.52,9567.25,9601
2023-04-09 15:00:00,9549.22,9549.22,9518.61,9530.16,9900
2023-04-09 16:00:00,9526.32,9526.32,9443.3,9507.31,10457
2023-04-09 17:00:00,9514.76,9541.24,9514.76,9539.27,8006
2023-04-09 18:00:00,9539.03,9607.31,9536.99,9538.73,10444
2023-04-09 19:00:00,9529.57,9557.37,9517.19,9529.07,12956
2023-04-09 20:00:00,9523.49,9576.88,9498.49,9536.13,12955
2023-04-09 21:00:00,9531.73,9574.66,9498.5,9551.18,12724
2023-04-09 22:00:00,9563.45,9599.64,9539.48,9580.48,9592
2023-04-09 23:00:00,9598.18,9655.71,9598.18,9617.41,8851
2023-04-10 00:00:00,9628.26,9635.94,9592.39,9611.61,9823
2023-04-10 01:00:00,9609.97,9609.97,9563.55,9583.06,13967
2023-04-10 02:00:00,9579.9,9628.8,9510.25,9576.17,9373
2023-04-10 03:00:00,9590.57,9662.72,9548.03,9585.02,8450
2023-04-10 04:00:00,9577.06,9577.06,9553.15,9565.26,9442
2023-04-10 05:00:00,9564.78,9564.78,9463.3,9545.69,6488
2023-04-10 06:00:00,9528.58,9575.94,9528.58,9556.83,9055
2023-04-10 07:00:00,9547.63,9577.98,9478.6,9558.87,7298
2023-04-10 08:00:00,9554.69,9607.76,9543.78,9562.91,8398
2023-04-10 09:00:00,9548.12,9562.75,9481.61,9548.35,6104
2023-04-10 10:00:00,9540.44,9565.38,9527.19,9546.29,4150
2023-04-10 11:00:00,9536.36,9536.36,9444.78,9527.91,9899
2023-04-10 12:00:00,9523.65,9582.69,9522.06,9552.12,6557
2023-04-10 13:00:00,9572.91,9605.83,9560.51,9579.67,9343
2023-04-10 14:00:00,9563.69,9563.69,9528.09,9539.53,8751
2023-04-10 15:00:00,9543.3,9573.38,9464.31,9521.08,13535
2023-04-10 16:00:00,9508.3,9508.3,9442.91,9489.32,12150
2023-04-10 17:00:00,9485.43,9541.2,9458.47,9477.42,19424
2023-04-10 18:00:00,9474.21,9511.98,9346.16,9478.87,8708
2023-04-10 19:00:00,9491.37,9503.98,9404.89,9448.58,12089
2023-04-10 20:00:00,9439.79,9449.62,9397.7,9430.76,10620
2023-04-10 21:00:00,9412.99,9412.99,9385.53,9411.24,9562
2023-04-10 22:00:00,9389.39,9517.78,9379.48,9419.97,13783
2023-04-10 23:00:00,9412.04,9488.1,9330.2,9425.62,11478
2023-04-11 00:00:00,9425.83,9458.92,9384.52,9412.92,7597
2023-04-11 01:00:00,9402.01,9439.69,9402.01,9420.85,10649
2023-04-11 02:00:00,9422.15,9435.15,9393.47,9412.29,10525
2023-04-11 03:00:00,9420.7,9429.18,9353.9,9410.36,12236
2023-04-11 04:00:00,9411.79,9472.22,9371.25,9453.31,4273
2023-04-11 05:00:00,9469.71,9507.41,9469.46,9488.44,11688
2023-04-11 06:00:00,9480.0,9501.12,9367.45,9462.26,9238
2023-04-11 07:00:00,9477.02,9489.55,9445.24,9485.66,8538
2023-04-11 08:00:00,9505.37,9525.43,9505.37,9508.58,7785
2023-04-11 09:00:00,9489.16,9489.16,9459.34,9485.9,9118
2023-04-11 10:00:00,9492.83,9514.91,9443.96,9509.14,9113
2023-04-11 11:00:00,9501.55,9598.91,9482.13,9548.99,9591
2023-04-11 12:00:00,9544.05,9550.75,9523.85,9526.56,12625
2023-04-11 13:00:00,9515.68,9550.52,9476.97,9509.16,12592
2023-04-11 14:00:00,9508.54,9556.1,9507.68,9537.02,9538
2023-04-11 15:00:00,9518.52,9562.71,9490.55,9547.44,15468
2023-04-11 16:00:00,9545.91,9576.24,9531.38,9564.48,14026
2023-04-11 17:00:00,9562.68,9671.88,9553.29,9576.51,7190
2023-04-11 18:00:00,9567.36,9608.88,9499.69,9589.7,5402
2023-04-11 19:00:00,9586.8,9628.03,9548.08,9562.2,14127
2023-04-11 20:00:00,9540.01,9609.68,9533.42,9590.5,12948
2023-04-11 21:00:00,9602.04,9622.5,9593.39,9621.71,15241
2023-04-11 22:00:00,9611.27,9647.72,9604.31,9619.87,16644
2023-04-11 23:00:00,9615.17,9645.5,9596.31,9622.39,14383
2023-04-12 00:00:00,9625.42,9625.42,9587.26,9589.76,9533
2023-04-12 01:00:00,9588.69,9666.53,9588.69,9605.57,7497
2023-04-12 02:00:00,9624.47,9656.78,9603.51,9622.75,5872
2023-04-12 03:00:00,9626.17,9654.8,9613.12,9625.03,13544
2023-04-12 04:00:00,9613.31,9706.88,9591.91,9655.13,11221
2023-04-12 05:00:00,9636.85,9714.04,9626.71,9650.68,7356
2023-04-12 06:00:00,9652.05,9720.56,9626.36,9667.49,13876
2023-04-12 07:00:00,9661.43,9666.02,9603.4,9646.73,11209
2023-04-12 08:00:00,9646.66,9705.4,9569.23,9649.61,12999
2023-04-12 09:00:00,9635.53,9668.19,9617.71,9648.9,8306
2023-04-12 10:00:00,9644.78,9677.05,9638.42,9657.74,7902
2023-04-12 11:00:00,9644.56,9692.67,9587.13,9652.31,15794
2023-04-12 12:00:00,9664.67,9744.53,9603.19,9652.72,11196
2023-04-12 13:00:00,9670.69,9695.2,9614.49,9675.85,6535
2023-04-12 14:00:00,9694.2,9777.4,9620.1,9668.99,9242
2023-04-12 15:00:00,9685.12,9691.23,9615.31,9634.58,8610
2023-04-12 16:00:00,9647.69,9698.91,9647.69,9679.55,10921
2023-04-12 17:00:00,9696.3,9716.17,9696.3,9715.73,5988
2023-04-12 18:00:00,9716.07,9766.17,9665.57,9688.24,14085
2023-04-12 19:00:00,9683.01,9767.74,9652.4,9708.15,7254
2023-04-12 20:00:00,9712.72,9719.06,9690.76,9699.66,12648
2023-04-12 21:00:00,9709.71,9783.41,9707.43,9709.49,5361
2023-04-12 22:00:00,9700.53,9738.39,9700.53,9719.97,10381
2023-04-12 23:00:00,9724.27,9765.22,9704.23,9717.89,12007
2023-04-13 00:00:00,9723.81,9738.36,9622.73,9702.93,11008
2023-04-13 01:00:00,9709.15,9709.79,9671.03,9690.41,6673
2023-04-13 02:00:00,9673.18,9673.18,9623.96,9672.62,10922
2023-04-13 03:00:00,9676.35,9676.35,9637.72,9657.03,12161
2023-04-13 04:00:00,9653.83,9690.23,9640.4,9659.72,8071
2023-04-13 05:00:00,9651.79,9717.38,9629.2,9647.11,8843
2023-04-13 06:00:00,9648.41,9671.12,9648.41,9667.74,10589
2023-04-13 07:00:00,9680.46,9761.84,9635.91,9707.51,8449
2023-04-13 08:00:00,9719.6,9791.07,9658.08,9698.09,4780
2023-04-13 09:00:00,9674.45,9727.69,9668.88,9708.27,12184
2023-04-13 10:00:00,9708.08,9764.72,9660.72,9724.59,12845
2023-04-13 11:00:00,9720.68,9759.6,9666.24,9740.12,10172
2023-04-13 12:00:00,9745.69,9773.32,9726.64,9746.14,12327
2023-04-13 13:00:00,9743.85,9787.6,9743.85,9768.06,15698
2023-04-13 14:00:00,9778.05,9819.04,9730.63,9783.55,11874
2023-04-13 15:00:00,9758.28,9758.28,9716.35,9757.86,14454
2023-04-13 16:00:00,9778.74,9818.99,9778.74,9782.49,11077
2023-04-13 17:00:00,9783.84,9883.21,9765.6,9807.77,6724
2023-04-13 18:00:00,9795.28,9795.89,9752.33,9793.5,14881
2023-04-13 19:00:00,9796.9,9818.14,9796.9,9798.54,10101
2023-04-13 20:00:00,9796.23,9901.06,9709.7,9819.07,7315
2023-04-13 21:00:00,9819.27,9837.75,9746.43,9818.11,8049
2023-04-13 22:00:00,9814.29,9909.29,9810.84,9847.96,9239
2023-04-13 23:00:00,9864.27,9935.14,9864.27,9908.93,13759
2023-04-14 00:00:00,9900.96,9900.96,9850.17,9893.51,11044
2023-04-14 01:00:00,9883.51,9883.51,9861.0,9863.78,10653
2023-04-14 02:00:00,9861.39,9889.34,9830.96,9875.05,6958
2023-04-14 03:00:00,9885.43,9924.55,9876.47,9896.26,8969
2023-04-14 04:00:00,9892.51,9961.93,9874.56,9894.35,12316
2023-04-14 05:00:00,9895.43,9953.16,9858.51,9933.3,7534
2023-04-14 06:00:00,9944.81,10006.72,9895.91,9904.3,10115
2023-04-14 07:00:00,9907.32,9944.68,9876.51,9924.83,8331
2023-04-14 08:00:00,9924.88,9967.54,9909.49,9913.84,5815
2023-04-14 09:00:00,9946.08,10050.74,9921.88,9959.38,12243
2023-04-14 10:00:00,9997.71,10034.07,9997.71,10011.6,13699
2023-04-14 11:00:00,10008.15,10118.67,9891.13,9996.3,9746
2023-04-14 12:00:00,10000.9,10047.86,9966.46,9986.44,19150
2023-04-14 13:00:00,9997.38,10047.32,9997.38,10011.15,14520
2023-04-14 14:00:00,10004.68,10020.03,10004.68,10005.22,9184
2023-04-14 15:00:00,10001.43,10014.94,9981.0,10007.86,14089
2023-04-14 16:00:00,9991.56,10032.23,9919.77,10012.21,13614
2023-04-14 17:00:00,9988.92,9988.92,9953.35,9968.98,12933
2023-04-14 18:00:00,9991.69,9994.35,9952.77,9972.72,9184
2023-04-14 19:00:00,9959.81,9973.53,9939.94,9959.86,9836
2023-04-14 20:00:00,9939.08,9982.64,9922.04,9951.98,11681
2023-04-14 21:00:00,9971.36,10011.32,9971.36,9991.34,10282
2023-04-14 22:00:00,9981.28,9984.58,9857.48,9964.65,8177
2023-04-14 23:00:00,9980.11,10071.12,9957.02,9988.45,8960
2023-04-15 00:00:00,9978.94,10037.21,9929.43,9985.47,5810
2023-04-15 01:00:00,9994.78,10024.48,9961.93,9982.46,10731
2023-04-15 02:00:00,9994.34,10108.56,9981.88,10005.56,9124
2023-04-15 03:00:00,10013.34,10037.55,10013.34,10017.51,12862
2023-04-15 04:00:00,10030.42,10077.89,9976.28,10035.04,7717
2023-04-15 05:00:00,10042.16,10115.13,10042.16,10062.29,14287
2023-04-15 06:00:00,10052.18,10101.89,10037.21,10057.32,10691
2023-04-15 07:00:00,10033.02,10065.61,10025.43,10045.52,9046
2023-04-15 08:00:00,10042.36,10042.36,10016.59,10022.32,12292
2023-04-15 09:00:00,10006.67,10142.4,9926.06,10005.71,7653
2023-04-15 10:00:00,10014.32,10116.48,10014.32,10081.83,12452
2023-04-15 11:00:00,10077.01,10136.4,10044.55,10116.17,9304
2023-04-15 12:00:00,10107.43,10153.2,10023.31,10086.27,12031
2023-04-15 13:00:00,10091.95,10116.72,10037.41,10057.53,10576
2023-04-15 14:00:00,10054.21,10124.52,10033.53,10073.44,5929
2023-04-15 15:00:00,10082.84,10153.59,10068.27,10090.86,4313
2023-04-15 16:00:00,10109.04,10136.97,10046.89,10108.36,12027
2023-04-15 17:00:00,10113.18,10144.82,10059.95,10105.98,7596
2023-04-15 18:00:00,10133.47,10133.62,10055.56,10106.92,15745
2023-04-15 19:00:00,10117.41,10188.38,10034.65,10119.3,10589
2023-04-15 20:00:00,10119.21,10200.62,10107.02,10125.64,10760
2023-04-15 21:00:00,10095.0,10095.0,10016.79,10074.85,14215
2023-04-15 22:00:00,10055.49,10083.85,10041.89,10073.59,15632
2023-04-15 23:00:00,10078.51,10127.74,10050.69,10057.25,16100
2023-04-16 00:00:00,10067.32,10067.32,10003.0,10066.29,13482
2023-04-16 01:00:00,10094.73,10164.86,10094.73,10144.57,11593
2023-04-16 02:00:00,10152.57,10217.24,10085.12,10157.98,6549
2023-04-16 03:00:00,10174.66,10174.66,10150.46,10154.35,9359
2023-04-16 04:00:00,10161.05,10191.92,10161.05,10181.41,9902
2023-04-16 05:00:00,10173.42,10290.19,10153.84,10197.42,12922
2023-04-16 06:00:00,10181.27,10216.14,10175.73,10211.68,10729
2023-04-16 07:00:00,10222.18,10263.7,10210.04,10230.5,11847
2023-04-16 08:00:00,10252.23,10331.25,10252.23,10285.8,7279
2023-04-16 09:00:00,10281.41,10281.41,10240.37,10260.89,9722
2023-04-16 10:00:00,10252.2,10347.2,10218.73,10276.62,7855
2023-04-16 11:00:00,10267.16,10308.92,10167.96,10257.19,10961
2023-04-16 12:00:00,10229.96,10295.89,10220.09,10275.34,12259
2023-04-16 13:00:00,10259.37,10261.53,10184.8,10256.16,8834
2023-04-16 14:00:00,10229.11,10270.11,10229.11,10249.61,8823
2023-04-16 15:00:00,10252.22,10280.79,10186.77,10246.11,7890
2023-04-16 16:00:00,10217.2,10361.92,10202.29,10274.5,6963
2023-04-16 17:00:00,10283.77,10346.6,10266.08,10301.36,11723
2023-04-16 18:00:00,10280.8,10280.8,10224.6,10273.51,17662
2023-04-16 19:00:00,10283.88,10335.06,10258.11,10278.66,9835
2023-04-16 20:00:00,10277.91,10285.1,10241.22,10264.57,9786
2023-04-16 21:00:00,10259.72,10259.72,10130.36,10236.71,9960
2023-04-16 22:00:00,10226.2,10255.47,10222.04,10235.0,11887
2023-04-16 23:00:00,10233.02,10294.08,10210.45,10230.92,8841
2023-04-17 00:00:00,10237.7,10303.07,10237.7,10295.37,9655
2023-04-17 01:00:00,10294.03,10309.9,10236.22,10309.6,8845
2023-04-17 02:00:00,10298.51,10298.51,10277.85,10277.95,13481
2023-04-17 03:00:00,10271.19,10271.19,10234.35,10267.01,7046
2023-04-17 04:00:00,10287.76,10355.82,10211.37,10295.93,8823
2023-04-17 05:00:00,10330.99,10465.82,10330.99,10351.7,8139
2023-04-17 06:00:00,10346.71,10352.38,10276.57,10314.2,6176
2023-04-17 07:00:00,10281.34,10281.34,10197.69,10269.55,13539
2023-04-17 08:00:00,10301.34,10378.06,10301.34,10319.58,10729
2023-04-17 09:00:00,10321.05,10392.62,10279.34,10332.14,9624
2023-04-17 10:00:00,10339.69,10405.4,10292.12,10312.74,6052
2023-04-17 11:00:00,10310.72,10366.46,10292.29,10329.04,6311
2023-04-17 12:00:00,10285.66,10285.66,10231.82,10265.13,8460
2023-04-17 13:00:00,10261.47,10284.35,10247.79,10268.33,9653
2023-04-17 14:00:00,10275.38,10306.19,10198.98,10279.61,8238
2023-04-17 15:00:00,10303.58,10335.73,10291.5,10305.93,6742
2023-04-17 16:00:00,10298.04,10346.21,10262.77,10283.33,12055
2023-04-17 17:00:00,10286.31,10380.38,10229.44,10288.64,11304
2023-04-17 18:00:00,10290.7,10319.18,10266.26,10268.63,11790
2023-04-17 19:00:00,10262.76,10299.09,10253.77,10278.54,6967
2023-04-17 20:00:00,10271.51,10271.51,10238.71,10259.54,6874
2023-04-17 21:00:00,10265.8,10273.47,10248.95,10252.96,13130
2023-04-17 22:00:00,10247.86,10312.83,10220.87,10231.75,10431
2023-04-17 23:00:00,10237.44,10343.94,10231.41,10251.92,11825
2023-04-18 00:00:00,10266.24,10334.88,10247.24,10277.2,13603
2023-04-18 01:00:00,10258.44,10318.87,10232.35,10274.94,12557
2023-04-18 02:00:00,10261.01,10318.34,10221.48,10279.62,12305
2023-04-18 03:00:00,10267.41,10267.41,10227.22,10246.91,11911
2023-04-18 04:00:00,10254.13,10259.78,10166.65,10243.46,14410
2023-04-18 05:00:00,10255.77,10255.77,10234.11,10246.16,11121
2023-04-18 06:00:00,10295.17,10332.01,10295.17,10315.8,6842
2023-04-18 07:00:00,10311.88,10352.23,10245.34,10291.26,8368
2023-04-18 08:00:00,10311.79,10345.21,10311.14,10331.8,17300
2023-04-18 09:00:00,10347.14,10432.57,10347.14,10360.83,9515
2023-04-18 10:00:00,10379.65,10483.32,10324.29,10371.67,10205
2023-04-18 11:00:00,10412.8,10440.87,10412.8,10420.03,9888
2023-04-18 12:00:00,10402.71,10510.54,10338.99,10432.93,10788
2023-04-18 13:00:00,10440.93,10495.46,10425.29,10446.18,7007
2023-04-18 14:00:00,10439.34,10487.44,10439.34,10448.09,9911
2023-04-18 15:00:00,10454.34,10501.47,10426.53,10482.69,7178
2023-04-18 16:00:00,10503.56,10561.24,10503.56,10513.92,7174
2023-04-18 17:00:00,10510.31,10521.72,10479.76,10500.72,23997
2023-04-18 18:00:00,10498.54,10518.62,10440.71,10469.93,7033
2023-04-18 19:00:00,10468.94,10520.84,10433.8,10468.19,10291
2023-04-18 20:00:00,10478.7,10490.88,10354.41,10451.2,7859
2023-04-18 21:00:00,10473.52,10479.24,10432.17,10453.07,6062
2023-04-18 22:00:00,10467.16,10520.93,10467.16,10488.32,12850
2023-04-18 23:00:00,10476.77,10515.97,10456.02,10480.14,11336
2023-04-19 00:00:00,10473.68,10545.89,10456.17,10482.81,8812
2023-04-19 01:00:00,10494.2,10527.95,10458.54,10488.16,8683
2023-04-19 02:00:00,10496.02,10534.99,10496.02,10513.96,12758
2023-04-19 03:00:00,10491.66,10491.66,10453.27,10459.99,10597
2023-04-19 04:00:00,10449.19,10453.75,10371.46,10448.71,8494
2023-04-19 05:00:00,10432.77,10536.63,10405.52,10458.39,10530
2023-04-19 06:00:00,10456.37,10525.99,10443.34,10493.41,13640
2023-04-19 07:00:00,10478.5,10541.79,10475.61,10485.02,23846
2023-04-19 08:00:00,10470.37,10511.92,10429.19,10441.08,13474
2023-04-19 09:00:00,10422.64,10473.85,10422.64,10461.34,7018
2023-04-19 10:00:00,10469.94,10497.25,10428.51,10449.4,12275
2023-04-19 11:00:00,10452.2,10452.2,10376.82,10423.36,12970
2023-04-19 12:00:00,10420.67,10443.46,10391.21,10412.04,7482
2023-04-19 13:00:00,10411.01,10442.83,10384.72,10411.99,14691
2023-04-19 14:00:00,10431.16,10462.78,10316.63,10401.42,4456
2023-04-19 15:00:00,10399.05,10461.22,10308.26,10350.02,10053
2023-04-19 16:00:00,10348.36,10423.49,10346.82,10377.97,15021
2023-04-19 17:00:00,10387.19,10467.83,10348.18,10415.38,11861
2023-04-19 18:00:00,10435.11,10447.48,10435.11,10436.66,9363
2023-04-19 19:00:00,10430.06,10434.07,10289.92,10412.17,12491
2023-04-19 20:00:00,10424.22,10442.14,10332.33,10411.74,9197
2023-04-19 21:00:00,10398.58,10437.03,10395.36,10416.19,13129
2023-04-19 22:00:00,10409.71,10438.32,10409.71,10435.92,6981
2023-04-19 23:00:00,10450.25,10508.4,10441.25,10457.37,9931
2023-04-20 00:00:00,10464.48,10557.74,10421.7,10442.94,6721
2023-04-20 01:00:00,10441.89,10457.82,10437.78,10449.58,10618
2023-04-20 02:00:00,10451.06,10466.45,10439.01,10465.81,7067
2023-04-20 03:00:00,10468.13,10563.48,10411.82,10507.65,17304
2023-04-20 04:00:00,10524.08,10587.5,10524.08,10530.11,17050
2023-04-20 05:00:00,10524.11,10638.52,10490.83,10554.55,14780
2023-04-20 06:00:00,10541.83,10660.51,10480.78,10560.54,9662
2023-04-20 07:00:00,10575.57,10622.03,10569.75,10600.82,6572
2023-04-20 08:00:00,10621.69,10651.76,10560.98,10615.06,8455
2023-04-20 09:00:00,10624.88,10686.03,10541.72,10596.3,10930
2023-04-20 10:00:00,10600.41,10663.17,10574.37,10636.55,8911
2023-04-20 11:00:00,10643.54,10663.95,10637.12,10658.44,12214
2023-04-20 12:00:00,10655.26,10667.39,10611.38,10650.46,11089
2023-04-20 13:00:00,10640.33,10697.96,10608.37,10641.45,12569
2023-04-20 14:00:00,10614.18,10686.03,10565.58,10652.79,11133
2023-04-20 15:00:00,10653.06,10668.66,10653.06,10668.51,10483
2023-04-20 16:00:00,10680.68,10694.47,10655.63,10676.98,15006
2023-04-20 17:00:00,10687.91,10721.32,10687.91,10688.33,15543
2023-04-20 18:00:00,10662.7,10765.33,10649.71,10735.93,17061
2023-04-20 19:00:00,10755.78,10817.83,10755.78,10766.98,6124
2023-04-20 20:00:00,10776.57,10793.07,10733.17,10774.65,8131
2023-04-20 21:00:00,10789.51,10823.72,10722.64,10802.11,8049
2023-04-20 22:00:00,10788.18,10788.18,10769.55,10777.26,6026
2023-04-20 23:00:00,10783.69,10811.96,10755.8,10790.37,9440
2023-04-21 00:00:00,10770.37,10890.0,10745.21,10840.68,20305
2023-04-21 01:00:00,10834.54,10917.66,10834.54,10837.05,9321
2023-04-21 02:00:00,10842.29,10849.02,10795.0,10816.63,11847
2023-04-21 03:00:00,10820.56,10827.5,10800.04,10801.62,10221
2023-04-21 04:00:00,10778.72,10778.72,10738.49,10775.22,9896
2023-04-21 05:00:00,10772.24,10792.73,10631.63,10757.02,7077
2023-04-21 06:00:00,10751.51,10801.6,10742.46,10750.05,11798
2023-04-21 07:00:00,10769.84,10770.81,10674.85,10715.86,8246
2023-04-21 08:00:00,10705.02,10808.4,10678.62,10719.46,9059
2023-04-21 09:00:00,10744.4,10767.77,10744.4,10746.28,15185
2023-04-21 10:00:00,10746.59,10746.63,10703.72,10725.17,10954
2023-04-21 11:00:00,10749.43,10777.49,10749.43,10768.06,6513
2023-04-21 12:00:00,10758.3,10805.88,10730.96,10784.31,14738
2023-04-21 13:00:00,10777.96,10846.98,10751.5,10814.26,8740
2023-04-21 14:00:00,10803.7,10820.55,10725.14,10799.35,12611
2023-04-21 15:00:00,10799.38,10864.26,10786.16,10824.57,9979
2023-04-21 16:00:00,10822.32,10822.32,10785.76,10798.06,6310
2023-04-21 17:00:00,10806.29,10851.53,10733.03,10824.18,12693
2023-04-21 18:00:00,10796.75,10839.96,10794.24,10831.28,13602
2023-04-21 19:00:00,10850.61,10908.78,10826.82,10848.51,6933
2023-04-21 20:00:00,10829.06,10886.87,10798.18,10819.82,9539
2023-04-21 21:00:00,10788.74,10817.07,10777.2,10798.8,17322
2023-04-21 22:00:00,10798.02,10845.47,10795.76,10817.4,11694
2023-04-21 23:00:00,10816.46,10816.46,10747.53,10794.87,11013
2023-04-22 00:00:00,10784.26,10831.44,10779.78,10809.82,7711
2023-04-22 01:00:00,10797.45,10797.45,10767.58,10775.9,19078
2023-04-22 02:00:00,10798.15,10822.32,10798.15,10800.72,8411
2023-04-22 03:00:00,10791.96,10791.96,10696.01,10770.42,10732
2023-04-22 04:00:00,10765.97,10872.73,10765.97,10787.54,7971
2023-04-22 05:00:00,10786.81,10889.51,10745.67,10806.53,6050
2023-04-22 06:00:00,10785.23,10867.66,10683.83,10790.5,13739
2023-04-22 07:00:00,10789.89,10915.3,10764.44,10808.17,13243
2023-04-22 08:00:00,10801.87,10860.99,10770.28,10817.27,6294
2023-04-22 09:00:00,10811.59,10846.47,10769.0,10804.99,7426
2023-04-22 10:00:00,10801.81,10801.81,10771.91,10780.25,9155
2023-04-22 11:00:00,10746.01,10746.01,10665.36,10730.52,10166
2023-04-22 12:00:00,10726.56,10788.69,10723.87,10742.24,7101
2023-04-22 13:00:00,10725.0,10725.0,10682.18,10703.59,8929
2023-04-22 14:00:00,10693.71,10730.26,10629.84,10708.85,16712
2023-04-22 15:00:00,10722.76,10762.16,10652.27,10704.68,9633
2023-04-22 16:00:00,10717.89,10809.68,10703.76,10725.21,10322
2023-04-22 17:00:00,10701.58,10778.99,10688.27,10719.84,8287
2023-04-22 18:00:00,10735.29,10735.29,10655.62,10713.86,14142
2023-04-22 19:00:00,10734.83,10784.89,10734.83,10735.64,12446
2023-04-22 20:00:00,10745.5,10815.59,10628.1,10746.99,6527
2023-04-22 21:00:00,10736.26,10779.29,10736.26,10757.78,8147
2023-04-22 22:00:00,10755.45,10843.35,10728.5,10772.66,9487
2023-04-22 23:00:00,10774.13,10780.33,10693.75,10734.7,8755
2023-04-23 00:00:00,10759.15,10803.1,10737.09,10757.2,8927
2023-04-23 01:00:00,10769.65,10800.97,10752.72,10775.79,7227
2023-04-23 02:00:00,10772.28,10787.49,10621.91,10751.23,13931
2023-04-23 03:00:00,10744.4,10751.18,10721.63,10747.03,7736
2023-04-23 04:00:00,10750.81,10818.0,10675.48,10748.17,10982
2023-04-23 05:00:00,10736.11,10768.57,10720.86,10747.08,11754
2023-04-23 06:00:00,10743.82,10779.92,10712.98,10758.41,14058
2023-04-23 07:00:00,10777.24,10836.68,10777.24,10798.84,11906
2023-04-23 08:00:00,10808.39,10849.6,10808.39,10830.05,6011
2023-04-23 09:00:00,10809.17,10821.66,10782.85,10797.61,7708
2023-04-23 10:00:00,10819.29,10838.23,10814.78,10816.6,9401
2023-04-23 11:00:00,10841.52,10907.66,10841.52,10854.32,8270
2023-04-23 12:00:00,10855.31,10890.99,10821.05,10866.99,21311
2023-04-23 13:00:00,10851.93,10932.2,10832.07,10898.3,14872
2023-04-23 14:00:00,10947.27,10975.87,10947.27,10953.97,6859
2023-04-23 15:00:00,10959.56,11040.34,10925.57,10983.46,11742
2023-04-23 16:00:00,10992.5,11046.63,10948.45,10992.03,7583
2023-04-23 17:00:00,11016.96,11044.02,11016.96,11021.98,8346
2023-04-23 18:00:00,11022.66,11049.62,10913.63,11027.57,16435
2023-04-23 19:00:00,11027.24,11057.44,10982.41,11029.85,19250
2023-04-23 20:00:00,11030.22,11084.92,10951.91,11022.02,11089
2023-04-23 21:00:00,11063.14,11088.23,11063.14,11066.1,6363
2023-04-23 22:00:00,11066.08,11081.71,11009.14,11045.54,8023
2023-04-23 23:00:00,11066.47,11096.96,11066.47,11088.64,7580
2023-04-24 00:00:00,11090.74,11125.83,11033.76,11103.62,8321
2023-04-24 01:00:00,11071.78,11071.78,11010.18,11066.85,12682
2023-04-24 02:00:00,11063.86,11111.71,11047.73,11078.5,8665
2023-04-24 03:00:00,11091.83,11091.83,11019.66,11023.27,12381
2023-04-24 04:00:00,11035.88,11055.59,10973.18,11042.27,7853
2023-04-24 05:00:00,11046.9,11133.57,11004.62,11068.1,7346
2023-04-24 06:00:00,11071.73,11117.87,10971.42,11053.67,9500
2023-04-24 07:00:00,11048.11,11095.98,11009.82,11058.75,10525
2023-04-24 08:00:00,11053.99,11135.68,11039.78,11113.45,9114
2023-04-24 09:00:00,11108.99,11123.32,11078.92,11101.12,9375
2023-04-24 10:00:00,11095.95,11095.95,11051.65,11073.8,7991
2023-04-24 11:00:00,11095.11,11197.99,11078.56,11115.58,11163
2023-04-24 12:00:00,11103.86,11207.91,11036.37,11170.39,10363
2023-04-24 13:00:00,11160.62,11212.81,11088.93,11171.3,11862
2023-04-24 14:00:00,11187.9,11222.09,11171.48,11199.69,11285
2023-04-24 15:00:00,11188.64,11284.27,11121.55,11236.98,18919
2023-04-24 16:00:00,11226.44,11226.44,11194.55,11216.98,9239
2023-04-24 17:00:00,11222.12,11258.54,11174.58,11204.13,7885
2023-04-24 18:00:00,11196.98,11261.0,11168.96,11238.52,9508
2023-04-24 19:00:00,11255.05,11361.35,11255.05,11285.36,10574
2023-04-24 20:00:00,11287.13,11323.86,11268.06,11301.26,12639
2023-04-24 21:00:00,11299.88,11299.88,11160.65,11277.32,11230
2023-04-24 22:00:00,11299.93,11359.47,11299.93,11332.79,8840
2023-04-24 23:00:00,11316.2,11340.87,11287.53,11318.26,9563
2023-04-25 00:00:00,11314.22,11340.56,11286.61,11309.22,10641
2023-04-25 01:00:00,11327.89,11390.4,11250.93,11319.01,17041
2023-04-25 02:00:00,11341.11,11395.22,11306.17,11362.32,12814
2023-04-25 03:00:00,11380.33,11423.65,11363.36,11386.13,9063
2023-04-25 04:00:00,11387.15,11442.08,11387.15,11397.68,6618
2023-04-25 05:00:00,11404.42,11433.43,11320.58,11410.61,7028
2023-04-25 06:00:00,11430.16,11454.05,11389.09,11411.91,5808
2023-04-25 07:00:00,11395.9,11450.68,11361.6,11427.83,6174
2023-04-25 08:00:00,11390.91,11390.91,11352.04,11357.28,8801
2023-04-25 09:00:00,11355.8,11372.79,11330.34,11349.85,12786
2023-04-25 10:00:00,11324.57,11409.09,11307.96,11357.42,15905
2023-04-25 11:00:00,11331.3,11332.37,11306.97,11326.36,9987
2023-04-25 12:00:00,11367.33,11376.48,11310.43,11338.38,8380
2023-04-25 13:00:00,11329.14,11401.55,11321.41,11334.06,12761
2023-04-25 14:00:00,11361.45,11411.64,11361.45,11384.22,10567
2023-04-25 15:00:00,11406.3,11451.88,11406.3,11429.16,7749
2023-04-25 16:00:00,11427.35,11432.42,11410.3,11416.79,7545
2023-04-25 17:00:00,11412.21,11469.79,11406.69,11413.34,10190
2023-04-25 18:00:00,11406.53,11422.81,11333.02,11412.26,10249
2023-04-25 19:00:00,11413.46,11423.41,11349.01,11400.61,14390
2023-04-25 20:00:00,11397.74,11428.6,11321.83,11407.22,8471
2023-04-25 21:00:00,11370.11,11444.07,11339.26,11387.27,30495
2023-04-25 22:00:00,11366.21,11396.98,11326.67,11357.09,6470
2023-04-25 23:00:00,11366.66,11406.48,11355.75,11376.12,10782
2023-04-26 00:00:00,11374.75,11417.73,11258.02,11394.94,8595
2023-04-26 01:00:00,11373.4,11396.3,11373.33,11373.55,12034
2023-04-26 02:00:00,11386.3,11422.4,11370.9,11399.6,9088
2023-04-26 03:00:00,11402.84,11486.24,11360.07,11382.84,11866
2023-04-26 04:00:00,11388.81,11468.61,11379.09,11390.94,8553
2023-04-26 05:00:00,11423.5,11437.71,11323.51,11414.88,11057
2023-04-26 06:00:00,11404.61,11439.06,11392.09,11414.92,11965
2023-04-26 07:00:00,11413.34,11466.16,11413.34,11428.7,7537
2023-04-26 08:00:00,11415.57,11415.57,11348.68,11415.14,6270
2023-04-26 09:00:00,11413.39,11433.34,11381.85,11410.52,10600
2023-04-26 10:00:00,11412.25,11438.09,11382.92,11405.73,8950
2023-04-26 11:00:00,11405.05,11424.11,11363.04,11385.81,12383
2023-04-26 12:00:00,11387.33,11432.16,11335.74,11381.79,16194
2023-04-26 13:00:00,11377.42,11383.62,11265.41,11339.68,5391
2023-04-26 14:00:00,11321.42,11367.11,11304.87,11327.53,10487
2023-04-26 15:00:00,11344.93,11395.52,11298.75,11321.39,5768
2023-04-26 16:00:00,11307.83,11370.65,11220.85,11316.13,12840
2023-04-26 17:00:00,11307.05,11351.78,11307.05,11311.41,15589
2023-04-26 18:00:00,11296.74,11373.84,11289.25,11311.87,14305
2023-04-26 19:00:00,11320.36,11348.37,11268.37,11327.28,11948
2023-04-26 20:00:00,11351.94,11376.43,11331.02,11353.73,11999
2023-04-26 21:00:00,11332.61,11389.32,11317.19,11337.74,10367
2023-04-26 22:00:00,11333.53,11344.6,11249.27,11306.63,4953
2023-04-26 23:00:00,11302.86,11302.86,11257.74,11280.3,7610
2023-04-27 00:00:00,11273.26,11310.92,11247.15,11269.69,12268
2023-04-27 01:00:00,11252.35,11295.35,11240.41,11262.93,7213
2023-04-27 02:00:00,11262.17,11289.59,11214.7,11244.54,11978
2023-04-27 03:00:00,11234.41,11234.41,11123.08,11211.99,8989
2023-04-27 04:00:00,11222.35,11224.87,11180.3,11202.71,11837
2023-04-27 05:00:00,11191.23,11253.74,11159.99,11211.14,7044
2023-04-27 06:00:00,11195.61,11236.52,11195.48,11230.91,10687
2023-04-27 07:00:00,11244.85,11244.85,11169.34,11219.05,4834
2023-04-27 08:00:00,11222.26,11229.53,11082.8,11211.38,12629
2023-04-27 09:00:00,11188.54,11212.12,11106.9,11189.74,10198
2023-04-27 10:00:00,11184.8,11212.72,11148.07,11192.88,7494
2023-04-27 11:00:00,11176.96,11252.72,11151.1,11173.67,8116
2023-04-27 12:00:00,11183.21,11215.7,11170.93,11193.32,9671
2023-04-27 13:00:00,11190.22,11250.2,11125.94,11148.24,9006
2023-04-27 14:00:00,11161.35,11161.35,11070.81,11142.45,7456
2023-04-27 15:00:00,11149.05,11223.11,11149.05,11154.78,17256
2023-04-27 16:00:00,11148.24,11186.07,11127.05,11163.74,13432
2023-04-27 17:00:00,11180.35,11289.19,11137.54,11241.16,11882
2023-04-27 18:00:00,11223.63,11276.85,11206.41,11254.35,9630
2023-04-27 19:00:00,11248.26,11270.05,11183.07,11230.29,6213
2023-04-27 20:00:00,11230.71,11278.77,11119.93,11231.44,5830
2023-04-27 21:00:00,11221.98,11221.98,11152.58,11186.39,13157
2023-04-27 22:00:00,11185.61,11264.0,11089.83,11188.24,18302
2023-04-27 23:00:00,11187.17,11207.84,11102.61,11169.55,8982
2023-04-28 00:00:00,11177.38,11221.18,11176.38,11198.78,6764
2023-04-28 01:00:00,11177.26,11217.67,11131.49,11187.87,6572
2023-04-28 02:00:00,11181.72,11211.26,11152.97,11188.89,7523
2023-04-28 03:00:00,11193.42,11193.42,11172.2,11175.65,13613
2023-04-28 04:00:00,11205.09,11252.0,11205.09,11227.54,8722
2023-04-28 05:00:00,11223.42,11260.09,11138.57,11222.66,11380
2023-04-28 06:00:00,11259.48,11335.75,11226.6,11277.08,9570
2023-04-28 07:00:00,11285.3,11325.88,11280.67,11303.28,10805
2023-04-28 08:00:00,11325.24,11335.27,11302.33,11320.26,10646
2023-04-28 09:00:00,11325.48,11356.85,11159.27,11334.18,7468
2023-04-28 10:00:00,11322.2,11378.65,11281.57,11348.68,8041
2023-04-28 11:00:00,11305.02,11305.02,11296.26,11298.58,6979
2023-04-28 12:00:00,11312.85,11317.3,11276.24,11294.71,13759
2023-04-28 13:00:00,11299.29,11344.58,11299.29,11321.93,9503
2023-04-28 14:00:00,11350.37,11378.17,11205.62,11324.34,15059
2023-04-28 15:00:00,11323.42,11349.37,11216.12,11289.2,12867
2023-04-28 16:00:00,11301.54,11314.52,11250.72,11291.94,6413
2023-04-28 17:00:00,11279.15,11390.8,11237.51,11343.19,8839
2023-04-28 18:00:00,11344.9,11436.77,11318.73,11381.59,8268
2023-04-28 19:00:00,11365.88,11395.79,11360.61,11383.38,12654
2023-04-28 20:00:00,11366.75,11447.53,11355.45,11413.34,7235
2023-04-28 21:00:00,11410.32,11410.32,11366.05,11406.43,9154
2023-04-28 22:00:00,11386.64,11386.64,11324.58,11362.1,12264
2023-04-28 23:00:00,11362.87,11362.87,11294.65,11340.19,6805
2023-04-29 00:00:00,11346.54,11424.92,11346.54,11387.71,16408
2023-04-29 01:00:00,11387.79,11419.59,11361.17,11383.93,11500
2023-04-29 02:00:00,11389.53,11391.65,11323.82,11381.16,11410
2023-04-29 03:00:00,11362.9,11435.28,11357.96,11376.66,7898
2023-04-29 04:00:00,11380.66,11503.21,11319.01,11433.92,9896
2023-04-29 05:00:00,11466.07,11552.87,11466.07,11483.29,8143
2023-04-29 06:00:00,11538.74,11562.18,11538.74,11549.27,10531
2023-04-29 07:00:00,11554.04,11570.85,11521.05,11547.76,6089
2023-04-29 08:00:00,11548.97,11584.43,11530.99,11559.2,9682
2023-04-29 09:00:00,11540.08,11542.2,11440.29,11519.16,11915
2023-04-29 10:00:00,11527.17,11593.89,11527.17,11564.01,10057
2023-04-29 11:00:00,11556.58,11594.72,11422.73,11533.81,6304
2023-04-29 12:00:00,11539.08,11560.05,11470.82,11542.89,10538
2023-04-29 13:00:00,11547.58,11602.78,11477.91,11514.7,8579
2023-04-29 14:00:00,11524.13,11524.13,11478.13,11501.13,12481
2023-04-29 15:00:00,11516.89,11520.41,11405.84,11480.54,12086
2023-04-29 16:00:00,11492.43,11584.49,11384.45,11466.51,11923
2023-04-29 17:00:00,11472.04,11474.86,11431.69,11454.6,7607
2023-04-29 18:00:00,11448.16,11472.3,11369.43,11442.85,12379
2023-04-29 19:00:00,11444.7,11545.24,11444.7,11469.98,11336
2023-04-29 20:00:00,11471.58,11506.6,11326.91,11442.48,9565
2023-04-29 21:00:00,11449.13,11526.01,11433.88,11452.33,8666
2023-04-29 22:00:00,11467.17,11524.69,11467.17,11490.15,10643
2023-04-29 23:00:00,11462.41,11502.08,11441.85,11479.12,8627
2023-04-30 00:00:00,11465.36,11499.55,11459.8,11462.54,11200
2023-04-30 01:00:00,11441.26,11554.78,11399.0,11459.82,10996
2023-04-30 02:00:00,11472.52,11519.82,11428.44,11496.83,17746
2023-04-30 03:00:00,11490.76,11528.98,11440.9,11505.96,8540
2023-04-30 04:00:00,11500.61,11609.27,11438.35,11494.79,16280
2023-04-30 05:00:00,11489.25,11570.71,11489.25,11512.27,8614
2023-04-30 06:00:00,11507.83,11507.83,11483.54,11484.86,8436
2023-04-30 07:00:00,11463.54,11527.57,11460.33,11508.14,8328
2023-04-30 08:00:00,11509.42,11590.09,11452.56,11523.44,6795
2023-04-30 09:00:00,11506.55,11546.98,11460.48,11518.39,12741
2023-04-30 10:00:00,11515.4,11567.89,11423.72,11498.35,10208
2023-04-30 11:00:00,11500.38,11500.38,11385.26,11477.42,7337
2023-04-30 12:00:00,11486.5,11583.42,11406.68,11496.86,9149
2023-04-30 13:00:00,11512.88,11563.46,11512.88,11535.95,12073
2023-04-30 14:00:00,11521.04,11579.71,11499.14,11522.18,8291
2023-04-30 15:00:00,11515.78,11608.27,11496.81,11539.75,13466
2023-04-30 16:00:00,11508.79,11508.79,11414.02,11485.35,11305
2023-04-30 17:00:00,11472.74,11495.44,11424.64,11473.94,12436
2023-04-30 18:00:00,11456.24,11497.77,11411.97,11478.22,11356
2023-04-30 19:00:00,11461.64,11471.18,11340.39,11457.78,9338
2023-04-30 20:00:00,11452.52,11462.59,11392.41,11436.75,6466
2023-04-30 21:00:00,11446.25,11446.25,11400.56,11423.41,12011
2023-04-30 22:00:00,11414.24,11491.58,11414.24,11437.12,10200
2023-04-30 23:00:00,11442.17,11460.27,11357.67,11437.39,13312
2023-05-01 00:00:00,11406.43,11406.43,11357.47,11380.23,8012
2023-05-01 01:00:00,11349.82,11349.82,11304.51,11327.17,12370
2023-05-01 02:00:00,11320.21,11338.99,11292.37,11316.36,6593
2023-05-01 03:00:00,11347.13,11366.66,11312.54,11335.21,10809
2023-05-01 04:00:00,11270.13,11270.13,11200.09,11265.1,7431
2023-05-01 05:00:00,11267.57,11317.01,11236.14,11258.01,6273
2023-05-01 06:00:00,11250.06,11269.55,11157.44,11250.25,13168
2023-05-01 07:00:00,11270.17,11379.3,11270.17,11295.35,16283
2023-05-01 08:00:00,11301.59,11301.59,11211.4,11291.44,11523
2023-05-01 09:00:00,11297.43,11320.82,11279.14,11308.98,10684
2023-05-01 10:00:00,11316.12,11372.4,11265.17,11319.74,10068
2023-05-01 11:00:00,11282.17,11282.17,11223.73,11267.51,6523
2023-05-01 12:00:00,11264.8,11304.04,11264.8,11296.04,8418
2023-05-01 13:00:00,11290.84,11439.98,11229.07,11308.97,7849
2023-05-01 14:00:00,11305.67,11359.12,11262.66,11329.89,8147
2023-05-01 15:00:00,11414.8,11523.59,11414.8,11445.78,13043
2023-05-01 16:00:00,11416.57,11416.57,11295.45,11393.79,17898
2023-05-01 17:00:00,11404.07,11471.63,11359.52,11448.73,8408
2023-05-01 18:00:00,11450.68,11506.71,11378.29,11447.15,16902
2023-05-01 19:00:00,11456.49,11484.54,11438.7,11461.62,6411
2023-05-01 20:00:00,11462.87,11524.1,11435.24,11466.63,11080
2023-05-01 21:00:00,11469.95,11481.11,11429.69,11461.18,12556
2023-05-01 22:00:00,11445.29,11474.53,11428.72,11451.63,12601
2023-05-01 23:00:00,11458.88,11505.09,11380.11,11467.4,7558
2023-05-02 00:00:00,11446.83,11509.45,11367.63,11431.17,15951
2023-05-02 01:00:00,11435.97,11500.75,11435.97,11458.89,5725
2023-05-02 02:00:00,11465.65,11557.16,11419.1,11453.72,12240
2023-05-02 03:00:00,11449.06,11449.06,11403.59,11428.57,9991
2023-05-02 04:00:00,11443.98,11495.51,11306.35,11422.5,6393
2023-05-02 05:00:00,11445.8,11540.12,11445.8,11464.07,9783
2023-05-02 06:00:00,11461.23,11479.17,11387.02,11455.23,19445
2023-05-02 07:00:00,11458.91,11559.59,11401.01,11471.4,10348
2023-05-02 08:00:00,11477.54,11485.65,11381.42,11457.15,13003
2023-05-02 09:00:00,11478.07,11507.54,11461.61,11484.58,11820
2023-05-02 10:00:00,11491.9,11532.82,11491.9,11509.8,11755
2023-05-02 11:00:00,11538.08,11668.67,11525.71,11567.74,11442
2023-05-02 12:00:00,11579.26,11590.85,11545.11,11568.24,8766
2023-05-02 13:00:00,11584.3,11630.86,11584.3,11592.57,10447
2023-05-02 14:00:00,11594.05,11601.17,11495.32,11600.5,10458
2023-05-02 15:00:00,11583.26,11699.36,11583.26,11642.34,7676
2023-05-02 16:00:00,11636.16,11705.67,11563.82,11626.61,9142
2023-05-02 17:00:00,11614.45,11661.91,11588.89,11652.93,15474
2023-05-02 18:00:00,11673.2,11715.85,11629.06,11652.37,4985
2023-05-02 19:00:00,11667.98,11705.07,11596.13,11655.69,8047
2023-05-02 20:00:00,11651.46,11686.86,11568.33,11663.53,13226
2023-05-02 21:00:00,11693.66,11721.87,11590.49,11676.07,12242
2023-05-02 22:00:00,11654.35,11745.42,11654.35,11677.7,7683
2023-05-02 23:00:00,11673.85,11758.48,11619.6,11688.78,9831
2023-05-03 00:00:00,11701.61,11762.5,11688.55,11739.02,12645
2023-05-03 01:00:00,11748.53,11854.56,11748.53,11772.07,11140
2023-05-03 02:00:00,11757.52,11848.06,11739.85,11801.89,8284
2023-05-03 03:00:00,11807.76,11815.05,11730.29,11793.51,10688
2023-05-03 04:00:00,11810.43,11821.06,11752.2,11772.63,10133
2023-05-03 05:00:00,11791.6,11883.34,11791.6,11805.07,16324
2023-05-03 06:00:00,11806.44,11895.08,11803.92,11835.01,8789
2023-05-03 07:00:00,11858.32,11896.18,11858.32,11882.08,16395
2023-05-03 08:00:00,11872.2,11897.61,11844.75,11868.49,10796
2023-05-03 09:00:00,11883.64,11886.52,11796.48,11865.95,7230
2023-05-03 10:00:00,11829.0,11829.0,11811.79,11822.31,6605
2023-05-03 11:00:00,11809.29,11875.49,11785.34,11815.3,7912
2023-05-03 12:00:00,11829.7,11872.34,11824.94,11848.64,6847
2023-05-03 13:00:00,11861.65,11908.8,11779.25,11839.23,8698
2023-05-03 14:00:00,11829.9,11882.27,11814.3,11862.2,15424
2023-05-03 15:00:00,11876.79,11934.96,11830.13,11861.01,6178
2023-05-03 16:00:00,11871.48,11898.65,11859.56,11874.9,10889
2023-05-03 17:00:00,11869.52,11869.52,11764.99,11845.83,20914
2023-05-03 18:00:00,11850.66,11940.42,11829.19,11852.89,11059
2023-05-03 19:00:00,11794.3,11794.3,11747.22,11770.76,12432
2023-05-03 20:00:00,11769.52,11807.18,11747.08,11770.56,10701
2023-05-03 21:00:00,11749.48,11806.43,11640.36,11729.01,11461
2023-05-03 22:00:00,11745.84,11865.73,11745.84,11769.38,8950
2023-05-03 23:00:00,11785.24,11821.04,11738.67,11797.45,10012
2023-05-04 00:00:00,11804.22,11836.03,11804.22,11816.48,16210
2023-05-04 01:00:00,11824.8,11901.95,11813.28,11866.04,13486
2023-05-04 02:00:00,11881.5,11947.11,11799.05,11843.53,10473
2023-05-04 03:00:00,11830.52,11909.01,11830.52,11899.5,8238
2023-05-04 04:00:00,11926.12,12015.27,11926.12,11931.56,5935
2023-05-04 05:00:00,11927.21,11953.12,11860.12,11929.26,14229
2023-05-04 06:00:00,11943.38,11979.62,11943.38,11967.31,9097
2023-05-04 07:00:00,11962.49,12009.11,11915.65,11939.53,13635
2023-05-04 08:00:00,11944.04,11990.74,11855.09,11920.13,12473
2023-05-04 09:00:00,11908.18,11916.71,11883.35,11907.16,10446
2023-05-04 10:00:00,11891.92,11920.28,11865.23,11896.49,9173
2023-05-04 11:00:00,11894.45,11894.45,11869.28,11870.71,13995
2023-05-04 12:00:00,11887.56,11932.2,11887.56,11911.38,10448
2023-05-04 13:00:00,11928.93,12035.14,11852.28,11908.78,11645
2023-05-04 14:00:00,11894.02,11935.44,11831.97,11924.22,14216
2023-05-04 15:00:00,11926.28,12022.71,11880.78,11912.59,12695
2023-05-04 16:00:00,11903.38,11903.38,11840.93,11864.66,10584
2023-05-04 17:00:00,11819.68,11883.61,11801.82,11877.87,14837
2023-05-04 18:00:00,11850.05,11857.08,11775.31,11827.84,8330
2023-05-04 19:00:00,11832.57,11834.51,11762.54,11831.88,10376
2023-05-04 20:00:00,11813.43,11821.83,11707.72,11798.24,17325
2023-05-04 21:00:00,11789.82,11961.13,11789.82,11861.8,10708
2023-05-04 22:00:00,11872.35,11931.76,11871.95,11894.06,11555
2023-05-04 23:00:00,11906.25,11926.53,11879.62,11902.72,8059
2023-05-05 00:00:00,11931.24,11994.09,11885.75,11945.35,6756
2023-05-05 01:00:00,11971.06,12011.42,11818.5,11926.01,7233
2023-05-05 02:00:00,11906.69,11991.46,11841.54,11947.46,13314
2023-05-05 03:00:00,11958.08,12038.91,11933.2,11958.77,13685
2023-05-05 04:00:00,11958.58,11978.35,11875.71,11971.92,8456
2023-05-05 05:00:00,12002.24,12067.43,12002.24,12014.58,12415
2023-05-05 06:00:00,12036.48,12105.73,12036.48,12041.25,12661
2023-05-05 07:00:00,12065.49,12113.58,12046.46,12054.85,11081
2023-05-05 08:00:00,12020.87,12020.87,11927.03,12011.08,11176
2023-05-05 09:00:00,12024.21,12096.31,11864.71,11988.27,9384
2023-05-05 10:00:00,12001.21,12010.6,11920.91,11989.89,12077
2023-05-05 11:00:00,12000.05,12021.91,11969.04,11997.92,10557
2023-05-05 12:00:00,11965.46,12053.41,11921.35,11969.76,10595
2023-05-05 13:00:00,12023.15,12089.77,12023.15,12045.8,5619
2023-05-05 14:00:00,12028.33,12121.52,12019.16,12095.62,10059
2023-05-05 15:00:00,12094.93,12185.13,12094.93,12118.16,9664
2023-05-05 16:00:00,12118.3,12201.82,12118.3,12124.85,8331
2023-05-05 17:00:00,12099.6,12147.27,12067.91,12123.02,18771
2023-05-05 18:00:00,12123.61,12123.61,12075.21,12099.41,10776
2023-05-05 19:00:00,12092.08,12138.5,12012.58,12106.54,16276
2023-05-05 20:00:00,12125.6,12170.89,12084.08,12119.21,12355
2023-05-05 21:00:00,12108.04,12117.19,12060.52,12087.37,8523
2023-05-05 22:00:00,12090.51,12129.85,12090.51,12102.53,10282
2023-05-05 23:00:00,12096.95,12122.46,12027.58,12103.14,4996
2023-05-06 00:00:00,12055.2,12055.2,11968.05,12051.91,5053
2023-05-06 01:00:00,12050.22,12076.33,12007.9,12031.96,11702
2023-05-06 02:00:00,12031.99,12039.26,11922.0,12025.38,12298
2023-05-06 03:00:00,12030.14,12110.81,12030.14,12086.64,24076
2023-05-06 04:00:00,12055.42,12154.59,11989.14,12108.53,12724
2023-05-06 05:00:00,12103.58,12218.44,12025.77,12074.2,11517
2023-05-06 06:00:00,12089.23,12095.49,11946.91,12093.96,8336
2023-05-06 07:00:00,12095.73,12135.15,11984.24,12053.42,13149
2023-05-06 08:00:00,12064.69,12173.68,12064.69,12090.82,12173
2023-05-06 09:00:00,12072.36,12138.3,11989.46,12081.87,5332
2023-05-06 10:00:00,12093.76,12153.86,12030.79,12084.26,11331
2023-05-06 11:00:00,12087.12,12153.01,12087.12,12128.75,8473
2023-05-06 12:00:00,12145.0,12171.72,12071.39,12095.58,10121
2023-05-06 13:00:00,12075.37,12150.49,12035.51,12059.63,14534
2023-05-06 14:00:00,12071.4,12117.52,12023.9,12047.99,9430
2023-05-06 15:00:00,12062.68,12208.85,12062.68,12084.16,11742
2023-05-06 16:00:00,12089.86,12122.81,12012.49,12044.51,10461
2023-05-06 17:00:00,11973.96,11973.96,11895.2,11966.5,15817
2023-05-06 18:00:00,11972.19,11985.46,11775.75,11959.2,11254
2023-05-06 19:00:00,11946.62,12005.31,11909.5,11981.34,8120
2023-05-06 20:00:00,11979.86,12110.93,11979.86,12022.37,14251
2023-05-06 21:00:00,12013.48,12071.57,11902.76,12014.1,11016
2023-05-06 22:00:00,12015.73,12031.4,11983.37,12007.38,8004
2023-05-06 23:00:00,12022.55,12070.73,12022.55,12046.64,11319
2023-05-07 00:00:00,12020.6,12020.6,11963.65,11996.61,9187
2023-05-07 01:00:00,11989.54,11992.17,11966.59,11990.57,9582
2023-05-07 02:00:00,12003.38,12033.63,11977.73,12001.74,12685
2023-05-07 03:00:00,12018.85,12044.71,11956.2,12020.67,7043
2023-05-07 04:00:00,12006.75,12051.04,11929.28,12011.38,16589
2023-05-07 05:00:00,12022.67,12085.18,11993.97,12018.01,9609
2023-05-07 06:00:00,11956.63,11956.63,11897.39,11950.54,17081
2023-05-07 07:00:00,11937.44,11961.53,11878.05,11937.65,13731
2023-05-07 08:00:00,11943.26,12073.07,11934.82,11957.4,10338
2023-05-07 09:00:00,11963.51,11989.79,11932.6,11935.19,11751
2023-05-07 10:00:00,11935.22,12012.73,11831.27,11943.56,10997
2023-05-07 11:00:00,11945.86,12016.84,11919.78,11963.03,8115
2023-05-07 12:00:00,11946.74,11983.13,11935.29,11959.21,9579
2023-05-07 13:00:00,11958.07,11974.31,11946.74,11970.68,9158
2023-05-07 14:00:00,11976.51,12016.72,11924.81,11948.7,9033
2023-05-07 15:00:00,11949.37,12014.87,11845.56,11949.06,18190
2023-05-07 16:00:00,11949.36,12016.07,11942.08,11973.35,8970
2023-05-07 17:00:00,11981.71,12033.73,11981.71,11984.21,4741
2023-05-07 18:00:00,11978.8,12029.15,11949.21,11973.16,6446
2023-05-07 19:00:00,11980.77,12051.19,11962.03,11986.0,16813
2023-05-07 20:00:00,12007.65,12083.49,12007.65,12013.12,10918
2023-05-07 21:00:00,11993.25,11993.25,11920.03,11958.65,10854
2023-05-07 22:00:00,11997.87,12022.8,11997.87,11998.81,9280
2023-05-07 23:00:00,11970.49,12045.31,11919.03,11995.05,9005
2023-05-08 00:00:00,12008.6,12037.87,12008.6,12013.84,15647
2023-05-08 01:00:00,12021.57,12091.08,12021.57,12055.17,10590
2023-05-08 02:00:00,12052.99,12052.99,11928.12,12020.4,8994
2023-05-08 03:00:00,12013.6,12032.08,11970.54,12005.44,10803
2023-05-08 04:00:00,11997.82,12035.45,11987.6,12003.18,7281
2023-05-08 05:00:00,11991.85,11991.85,11962.51,11986.48,14423
2023-05-08 06:00:00,11990.74,12135.72,11987.62,12043.97,10457
2023-05-08 07:00:00,12045.31,12089.67,11976.45,12025.04,10305
2023-05-08 08:00:00,12026.39,12074.28,12007.53,12015.21,10427
2023-05-08 09:00:00,12003.8,12073.72,12003.8,12027.86,7550
2023-05-08 10:00:00,12031.65,12064.2,11974.76,11999.1,12382
2023-05-08 11:00:00,12008.16,12039.48,11934.13,11994.26,10121
2023-05-08 12:00:00,12004.08,12026.94,12004.08,12010.26,10692
2023-05-08 13:00:00,12024.7,12117.4,11983.14,12007.15,21753
2023-05-08 14:00:00,12019.55,12040.99,11955.16,12011.29,9301
2023-05-08 15:00:00,12020.03,12038.99,11923.86,12002.46,6478
2023-05-08 16:00:00,11996.18,11996.6,11928.31,11964.86,5979
2023-05-08 17:00:00,11972.6,12005.61,11913.52,11981.65,10946
2023-05-08 18:00:00,11986.56,12075.86,11965.99,12040.45,5960
2023-05-08 19:00:00,12032.56,12071.97,12001.19,12047.88,13638
2023-05-08 20:00:00,12039.95,12104.45,12037.28,12061.4,11675
2023-05-08 21:00:00,12064.45,12113.92,12064.45,12088.63,13051
2023-05-08 22:00:00,12081.71,12081.71,12003.4,12057.6,14754
2023-05-08 23:00:00,12063.84,12138.92,12063.84,12114.69,5475
2023-05-09 00:00:00,12080.81,12143.13,12023.36,12127.01,9419
2023-05-09 01:00:00,12134.28,12205.13,12134.28,12181.57,7830
2023-05-09 02:00:00,12200.37,12280.42,12127.53,12165.49,6127
2023-05-09 03:00:00,12219.11,12250.03,12219.11,12225.58,7266
2023-05-09 04:00:00,12249.99,12278.92,12249.99,12254.41,10776
2023-05-09 05:00:00,12253.63,12291.63,12190.69,12276.72,6803
2023-05-09 06:00:00,12264.78,12292.98,12264.78,12289.36,12376
2023-05-09 07:00:00,12295.23,12390.47,12286.76,12287.51,8728
2023-05-09 08:00:00,12288.06,12337.51,12192.42,12329.19,9011
2023-05-09 09:00:00,12330.12,12344.86,12300.94,12338.85,8293
2023-05-09 10:00:00,12352.12,12392.91,12280.17,12284.72,9959
2023-05-09 11:00:00,12294.54,12316.11,12180.49,12256.78,9549
2023-05-09 12:00:00,12252.48,12281.57,12219.28,12257.06,20113
2023-05-09 13:00:00,12273.7,12328.43,12247.83,12272.38,10119
2023-05-09 14:00:00,12259.55,12293.68,12162.72,12276.46,12283
2023-05-09 15:00:00,12298.33,12342.18,12298.33,12318.62,11551
2023-05-09 16:00:00,12324.11,12350.21,12149.8,12265.0,15322
2023-05-09 17:00:00,12276.48,12386.03,12215.89,12274.97,15365
2023-05-09 18:00:00,12274.44,12280.29,12201.49,12225.95,11478
2023-05-09 19:00:00,12232.31,12264.15,12210.78,12254.81,8188
2023-05-09 20:00:00,12284.89,12284.89,12254.79,12257.99,5466
2023-05-09 21:00:00,12272.18,12400.73,12228.23,12276.54,14192
2023-05-09 22:00:00,12273.22,12361.94,12187.26,12256.15,9908
2023-05-09 23:00:00,12275.66,12321.33,12275.66,12300.26,6215
2023-05-10 00:00:00,12296.89,12346.13,12230.12,12337.24,12436
2023-05-10 01:00:00,12333.17,12368.17,12305.2,12360.21,10545
2023-05-10 02:00:00,12393.67,12421.58,12360.36,12361.53,10512
2023-05-10 03:00:00,12355.9,12454.34,12276.45,12384.39,9327
2023-05-10 04:00:00,12382.79,12392.74,12307.04,12368.01,8646
2023-05-10 05:00:00,12397.7,12552.53,12384.86,12399.19,15657
2023-05-10 06:00:00,12418.91,12463.3,12418.91,12454.59,9662
2023-05-10 07:00:00,12459.97,12517.21,12434.89,12492.23,11194
2023-05-10 08:00:00,12505.13,12523.33,12434.42,12474.52,9371
2023-05-10 09:00:00,12484.35,12590.36,12369.77,12490.32,11605
2023-05-10 10:00:00,12462.27,12462.27,12401.86,12455.15,13200
2023-05-10 11:00:00,12468.09,12502.26,12468.09,12477.3,14067
2023-05-10 12:00:00,12470.71,12520.7,12470.71,12495.71,15510
2023-05-10 13:00:00,12477.46,12477.46,12369.22,12443.23,13803
2023-05-10 14:00:00,12437.72,12437.72,12407.01,12412.89,12008
2023-05-10 15:00:00,12396.31,12447.35,12346.85,12409.63,12301
2023-05-10 16:00:00,12415.99,12472.78,12398.12,12405.76,13331
2023-05-10 17:00:00,12370.9,12474.05,12253.58,12374.29,16765
2023-05-10 18:00:00,12370.02,12416.18,12305.77,12391.4,6141
2023-05-10 19:00:00,12387.93,12424.41,12324.69,12404.24,10947
2023-05-10 20:00:00,12408.08,12425.33,12348.65,12403.46,13704
2023-05-10 21:00:00,12430.62,12494.31,12338.78,12385.68,13243
2023-05-10 22:00:00,12377.1,12447.59,12329.07,12422.74,15709
2023-05-10 23:00:00,12419.33,12493.08,12355.73,12478.17,5650
2023-05-11 00:00:00,12480.41,12493.03,12404.34,12468.09,13663
2023-05-11 01:00:00,12462.53,12522.62,12363.9,12454.14,10266
2023-05-11 02:00:00,12428.39,12499.64,12424.48,12473.99,7206
2023-05-11 03:00:00,12483.58,12487.14,12291.59,12467.83,6666
2023-05-11 04:00:00,12459.69,12536.74,12457.98,12468.5,13548
2023-05-11 05:00:00,12462.19,12566.96,12444.65,12496.03,14086
2023-05-11 06:00:00,12460.21,12490.06,12417.46,12442.34,10373
2023-05-11 07:00:00,12453.0,12512.59,12448.99,12487.61,17083
2023-05-11 08:00:00,12486.18,12519.57,12433.45,12494.58,7490
2023-05-11 09:00:00,12496.41,12568.12,12446.06,12486.67,12091
2023-05-11 10:00:00,12485.72,12523.19,12414.73,12488.95,7744
2023-05-11 11:00:00,12471.34,12535.05,12467.73,12492.71,6368
2023-05-11 12:00:00,12484.15,12484.15,12372.88,12444.61,11183
2023-05-11 13:00:00,12488.88,12520.33,12488.88,12495.34,9958
2023-05-11 14:00:00,12509.26,12509.26,12439.09,12501.44,11039
2023-05-11 15:00:00,12510.74,12598.12,12489.03,12519.78,11374
2023-05-11 16:00:00,12528.59,12602.85,12528.59,12553.69,20047
2023-05-11 17:00:00,12551.03,12607.52,12437.65,12526.62,11374
2023-05-11 18:00:00,12539.19,12585.45,12539.19,12545.8,6668
2023-05-11 19:00:00,12536.83,12637.69,12482.16,12542.22,8372
2023-05-11 20:00:00,12532.23,12647.08,12522.96,12572.76,8948
2023-05-11 21:00:00,12536.36,12536.36,12435.87,12511.33,9316
2023-05-11 22:00:00,12530.2,12580.13,12500.08,12512.67,13732
2023-05-11 23:00:00,12512.18,12512.26,12461.91,12498.55,5273
2023-05-12 00:00:00,12495.96,12541.61,12471.49,12516.58,11757
2023-05-12 01:00:00,12524.37,12594.3,12418.25,12535.77,10598
2023-05-12 02:00:00,12533.62,12584.14,12493.46,12518.5,14618
2023-05-12 03:00:00,12524.94,12526.16,12421.1,12501.16,9037
2023-05-12 04:00:00,12507.06,12551.69,12477.4,12502.4,10677
2023-05-12 05:00:00,12501.32,12504.59,12365.81,12479.63,13891
2023-05-12 06:00:00,12500.99,12533.04,12490.6,12510.05,15281
2023-05-12 07:00:00,12487.25,12560.05,12473.39,12503.24,8330
2023-05-12 08:00:00,12443.4,12443.4,12343.33,12418.69,17920
2023-05-12 09:00:00,12430.31,12517.24,12385.85,12412.19,8095
2023-05-12 10:00:00,12425.78,12488.04,12278.8,12385.6,11790
2023-05-12 11:00:00,12344.83,12344.83,12295.09,12341.39,7217
2023-05-12 12:00:00,12334.28,12334.28,12306.74,12309.66,5280
2023-05-12 13:00:00,12313.94,12437.4,12281.43,12318.92,6442
2023-05-12 14:00:00,12336.7,12460.77,12336.7,12364.88,14588
2023-05-12 15:00:00,12361.8,12476.71,12314.04,12380.08,8384
2023-05-12 16:00:00,12395.96,12444.32,12345.08,12367.36,14123
2023-05-12 17:00:00,12381.48,12411.75,12362.2,12386.97,8971
2023-05-12 18:00:00,12396.13,12431.4,12336.03,12378.68,9008
2023-05-12 19:00:00,12372.26,12421.66,12329.16,12363.26,10625
2023-05-12 20:00:00,12359.55,12491.25,12266.63,12334.07,8268
2023-05-12 21:00:00,12299.37,12299.37,12286.65,12287.42,10030
2023-05-12 22:00:00,12285.03,12364.53,12280.54,12282.3,6318
2023-05-12 23:00:00,12282.63,12367.26,12264.28,12293.66,8734
2023-05-13 00:00:00,12290.16,12367.06,12275.74,12297.2,6943
2023-05-13 01:00:00,12300.97,12375.19,12280.96,12291.07,4524
2023-05-13 02:00:00,12281.95,12304.46,12221.86,12269.32,12603
2023-05-13 03:00:00,12284.6,12362.96,12276.88,12294.43,7388
2023-05-13 04:00:00,12278.35,12278.35,12228.11,12261.59,12522
2023-05-13 05:00:00,12267.31,12305.66,12267.31,12291.89,19147
2023-05-13 06:00:00,12308.8,12395.02,12227.6,12268.59,9012
2023-05-13 07:00:00,12249.66,12334.56,12208.59,12253.11,3469
2023-05-13 08:00:00,12241.09,12241.09,12191.89,12216.26,10213
2023-05-13 09:00:00,12211.32,12289.31,12152.02,12208.6,13734
2023-05-13 10:00:00,12209.22,12269.87,12209.22,12245.38,15263
2023-05-13 11:00:00,12258.92,12281.87,12254.41,12268.39,6415
2023-05-13 12:00:00,12282.33,12336.07,12249.29,12305.33,12359
2023-05-13 13:00:00,12320.66,12355.15,12245.04,12328.51,9830
2023-05-13 14:00:00,12327.17,12327.17,12197.79,12302.57,6887
2023-05-13 15:00:00,12302.56,12419.66,12222.02,12300.41,10498
2023-05-13 16:00:00,12289.36,12289.36,12148.85,12284.76,7992
2023-05-13 17:00:00,12290.41,12375.02,12290.41,12332.84,16252
2023-05-13 18:00:00,12308.19,12317.02,12246.62,12304.3,9446
2023-05-13 19:00:00,12310.45,12394.16,12280.44,12338.94,9591
2023-05-13 20:00:00,12350.08,12398.05,12350.08,12373.3,10472
2023-05-13 21:00:00,12375.64,12448.04,12369.46,12436.11,9559
2023-05-13 22:00:00,12444.24,12544.77,12428.77,12430.32,9534
2023-05-13 23:00:00,12420.67,12483.63,12385.11,12458.71,9349
2023-05-14 00:00:00,12526.53,12570.62,12526.53,12534.52,14204
2023-05-14 01:00:00,12539.7,12544.71,12495.23,12521.2,10844
2023-05-14 02:00:00,12501.38,12574.84,12478.48,12479.81,9746
2023-05-14 03:00:00,12465.14,12465.14,12403.63,12428.48,7556
2023-05-14 04:00:00,12441.62,12513.73,12441.62,12456.71,9417
2023-05-14 05:00:00,12451.61,12485.12,12330.19,12405.53,8708
2023-05-14 06:00:00,12389.67,12487.0,12376.5,12400.96,7521
2023-05-14 07:00:00,12413.48,12542.08,12396.2,12421.04,10067
2023-05-14 08:00:00,12432.26,12538.21,12346.7,12433.39,8758
2023-05-14 09:00:00,12448.04,12479.06,12448.04,12452.86,8794
2023-05-14 10:00:00,12464.26,12481.11,12339.4,12465.94,7398
2023-05-14 11:00:00,12485.52,12632.36,12460.64,12511.13,5871
2023-05-14 12:00:00,12530.7,12558.19,12462.87,12487.84,6430
2023-05-14 13:00:00,12479.08,12479.08,12461.68,12473.21,10945
2023-05-14 14:00:00,12477.2,12477.2,12431.08,12455.99,10404
2023-05-14 15:00:00,12475.18,12545.73,12452.94,12487.88,12889
2023-05-14 16:00:00,12472.75,12546.52,12456.3,12521.48,22882
2023-05-14 17:00:00,12511.33,12607.54,12476.71,12541.23,12884
2023-05-14 18:00:00,12581.62,12661.96,12581.62,12583.22,10967
2023-05-14 19:00:00,12569.23,12594.86,12472.23,12552.19,11392
2023-05-14 20:00:00,12596.14,12655.59,12596.14,12608.85,15759
2023-05-14 21:00:00,12651.62,12663.5,12651.62,12660.88,9139
2023-05-14 22:00:00,12692.92,12731.84,12637.05,12688.21,10338
2023-05-14 23:00:00,12697.62,12806.94,12697.62,12747.98,6900
2023-05-15 00:00:00,12743.37,12788.49,12697.14,12700.11,7762
2023-05-15 01:00:00,12696.72,12734.31,12627.23,12688.03,6868
2023-05-15 02:00:00,12704.69,12717.71,12642.6,12669.8,9689
2023-05-15 03:00:00,12686.54,12719.63,12587.54,12696.78,13124
2023-05-15 04:00:00,12678.28,12707.86,12569.91,12668.54,8518
2023-05-15 05:00:00,12671.53,12778.55,12671.53,12696.35,11399
2023-05-15 06:00:00,12711.15,12768.57,12680.9,12743.08,12739
2023-05-15 07:00:00,12756.59,12857.26,12729.34,12768.71,8427
2023-05-15 08:00:00,12769.07,12807.95,12728.1,12781.46,6831
2023-05-15 09:00:00,12764.7,12782.29,12728.85,12754.36,6738
2023-05-15 10:00:00,12757.51,12757.51,12706.59,12732.05,9313
2023-05-15 11:00:00,12747.8,12817.13,12747.8,12775.66,8656
2023-05-15 12:00:00,12769.57,12835.8,12732.83,12804.66,11270
2023-05-15 13:00:00,12816.23,12833.43,12782.2,12807.81,6854
2023-05-15 14:00:00,12818.33,12824.5,12728.83,12798.9,11672
2023-05-15 15:00:00,12772.76,12772.76,12673.82,12739.63,8977
2023-05-15 16:00:00,12736.15,12736.15,12654.34,12710.73,8013
2023-05-15 17:00:00,12771.81,12841.44,12771.81,12775.02,7774
2023-05-15 18:00:00,12774.14,12826.45,12658.53,12739.21,18693
2023-05-15 19:00:00,12752.06,12832.84,12715.28,12749.62,9843
2023-05-15 20:00:00,12747.49,12870.87,12653.1,12785.65,5427
2023-05-15 21:00:00,12796.35,12796.35,12701.6,12750.69,12601
2023-05-15 22:00:00,12756.52,12775.05,12704.0,12760.94,8436
2023-05-15 23:00:00,12769.26,12831.74,12769.26,12794.85,8830
2023-05-16 00:00:00,12804.18,12823.63,12773.8,12799.4,14070
2023-05-16 01:00:00,12867.65,12967.77,12867.65,12893.44,11269
2023-05-16 02:00:00,12869.96,12869.96,12822.29,12844.27,11895
2023-05-16 03:00:00,12878.2,12916.81,12878.2,12881.46,4179
2023-05-16 04:00:00,12885.15,12898.21,12754.93,12879.69,9156
2023-05-16 05:00:00,12878.75,13009.57,12878.75,12907.84,13401
2023-05-16 06:00:00,12913.94,12949.41,12863.49,12925.44,16295
2023-05-16 07:00:00,12968.11,12984.11,12893.35,12905.73,8220
2023-05-16 08:00:00,12920.23,12920.23,12884.6,12916.58,7549
2023-05-16 09:00:00,12914.7,12981.1,12756.07,12861.28,10752
2023-05-16 10:00:00,12873.58,12910.03,12816.79,12884.26,15474
2023-05-16 11:00:00,12882.51,12923.23,12867.12,12897.44,10387
2023-05-16 12:00:00,12921.31,12945.46,12822.64,12921.43,14160
2023-05-16 13:00:00,12911.98,12992.64,12896.96,12958.62,4686
2023-05-16 14:00:00,12971.22,13029.14,12971.22,12973.69,9753
2023-05-16 15:00:00,12965.92,13027.0,12903.0,12981.82,9571
2023-05-16 16:00:00,12978.25,13028.46,12931.18,12957.1,7368
2023-05-16 17:00:00,12942.2,12978.53,12912.18,12938.06,13065
2023-05-16 18:00:00,12927.18,13080.78,12923.66,12979.42,12122
2023-05-16 19:00:00,13022.01,13084.16,13022.01,13028.51,10540
2023-05-16 20:00:00,13032.28,13050.15,12988.16,13024.11,14670
2023-05-16 21:00:00,13002.68,13058.76,12970.63,13028.9,11903
2023-05-16 22:00:00,13035.97,13199.25,12954.07,13003.5,8590
2023-05-16 23:00:00,13025.91,13070.74,13025.91,13044.65,4923
2023-05-17 00:00:00,13049.89,13184.48,13049.89,13069.52,8877
2023-05-17 01:00:00,13116.94,13193.57,13116.94,13135.0,13871
2023-05-17 02:00:00,13121.81,13210.44,13083.76,13109.98,8457
2023-05-17 03:00:00,13100.26,13157.43,13025.04,13101.09,11535
2023-05-17 04:00:00,13098.06,13193.84,13085.76,13111.98,11551
2023-05-17 05:00:00,13099.14,13187.11,13097.64,13136.22,7642
2023-05-17 06:00:00,13108.21,13203.38,13053.69,13132.46,9996
2023-05-17 07:00:00,13127.92,13215.59,12936.4,13107.6,12340
2023-05-17 08:00:00,13089.8,13165.58,13089.8,13139.31,7532
2023-05-17 09:00:00,13120.29,13186.33,13073.17,13165.91,9994
2023-05-17 10:00:00,13181.87,13284.27,13135.93,13139.5,12906
2023-05-17 11:00:00,13161.64,13192.89,13161.64,13186.45,12941
2023-05-17 12:00:00,13225.42,13275.91,13212.05,13226.97,12871
2023-05-17 13:00:00,13210.23,13258.71,13190.79,13234.02,20402
2023-05-17 14:00:00,13268.66,13355.31,13203.4,13239.15,12223
2023-05-17 15:00:00,13245.48,13278.91,13233.18,13259.7,12926
2023-05-17 16:00:00,13260.63,13260.63,13155.85,13234.16,16784
2023-05-17 17:00:00,13243.33,13344.93,13211.3,13237.78,11667
2023-05-17 18:00:00,13197.08,13197.08,13103.7,13170.74,9171
2023-05-17 19:00:00,13176.88,13228.87,13176.06,13202.47,5498
2023-05-17 20:00:00,13185.74,13185.74,13128.96,13155.27,7497
2023-05-17 21:00:00,13163.72,13233.86,13084.34,13207.44,8925
2023-05-17 22:00:00,13205.22,13223.13,13140.19,13200.21,6933
2023-05-17 23:00:00,13188.24,13251.64,13089.85,13197.03,13587
2023-05-18 00:00:00,13231.09,13237.78,13173.38,13180.39,10010
2023-05-18 01:00:00,13173.37,13215.56,13122.96,13175.02,7389
2023-05-18 02:00:00,13202.16,13268.61,13202.16,13224.94,10282
2023-05-18 03:00:00,13218.44,13231.61,13110.27,13148.32,7773
2023-05-18 04:00:00,13167.49,13220.26,13167.49,13193.87,7651
2023-05-18 05:00:00,13219.82,13228.7,13156.06,13208.93,9099
2023-05-18 06:00:00,13241.53,13338.38,13137.46,13173.96,13409
2023-05-18 07:00:00,13191.7,13199.94,13117.14,13143.43,12318
2023-05-18 08:00:00,13138.71,13351.76,13138.71,13202.01,8360
2023-05-18 09:00:00,13193.69,13298.32,13149.33,13175.68,4967
2023-05-18 10:00:00,13167.87,13172.63,13055.57,13142.94,7357
2023-05-18 11:00:00,13157.84,13210.57,13157.84,13184.2,15430
2023-05-18 12:00:00,13192.26,13228.45,13106.04,13199.37,8917
2023-05-18 13:00:00,13186.5,13202.82,13140.48,13173.12,6179
2023-05-18 14:00:00,13158.87,13221.54,13158.05,13184.42,10574
2023-05-18 15:00:00,13185.78,13266.41,13111.93,13155.65,10283
2023-05-18 16:00:00,13140.03,13202.88,13108.93,13195.71,11404
2023-05-18 17:00:00,13233.07,13310.23,13233.07,13234.41,13888
2023-05-18 18:00:00,13219.39,13310.22,13219.39,13255.78,7933
2023-05-18 19:00:00,13261.75,13298.15,13261.75,13271.6,7276
2023-05-18 20:00:00,13254.98,13387.66,13224.73,13333.05,8319
2023-05-18 21:00:00,13323.68,13402.89,13310.27,13336.95,14943
2023-05-18 22:00:00,13335.92,13344.53,13273.75,13302.35,9543
2023-05-18 23:00:00,13316.85,13382.34,13316.85,13321.31,9463
2023-05-19 00:00:00,13361.75,13514.06,13361.75,13393.39,14361
2023-05-19 01:00:00,13379.49,13379.49,13321.79,13363.51,14588
2023-05-19 02:00:00,13347.5,13382.1,13279.9,13355.39,9663
2023-05-19 03:00:00,13364.65,13399.54,13364.65,13372.8,13097
2023-05-19 04:00:00,13367.41,13460.8,13367.36,13374.79,10346
2023-05-19 05:00:00,13364.5,13364.5,13240.99,13346.6,9816
2023-05-19 06:00:00,13373.3,13414.36,13373.3,13387.59,5419
2023-05-19 07:00:00,13393.52,13494.83,13393.52,13467.9,13018
2023-05-19 08:00:00,13467.34,13555.1,13466.91,13478.09,16831
2023-05-19 09:00:00,13487.26,13526.07,13422.22,13451.82,8988
2023-05-19 10:00:00,13442.01,13442.01,13263.88,13404.56,17191
2023-05-19 11:00:00,13420.62,13464.47,13381.95,13417.05,11148
2023-05-19 12:00:00,13418.27,13459.77,13418.27,13457.5,10720
2023-05-19 13:00:00,13450.23,13504.14,13450.23,13477.19,7886
2023-05-19 14:00:00,13458.39,13516.07,13458.39,13481.1,8624
2023-05-19 15:00:00,13440.19,13511.3,13438.87,13465.81,12141
2023-05-19 16:00:00,13454.8,13455.55,13369.58,13433.8,9035
2023-05-19 17:00:00,13460.54,13536.11,13399.2,13465.62,12080
2023-05-19 18:00:00,13484.84,13549.86,13451.17,13499.74,15012
2023-05-19 19:00:00,13479.31,13479.31,13378.05,13452.4,13376
2023-05-19 20:00:00,13453.67,13534.79,13432.24,13508.87,15893
2023-05-19 21:00:00,13510.65,13574.28,13429.52,13531.69,12745
2023-05-19 22:00:00,13554.63,13617.59,13554.63,13581.8,9914
2023-05-19 23:00:00,13583.46,13583.46,13410.33,13540.73,9201
2023-05-20 00:00:00,13520.31,13520.31,13432.03,13499.25,7183
2023-05-20 01:00:00,13489.1,13525.54,13455.5,13498.55,11096
2023-05-20 02:00:00,13509.78,13531.3,13492.41,13519.45,12310
2023-05-20 03:00:00,13555.71,13594.04,13555.71,13582.88,8153
2023-05-20 04:00:00,13578.52,13685.24,13578.52,13609.78,19546
2023-05-20 05:00:00,13648.99,13693.52,13564.3,13604.92,12959
2023-05-20 06:00:00,13614.31,13614.31,13547.02,13574.17,12204
2023-05-20 07:00:00,13580.38,13640.73,13580.38,13618.81,15620
2023-05-20 08:00:00,13604.47,13617.12,13562.76,13589.94,9880
2023-05-20 09:00:00,13601.19,13674.11,13581.17,13647.67,10155
2023-05-20 10:00:00,13636.27,13649.72,13608.23,13641.59,8526
2023-05-20 11:00:00,13649.68,13725.64,13634.95,13698.25,10291
2023-05-20 12:00:00,13696.68,13854.98,13696.68,13724.13,7866
2023-05-20 13:00:00,13742.83,13819.52,13697.93,13722.54,11354
2023-05-20 14:00:00,13729.66,13739.77,13657.8,13708.24,9459
2023-05-20 15:00:00,13728.21,13801.26,13594.68,13700.01,5759
2023-05-20 16:00:00,13675.09,13766.09,13660.27,13717.77,5474
2023-05-20 17:00:00,13707.85,13751.05,13684.69,13723.6,7359
2023-05-20 18:00:00,13734.78,13814.81,13605.04,13706.96,7736
2023-05-20 19:00:00,13717.16,13732.31,13633.99,13704.9,6656
2023-05-20 20:00:00,13692.06,13766.46,13622.58,13711.14,11355
2023-05-20 21:00:00,13722.98,13790.81,13557.45,13643.13,9369
2023-05-20 22:00:00,13634.98,13679.95,13634.98,13662.31,7144
2023-05-20 23:00:00,13674.6,13696.9,13606.15,13633.42,6655
2023-05-21 00:00:00,13609.69,13609.69,13571.82,13599.02,10752
2023-05-21 01:00:00,13559.62,13559.62,13520.13,13547.22,8376
2023-05-21 02:00:00,13495.29,13495.29,13393.93,13492.45,15331
2023-05-21 03:00:00,13461.5,13461.5,13426.02,13452.93,11565
2023-05-21 04:00:00,13440.63,13440.63,13369.88,13435.05,5556
2023-05-21 05:00:00,13464.65,13521.79,13464.65,13504.94,8435
2023-05-21 06:00:00,13523.86,13572.75,13352.26,13492.83,7720
2023-05-21 07:00:00,13496.23,13551.1,13483.49,13504.25,9713
2023-05-21 08:00:00,13520.4,13549.97,13439.05,13522.93,8367
2023-05-21 09:00:00,13536.86,13568.43,13419.57,13532.86,6741
2023-05-21 10:00:00,13549.34,13621.14,13443.51,13535.9,10080
2023-05-21 11:00:00,13515.08,13515.08,13474.73,13501.73,9015
2023-05-21 12:00:00,13460.79,13640.53,13442.58,13555.49,14651
2023-05-21 13:00:00,13593.65,13648.13,13593.65,13620.89,7123
2023-05-21 14:00:00,13603.28,13640.16,13509.04,13569.78,7384
2023-05-21 15:00:00,13554.55,13568.23,13520.17,13541.15,9945
2023-05-21 16:00:00,13516.4,13569.26,13451.0,13537.5,21552
2023-05-21 17:00:00,13549.26,13549.26,13484.06,13511.08,9209
2023-05-21 18:00:00,13540.98,13583.15,13500.53,13533.73,12861
2023-05-21 19:00:00,13516.48,13516.48,13491.77,13515.21,7031
2023-05-21 20:00:00,13565.33,13657.47,13565.33,13592.51,8139
2023-05-21 21:00:00,13579.03,13735.22,13579.03,13637.33,13309
2023-05-21 22:00:00,13655.74,13718.85,13613.25,13649.56,14346
2023-05-21 23:00:00,13675.49,13725.9,13661.54,13688.92,5541
2023-05-22 00:00:00,13683.58,13758.34,13578.2,13730.88,7073
2023-05-22 01:00:00,13701.96,13717.61,13689.24,13716.67,10452
2023-05-22 02:00:00,13718.83,13741.43,13649.11,13694.25,5164
2023-05-22 03:00:00,13674.61,13703.19,13674.61,13702.02,16652
2023-05-22 04:00:00,13686.37,13763.38,13619.18,13735.9,14285
2023-05-22 05:00:00,13737.12,13759.26,13720.9,13745.04,9866
2023-05-22 06:00:00,13726.19,13800.25,13693.29,13696.34,9306
2023-05-22 07:00:00,13671.56,13801.17,13649.03,13674.32,6504
2023-05-22 08:00:00,13670.34,13761.64,13670.34,13676.78,12543
2023-05-22 09:00:00,13703.11,13799.1,13651.94,13679.3,11916
2023-05-22 10:00:00,13689.15,13782.78,13689.15,13750.32,7860
2023-05-22 11:00:00,13723.77,13731.52,13680.71,13708.12,6334
2023-05-22 12:00:00,13676.45,13812.24,13671.5,13730.0,10009
2023-05-22 13:00:00,13741.3,13816.0,13722.03,13784.77,6809
2023-05-22 14:00:00,13813.7,13908.08,13813.7,13865.83,6059
2023-05-22 15:00:00,13871.36,13871.36,13815.28,13855.86,17497
2023-05-22 16:00:00,13877.01,13958.4,13857.92,13876.51,9130
2023-05-22 17:00:00,13871.96,14019.21,13871.96,13899.75,17988
2023-05-22 18:00:00,13904.81,13974.28,13882.34,13910.16,8464
2023-05-22 19:00:00,13900.63,13914.02,13851.18,13910.72,14696
2023-05-22 20:00:00,13914.28,13969.96,13806.9,13929.62,10440
2023-05-22 21:00:00,13865.25,13865.25,13818.86,13847.06,12173
2023-05-22 22:00:00,13851.24,13944.98,13851.24,13874.64,19043
2023-05-22 23:00:00,13856.42,13910.96,13835.11,13883.19,11371
2023-05-23 00:00:00,13908.48,13928.43,13829.8,13879.87,14088
2023-05-23 01:00:00,13952.64,13979.54,13952.64,13954.11,13922
2023-05-23 02:00:00,13959.55,13970.22,13813.66,13935.25,12327
2023-05-23 03:00:00,13928.77,13928.77,13884.93,13925.58,15180
2023-05-23 04:00:00,13969.62,14133.03,13969.62,13997.62,14251
2023-05-23 05:00:00,14032.76,14047.0,13926.76,13972.45,8186
2023-05-23 06:00:00,13967.63,14029.35,13929.22,13957.14,11870
2023-05-23 07:00:00,13965.05,14044.86,13925.91,13955.49,10356
2023-05-23 08:00:00,13950.27,14069.65,13934.04,13987.53,10196
2023-05-23 09:00:00,13972.27,14099.17,13867.49,13997.54,19971
2023-05-23 10:00:00,14010.89,14011.81,13893.8,13956.11,8056
2023-05-23 11:00:00,13943.88,13969.03,13917.13,13941.14,10318
2023-05-23 12:00:00,13912.55,13982.09,13889.16,13923.8,10119
2023-05-23 13:00:00,13898.42,13988.77,13812.75,13924.71,7324
2023-05-23 14:00:00,13938.57,14021.91,13800.47,13942.6,11264
2023-05-23 15:00:00,13929.27,13989.16,13843.93,13960.22,12784
2023-05-23 16:00:00,13979.35,14007.61,13809.67,13903.0,12620
2023-05-23 17:00:00,13893.3,13984.73,13864.37,13943.24,17588
2023-05-23 18:00:00,13947.28,14006.38,13927.64,13955.55,8755
2023-05-23 19:00:00,13978.3,14077.78,13978.3,14006.31,13286
2023-05-23 20:00:00,13981.57,14076.22,13909.27,14024.52,8866
2023-05-23 21:00:00,14037.16,14125.08,14037.16,14065.29,12284
2023-05-23 22:00:00,14075.23,14120.44,14042.1,14084.18,16938
2023-05-23 23:00:00,14081.02,14191.23,14021.95,14133.38,13152
2023-05-24 00:00:00,14145.46,14241.55,14145.46,14154.0,6654
2023-05-24 01:00:00,14165.77,14225.61,14048.79,14153.12,12366
2023-05-24 02:00:00,14186.05,14253.26,14186.05,14234.52,8457
2023-05-24 03:00:00,14235.63,14296.02,14222.67,14267.48,15211
2023-05-24 04:00:00,14260.73,14291.95,14260.73,14289.31,6747
2023-05-24 05:00:00,14266.02,14273.47,14155.17,14246.16,18044
2023-05-24 06:00:00,14222.6,14222.6,14174.67,14203.08,6030
2023-05-24 07:00:00,14205.45,14324.26,14135.7,14215.53,6682
2023-05-24 08:00:00,14214.27,14263.76,14110.14,14223.04,8701
2023-05-24 09:00:00,14227.16,14258.27,14193.26,14203.88,11542
2023-05-24 10:00:00,14211.89,14248.31,14146.35,14211.26,9673
2023-05-24 11:00:00,14246.84,14308.26,14246.84,14269.22,15476
2023-05-24 12:00:00,14268.45,14325.95,14259.4,14295.89,12280
2023-05-24 13:00:00,14318.45,14318.45,14212.92,14258.26,3905
2023-05-24 14:00:00,14228.57,14363.63,14228.57,14257.08,13347
2023-05-24 15:00:00,14230.41,14328.83,14217.99,14231.9,12279
2023-05-24 16:00:00,14239.44,14315.61,14149.43,14221.38,9051
2023-05-24 17:00:00,14211.48,14297.8,14151.21,14209.88,9888
2023-05-24 18:00:00,14216.05,14224.66,14146.6,14196.27,13072
2023-05-24 19:00:00,14210.62,14210.62,14039.99,14155.46,15684
2023-05-24 20:00:00,14146.43,14202.57,14073.6,14154.38,9434
2023-05-24 21:00:00,14139.8,14195.09,14080.57,14138.49,13598
2023-05-24 22:00:00,14095.79,14095.79,13945.35,14040.66,10702
2023-05-24 23:00:00,14087.34,14121.43,14087.34,14115.58,9464
2023-05-25 00:00:00,14137.17,14195.23,14137.17,14157.01,9829
2023-05-25 01:00:00,14135.75,14244.23,14032.81,14147.49,12677
2023-05-25 02:00:00,14179.14,14317.33,14123.49,14151.79,8862
2023-05-25 03:00:00,14124.87,14124.87,14095.75,14114.9,6770
2023-05-25 04:00:00,14133.61,14209.17,14133.61,14177.52,8579
2023-05-25 05:00:00,14228.47,14333.1,14228.47,14247.12,11135
2023-05-25 06:00:00,14234.83,14284.39,14234.83,14255.88,9174
2023-05-25 07:00:00,14257.43,14323.39,14220.48,14294.8,8831
2023-05-25 08:00:00,14292.75,14332.66,14275.44,14304.05,8569
2023-05-25 09:00:00,14288.61,14288.61,14121.21,14260.09,6679
2023-05-25 10:00:00,14286.76,14328.2,14207.69,14248.93,10833
2023-05-25 11:00:00,14262.47,14262.47,14117.73,14257.0,6785
2023-05-25 12:00:00,14266.26,14266.26,14215.97,14244.46,11326
2023-05-25 13:00:00,14271.48,14331.46,14211.85,14240.33,8438
2023-05-25 14:00:00,14239.77,14264.19,14150.77,14240.78,9614
2023-05-25 15:00:00,14265.37,14269.98,14165.24,14241.49,10850
2023-05-25 16:00:00,14209.24,14326.3,14197.95,14246.87,9748
2023-05-25 17:00:00,14259.64,14309.32,14110.07,14213.38,6099
2023-05-25 18:00:00,14208.06,14235.74,14177.38,14192.13,21113
2023-05-25 19:00:00,14169.03,14169.03,14079.78,14151.7,8022
2023-05-25 20:00:00,14164.58,14218.42,14091.39,14190.04,9207
2023-05-25 21:00:00,14202.13,14250.07,14056.39,14121.18,11988
2023-05-25 22:00:00,14091.83,14185.12,14078.57,14165.88,12115
2023-05-25 23:00:00,14159.58,14322.33,14094.31,14218.34,8356
2023-05-26 00:00:00,14240.92,14282.69,14152.39,14211.84,9001
2023-05-26 01:00:00,14153.67,14153.67,14059.2,14125.42,11826
2023-05-26 02:00:00,14112.02,14141.25,14097.9,14117.88,9172
2023-05-26 03:00:00,14123.39,14123.39,14035.53,14120.94,8076
2023-05-26 04:00:00,14116.32,14116.32,14063.49,14091.68,16504
2023-05-26 05:00:00,14126.46,14146.57,14007.19,14079.86,12104
2023-05-26 06:00:00,14099.13,14173.16,14099.13,14138.62,9444
2023-05-26 07:00:00,14138.98,14195.65,14138.98,14167.31,10671
2023-05-26 08:00:00,14178.45,14288.89,14063.48,14140.68,7989
2023-05-26 09:00:00,14149.71,14149.71,14059.1,14091.15,14665
2023-05-26 10:00:00,14098.73,14098.73,14057.69,14085.86,9319
2023-05-26 11:00:00,14080.69,14126.81,14017.57,14084.89,6979
2023-05-26 12:00:00,14073.11,14190.38,13962.1,14108.56,9986
2023-05-26 13:00:00,14115.81,14204.49,14026.29,14096.24,9827
2023-05-26 14:00:00,14110.29,14210.5,14096.83,14120.1,8506
2023-05-26 15:00:00,14169.38,14221.59,14169.38,14193.21,10176
2023-05-26 16:00:00,14206.6,14286.35,14198.96,14227.41,8211
2023-05-26 17:00:00,14202.74,14259.66,14202.74,14231.2,8818
2023-05-26 18:00:00,14227.96,14306.13,14201.92,14230.38,10090
2023-05-26 19:00:00,14210.74,14251.72,14187.09,14223.28,8019
2023-05-26 20:00:00,14238.93,14351.85,14204.72,14269.8,9653
2023-05-26 21:00:00,14247.28,14281.63,14224.62,14253.13,8365
2023-05-26 22:00:00,14244.12,14292.55,14231.5,14260.02,7615
2023-05-26 23:00:00,14252.03,14318.05,14213.11,14266.9,10726
2023-05-27 00:00:00,14282.96,14282.96,14123.33,14254.45,10420
2023-05-27 01:00:00,14263.19,14263.19,14129.0,14211.65,8675
2023-05-27 02:00:00,14206.85,14256.89,14156.7,14228.43,9574
2023-05-27 03:00:00,14215.77,14264.13,14155.9,14231.63,9195
2023-05-27 04:00:00,14233.31,14282.8,14111.08,14254.3,10426
2023-05-27 05:00:00,14233.88,14328.27,14184.65,14240.47,5601
2023-05-27 06:00:00,14266.88,14316.59,14266.88,14288.01,10238
2023-05-27 07:00:00,14273.46,14290.47,14173.99,14261.95,8888
2023-05-27 08:00:00,14297.78,14427.22,14297.78,14326.43,10670
2023-05-27 09:00:00,14271.2,14271.2,14138.72,14269.36,4985
2023-05-27 10:00:00,14269.65,14317.99,14260.83,14289.41,7182
2023-05-27 11:00:00,14307.65,14388.86,14307.65,14310.76,8531
2023-05-27 12:00:00,14315.6,14375.42,14202.61,14287.49,15483
2023-05-27 13:00:00,14291.97,14335.81,14246.7,14307.2,5872
2023-05-27 14:00:00,14327.9,14372.31,14327.9,14356.61,6470
2023-05-27 15:00:00,14355.43,14384.19,14263.2,14283.19,9953
2023-05-27 16:00:00,14294.26,14401.69,14278.07,14305.81,8156
2023-05-27 17:00:00,14251.88,14251.88,14212.61,14223.44,9441
2023-05-27 18:00:00,14221.89,14283.47,14135.8,14195.51,17073
2023-05-27 19:00:00,14197.32,14285.9,14197.32,14258.09,12563
2023-05-27 20:00:00,14249.7,14249.7,14208.19,14243.37,8767
2023-05-27 21:00:00,14244.78,14244.78,14163.47,14208.18,15981
2023-05-27 22:00:00,14222.75,14283.04,14178.72,14207.14,11663
2023-05-27 23:00:00,14195.47,14402.62,14174.79,14284.94,8063
2023-05-28 00:00:00,14253.31,14253.31,14218.52,14226.07,11739
2023-05-28 01:00:00,14207.63,14207.63,14134.72,14195.04,16632
2023-05-28 02:00:00,14205.91,14258.99,14205.91,14252.78,8185
2023-05-28 03:00:00,14292.74,14351.74,14292.74,14323.09,12419
2023-05-28 04:00:00,14325.03,14328.78,14307.89,14324.67,9829
2023-05-28 05:00:00,14315.13,14315.13,14251.58,14286.56,10412
2023-05-28 06:00:00,14358.58,14429.54,14358.58,14365.75,9394
2023-05-28 07:00:00,14382.29,14497.19,14369.9,14427.13,10434
2023-05-28 08:00:00,14426.97,14484.79,14426.97,14455.88,5939
2023-05-28 09:00:00,14461.77,14461.77,14322.39,14431.58,9996
2023-05-28 10:00:00,14439.52,14463.48,14433.44,14434.61,9332
2023-05-28 11:00:00,14419.76,14462.62,14346.67,14433.75,12570
2023-05-28 12:00:00,14429.42,14479.18,14404.47,14450.28,13741
2023-05-28 13:00:00,14491.0,14562.25,14491.0,14506.57,6949
2023-05-28 14:00:00,14539.49,14569.02,14539.49,14542.43,8797
2023-05-28 15:00:00,14537.32,14537.32,14409.59,14508.31,10522
2023-05-28 16:00:00,14524.44,14682.57,14524.44,14561.66,8013
2023-05-28 17:00:00,14559.21,14622.92,14540.62,14577.0,9995
2023-05-28 18:00:00,14597.45,14656.23,14587.25,14605.78,5082
2023-05-28 19:00:00,14611.19,14765.16,14528.1,14662.39,20627
2023-05-28 20:00:00,14656.93,14668.13,14592.09,14626.49,12343
2023-05-28 21:00:00,14624.49,14692.74,14550.28,14629.77,7162
2023-05-28 22:00:00,14632.17,14652.95,14549.45,14615.36,8128
2023-05-28 23:00:00,14596.33,14596.33,14520.65,14563.88,10978
2023-05-29 00:00:00,14565.32,14615.72,14496.08,14581.12,9528
2023-05-29 01:00:00,14646.19,14773.7,14646.19,14675.54,12154
2023-05-29 02:00:00,14685.74,14700.41,14498.9,14613.55,13405
2023-05-29 03:00:00,14616.81,14646.54,14561.02,14617.31,11868
2023-05-29 04:00:00,14615.93,14674.51,14615.93,14645.22,15024
2023-05-29 05:00:00,14660.41,14727.6,14577.84,14654.61,7317
2023-05-29 06:00:00,14658.76,14705.47,14624.06,14655.44,7781
2023-05-29 07:00:00,14631.56,14631.56,14576.64,14613.82,10914
2023-05-29 08:00:00,14639.17,14639.17,14598.37,14627.62,9182
2023-05-29 09:00:00,14611.18,14697.82,14550.64,14605.62,8817
2023-05-29 10:00:00,14580.59,14580.59,14395.43,14532.51,10430
2023-05-29 11:00:00,14569.16,14677.24,14569.16,14580.98,9023
2023-05-29 12:00:00,14591.63,14744.89,14591.63,14620.87,13807
2023-05-29 13:00:00,14614.1,14634.61,14553.12,14627.95,12338
2023-05-29 14:00:00,14644.41,14670.29,14611.72,14641.0,12209
2023-05-29 15:00:00,14684.06,14712.78,14684.06,14684.26,11414
2023-05-29 16:00:00,14691.42,14749.32,14552.87,14696.76,11961
2023-05-29 17:00:00,14733.17,14763.01,14626.39,14733.54,9457
2023-05-29 18:00:00,14740.51,14822.73,14697.37,14726.82,13631
2023-05-29 19:00:00,14721.72,14807.87,14721.72,14778.32,6036
2023-05-29 20:00:00,14779.05,14809.15,14714.03,14793.84,9987
2023-05-29 21:00:00,14799.75,14855.9,14769.25,14804.35,7511
2023-05-29 22:00:00,14767.3,14767.3,14715.29,14761.53,7242
2023-05-29 23:00:00,14769.68,14877.31,14769.68,14775.46,9412
2023-05-30 00:00:00,14782.47,14899.85,14713.18,14748.9,8424
2023-05-30 01:00:00,14750.91,14757.29,14700.24,14729.7,9859
2023-05-30 02:00:00,14730.4,14748.9,14674.97,14704.38,7864
2023-05-30 03:00:00,14679.18,14679.64,14667.47,14670.24,11482
2023-05-30 04:00:00,14652.99,14756.91,14608.14,14751.1,10420
2023-05-30 05:00:00,14773.42,14921.78,14773.42,14803.03,13520
2023-05-30 06:00:00,14803.4,14901.75,14753.07,14876.23,6521
2023-05-30 07:00:00,14860.52,14921.35,14833.12,14834.59,10537
2023-05-30 08:00:00,14812.42,14892.35,14810.88,14840.56,12084
2023-05-30 09:00:00,14826.54,14826.54,14793.95,14796.95,8261
2023-05-30 10:00:00,14816.47,14884.66,14647.44,14775.49,15609
2023-05-30 11:00:00,14781.03,14808.71,14691.49,14746.11,8441
2023-05-30 12:00:00,14769.42,14978.97,14719.17,14794.79,8074
2023-05-30 13:00:00,14801.64,14913.24,14754.34,14783.91,10963
2023-05-30 14:00:00,14789.19,14855.78,14724.24,14826.13,15681
2023-05-30 15:00:00,14821.27,14866.21,14821.27,14850.97,10819
2023-05-30 16:00:00,14887.21,14994.77,14887.21,14937.48,8445
2023-05-30 17:00:00,14940.92,14940.92,14835.76,14885.56,12781
2023-05-30 18:00:00,14913.22,14966.1,14837.66,14934.21,6705
2023-05-30 19:00:00,14947.58,14991.29,14887.69,14978.46,14998
2023-05-30 20:00:00,14980.24,14980.24,14912.28,14944.75,17384
2023-05-30 21:00:00,14979.03,15013.81,14979.03,14983.84,8961
2023-05-30 22:00:00,14994.33,15060.76,14993.15,14998.15,19132
2023-05-30 23:00:00,14994.88,15043.77,14948.39,14991.91,11816
2023-05-31 00:00:00,14992.23,15007.16,14919.82,14964.0,9694
2023-05-31 01:00:00,14952.39,14952.39,14917.98,14940.31,12069
2023-05-31 02:00:00,14968.36,15069.18,14952.18,15018.13,9858
2023-05-31 03:00:00,14981.63,15099.25,14937.6,15020.51,8545
2023-05-31 04:00:00,15046.98,15081.5,14993.41,15051.4,7632
2023-05-31 05:00:00,15042.81,15054.15,14994.06,15024.11,10014
2023-05-31 06:00:00,15037.64,15085.15,14980.86,14997.6,13275
2023-05-31 07:00:00,15018.68,15069.97,14918.2,15039.89,7965
2023-05-31 08:00:00,15001.2,15001.2,14879.39,14992.52,9031
2023-05-31 09:00:00,14998.26,15010.03,14878.33,14980.07,7895
2023-05-31 10:00:00,14996.45,14996.45,14821.32,14984.2,13319
2023-05-31 11:00:00,14984.4,15009.53,14897.76,14991.26,9973
2023-05-31 12:00:00,14981.79,15017.46,14804.91,14987.48,6268
2023-05-31 13:00:00,14969.98,15059.02,14969.36,15004.75,8617
2023-05-31 14:00:00,15029.71,15173.37,15029.71,15032.86,19909
2023-05-31 15:00:00,15030.87,15092.52,14973.14,15062.39,6383
2023-05-31 16:00:00,15048.12,15169.97,14992.86,15028.03,11514
2023-05-31 17:00:00,15006.24,15072.91,14958.42,15019.95,6529
2023-05-31 18:00:00,15050.55,15230.3,14947.92,15066.49,7802
2023-05-31 19:00:00,15081.76,15190.01,15081.76,15101.76,12538
2023-05-31 20:00:00,15076.97,15083.44,14971.52,15053.33,10667
2023-05-31 21:00:00,15049.04,15099.1,14916.28,15068.96,5188
2023-05-31 22:00:00,15053.76,15057.43,14885.56,14998.46,5137
2023-05-31 23:00:00,14991.91,15137.36,14879.2,15003.22,5863
2023-06-01 00:00:00,15045.84,15106.14,15045.84,15075.99,8129
2023-06-01 01:00:00,15074.32,15086.7,14967.94,15043.42,12628
2023-06-01 02:00:00,15042.34,15042.34,14982.04,15015.19,9149
2023-06-01 03:00:00,15027.79,15051.25,14972.39,15045.97,12722
2023-06-01 04:00:00,15021.56,15021.56,14932.51,14991.57,12839
2023-06-01 05:00:00,14990.95,14990.95,14941.49,14971.43,14348
2023-06-01 06:00:00,14982.5,15026.91,14952.56,14996.91,7369
2023-06-01 07:00:00,14991.02,15023.29,14947.31,14977.26,7780
2023-06-01 08:00:00,14980.06,15114.41,14864.24,14972.32,8106
2023-06-01 09:00:00,14998.33,15033.29,14998.33,15003.28,11313
2023-06-01 10:00:00,15004.36,15052.27,15004.36,15022.22,5725
2023-06-01 11:00:00,15026.32,15182.77,15023.07,15035.64,14592
2023-06-01 12:00:00,15032.48,15085.13,14938.37,15026.66,8174
2023-06-01 13:00:00,15009.16,15061.72,14930.44,15043.68,13228
2023-06-01 14:00:00,15025.12,15105.46,14969.99,15042.35,8905
2023-06-01 15:00:00,15059.42,15092.73,15024.29,15062.61,20363
2023-06-01 16:00:00,15049.82,15077.73,15017.54,15047.64,7133
2023-06-01 17:00:00,15030.83,15074.48,15006.88,15044.39,8373
2023-06-01 18:00:00,15029.72,15032.78,14926.52,15011.55,4854
2023-06-01 19:00:00,14997.18,15063.58,14972.46,15013.84,11203
2023-06-01 20:00:00,15037.81,15107.96,14943.94,14987.63,19897
2023-06-01 21:00:00,14966.35,15131.75,14841.89,14950.7,8797
2023-06-01 22:00:00,14961.95,15016.16,14934.4,14964.33,6975
2023-06-01 23:00:00,14937.59,14988.04,14928.9,14976.09,10170
2023-06-02 00:00:00,14959.07,15038.45,14874.22,15008.43,11498
2023-06-02 01:00:00,15026.29,15063.04,14956.46,14996.23,13173
2023-06-02 02:00:00,14998.56,15070.98,14973.43,15014.88,9618
2023-06-02 03:00:00,15022.05,15068.81,15008.65,15038.73,6981
2023-06-02 04:00:00,15036.78,15181.22,14981.48,15058.64,13693
2023-06-02 05:00:00,15052.28,15088.82,15001.75,15031.82,16721
2023-06-02 06:00:00,15011.08,15044.17,15011.08,15041.16,7260
2023-06-02 07:00:00,15039.81,15119.63,14991.42,15058.3,10187
2023-06-02 08:00:00,15062.5,15092.34,14956.52,15062.22,8188
2023-06-02 09:00:00,15075.21,15106.41,14933.76,14989.08,11747
2023-06-02 10:00:00,15010.4,15011.92,14847.45,14999.39,7482
2023-06-02 11:00:00,15031.45,15108.22,15031.45,15084.89,13582
2023-06-02 12:00:00,15103.33,15120.5,15022.82,15074.95,12087
2023-06-02 13:00:00,15056.65,15056.65,14944.04,15051.36,9870
2023-06-02 14:00:00,15049.02,15098.89,15028.47,15068.75,4694
2023-06-02 15:00:00,15062.53,15113.93,14881.81,15083.76,13898
2023-06-02 16:00:00,15080.8,15161.4,15013.71,15131.13,7389
2023-06-02 17:00:00,15117.55,15117.55,15071.53,15087.37,6465
2023-06-02 18:00:00,15107.8,15147.88,15087.41,15117.65,8761
2023-06-02 19:00:00,15126.91,15192.73,15070.46,15142.51,7779
2023-06-02 20:00:00,15155.86,15155.86,15119.44,15140.04,12556
2023-06-02 21:00:00,15128.72,15268.45,15093.15,15155.66,5640
2023-06-02 22:00:00,15172.22,15246.62,15172.22,15197.08,7986
2023-06-02 23:00:00,15221.16,15346.09,15221.16,15232.21,7539
2023-06-03 00:00:00,15198.88,15198.88,15161.65,15192.04,8449
2023-06-03 01:00:00,15210.32,15243.55,15178.97,15225.26,9576
2023-06-03 02:00:00,15209.21,15314.28,15205.22,15225.28,7722
2023-06-03 03:00:00,15215.88,15251.51,15111.51,15230.5,15822
2023-06-03 04:00:00,15265.52,15279.69,15147.96,15235.7,7637
2023-06-03 05:00:00,15247.8,15263.06,15202.13,15232.59,9665
2023-06-03 06:00:00,15250.41,15371.31,15250.41,15279.71,4917
2023-06-03 07:00:00,15271.86,15293.57,15248.38,15278.94,11506
2023-06-03 08:00:00,15271.49,15295.18,15100.71,15239.34,11253
2023-06-03 09:00:00,15229.73,15229.73,15161.64,15227.2,10228
2023-06-03 10:00:00,15211.65,15339.45,15211.65,15236.31,8735
2023-06-03 11:00:00,15253.91,15331.45,15253.91,15284.48,6006
2023-06-03 12:00:00,15260.9,15379.5,15221.72,15309.29,10216
2023-06-03 13:00:00,15318.41,15378.7,15201.94,15279.35,12426
2023-06-03 14:00:00,15287.74,15464.34,15287.74,15374.4,7653
2023-06-03 15:00:00,15376.54,15475.7,15376.54,15385.73,19017
2023-06-03 16:00:00,15413.79,15465.95,15404.21,15435.08,10406
2023-06-03 17:00:00,15430.23,15433.77,15342.4,15430.23,13830
2023-06-03 18:00:00,15436.94,15482.48,15302.94,15451.57,11962
2023-06-03 19:00:00,15449.07,15640.63,15360.96,15484.47,14332
2023-06-03 20:00:00,15499.15,15584.84,15473.96,15531.49,8441
2023-06-03 21:00:00,15503.17,15666.55,15455.12,15572.11,9416
2023-06-03 22:00:00,15563.33,15636.6,15563.33,15605.39,11031
2023-06-03 23:00:00,15613.56,15650.45,15542.66,15593.26,10700
2023-06-04 00:00:00,15600.62,15601.71,15540.27,15571.42,12723
2023-06-04 01:00:00,15609.96,15690.99,15574.76,15584.03,10597
2023-06-04 02:00:00,15579.24,15665.97,15536.12,15619.5,8134
2023-06-04 03:00:00,15620.88,15695.22,15512.23,15610.33,11867
2023-06-04 04:00:00,15623.42,15706.28,15553.43,15650.86,9832
2023-06-04 05:00:00,15677.17,15737.31,15603.18,15705.89,15752
2023-06-04 06:00:00,15691.22,15746.22,15666.76,15669.54,9313
2023-06-04 07:00:00,15670.76,15753.14,15613.75,15636.69,9557
2023-06-04 08:00:00,15648.88,15743.82,15599.58,15630.84,10259
2023-06-04 09:00:00,15634.28,15669.02,15634.28,15642.19,7665
2023-06-04 10:00:00,15628.66,15652.9,15590.42,15621.66,11313
2023-06-04 11:00:00,15642.07,15713.35,15642.07,15673.41,5777
2023-06-04 12:00:00,15669.63,15802.89,15620.5,15689.43,8224
2023-06-04 13:00:00,15677.28,15748.94,15654.06,15690.82,8623
2023-06-04 14:00:00,15663.68,15687.96,15456.58,15635.36,16652
2023-06-04 15:00:00,15603.53,15650.38,15509.02,15585.23,9890
2023-06-04 16:00:00,15620.62,15698.8,15565.5,15596.69,7722
2023-06-04 17:00:00,15534.8,15534.8,15387.2,15515.94,9438
2023-06-04 18:00:00,15524.95,15582.17,15524.95,15556.06,9964
2023-06-04 19:00:00,15531.01,15582.44,15523.21,15551.34,14011
2023-06-04 20:00:00,15550.04,15706.79,15550.04,15676.19,7758
2023-06-04 21:00:00,15741.84,15826.1,15741.84,15765.21,13299
2023-06-04 22:00:00,15770.56,15789.15,15544.31,15757.63,14786
2023-06-04 23:00:00,15747.33,15873.95,15632.04,15753.01,12447
2023-06-05 00:00:00,15749.57,15802.68,15749.57,15790.96,7306
2023-06-05 01:00:00,15824.23,15887.65,15824.23,15855.94,14792
2023-06-05 02:00:00,15868.03,15868.03,15759.49,15791.08,12862
2023-06-05 03:00:00,15761.49,15761.49,15689.7,15721.15,5602
2023-06-05 04:00:00,15740.33,15759.19,15594.35,15696.95,12604
2023-06-05 05:00:00,15699.71,15755.72,15621.99,15719.4,8301
2023-06-05 06:00:00,15774.78,15830.48,15722.92,15738.63,8850
2023-06-05 07:00:00,15736.53,15809.95,15723.71,15779.84,13795
2023-06-05 08:00:00,15764.83,15764.83,15701.81,15733.28,8730
2023-06-05 09:00:00,15649.55,15649.55,15613.07,15644.36,10043
2023-06-05 10:00:00,15632.36,15691.62,15627.86,15678.36,15267
2023-06-05 11:00:00,15674.8,15734.59,15590.47,15647.26,10370
2023-06-05 12:00:00,15611.57,15617.06,15470.31,15570.66,7974
2023-06-05 13:00:00,15585.97,15617.16,15489.53,15577.64,9360
2023-06-05 14:00:00,15580.27,15761.34,15530.85,15609.23,9255
2023-06-05 15:00:00,15620.63,15677.34,15574.61,15605.82,5463
2023-06-05 16:00:00,15600.02,15664.57,15486.24,15589.74,12337
2023-06-05 17:00:00,15583.13,15616.39,15554.05,15585.22,19192
2023-06-05 18:00:00,15607.62,15623.09,15541.38,15572.52,8418
2023-06-05 19:00:00,15553.81,15553.81,15482.55,15522.77,16223
2023-06-05 20:00:00,15496.77,15530.26,15434.28,15497.54,11342
2023-06-05 21:00:00,15508.32,15550.42,15497.54,15519.38,8014
2023-06-05 22:00:00,15491.98,15633.47,15471.4,15533.37,16110
2023-06-05 23:00:00,15541.31,15572.51,15523.18,15541.43,11238
2023-06-06 00:00:00,15572.63,15572.63,15404.69,15505.36,13610
2023-06-06 01:00:00,15487.15,15573.61,15379.71,15500.59,12233
2023-06-06 02:00:00,15450.91,15450.91,15392.61,15420.07,7784
2023-06-06 03:00:00,15440.73,15460.24,15396.77,15429.38,11141
2023-06-06 04:00:00,15448.91,15557.98,15448.91,15486.0,11642
2023-06-06 05:00:00,15463.02,15463.02,15401.3,15432.16,9059
2023-06-06 06:00:00,15438.21,15443.39,15379.78,15412.57,8834
2023-06-06 07:00:00,15456.91,15484.34,15396.83,15427.68,10549
2023-06-06 08:00:00,15418.4,15542.8,15385.42,15477.76,9784
2023-06-06 09:00:00,15513.59,15575.05,15462.31,15463.11,6499
2023-06-06 10:00:00,15470.24,15470.24,15408.49,15439.37,10200
2023-06-06 11:00:00,15398.41,15398.41,15280.44,15367.68,7711
2023-06-06 12:00:00,15393.98,15431.65,15344.52,15375.27,12823
2023-06-06 13:00:00,15389.25,15498.77,15382.1,15455.99,10294
2023-06-06 14:00:00,15442.74,15519.41,15336.88,15469.68,12639
2023-06-06 15:00:00,15477.34,15502.89,15440.33,15471.95,11537
2023-06-06 16:00:00,15475.74,15564.9,15475.74,15487.2,6462
2023-06-06 17:00:00,15483.83,15520.57,15483.83,15489.59,7332
2023-06-06 18:00:00,15468.27,15492.41,15312.35,15461.48,13529
2023-06-06 19:00:00,15451.99,15502.04,15351.49,15495.54,11819
2023-06-06 20:00:00,15475.83,15537.86,15475.83,15506.84,8970
2023-06-06 21:00:00,15505.64,15533.76,15432.15,15510.03,12648
2023-06-06 22:00:00,15518.54,15519.85,15395.53,15475.7,10788
2023-06-06 23:00:00,15484.04,15537.42,15484.04,15528.26,7822
2023-06-07 00:00:00,15542.61,15648.1,15534.67,15556.31,12152
2023-06-07 01:00:00,15550.75,15568.89,15506.74,15537.81,13269
2023-06-07 02:00:00,15549.44,15618.33,15549.44,15578.61,12882
2023-06-07 03:00:00,15591.17,15593.16,15427.03,15562.04,11232
2023-06-07 04:00:00,15535.74,15538.2,15508.74,15534.98,26632
2023-06-07 05:00:00,15536.39,15628.71,15497.17,15508.96,8379
2023-06-07 06:00:00,15475.45,15475.45,15391.9,15444.57,7941
2023-06-07 07:00:00,15437.58,15496.88,15433.45,15465.95,11849
2023-06-07 08:00:00,15471.57,15471.57,15366.55,15400.03,13099
2023-06-07 09:00:00,15388.24,15388.24,15336.82,15357.53,6753
2023-06-07 10:00:00,15314.1,15314.1,15262.62,15283.54,7379
2023-06-07 11:00:00,15305.47,15384.12,15254.7,15284.88,13959
2023-06-07 12:00:00,15264.26,15320.86,15253.16,15283.73,20615
2023-06-07 13:00:00,15273.32,15306.51,15227.49,15275.96,8938
2023-06-07 14:00:00,15291.56,15447.6,15170.35,15241.47,9470
2023-06-07 15:00:00,15246.15,15299.28,15127.03,15202.42,12248
2023-06-07 16:00:00,15214.84,15230.76,15194.19,15224.64,9374
2023-06-07 17:00:00,15202.43,15216.32,15168.27,15208.87,17105
2023-06-07 18:00:00,15227.96,15294.91,15175.09,15225.59,8059
2023-06-07 19:00:00,15227.77,15227.77,15144.66,15197.37,11842
2023-06-07 20:00:00,15141.14,15239.75,15138.72,15209.33,7171
2023-06-07 21:00:00,15232.59,15348.21,15232.59,15263.12,9163
2023-06-07 22:00:00,15291.12,15336.92,15259.06,15289.64,10475
2023-06-07 23:00:00,15291.62,15310.21,15153.47,15278.71,18714
2023-06-08 00:00:00,15284.27,15409.97,15256.81,15293.06,8157
2023-06-08 01:00:00,15295.83,15314.84,15250.88,15288.63,13574
2023-06-08 02:00:00,15276.12,15392.19,15276.12,15293.34,7536
2023-06-08 03:00:00,15256.15,15316.13,15252.66,15285.56,10077
2023-06-08 04:00:00,15279.12,15407.27,15274.75,15283.91,8122
2023-06-08 05:00:00,15279.39,15386.48,15267.19,15296.23,8426
2023-06-08 06:00:00,15310.62,15313.09,15200.66,15263.1,14736
2023-06-08 07:00:00,15259.95,15259.95,15116.59,15229.49,10614
2023-06-08 08:00:00,15212.68,15212.68,15151.95,15182.31,19560
2023-06-08 09:00:00,15155.92,15160.32,15097.5,15127.75,15342
2023-06-08 10:00:00,15147.91,15184.59,15057.86,15088.04,9899
2023-06-08 11:00:00,15056.15,15129.69,15021.46,15099.49,7695
2023-06-08 12:00:00,15095.44,15140.22,15024.1,15071.9,7944
2023-06-08 13:00:00,15078.76,15126.81,15061.23,15096.62,7470
2023-06-08 14:00:00,15117.63,15119.76,15073.25,15103.45,6436
2023-06-08 15:00:00,15076.43,15076.43,15005.83,15035.9,9348
2023-06-08 16:00:00,15052.78,15170.23,15035.64,15065.77,9284
2023-06-08 17:00:00,15070.88,15182.42,15070.88,15101.08,8948
2023-06-08 18:00:00,15139.41,15181.45,15039.38,15069.51,9143
2023-06-08 19:00:00,15071.65,15120.92,14989.36,15090.54,7290
2023-06-08 20:00:00,15080.65,15080.65,15056.85,15064.01,5840
2023-06-08 21:00:00,15046.64,15203.53,14968.9,15073.1,6956
2023-06-08 22:00:00,15041.0,15041.0,14938.07,15031.69,4789
2023-06-08 23:00:00,15023.44,15023.44,14939.12,14971.53,11770
2023-06-09 00:00:00,14969.8,14981.96,14854.24,14963.82,11463
2023-06-09 01:00:00,14983.29,14983.29,14923.91,14965.52,8964
2023-06-09 02:00:00,14971.16,14986.93,14927.1,14957.02,6017
2023-06-09 03:00:00,14964.94,14987.6,14821.51,14919.87,17988
2023-06-09 04:00:00,14897.87,14946.96,14881.9,14911.73,6368
2023-06-09 05:00:00,14923.12,15081.32,14899.88,14928.12,14152
2023-06-09 06:00:00,14940.18,14949.6,14932.74,14933.18,6797
2023-06-09 07:00:00,14916.56,15072.7,14916.56,14946.45,10725
2023-06-09 08:00:00,14921.15,14960.82,14898.59,14928.45,29540
2023-06-09 09:00:00,14973.09,15013.73,14973.09,14978.21,9445
2023-06-09 10:00:00,14962.29,14980.31,14869.79,14941.67,10924
2023-06-09 11:00:00,14933.58,15003.8,14893.84,14966.19,12016
2023-06-09 12:00:00,14982.33,15018.05,14957.72,15016.12,10891
2023-06-09 13:00:00,15023.99,15069.97,14993.48,15039.89,13526
2023-06-09 14:00:00,15027.34,15042.8,14963.22,15038.58,8270
2023-06-09 15:00:00,15057.54,15092.16,15012.26,15025.18,9834
2023-06-09 16:00:00,15061.07,15100.1,15061.07,15069.96,10211
2023-06-09 17:00:00,15048.37,15054.04,14968.33,15023.99,11649
2023-06-09 18:00:00,14996.28,15016.89,14922.08,14995.11,13614
2023-06-09 19:00:00,14981.87,15018.58,14947.3,14987.57,6106
2023-06-09 20:00:00,14992.84,15056.61,14975.03,15040.27,9131
2023-06-09 21:00:00,15041.15,15067.52,14934.59,15061.29,7927
2023-06-09 22:00:00,15071.45,15149.11,14995.57,15032.54,9400
2023-06-09 23:00:00,15011.28,15084.49,14935.23,15028.51,10103
2023-06-10 00:00:00,15019.51,15089.2,14863.13,15013.34,17414
2023-06-10 01:00:00,15001.91,15065.62,14964.77,14994.76,8737
2023-06-10 02:00:00,15027.0,15135.82,15027.0,15038.36,6873
2023-06-10 03:00:00,15010.0,15102.75,14965.33,14995.32,15310
2023-06-10 04:00:00,15000.17,15082.09,14999.03,15062.3,7109
2023-06-10 05:00:00,15070.9,15143.6,14967.43,15100.32,19735
2023-06-10 06:00:00,15098.16,15158.57,15093.36,15148.01,13665
2023-06-10 07:00:00,15138.8,15205.04,15107.25,15137.53,11393
2023-06-10 08:00:00,15129.79,15169.1,15129.79,15138.83,9091
2023-06-10 09:00:00,15158.62,15178.36,14963.85,15092.59,9843
2023-06-10 10:00:00,15059.76,15204.87,14986.48,15080.74,9982
2023-06-10 11:00:00,15097.57,15183.65,15097.57,15106.4,6160
2023-06-10 12:00:00,15144.57,15190.3,15144.57,15161.87,16117
2023-06-10 13:00:00,15152.93,15152.93,14982.02,15127.88,10690
2023-06-10 14:00:00,15150.82,15182.56,15118.22,15121.83,10026
2023-06-10 15:00:00,15109.93,15233.48,15108.74,15124.05,9367
2023-06-10 16:00:00,15140.14,15158.99,14996.54,15080.27,10693
2023-06-10 17:00:00,15086.72,15176.54,15080.23,15110.45,10296
2023-06-10 18:00:00,15116.11,15132.62,15039.24,15091.84,15173
2023-06-10 19:00:00,15104.93,15104.93,15010.26,15092.89,8471
2023-06-10 20:00:00,15062.48,15141.47,15007.1,15084.49,10690
2023-06-10 21:00:00,15057.67,15169.27,15015.05,15063.61,10353
2023-06-10 22:00:00,15062.14,15076.01,14884.46,15071.81,11717
2023-06-10 23:00:00,15083.58,15181.05,15041.79,15071.93,13283
2023-06-11 00:00:00,15094.86,15096.52,15036.25,15066.38,9041
2023-06-11 01:00:00,15092.96,15129.8,15034.07,15047.73,9700
2023-06-11 02:00:00,15063.93,15072.59,14996.08,15067.86,5628
2023-06-11 03:00:00,15106.89,15167.43,15106.89,15137.16,10156
2023-06-11 04:00:00,15125.63,15180.21,15011.21,15149.91,11235
2023-06-11 05:00:00,15164.29,15208.22,15164.29,15194.68,8643
2023-06-11 06:00:00,15188.71,15234.21,15084.4,15150.41,8348
2023-06-11 07:00:00,15159.2,15164.32,15137.92,15164.08,10722
2023-06-11 08:00:00,15142.75,15142.75,15074.55,15130.92,6554
2023-06-11 09:00:00,15127.65,15231.73,15044.23,15084.07,13502
2023-06-11 10:00:00,15095.35,15095.35,15035.09,15065.22,13997
2023-06-11 11:00:00,15114.24,15148.24,15114.24,15118.0,15905
2023-06-11 12:00:00,15150.57,15192.07,15131.43,15161.75,10125
2023-06-11 13:00:00,15180.92,15209.49,15178.88,15179.13,9596
2023-06-11 14:00:00,15160.61,15160.61,15100.09,15130.35,11378
2023-06-11 15:00:00,15146.84,15261.73,14995.71,15131.46,9446
2023-06-11 16:00:00,15133.62,15186.62,15133.62,15151.02,7069
2023-06-11 17:00:00,15144.26,15196.09,15135.43,15165.76,11948
2023-06-11 18:00:00,15124.51,15124.51,14997.08,15105.57,11103
2023-06-11 19:00:00,15088.16,15113.84,15052.6,15081.46,13776
2023-06-11 20:00:00,15084.35,15203.84,15084.35,15088.37,10193
2023-06-11 21:00:00,15124.47,15248.37,15087.4,15117.64,7930
2023-06-11 22:00:00,15075.59,15075.59,15007.64,15045.5,9677
2023-06-11 23:00:00,15043.86,15073.04,15018.91,15049.01,6956
2023-06-12 00:00:00,15094.1,15094.1,15032.18,15063.97,7536
2023-06-12 01:00:00,15074.94,15133.34,15074.94,15105.15,11579
2023-06-12 02:00:00,15099.54,15287.79,15042.85,15140.13,8763
2023-06-12 03:00:00,15140.74,15201.42,15140.74,15171.08,7765
2023-06-12 04:00:00,15171.78,15171.78,15120.26,15150.56,7941
2023-06-12 05:00:00,15150.13,15156.67,15088.05,15089.17,9507
2023-06-12 06:00:00,15118.29,15185.21,15029.8,15084.79,8055
2023-06-12 07:00:00,15080.46,15135.06,15037.57,15132.21,10179
2023-06-12 08:00:00,15153.76,15224.44,15153.76,15194.05,6528
2023-06-12 09:00:00,15215.76,15247.45,15215.76,15230.34,9139
2023-06-12 10:00:00,15238.38,15361.59,15225.55,15256.06,9560
2023-06-12 11:00:00,15276.81,15297.99,15249.17,15279.73,7075
2023-06-12 12:00:00,15263.97,15364.09,15189.07,15268.24,9562
2023-06-12 13:00:00,15273.42,15373.03,15243.88,15272.69,11117
2023-06-12 14:00:00,15292.05,15416.25,15292.05,15344.39,8344
2023-06-12 15:00:00,15357.26,15399.51,15287.02,15317.66,12688
2023-06-12 16:00:00,15356.3,15458.99,15356.3,15387.08,13048
2023-06-12 17:00:00,15373.53,15538.86,15302.71,15383.3,14756
2023-06-12 18:00:00,15386.44,15472.51,15358.24,15441.62,8009
2023-06-12 19:00:00,15448.31,15491.14,15306.43,15396.45,11073
2023-06-12 20:00:00,15395.86,15565.4,15395.86,15426.72,6911
2023-06-12 21:00:00,15420.5,15499.53,15324.37,15406.83,7308
2023-06-12 22:00:00,15406.18,15445.21,15279.74,15361.57,10085
2023-06-12 23:00:00,15368.77,15434.57,15368.77,15378.28,8030
2023-06-13 00:00:00,15384.09,15455.51,15384.09,15424.66,8186
2023-06-13 01:00:00,15445.24,15450.21,15369.74,15400.54,6400
2023-06-13 02:00:00,15378.17,15378.17,15321.35,15352.06,7892
2023-06-13 03:00:00,15373.21,15479.44,15236.45,15357.17,9237
2023-06-13 04:00:00,15351.46,15495.03,15290.76,15362.51,9642
2023-06-13 05:00:00,15371.92,15422.72,15248.1,15391.93,13539
2023-06-13 06:00:00,15400.8,15516.43,15320.37,15436.36,7515
2023-06-13 07:00:00,15443.17,15511.5,15411.63,15442.51,15539
2023-06-13 08:00:00,15462.44,15559.29,15462.44,15521.11,6811
2023-06-13 09:00:00,15515.82,15561.65,15473.34,15537.58,10914
2023-06-13 10:00:00,15558.69,15563.07,15421.35,15532.0,5523
2023-06-13 11:00:00,15534.99,15559.01,15410.98,15478.23,16250
2023-06-13 12:00:00,15479.32,15515.63,15464.92,15476.51,9685
2023-06-13 13:00:00,15464.29,15505.08,15464.29,15471.65,7137
2023-06-13 14:00:00,15480.22,15566.7,15480.22,15515.99,10083
2023-06-13 15:00:00,15529.84,15572.48,15529.84,15541.39,17882
2023-06-13 16:00:00,15531.78,15531.78,15409.35,15504.14,11921
2023-06-13 17:00:00,15477.37,15614.89,15456.7,15518.58,7043
2023-06-13 18:00:00,15539.39,15614.64,15520.85,15551.95,10559
2023-06-13 19:00:00,15586.49,15718.96,15586.49,15617.72,13318
2023-06-13 20:00:00,15627.45,15660.27,15627.45,15658.76,12277
2023-06-13 21:00:00,15667.82,15812.98,15667.82,15694.64,7316
2023-06-13 22:00:00,15699.87,15733.92,15668.5,15703.58,10771
2023-06-13 23:00:00,15702.41,15826.82,15693.87,15725.32,7812
2023-06-14 00:00:00,15748.54,15849.22,15748.54,15780.1,9242
2023-06-14 01:00:00,15791.17,15812.17,15721.16,15734.62,15366
2023-06-14 02:00:00,15738.97,15796.54,15696.04,15727.49,15799
2023-06-14 03:00:00,15742.39,15819.47,15672.72,15704.13,20188
2023-06-14 04:00:00,15708.77,15833.54,15630.16,15725.41,9285
2023-06-14 05:00:00,15763.76,15943.82,15747.65,15779.21,8000
2023-06-14 06:00:00,15749.06,15871.82,15637.31,15762.02,8913
2023-06-14 07:00:00,15761.71,15808.25,15572.83,15675.88,14674
2023-06-14 08:00:00,15675.94,15761.79,15635.71,15667.05,8783
2023-06-14 09:00:00,15646.3,15740.52,15641.17,15709.11,5950
2023-06-14 10:00:00,15757.96,15894.73,15691.85,15736.29,7827
2023-06-14 11:00:00,15724.19,15782.58,15668.36,15759.63,13142
2023-06-14 12:00:00,15785.01,15835.01,15724.11,15755.62,14070
2023-06-14 13:00:00,15744.51,15744.51,15636.32,15713.09,30903
2023-06-14 14:00:00,15725.78,15831.24,15699.08,15740.25,8383
2023-06-14 15:00:00,15739.7,15777.21,15683.79,15715.22,8031
2023-06-14 16:00:00,15741.18,15849.78,15741.18,15806.79,8599
2023-06-14 17:00:00,15785.14,15867.38,15717.7,15835.71,13524
2023-06-14 18:00:00,15865.74,15952.11,15684.9,15819.84,7235
2023-06-14 19:00:00,15831.91,15892.84,15770.25,15802.95,7113
2023-06-14 20:00:00,15811.04,15837.69,15712.97,15806.08,18015
2023-06-14 21:00:00,15791.87,15835.46,15750.82,15803.85,9986
2023-06-14 22:00:00,15822.33,15885.74,15822.33,15854.04,13299
2023-06-14 23:00:00,15875.51,15901.98,15830.93,15867.65,10428
2023-06-15 00:00:00,15857.47,15902.57,15752.64,15845.47,7407
2023-06-15 01:00:00,15893.31,15930.62,15893.31,15925.16,6947
2023-06-15 02:00:00,15951.86,16003.25,15866.77,15932.79,10475
2023-06-15 03:00:00,15903.5,16016.06,15877.86,15968.58,12821
2023-06-15 04:00:00,15957.1,16018.6,15924.31,15950.48,9591
2023-06-15 05:00:00,15938.73,16064.07,15938.73,15970.67,8352
2023-06-15 06:00:00,15987.62,16020.64,15952.28,15988.66,9200
2023-06-15 07:00:00,15930.15,15930.15,15853.4,15920.38,14342
2023-06-15 08:00:00,15975.76,16095.47,15975.76,16005.33,7689
2023-06-15 09:00:00,15987.01,16093.49,15980.35,16061.37,8526
2023-06-15 10:00:00,16049.41,16093.11,16001.23,16050.85,11606
2023-06-15 11:00:00,16036.5,16049.64,15976.84,16012.5,12402
2023-06-15 12:00:00,16008.18,16049.02,15999.73,16031.79,9791
2023-06-15 13:00:00,16049.49,16123.07,16039.43,16040.67,17081
2023-06-15 14:00:00,16030.48,16146.5,16008.0,16060.05,9695
2023-06-15 15:00:00,16044.27,16206.84,15944.28,16072.75,9447
2023-06-15 16:00:00,16097.73,16097.73,16025.69,16097.67,9144
2023-06-15 17:00:00,16076.37,16232.35,16014.98,16159.92,13572
2023-06-15 18:00:00,16153.99,16333.04,16151.61,16187.27,11724
2023-06-15 19:00:00,16166.95,16182.37,16114.94,16150.07,12756
2023-06-15 20:00:00,16149.28,16241.39,16123.68,16208.97,8104
2023-06-15 21:00:00,16246.3,16305.69,16246.3,16278.86,7639
2023-06-15 22:00:00,16374.3,16513.47,16374.3,16408.7,7731
2023-06-15 23:00:00,16388.85,16399.43,16264.2,16366.69,8375
2023-06-16 00:00:00,16383.99,16412.72,16337.47,16379.96,13827
2023-06-16 01:00:00,16381.12,16398.24,16198.63,16300.21,16387
2023-06-16 02:00:00,16293.99,16359.3,16293.99,16326.64,11030
2023-06-16 03:00:00,16370.3,16382.07,16271.13,16308.91,9308
2023-06-16 04:00:00,16361.91,16422.83,16361.91,16390.05,11912
2023-06-16 05:00:00,16398.63,16463.42,16311.3,16362.37,10557
2023-06-16 06:00:00,16348.88,16452.75,16228.08,16298.72,13223
2023-06-16 07:00:00,16295.4,16316.89,16258.46,16284.32,9733
2023-06-16 08:00:00,16304.29,16400.99,16177.71,16210.13,12063
2023-06-16 09:00:00,16221.48,16253.22,16211.48,16244.93,10691
2023-06-16 10:00:00,16221.42,16221.42,16095.77,16167.41,8683
2023-06-16 11:00:00,16193.77,16263.41,16008.03,16173.93,6788
2023-06-16 12:00:00,16129.04,16129.04,16072.25,16096.85,18840
2023-06-16 13:00:00,16100.54,16155.65,16039.6,16090.22,16166
2023-06-16 14:00:00,16101.79,16350.56,16101.79,16161.03,9959
2023-06-16 15:00:00,16148.63,16224.04,16148.63,16180.99,5014
2023-06-16 16:00:00,16185.26,16219.46,16120.23,16152.54,11743
2023-06-16 17:00:00,16163.32,16249.49,16115.23,16157.25,11779
2023-06-16 18:00:00,16126.76,16196.25,16122.05,16163.92,10000
2023-06-16 19:00:00,16168.66,16208.3,16156.22,16188.6,11596
2023-06-16 20:00:00,16157.57,16177.59,16108.01,16140.29,7684
2023-06-16 21:00:00,16098.73,16293.43,16096.18,16170.05,15804
2023-06-16 22:00:00,16171.88,16179.58,16062.0,16069.08,16981
2023-06-16 23:00:00,16082.49,16172.12,16019.14,16051.24,10476
2023-06-17 00:00:00,16060.91,16064.27,15917.81,16039.2,12000
2023-06-17 01:00:00,16058.86,16099.55,16058.86,16071.57,13023
2023-06-17 02:00:00,16066.93,16111.99,15970.51,16079.83,12874
2023-06-17 03:00:00,16048.14,16063.98,15999.86,16031.92,9333
2023-06-17 04:00:00,16033.22,16033.22,15802.87,16001.22,9575
2023-06-17 05:00:00,16009.7,16049.27,15939.4,16017.24,8975
2023-06-17 06:00:00,16006.05,16058.94,15951.28,16022.33,8406
2023-06-17 07:00:00,16002.77,16019.63,15916.19,16007.61,8936
2023-06-17 08:00:00,16008.26,16008.26,15887.41,15997.12,14524
2023-06-17 09:00:00,15988.17,16080.52,15988.17,16032.43,13963
2023-06-17 10:00:00,16022.4,16168.18,15962.37,16019.88,11087
2023-06-17 11:00:00,16028.93,16080.02,15947.58,16024.51,13268
2023-06-17 12:00:00,16085.31,16120.31,16085.31,16117.55,7822
2023-06-17 13:00:00,16106.67,16130.3,16036.43,16068.56,7349
2023-06-17 14:00:00,16081.39,16082.87,15940.88,16003.21,10027
2023-06-17 15:00:00,16009.88,16074.05,16009.88,16041.96,17437
2023-06-17 16:00:00,16078.01,16125.11,15932.13,16023.21,6739
2023-06-17 17:00:00,16001.17,16125.03,15850.68,16018.84,7124
2023-06-17 18:00:00,16000.81,16000.81,15948.73,15996.05,5436
2023-06-17 19:00:00,16003.9,16068.46,15948.63,15993.8,10562
2023-06-17 20:00:00,16013.23,16167.93,16011.99,16064.55,8050
2023-06-17 21:00:00,16090.69,16110.44,16071.58,16103.79,11926
2023-06-17 22:00:00,16129.46,16177.77,16040.68,16145.48,14721
2023-06-17 23:00:00,16141.72,16141.72,16064.92,16097.11,7272
2023-06-18 00:00:00,16091.98,16091.98,16011.87,16059.74,14695
2023-06-18 01:00:00,15988.71,15988.71,15832.44,15956.8,8674
2023-06-18 02:00:00,15946.74,16121.58,15902.88,15934.75,14442
2023-06-18 03:00:00,15970.25,16071.7,15970.25,15981.73,11385
2023-06-18 04:00:00,15979.16,16043.2,15979.16,16011.18,8845
2023-06-18 05:00:00,16009.75,16043.16,15934.24,16011.14,6986
2023-06-18 06:00:00,16051.23,16051.24,15983.09,16019.2,9089
2023-06-18 07:00:00,15982.68,16104.6,15969.33,16001.33,8768
2023-06-18 08:00:00,16034.02,16050.57,15923.98,16018.54,10745
2023-06-18 09:00:00,16006.91,16151.4,16006.91,16057.62,12450
2023-06-18 10:00:00,16067.05,16123.01,15973.12,16002.84,7042
2023-06-18 11:00:00,16010.61,16112.52,15991.63,16023.68,5856
2023-06-18 12:00:00,16031.13,16211.78,15966.09,16068.95,13466
2023-06-18 13:00:00,16071.21,16171.54,15908.67,16060.93,10186
2023-06-18 14:00:00,16088.84,16228.54,16075.15,16096.86,11787
2023-06-18 15:00:00,16178.56,16260.21,16178.56,16215.89,6854
2023-06-18 16:00:00,16199.49,16320.46,16133.6,16218.91,13675
2023-06-18 17:00:00,16215.26,16274.42,16215.26,16241.93,4971
2023-06-18 18:00:00,16204.71,16296.33,16178.49,16219.77,8146
2023-06-18 19:00:00,16246.79,16266.89,16228.48,16234.42,12951
2023-06-18 20:00:00,16245.07,16366.88,16181.1,16260.2,10019
2023-06-18 21:00:00,16283.13,16335.03,16242.8,16275.35,8917
2023-06-18 22:00:00,16271.06,16274.38,16182.21,16241.9,10988
2023-06-18 23:00:00,16228.82,16355.16,16096.8,16257.63,7555
2023-06-19 00:00:00,16262.16,16445.86,16262.16,16323.38,11973
2023-06-19 01:00:00,16358.91,16362.29,16298.21,16348.15,17145
2023-06-19 02:00:00,16336.01,16418.68,16333.6,16393.54,5710
2023-06-19 03:00:00,16384.82,16501.11,16358.01,16390.79,7841
2023-06-19 04:00:00,16383.35,16460.75,16383.35,16427.61,8832
2023-06-19 05:00:00,16452.65,16554.74,16403.52,16445.31,11181
2023-06-19 06:00:00,16446.3,16446.3,16330.2,16413.47,7211
2023-06-19 07:00:00,16423.63,16465.81,16313.12,16432.95,8984
2023-06-19 08:00:00,16384.49,16518.66,16297.53,16399.65,9659
2023-06-19 09:00:00,16372.65,16527.49,16334.08,16381.19,6158
2023-06-19 10:00:00,16411.49,16515.58,16298.84,16395.69,12226
2023-06-19 11:00:00,16381.69,16418.28,16381.69,16414.52,6542
2023-06-19 12:00:00,16406.04,16406.04,16369.48,16373.29,8968
2023-06-19 13:00:00,16352.32,16455.53,16281.38,16422.68,6928
2023-06-19 14:00:00,16438.36,16517.41,16419.42,16452.33,7158
2023-06-19 15:00:00,16438.55,16438.55,16351.5,16430.33,16062
2023-06-19 16:00:00,16396.86,16396.86,16342.54,16375.29,9062
2023-06-19 17:00:00,16376.52,16403.87,16306.49,16376.88,8982
2023-06-19 18:00:00,16366.38,16467.44,16225.89,16366.25,11038
2023-06-19 19:00:00,16345.23,16478.43,16345.23,16377.99,8305
2023-06-19 20:00:00,16343.22,16403.21,16255.95,16370.47,8623
2023-06-19 21:00:00,16332.67,16332.67,16275.83,16297.18,11639
2023-06-19 22:00:00,16264.2,16345.13,16180.11,16289.57,12006
2023-06-19 23:00:00,16307.86,16430.62,16252.66,16285.23,15591
2023-06-20 00:00:00,16287.4,16394.31,16287.03,16318.24,9779
2023-06-20 01:00:00,16315.36,16382.39,16218.44,16297.88,7060
2023-06-20 02:00:00,16298.54,16449.72,16266.96,16372.61,11884
2023-06-20 03:00:00,16368.42,16386.74,16299.81,16303.44,11799
2023-06-20 04:00:00,16313.82,16384.32,16198.7,16363.9,11104
2023-06-20 05:00:00,16332.42,16471.62,16312.26,16362.84,9819
2023-06-20 06:00:00,16383.98,16506.66,16383.98,16405.08,6110
2023-06-20 07:00:00,16394.46,16448.34,16394.46,16415.51,9147
2023-06-20 08:00:00,16435.37,16519.99,16435.37,16468.31,13482
2023-06-20 09:00:00,16456.18,16526.73,16359.99,16459.46,7566
2023-06-20 10:00:00,16451.68,16506.54,16332.05,16422.34,10157
2023-06-20 11:00:00,16476.41,16633.75,16476.41,16486.87,10499
2023-06-20 12:00:00,16476.15,16636.59,16476.15,16489.1,7628
2023-06-20 13:00:00,16513.96,16537.7,16471.68,16504.69,8313
2023-06-20 14:00:00,16513.83,16571.98,16513.83,16560.85,7599
2023-06-20 15:00:00,16559.67,16559.67,16388.86,16524.91,5959
2023-06-20 16:00:00,16531.58,16588.42,16531.58,16555.31,8666
2023-06-20 17:00:00,16550.92,16590.85,16528.06,16537.47,17122
2023-06-20 18:00:00,16543.0,16587.74,16505.08,16538.15,18980
2023-06-20 19:00:00,16550.63,16660.1,16500.36,16547.41,9256
2023-06-20 20:00:00,16526.21,16526.21,16365.94,16492.81,18745
2023-06-20 21:00:00,16490.96,16501.07,16379.86,16468.13,9888
2023-06-20 22:00:00,16476.93,16601.83,16451.91,16529.41,14312
2023-06-20 23:00:00,16541.54,16696.85,16505.89,16571.57,7154
2023-06-21 00:00:00,16570.66,16581.69,16455.27,16575.03,7737
2023-06-21 01:00:00,16540.65,16624.15,16518.14,16590.97,15117
2023-06-21 02:00:00,16581.17,16601.47,16551.84,16585.01,6995
2023-06-21 03:00:00,16622.56,16766.66,16601.66,16646.28,8755
2023-06-21 04:00:00,16666.49,16666.87,16610.31,16643.6,10542
2023-06-21 05:00:00,16618.25,16908.63,16591.84,16658.64,7492
2023-06-21 06:00:00,16677.49,16744.52,16677.49,16710.91,16157
2023-06-21 07:00:00,16718.67,16760.38,16650.86,16684.23,11320
2023-06-21 08:00:00,16673.11,16849.01,16668.91,16753.35,11372
2023-06-21 09:00:00,16712.55,16861.94,16552.5,16695.19,9287
2023-06-21 10:00:00,16719.59,16879.32,16719.59,16766.79,10384
2023-06-21 11:00:00,16760.57,16789.01,16743.17,16755.5,9771
2023-06-21 12:00:00,16744.62,16825.83,16711.97,16749.82,13656
2023-06-21 13:00:00,16745.19,16774.65,16520.22,16676.78,7379
2023-06-21 14:00:00,16668.39,16696.82,16645.61,16663.5,9594
2023-06-21 15:00:00,16636.35,16636.35,16598.83,16626.55,19232
2023-06-21 16:00:00,16616.5,16646.3,16470.88,16607.29,12928
2023-06-21 17:00:00,16592.31,16610.85,16468.79,16607.22,8559
2023-06-21 18:00:00,16614.84,16685.07,16614.84,16651.76,12814
2023-06-21 19:00:00,16648.97,16688.74,16648.97,16665.49,7160
2023-06-21 20:00:00,16700.63,16700.63,16535.95,16683.19,10491
2023-06-21 21:00:00,16634.13,16645.78,16570.95,16643.51,15420
2023-06-21 22:00:00,16649.89,16742.84,16569.65,16613.06,6912
2023-06-21 23:00:00,16609.85,16725.41,16539.96,16692.03,14088
2023-06-22 00:00:00,16694.01,16694.01,16637.86,16667.0,6192
2023-06-22 01:00:00,16706.58,16901.5,16706.58,16740.06,13326
2023-06-22 02:00:00,16768.75,16843.59,16702.3,16734.88,8818
2023-06-22 03:00:00,16706.13,16817.66,16706.13,16739.61,11518
2023-06-22 04:00:00,16745.27,16882.17,16634.39,16788.01,7981
2023-06-22 05:00:00,16788.09,16918.98,16788.09,16844.38,14183
2023-06-22 06:00:00,16868.76,16868.76,16809.43,16843.6,7652
2023-06-22 07:00:00,16838.09,16882.38,16750.89,16831.4,19132
2023-06-22 08:00:00,16841.98,16911.2,16801.53,16833.02,11408
2023-06-22 09:00:00,16817.0,16884.4,16817.0,16850.7,16985
2023-06-22 10:00:00,16851.56,16979.5,16851.56,16891.24,22105
2023-06-22 11:00:00,16880.39,16982.19,16845.14,16894.74,8250
2023-06-22 12:00:00,16908.52,16977.53,16816.2,16923.67,8276
2023-06-22 13:00:00,16960.95,17107.41,16960.95,16994.94,12020
2023-06-22 14:00:00,17030.26,17103.31,16873.05,17013.66,9306
2023-06-22 15:00:00,17022.37,17122.82,17022.37,17029.09,8227
2023-06-22 16:00:00,17043.17,17070.01,16920.68,16967.78,10508
2023-06-22 17:00:00,16986.25,16986.25,16817.38,16861.04,7727
2023-06-22 18:00:00,16868.91,16923.33,16793.75,16880.45,9229
2023-06-22 19:00:00,16871.12,16916.56,16786.4,16879.87,9995
2023-06-22 20:00:00,16881.07,16895.7,16671.67,16861.98,4381
2023-06-22 21:00:00,16872.94,16914.54,16802.1,16875.64,8180
2023-06-22 22:00:00,16845.02,17022.54,16842.8,16876.55,9268
2023-06-22 23:00:00,16875.48,17070.74,16833.61,16926.9,15470
2023-06-23 00:00:00,16908.42,16952.12,16900.41,16934.28,4237
2023-06-23 01:00:00,16944.53,17032.52,16883.01,16907.02,7284
2023-06-23 02:00:00,16918.19,16986.0,16918.19,16952.09,9750
2023-06-23 03:00:00,16966.81,17011.12,16912.9,16946.8,8723
2023-06-23 04:00:00,16957.43,17006.36,16957.43,16972.41,7044
2023-06-23 05:00:00,16980.27,17087.18,16922.09,16956.0,6946
2023-06-23 06:00:00,16949.82,17092.3,16898.57,16932.43,8611
2023-06-23 07:00:00,16977.38,16995.0,16859.4,16939.4,9007
2023-06-23 08:00:00,16927.83,16977.33,16909.56,16943.45,12719
2023-06-23 09:00:00,16923.66,17058.94,16912.31,16966.79,9982
2023-06-23 10:00:00,16982.52,16992.36,16906.12,16958.45,16860
2023-06-23 11:00:00,16918.94,16918.94,16819.29,16885.17,10964
2023-06-23 12:00:00,16850.89,16904.69,16763.93,16870.94,6534
2023-06-23 13:00:00,16877.98,16918.33,16873.99,16907.81,10286
2023-06-23 14:00:00,16917.5,17031.97,16871.97,16899.33,8723
2023-06-23 15:00:00,16887.14,16904.75,16762.41,16892.83,9208
2023-06-23 16:00:00,16885.43,17008.88,16884.0,16937.05,7723
2023-06-23 17:00:00,16944.25,16985.49,16829.42,16910.46,5688
2023-06-23 18:00:00,16920.61,16920.61,16844.41,16849.65,9624
2023-06-23 19:00:00,16847.85,16952.9,16719.1,16846.85,9439
2023-06-23 20:00:00,16825.45,16944.04,16657.83,16830.75,16917
2023-06-23 21:00:00,16816.6,16828.75,16794.02,16795.16,10862
2023-06-23 22:00:00,16824.07,16928.15,16759.66,16792.31,8708
2023-06-23 23:00:00,16814.3,16845.76,16814.3,16817.11,11972
2023-06-24 00:00:00,16787.62,16943.41,16787.62,16821.26,9117
2023-06-24 01:00:00,16822.86,16905.69,16772.8,16838.1,10975
2023-06-24 02:00:00,16854.66,16935.87,16854.66,16917.19,8825
2023-06-24 03:00:00,16913.27,16940.47,16863.02,16906.65,7612
2023-06-24 04:00:00,16912.47,17081.56,16856.33,16922.04,8279
2023-06-24 05:00:00,16915.29,16930.05,16873.58,16904.55,10041
2023-06-24 06:00:00,16877.53,16973.16,16791.44,16873.53,6333
2023-06-24 07:00:00,16886.81,16991.31,16819.77,16853.47,8860
2023-06-24 08:00:00,16851.59,16871.86,16770.55,16838.18,7149
2023-06-24 09:00:00,16851.46,16891.5,16702.2,16857.78,6978
2023-06-24 10:00:00,16884.1,17029.03,16884.1,16959.26,11306
2023-06-24 11:00:00,16957.02,16970.15,16890.64,16933.49,8372
2023-06-24 12:00:00,16931.73,17030.94,16843.95,16920.48,6562
2023-06-24 13:00:00,16910.8,16989.85,16834.43,16922.39,7800
2023-06-24 14:00:00,16936.25,16986.35,16769.87,16943.09,9904
2023-06-24 15:00:00,16951.89,16980.88,16813.13,16958.53,8283
2023-06-24 16:00:00,16994.81,17147.12,16994.81,17016.07,10484
2023-06-24 17:00:00,17006.86,17035.24,16896.27,16918.84,10851
2023-06-24 18:00:00,16858.18,16858.18,16790.89,16824.54,10179
2023-06-24 19:00:00,16851.21,16883.48,16693.25,16809.46,7443
2023-06-24 20:00:00,16799.6,16894.01,16799.6,16860.29,16265
2023-06-24 21:00:00,16837.51,16837.51,16555.83,16801.06,11934
2023-06-24 22:00:00,16707.77,16707.77,16551.55,16683.04,8718
2023-06-24 23:00:00,16686.16,16746.77,16599.19,16713.34,13218
2023-06-25 00:00:00,16725.69,16808.23,16575.97,16730.24,12625
2023-06-25 01:00:00,16729.1,16826.05,16585.06,16692.22,11986
2023-06-25 02:00:00,16677.54,16677.54,16642.32,16659.2,7800
2023-06-25 03:00:00,16631.29,16631.29,16593.72,16626.98,7053
2023-06-25 04:00:00,16600.81,16709.57,16587.27,16639.02,8655
2023-06-25 05:00:00,16622.04,16622.04,16532.79,16621.05,9134
2023-06-25 06:00:00,16638.77,16682.07,16615.47,16648.77,12466
2023-06-25 07:00:00,16539.82,16539.82,16506.72,16539.8,10451
2023-06-25 08:00:00,16546.54,16546.54,16462.79,16513.51,10790
2023-06-25 09:00:00,16503.7,16503.7,16413.62,16476.6,7931
2023-06-25 10:00:00,16502.89,16522.35,16442.42,16475.37,8041
2023-06-25 11:00:00,16487.89,16587.78,16458.5,16462.78,11470
2023-06-25 12:00:00,16479.23,16537.25,16430.64,16504.25,7015
2023-06-25 13:00:00,16471.14,16471.14,16407.07,16438.26,12931
2023-06-25 14:00:00,16444.73,16454.66,16415.09,16449.97,8667
2023-06-25 15:00:00,16449.6,16517.65,16392.62,16482.42,7568
2023-06-25 16:00:00,16561.85,16603.28,16561.85,16566.91,8653
2023-06-25 17:00:00,16603.8,16636.88,16382.82,16556.33,13878
2023-06-25 18:00:00,16556.91,16611.58,16403.11,16578.43,7192
2023-06-25 19:00:00,16580.88,16620.46,16487.64,16513.76,8598
2023-06-25 20:00:00,16525.71,16570.03,16421.41,16426.13,14765
2023-06-25 21:00:00,16436.91,16502.79,16436.91,16469.85,11167
2023-06-25 22:00:00,16488.77,16519.32,16318.33,16479.17,5801
2023-06-25 23:00:00,16459.81,16569.45,16459.81,16536.37,7355
2023-06-26 00:00:00,16531.13,16553.63,16419.58,16489.63,7694
2023-06-26 01:00:00,16457.16,16572.1,16450.89,16519.8,9594
2023-06-26 02:00:00,16570.93,16637.34,16570.93,16604.13,21520
2023-06-26 03:00:00,16615.68,16736.95,16571.5,16629.18,5363
2023-06-26 04:00:00,16630.97,16755.96,16549.22,16648.33,8080
2023-06-26 05:00:00,16649.87,16669.11,16595.57,16656.4,9939
2023-06-26 06:00:00,16649.58,16649.58,16452.95,16599.9,10880
2023-06-26 07:00:00,16592.94,16739.56,16592.94,16663.32,10685
2023-06-26 08:00:00,16704.87,16713.09,16612.53,16645.82,15850
2023-06-26 09:00:00,16652.53,16707.56,16596.55,16674.21,8926
2023-06-26 10:00:00,16665.13,16665.13,16439.71,16617.9,5777
2023-06-26 11:00:00,16611.06,16611.06,16467.61,16577.9,6207
2023-06-26 12:00:00,16611.18,16677.76,16611.18,16644.47,11503
2023-06-26 13:00:00,16641.76,16671.62,16585.21,16638.34,7885
2023-06-26 14:00:00,16647.1,16752.53,16541.58,16705.49,9026
2023-06-26 15:00:00,16714.15,16744.34,16676.26,16709.68,9101
2023-06-26 16:00:00,16675.06,16675.06,16608.49,16641.77,12198
2023-06-26 17:00:00,16661.95,16719.32,16652.58,16685.95,5674
2023-06-26 18:00:00,16700.02,16746.13,16641.15,16669.16,11261
2023-06-26 19:00:00,16702.46,16738.58,16641.99,16705.17,7178
2023-06-26 20:00:00,16685.31,16782.83,16679.83,16713.26,6592
2023-06-26 21:00:00,16687.7,16690.29,16630.69,16656.98,9690
2023-06-26 22:00:00,16641.43,16803.33,16617.93,16671.02,10475
2023-06-26 23:00:00,16745.09,16814.23,16745.09,16768.07,11341
2023-06-27 00:00:00,16771.99,16968.2,16771.99,16794.85,20002
2023-06-27 01:00:00,16841.68,16841.85,16684.81,16799.0,8127
2023-06-27 02:00:00,16802.32,16853.3,16765.6,16849.6,13407
2023-06-27 03:00:00,16838.39,16897.77,16830.32,16864.04,8902
2023-06-27 04:00:00,16873.1,17033.54,16841.01,16878.68,9871
2023-06-27 05:00:00,16828.55,16936.14,16805.65,16839.33,13889
2023-06-27 06:00:00,16834.75,16999.34,16834.75,16854.91,7119
2023-06-27 07:00:00,16885.6,17097.63,16797.42,16903.2,11301
2023-06-27 08:00:00,16870.59,17048.82,16803.97,16873.93,10016
2023-06-27 09:00:00,16904.5,16972.25,16904.5,16938.38,12755
2023-06-27 10:00:00,16935.69,17037.89,16846.47,16939.58,10348
2023-06-27 11:00:00,16924.77,17076.8,16786.6,16907.75,9013
2023-06-27 12:00:00,16852.88,16964.31,16814.65,16954.56,5955
2023-06-27 13:00:00,16971.56,17065.64,16896.4,16947.74,8455
2023-06-27 14:00:00,16979.32,17029.8,16950.88,16984.85,13287
2023-06-27 15:00:00,16992.41,17041.34,16958.76,16978.04,9551
2023-06-27 16:00:00,16951.64,17007.37,16947.18,16981.14,15759
2023-06-27 17:00:00,16970.03,17041.57,16875.94,17007.42,7777
2023-06-27 18:00:00,16994.48,17040.87,16937.6,17025.08,9199
2023-06-27 19:00:00,16994.08,16994.08,16942.95,16947.19,11179
2023-06-27 20:00:00,16948.14,16957.91,16888.91,16906.73,8336
2023-06-27 21:00:00,16932.56,16985.68,16913.75,16951.78,9388
2023-06-27 22:00:00,16940.36,16960.48,16885.91,16952.4,8215
2023-06-27 23:00:00,16957.2,16970.69,16871.11,16936.82,7271
2023-06-28 00:00:00,16908.64,16920.78,16778.71,16887.0,7555
2023-06-28 01:00:00,16884.22,16888.24,16717.74,16849.69,8180
2023-06-28 02:00:00,16807.64,16807.64,16746.55,16774.1,8771
2023-06-28 03:00:00,16805.61,16907.5,16672.85,16778.76,9081
2023-06-28 04:00:00,16780.15,16796.41,16679.17,16762.88,14644
2023-06-28 05:00:00,16788.23,16830.51,16685.85,16732.2,5782
2023-06-28 06:00:00,16738.67,16804.17,16707.38,16738.92,6169
2023-06-28 07:00:00,16761.31,16796.72,16702.85,16763.19,17773
2023-06-28 08:00:00,16779.6,16868.49,16728.17,16858.24,22422
2023-06-28 09:00:00,16916.12,16921.82,16708.74,16804.44,12693
2023-06-28 10:00:00,16827.39,16863.68,16827.39,16861.11,8383
2023-06-28 11:00:00,16861.86,17004.55,16857.35,16909.59,10259
2023-06-28 12:00:00,16915.37,17003.9,16693.55,16885.5,9247
2023-06-28 13:00:00,16832.06,16907.44,16805.86,16902.52,8034
2023-06-28 14:00:00,16898.64,17021.31,16892.08,16892.15,6560
2023-06-28 15:00:00,16913.12,17009.29,16874.71,16908.53,7488
2023-06-28 16:00:00,16945.6,17013.51,16945.6,16979.55,11658
2023-06-28 17:00:00,16991.48,17046.77,16943.31,17012.75,9972
2023-06-28 18:00:00,16996.0,17125.23,16915.61,17041.97,11711
2023-06-28 19:00:00,17061.33,17125.68,16994.24,17031.86,6135
2023-06-28 20:00:00,17000.73,17000.73,16944.33,16978.29,12173
2023-06-28 21:00:00,16987.03,17019.74,16944.34,16978.3,6359
2023-06-28 22:00:00,16993.77,17149.37,16932.96,17037.19,6236
2023-06-28 23:00:00,17014.51,17130.34,16913.89,16981.64,8212
2023-06-29 00:00:00,16976.55,16976.55,16895.07,16946.26,10303
2023-06-29 01:00:00,16994.24,16994.24,16834.35,16960.32,10518
2023-06-29 02:00:00,16939.87,17036.94,16858.63,16928.21,8685
2023-06-29 03:00:00,16963.07,16963.07,16825.82,16904.54,8455
2023-06-29 04:00:00,16923.45,16930.59,16895.31,16896.8,10169
2023-06-29 05:00:00,16864.27,16864.27,16684.4,16850.25,13030
2023-06-29 06:00:00,16844.46,16844.46,16773.78,16820.63,16415
2023-06-29 07:00:00,16806.16,16894.21,16772.27,16860.49,11152
2023-06-29 08:00:00,16842.67,16871.21,16779.02,16817.36,15729
2023-06-29 09:00:00,16786.09,16786.09,16729.67,16763.2,7747
2023-06-29 10:00:00,16804.05,16820.45,16691.37,16749.55,9341
2023-06-29 11:00:00,16755.13,16857.2,16755.13,16791.79,12681
2023-06-29 12:00:00,16796.09,16851.52,16774.24,16795.49,8342
2023-06-29 13:00:00,16806.6,16822.34,16771.44,16788.23,14607
2023-06-29 14:00:00,16790.95,16964.95,16720.16,16802.08,9467
2023-06-29 15:00:00,16775.79,16775.79,16726.1,16742.3,7311
2023-06-29 16:00:00,16712.0,16802.96,16696.41,16775.25,10078
2023-06-29 17:00:00,16780.67,16837.04,16762.64,16803.44,11327
2023-06-29 18:00:00,16787.13,16875.81,16765.12,16798.72,7992
2023-06-29 19:00:00,16821.41,16942.69,16793.82,16852.39,11944
2023-06-29 20:00:00,16822.41,16984.61,16762.04,16818.03,11090
2023-06-29 21:00:00,16859.0,16923.44,16859.0,16877.16,8564
2023-06-29 22:00:00,16836.29,16929.65,16836.29,16895.86,10426
2023-06-29 23:00:00,16860.51,16920.2,16860.51,16894.3,10119
2023-06-30 00:00:00,16914.18,17052.48,16896.22,16905.83,11100
2023-06-30 01:00:00,16914.12,16947.43,16873.0,16913.6,7237
2023-06-30 02:00:00,16906.82,17019.41,16747.99,16976.21,8952
2023-06-30 03:00:00,16970.79,17079.35,16855.37,16943.0,9845
2023-06-30 04:00:00,16916.22,16937.95,16916.22,16923.14,14091
2023-06-30 05:00:00,16944.34,17028.5,16944.34,16978.29,4863
2023-06-30 06:00:00,16966.99,16998.29,16945.23,16965.22,11920
2023-06-30 07:00:00,17004.1,17125.5,17004.1,17014.35,10321
2023-06-30 08:00:00,17042.14,17110.29,17042.14,17096.84,8029
2023-06-30 09:00:00,17081.71,17173.87,17011.2,17090.95,11473
2023-06-30 10:00:00,17087.89,17205.34,17065.85,17130.52,11470
2023-06-30 11:00:00,17106.02,17203.84,17054.03,17092.94,9393
2023-06-30 12:00:00,17103.15,17161.81,17019.16,17135.52,11994
2023-06-30 13:00:00,17138.76,17251.08,17042.11,17154.77,10027
2023-06-30 14:00:00,17154.51,17256.08,17141.97,17185.51,9696
2023-06-30 15:00:00,17181.93,17289.15,17064.46,17169.23,13883
2023-06-30 16:00:00,17111.71,17111.71,17012.18,17110.33,6526
2023-06-30 17:00:00,17118.75,17235.13,17061.29,17142.93,6982
2023-06-30 18:00:00,17157.84,17191.58,16941.57,17067.56,7213
2023-06-30 19:00:00,17107.52,17228.58,17010.69,17066.28,7916
2023-06-30 20:00:00,17083.17,17141.48,17083.17,17117.4,8188
2023-06-30 21:00:00,17128.12,17218.81,17022.6,17136.86,10551
2023-06-30 22:00:00,17195.22,17264.14,17195.22,17229.68,12729
2023-06-30 23:00:00,17206.83,17343.15,17203.14,17283.3,11283
2023-07-01 00:00:00,17299.72,17299.72,17230.66,17265.19,16529
2023-07-01 01:00:00,17259.04,17345.08,17198.81,17275.78,8992
2023-07-01 02:00:00,17301.31,17350.58,17258.62,17283.3,10112
2023-07-01 03:00:00,17260.17,17260.17,17148.78,17225.72,6331
2023-07-01 04:00:00,17207.46,17293.15,17120.04,17195.8,11298
2023-07-01 05:00:00,17190.38,17330.55,17151.96,17182.45,6794
2023-07-01 06:00:00,17152.45,17152.45,16973.86,17107.22,9941
2023-07-01 07:00:00,17086.26,17154.74,17086.26,17120.5,9552
2023-07-01 08:00:00,17104.23,17205.51,17087.0,17121.24,4734
2023-07-01 09:00:00,17128.62,17180.2,16934.81,17062.75,11566
2023-07-01 10:00:00,17053.32,17125.92,16941.1,17091.74,4657
2023-07-01 11:00:00,17090.07,17168.16,17090.07,17133.89,11090
2023-07-01 12:00:00,17107.48,17234.49,16999.95,17155.28,12741
2023-07-01 13:00:00,17160.61,17298.69,17041.9,17153.1,12767
2023-07-01 14:00:00,17139.91,17255.79,17122.55,17189.52,18403
2023-07-01 15:00:00,17201.95,17287.17,17201.95,17229.51,7899
2023-07-01 16:00:00,17222.48,17308.28,17181.58,17253.36,11096
2023-07-01 17:00:00,17263.52,17263.52,17102.64,17229.06,8610
2023-07-01 18:00:00,17248.97,17281.84,17079.97,17251.52,11710
2023-07-01 19:00:00,17284.93,17408.8,17284.93,17312.73,10797
2023-07-01 20:00:00,17311.17,17311.17,17185.36,17297.21,16513
2023-07-01 21:00:00,17383.0,17541.94,17383.0,17396.23,9409
2023-07-01 22:00:00,17415.19,17417.83,17314.03,17383.06,17439
2023-07-01 23:00:00,17371.99,17394.65,17216.49,17393.59,13196
2023-07-02 00:00:00,17420.42,17555.94,17339.45,17374.2,7852
2023-07-02 01:00:00,17360.33,17393.91,17258.09,17393.16,13279
2023-07-02 02:00:00,17387.84,17481.81,17298.05,17328.48,7385
2023-07-02 03:00:00,17298.06,17360.45,17276.23,17315.51,13250
2023-07-02 04:00:00,17305.02,17305.02,17244.99,17279.55,11013
2023-07-02 05:00:00,17292.86,17304.13,17222.6,17295.95,9621
2023-07-02 06:00:00,17303.95,17383.43,17303.65,17348.73,15291
2023-07-02 07:00:00,17337.34,17510.65,17330.15,17386.35,9470
2023-07-02 08:00:00,17314.36,17314.36,17274.71,17295.08,14586
2023-07-02 09:00:00,17308.01,17418.61,17308.01,17392.25,5737
2023-07-02 10:00:00,17400.16,17449.49,17360.25,17414.66,11635
2023-07-02 11:00:00,17394.53,17394.53,17308.3,17391.22,8928
2023-07-02 12:00:00,17367.24,17503.37,17273.82,17408.03,9250
2023-07-02 13:00:00,17376.83,17460.38,17254.03,17425.53,9428
2023-07-02 14:00:00,17458.73,17498.67,17395.53,17406.94,10462
2023-07-02 15:00:00,17402.72,17492.43,17357.35,17425.34,18788
2023-07-02 16:00:00,17401.39,17477.94,17378.93,17409.33,11336
2023-07-02 17:00:00,17422.49,17495.69,17367.43,17402.24,9682
2023-07-02 18:00:00,17404.47,17424.94,17326.73,17383.39,14715
2023-07-02 19:00:00,17425.72,17451.82,17327.87,17332.89,4627
2023-07-02 20:00:00,17318.91,17373.28,17297.22,17349.97,7633
2023-07-02 21:00:00,17368.58,17420.53,17314.12,17385.76,12675
2023-07-02 22:00:00,17414.09,17423.47,17379.94,17418.38,6345
2023-07-02 23:00:00,17429.28,17506.06,17429.28,17463.66,13034
2023-07-03 00:00:00,17477.95,17522.68,17371.92,17487.7,6017
2023-07-03 01:00:00,17503.27,17578.07,17450.45,17474.58,8757
2023-07-03 02:00:00,17465.89,17605.23,17394.01,17520.51,10267
2023-07-03 03:00:00,17496.45,17506.6,17432.96,17471.65,10916
2023-07-03 04:00:00,17471.18,17605.01,17312.06,17443.3,6203
2023-07-03 05:00:00,17412.33,17412.33,17404.07,17412.31,12494
2023-07-03 06:00:00,17412.62,17543.87,17412.62,17469.08,12482
2023-07-03 07:00:00,17448.86,17591.41,17370.73,17519.67,4445
2023-07-03 08:00:00,17497.47,17585.46,17477.9,17550.35,7909
2023-07-03 09:00:00,17570.8,17746.97,17570.8,17606.02,12815
2023-07-03 10:00:00,17612.33,17706.95,17563.75,17577.34,14040
2023-07-03 11:00:00,17573.35,17703.29,17472.05,17601.72,8542
2023-07-03 12:00:00,17585.83,17731.23,17515.77,17605.37,13682
2023-07-03 13:00:00,17615.76,17720.52,17615.76,17651.06,8644
2023-07-03 14:00:00,17679.02,17778.86,17520.33,17654.59,7009
2023-07-03 15:00:00,17655.54,17738.05,17476.33,17646.35,6648
2023-07-03 16:00:00,17628.8,17854.41,17557.54,17678.78,11908
2023-07-03 17:00:00,17716.85,17740.18,17716.85,17725.36,7913
2023-07-03 18:00:00,17733.79,17756.16,17574.12,17704.8,13117
2023-07-03 19:00:00,17698.61,17799.12,17698.61,17710.73,8736
2023-07-03 20:00:00,17698.37,17712.04,17638.12,17673.46,5048
2023-07-03 21:00:00,17609.6,17609.6,17479.9,17574.45,13505
2023-07-03 22:00:00,17568.78,17628.5,17568.78,17593.32,15825
2023-07-03 23:00:00,17604.47,17664.99,17546.33,17629.63,7444
2023-07-04 00:00:00,17617.05,17740.61,17567.52,17651.08,9834
2023-07-04 01:00:00,17611.83,17611.83,17511.87,17576.68,5052
2023-07-04 02:00:00,17571.09,17693.94,17571.09,17572.19,5472
2023-07-04 03:00:00,17585.32,17592.9,17483.1,17487.43,6699
2023-07-04 04:00:00,17492.46,17725.66,17457.01,17557.4,10984
2023-07-04 05:00:00,17566.16,17674.42,17476.71,17521.38,9895
2023-07-04 06:00:00,17522.06,17621.49,17386.76,17586.32,6666
2023-07-04 07:00:00,17594.05,17712.67,17594.05,17637.52,7381
2023-07-04 08:00:00,17612.51,17727.63,17586.37,17609.1,18617
2023-07-04 09:00:00,17593.07,17610.23,17433.74,17570.85,6399
2023-07-04 10:00:00,17586.44,17736.03,17561.93,17597.12,11833
2023-07-04 11:00:00,17606.05,17703.57,17503.86,17571.88,7914
2023-07-04 12:00:00,17563.43,17630.75,17563.43,17587.7,8360
2023-07-04 13:00:00,17578.15,17641.23,17520.41,17578.05,11933
2023-07-04 14:00:00,17520.42,17520.42,17382.92,17512.5,13703
2023-07-04 15:00:00,17443.16,17443.16,17371.87,17428.46,10175
2023-07-04 16:00:00,17427.75,17535.88,17427.75,17450.22,11749
2023-07-04 17:00:00,17448.67,17472.86,17410.42,17437.98,9001
2023-07-04 18:00:00,17438.79,17460.86,17381.98,17426.0,7801
2023-07-04 19:00:00,17420.69,17502.66,17311.91,17467.72,11111
2023-07-04 20:00:00,17474.3,17699.07,17474.3,17529.74,9547
2023-07-04 21:00:00,17553.27,17661.04,17433.81,17529.49,10612
2023-07-04 22:00:00,17491.4,17619.85,17491.4,17526.45,13217
2023-07-04 23:00:00,17524.34,17606.3,17446.93,17559.61,16775
2023-07-05 00:00:00,17543.39,17649.64,17334.26,17512.94,13384
2023-07-05 01:00:00,17480.79,17585.76,17480.79,17534.53,8118
2023-07-05 02:00:00,17508.07,17605.27,17412.84,17570.13,7703
2023-07-05 03:00:00,17591.64,17615.74,17504.93,17611.16,7659
2023-07-05 04:00:00,17620.44,17681.48,17455.64,17538.82,11784
2023-07-05 05:00:00,17528.23,17553.55,17445.27,17518.52,11213
2023-07-05 06:00:00,17521.02,17537.82,17393.84,17493.45,11159
2023-07-05 07:00:00,17493.66,17679.78,17462.39,17510.63,11426
2023-07-05 08:00:00,17504.07,17579.34,17382.64,17544.25,13952
2023-07-05 09:00:00,17558.28,17752.61,17449.4,17621.49,5285
2023-07-05 10:00:00,17585.04,17694.38,17584.91,17612.43,13603
2023-07-05 11:00:00,17615.41,17766.72,17546.63,17603.4,15638
2023-07-05 12:00:00,17585.67,17700.6,17542.25,17665.27,10340
2023-07-05 13:00:00,17658.9,17745.06,17601.49,17689.79,8579
2023-07-05 14:00:00,17673.65,17778.17,17653.94,17756.33,5614
2023-07-05 15:00:00,17772.33,17819.06,17601.53,17780.04,8472
2023-07-05 16:00:00,17774.83,17786.44,17663.78,17740.84,14748
2023-07-05 17:00:00,17729.85,17729.85,17537.98,17694.46,8703
2023-07-05 18:00:00,17670.97,17714.72,17631.55,17638.96,12092
2023-07-05 19:00:00,17631.72,17715.38,17631.72,17680.02,10546
2023-07-05 20:00:00,17651.2,17795.78,17620.19,17743.88,12854
2023-07-05 21:00:00,17800.62,17860.71,17800.62,17836.29,14927
2023-07-05 22:00:00,17848.59,17920.13,17848.59,17884.36,11387
2023-07-05 23:00:00,17939.61,17982.23,17939.61,17946.33,9089
2023-07-06 00:00:00,17922.35,17967.84,17806.31,17931.98,11473
2023-07-06 01:00:00,17916.23,17916.23,17810.13,17892.51,15642
2023-07-06 02:00:00,17900.19,17997.99,17900.19,17941.24,10025
2023-07-06 03:00:00,17938.9,18006.51,17938.9,17970.57,12611
2023-07-06 04:00:00,17992.54,17992.54,17950.2,17986.17,10021
2023-07-06 05:00:00,18008.41,18152.82,18008.41,18013.72,10353
2023-07-06 06:00:00,18022.98,18124.94,18022.98,18038.28,10553
2023-07-06 07:00:00,18059.56,18159.84,18059.56,18105.19,9433
2023-07-06 08:00:00,18092.36,18208.87,18085.46,18172.53,8398
2023-07-06 09:00:00,18169.36,18242.74,18169.36,18206.33,8904
2023-07-06 10:00:00,18231.36,18290.02,18179.18,18253.51,14251
2023-07-06 11:00:00,18265.75,18364.62,18210.89,18285.17,8229
2023-07-06 12:00:00,18305.1,18308.25,18169.45,18273.11,12746
2023-07-06 13:00:00,18282.16,18368.51,18279.22,18315.85,11230
2023-07-06 14:00:00,18296.19,18333.01,18124.08,18261.85,9929
2023-07-06 15:00:00,18301.71,18369.67,18301.71,18317.77,10259
2023-07-06 16:00:00,18318.13,18332.98,18225.96,18272.34,6644
2023-07-06 17:00:00,18260.7,18330.13,18176.64,18293.54,7085
2023-07-06 18:00:00,18309.48,18314.68,18227.02,18263.55,11645
2023-07-06 19:00:00,18253.54,18416.29,18180.71,18296.5,12167
2023-07-06 20:00:00,18326.41,18326.41,18220.19,18302.76,10356
2023-07-06 21:00:00,18288.91,18410.03,18065.07,18239.51,11457
2023-07-06 22:00:00,18234.49,18328.1,18077.16,18267.14,21187
2023-07-06 23:00:00,18253.02,18321.11,18235.09,18250.13,10765
2023-07-07 00:00:00,18273.94,18352.37,18261.69,18298.28,11375
2023-07-07 01:00:00,18260.65,18366.2,18141.02,18306.6,10377
2023-07-07 02:00:00,18295.91,18445.3,18295.91,18332.57,6422
2023-07-07 03:00:00,18297.88,18413.79,18188.89,18297.45,8624
2023-07-07 04:00:00,18300.4,18300.4,18242.63,18279.19,8061
2023-07-07 05:00:00,18302.46,18413.71,18220.4,18266.98,15035
2023-07-07 06:00:00,18296.47,18351.37,18296.47,18313.74,13280
2023-07-07 07:00:00,18360.57,18458.54,18360.57,18397.36,11902
2023-07-07 08:00:00,18332.08,18417.72,18308.61,18368.8,8155
2023-07-07 09:00:00,18388.5,18542.49,18388.5,18425.35,10611
2023-07-07 10:00:00,18377.66,18377.66,18325.66,18335.15,12511
2023-07-07 11:00:00,18300.96,18300.96,18230.18,18290.22,6572
2023-07-07 12:00:00,18270.75,18270.75,18248.29,18256.4,12051
2023-07-07 13:00:00,18220.2,18220.2,18185.89,18205.34,11155
2023-07-07 14:00:00,18185.52,18192.77,18093.71,18144.68,21280
2023-07-07 15:00:00,18155.15,18238.58,18155.15,18173.79,12952
2023-07-07 16:00:00,18173.12,18211.34,18006.25,18174.99,18528
2023-07-07 17:00:00,18186.24,18336.38,18095.01,18202.59,8300
2023-07-07 18:00:00,18222.83,18326.76,18222.42,18244.02,6288
2023-07-07 19:00:00,18221.42,18302.7,18206.4,18266.17,7256
2023-07-07 20:00:00,18315.65,18378.54,18190.43,18305.71,8544
2023-07-07 21:00:00,18276.98,18349.43,18276.98,18312.3,11760
2023-07-07 22:00:00,18318.32,18345.98,18190.93,18268.71,11525
2023-07-07 23:00:00,18289.73,18476.05,18289.73,18326.38,6843
2023-07-08 00:00:00,18340.66,18371.5,18117.84,18309.8,10432
2023-07-08 01:00:00,18315.4,18356.92,18203.11,18277.92,11639
2023-07-08 02:00:00,18281.69,18348.1,18136.74,18280.09,17447
2023-07-08 03:00:00,18314.32,18319.9,18203.58,18249.32,8137
2023-07-08 04:00:00,18273.12,18354.19,18151.5,18241.04,12816
2023-07-08 05:00:00,18262.44,18294.44,18194.46,18266.75,5738
2023-07-08 06:00:00,18278.46,18318.26,18278.46,18292.48,10452
2023-07-08 07:00:00,18298.65,18298.65,18151.16,18262.13,8062
2023-07-08 08:00:00,18273.43,18287.01,18214.01,18250.51,7259
2023-07-08 09:00:00,18247.17,18372.96,18184.38,18308.9,10720
2023-07-08 10:00:00,18334.86,18342.5,18334.86,18340.86,10840
2023-07-08 11:00:00,18370.85,18526.28,18291.67,18443.46,9922
2023-07-08 12:00:00,18459.96,18542.27,18459.46,18505.26,11804
2023-07-08 13:00:00,18560.24,18602.42,18560.24,18565.29,11638
2023-07-08 14:00:00,18511.99,18511.99,18472.85,18509.87,14293
2023-07-08 15:00:00,18504.54,18589.74,18403.37,18552.63,15733
2023-07-08 16:00:00,18553.81,18744.87,18443.03,18558.06,10488
2023-07-08 17:00:00,18533.24,18644.72,18504.07,18541.16,10217
2023-07-08 18:00:00,18555.79,18594.41,18555.79,18557.3,6968
2023-07-08 19:00:00,18585.39,18686.87,18528.16,18608.76,7698
2023-07-08 20:00:00,18637.52,18844.87,18602.51,18639.79,7348
2023-07-08 21:00:00,18635.09,18783.52,18470.84,18607.89,14898
2023-07-08 22:00:00,18633.24,18740.45,18511.32,18650.48,11124
2023-07-08 23:00:00,18657.82,18657.82,18470.53,18629.84,9592
2023-07-09 00:00:00,18620.48,18715.1,18486.29,18648.66,11637
2023-07-09 01:00:00,18680.95,18825.26,18573.68,18643.39,12791
2023-07-09 02:00:00,18621.67,18713.4,18517.92,18641.78,12100
2023-07-09 03:00:00,18637.74,18705.89,18587.8,18685.25,9641
2023-07-09 04:00:00,18703.22,18762.17,18555.9,18645.76,11585
2023-07-09 05:00:00,18706.68,18780.52,18706.68,18743.04,7719
2023-07-09 06:00:00,18703.27,18754.26,18610.42,18667.14,7217
2023-07-09 07:00:00,18680.11,18685.22,18501.85,18647.92,8532
2023-07-09 08:00:00,18648.65,18740.51,18617.96,18673.06,13681
2023-07-09 09:00:00,18670.32,18750.19,18670.32,18707.74,14097
2023-07-09 10:00:00,18691.92,18747.9,18582.08,18710.48,13911
2023-07-09 11:00:00,18688.89,18752.93,18615.16,18715.5,10873
2023-07-09 12:00:00,18769.39,18848.1,18704.22,18741.7,12243
2023-07-09 13:00:00,18784.64,18819.03,18599.82,18738.15,10799
2023-07-09 14:00:00,18779.22,18846.26,18779.22,18809.4,4999
2023-07-09 15:00:00,18821.97,18950.24,18817.15,18854.86,10065
2023-07-09 16:00:00,18858.07,18958.96,18856.38,18901.36,9932
2023-07-09 17:00:00,18912.07,18920.84,18824.81,18862.53,10455
2023-07-09 18:00:00,18883.94,18966.6,18853.41,18865.23,8008
2023-07-09 19:00:00,18882.13,18882.13,18746.37,18858.18,12481
2023-07-09 20:00:00,18856.37,18856.37,18788.75,18818.73,9411
2023-07-09 21:00:00,18835.75,18920.56,18835.75,18842.73,10485
2023-07-09 22:00:00,18861.55,18967.65,18728.29,18824.96,10179
2023-07-09 23:00:00,18813.08,18873.08,18799.16,18862.3,7760
2023-07-10 00:00:00,18858.54,18858.72,18767.67,18819.49,9330
2023-07-10 01:00:00,18885.54,18978.19,18885.54,18906.09,9321
2023-07-10 02:00:00,18908.88,18908.88,18803.51,18871.14,11982
2023-07-10 03:00:00,18872.62,18955.47,18868.93,18888.32,8199
2023-07-10 04:00:00,18870.95,18970.03,18857.44,18932.16,9803
2023-07-10 05:00:00,18933.28,18935.33,18883.87,18912.08,11500
2023-07-10 06:00:00,18909.39,19045.49,18889.28,18958.42,11774
2023-07-10 07:00:00,18959.37,19131.01,18783.74,18907.8,7080
2023-07-10 08:00:00,18905.08,19037.63,18879.11,18982.11,10690
2023-07-10 09:00:00,19012.52,19012.52,18810.1,18989.0,12942
2023-07-10 10:00:00,18990.94,19015.31,18849.33,18967.33,11213
2023-07-10 11:00:00,18991.24,19069.27,18921.91,18959.83,5980
2023-07-10 12:00:00,18966.36,19040.53,18966.36,19004.36,14560
2023-07-10 13:00:00,19019.45,19164.6,18945.96,18983.93,8825
2023-07-10 14:00:00,18966.13,19032.41,18807.59,18956.32,8100
2023-07-10 15:00:00,18962.28,19014.64,18869.93,18953.55,13042
2023-07-10 16:00:00,18914.79,18914.79,18859.77,18906.37,10610
2023-07-10 17:00:00,18960.5,19102.42,18960.5,18998.49,11435
2023-07-10 18:00:00,18979.7,19016.97,18848.19,18979.01,11137
2023-07-10 19:00:00,18990.42,19062.43,18990.42,19024.38,5645
2023-07-10 20:00:00,19040.3,19078.39,19002.23,19040.31,7748
2023-07-10 21:00:00,19038.35,19038.35,18775.74,19000.35,10224
2023-07-10 22:00:00,19006.79,19192.32,18936.28,19006.41,13066
2023-07-10 23:00:00,19026.48,19218.8,19026.48,19049.26,10144
2023-07-11 00:00:00,19050.44,19084.62,18963.2,19046.52,15152
2023-07-11 01:00:00,19070.08,19136.04,19070.08,19108.3,14667
2023-07-11 02:00:00,19146.08,19265.71,19146.08,19161.54,12891
2023-07-11 03:00:00,19198.72,19340.44,19170.83,19209.25,11533
2023-07-11 04:00:00,19164.85,19218.71,19159.4,19191.66,12913
2023-07-11 05:00:00,19183.25,19183.25,19106.67,19144.96,6535
2023-07-11 06:00:00,19105.25,19174.74,18990.2,19120.84,9725
2023-07-11 07:00:00,19129.69,19236.29,19129.69,19135.13,6078
2023-07-11 08:00:00,19102.36,19231.9,19005.41,19165.89,7538
2023-07-11 09:00:00,19173.31,19198.29,19049.24,19069.01,7929
2023-07-11 10:00:00,19100.23,19105.25,18923.35,19074.66,19461
2023-07-11 11:00:00,19080.98,19183.47,19080.98,19087.96,6163
2023-07-11 12:00:00,19079.13,19118.82,18991.45,19080.66,8317
2023-07-11 13:00:00,19130.29,19207.24,19030.47,19146.51,6667
2023-07-11 14:00:00,19157.15,19290.14,19095.8,19171.38,11689
2023-07-11 15:00:00,19163.74,19306.35,19101.55,19237.76,10723
2023-07-11 16:00:00,19267.57,19296.64,19103.05,19231.58,4776
2023-07-11 17:00:00,19235.78,19320.16,19157.89,19279.68,13721
2023-07-11 18:00:00,19321.51,19398.95,19321.51,19360.23,11325
2023-07-11 19:00:00,19382.8,19463.85,19363.47,19425.0,10765
2023-07-11 20:00:00,19392.88,19443.11,19313.46,19375.21,6632
2023-07-11 21:00:00,19399.16,19505.43,19327.08,19365.81,7879
2023-07-11 22:00:00,19337.26,19398.86,19313.08,19351.78,14087
2023-07-11 23:00:00,19351.04,19394.68,19259.67,19377.46,7201
2023-07-12 00:00:00,19389.88,19451.1,19359.35,19412.27,14482
2023-07-12 01:00:00,19443.98,19474.73,19335.52,19374.27,12702
2023-07-12 02:00:00,19340.91,19470.51,19340.91,19379.67,8745
2023-07-12 03:00:00,19324.57,19324.57,19274.18,19286.0,24988
2023-07-12 04:00:00,19306.67,19379.31,19306.67,19357.33,8749
2023-07-12 05:00:00,19306.7,19374.23,19188.44,19335.56,11865
2023-07-12 06:00:00,19306.69,19369.53,19302.39,19341.07,15710
2023-07-12 07:00:00,19346.52,19496.56,19290.51,19329.17,9075
2023-07-12 08:00:00,19335.45,19533.48,19272.87,19386.27,9999
2023-07-12 09:00:00,19292.6,19292.6,19215.6,19254.09,7639
2023-07-12 10:00:00,19229.85,19347.02,19045.04,19257.34,8780
2023-07-12 11:00:00,19259.26,19339.1,19218.04,19256.56,11861
2023-07-12 12:00:00,19264.69,19286.25,19209.96,19239.65,8639
2023-07-12 13:00:00,19309.57,19359.05,19309.57,19325.8,14422
2023-07-12 14:00:00,19313.38,19326.53,19151.94,19287.96,10369
2023-07-12 15:00:00,19317.93,19390.04,19290.04,19328.69,10044
2023-07-12 16:00:00,19353.35,19391.7,19327.46,19349.51,11814
2023-07-12 17:00:00,19323.72,19441.12,19312.02,19413.05,10842
2023-07-12 18:00:00,19439.88,19486.43,19377.92,19384.79,15811
2023-07-12 19:00:00,19392.68,19392.68,19324.11,19353.97,9878
2023-07-12 20:00:00,19371.31,19410.48,19371.31,19410.13,5231
2023-07-12 21:00:00,19453.4,19493.82,19359.17,19434.11,11639
2023-07-12 22:00:00,19400.97,19400.97,19292.34,19364.15,19632
2023-07-12 23:00:00,19358.47,19448.05,19186.97,19342.99,9969
2023-07-13 00:00:00,19356.81,19404.5,19183.37,19365.77,7873
2023-07-13 01:00:00,19354.74,19555.35,19352.2,19409.86,4912
2023-07-13 02:00:00,19399.42,19524.9,19343.81,19381.47,7691
2023-07-13 03:00:00,19372.9,19415.95,19115.93,19247.41,12248
2023-07-13 04:00:00,19230.44,19436.11,19204.75,19277.59,9803
2023-07-13 05:00:00,19245.78,19345.39,19186.66,19225.12,10406
2023-07-13 06:00:00,19174.32,19174.32,19097.77,19136.04,7661
2023-07-13 07:00:00,19141.22,19171.94,18975.82,19009.92,9801
2023-07-13 08:00:00,18993.01,19112.15,18972.2,19055.53,14697
2023-07-13 09:00:00,19052.58,19092.22,18975.49,19068.84,15397
2023-07-13 10:00:00,19096.91,19200.19,18981.06,19065.36,10415
2023-07-13 11:00:00,19096.78,19175.47,19046.98,19137.2,18877
2023-07-13 12:00:00,19134.33,19253.0,19076.78,19173.4,8036
2023-07-13 13:00:00,19171.58,19270.06,19147.71,19255.04,10594
2023-07-13 14:00:00,19241.47,19241.47,19121.25,19194.13,9450
2023-07-13 15:00:00,19229.67,19244.5,19128.51,19198.31,8700
2023-07-13 16:00:00,19206.37,19226.62,19019.26,19128.18,12020
2023-07-13 17:00:00,19102.61,19255.92,19040.08,19123.91,7948
2023-07-13 18:00:00,19143.05,19242.64,19080.66,19118.9,6891
2023-07-13 19:00:00,19110.89,19267.75,19032.53,19155.08,10700
2023-07-13 20:00:00,19141.26,19245.94,19110.95,19163.93,13824
2023-07-13 21:00:00,19161.43,19220.97,19161.43,19199.83,10774
2023-07-13 22:00:00,19188.01,19277.91,19123.95,19239.43,15991
2023-07-13 23:00:00,19308.08,19495.91,19308.08,19346.77,10686
2023-07-14 00:00:00,19347.19,19482.55,19327.19,19336.38,15664
2023-07-14 01:00:00,19325.73,19411.01,19255.49,19296.54,8544
2023-07-14 02:00:00,19315.9,19347.97,19287.24,19313.4,6487
2023-07-14 03:00:00,19303.95,19318.93,19156.49,19280.37,14403
2023-07-14 04:00:00,19315.39,19394.23,19315.39,19355.71,7432
2023-07-14 05:00:00,19391.93,19506.51,19242.45,19346.79,9740
2023-07-14 06:00:00,19351.37,19359.08,19189.33,19324.58,19802
2023-07-14 07:00:00,19309.12,19393.99,19268.2,19307.32,11948
2023-07-14 08:00:00,19318.79,19415.75,19284.32,19346.74,5841
2023-07-14 09:00:00,19347.41,19395.19,19202.76,19344.16,8053
2023-07-14 10:00:00,19330.85,19330.85,19167.81,19318.51,8186
2023-07-14 11:00:00,19363.48,19416.89,19363.48,19402.28,5485
2023-07-14 12:00:00,19438.47,19520.45,19327.03,19365.76,12448
2023-07-14 13:00:00,19332.1,19410.65,19310.35,19371.9,7791
2023-07-14 14:00:00,19375.71,19446.3,19305.45,19407.48,8822
2023-07-14 15:00:00,19358.36,19358.36,19256.07,19334.32,19257
2023-07-14 16:00:00,19327.63,19388.96,19327.63,19362.29,12702
2023-07-14 17:00:00,19341.82,19341.82,19209.6,19317.0,6700
2023-07-14 18:00:00,19354.53,19400.11,19354.53,19361.39,8252
2023-07-14 19:00:00,19360.03,19568.21,19313.08,19320.25,8169
2023-07-14 20:00:00,19308.29,19447.31,19179.33,19358.17,10017
2023-07-14 21:00:00,19347.37,19488.74,19347.37,19415.58,13413
2023-07-14 22:00:00,19403.51,19499.82,19383.05,19460.9,13746
2023-07-14 23:00:00,19468.68,19503.33,19449.33,19477.07,5778
2023-07-15 00:00:00,19485.28,19523.9,19289.53,19470.09,8063
2023-07-15 01:00:00,19452.1,19588.2,19375.79,19446.78,14352
2023-07-15 02:00:00,19482.33,19560.42,19482.33,19521.38,9051
2023-07-15 03:00:00,19531.35,19531.35,19453.38,19492.36,8011
2023-07-15 04:00:00,19494.98,19523.34,19408.98,19447.87,10871
2023-07-15 05:00:00,19446.25,19616.06,19446.25,19485.22,6762
2023-07-15 06:00:00,19463.36,19491.26,19345.61,19452.36,6053
2023-07-15 07:00:00,19440.13,19600.0,19391.29,19412.62,9972
2023-07-15 08:00:00,19367.21,19388.49,19311.09,19349.79,11705
2023-07-15 09:00:00,19372.2,19372.2,19246.72,19333.53,6186
2023-07-15 10:00:00,19344.3,19384.13,19322.17,19336.48,10233
2023-07-15 11:00:00,19381.33,19447.25,19254.02,19354.64,6210
2023-07-15 12:00:00,19368.98,19545.68,19361.3,19406.28,12813
2023-07-15 13:00:00,19399.61,19534.41,19322.16,19437.22,6532
2023-07-15 14:00:00,19451.38,19471.21,19398.05,19433.79,11296
2023-07-15 15:00:00,19418.35,19468.78,19332.31,19429.92,6770
2023-07-15 16:00:00,19462.89,19498.77,19401.57,19459.86,7519
2023-07-15 17:00:00,19467.74,19565.11,19425.34,19526.05,14651
2023-07-15 18:00:00,19497.16,19589.53,19376.7,19537.0,10689
2023-07-15 19:00:00,19509.28,19647.81,19480.28,19519.32,10455
2023-07-15 20:00:00,19496.29,19515.82,19355.43,19476.87,9090
2023-07-15 21:00:00,19452.37,19452.37,19374.71,19413.54,13583
2023-07-15 22:00:00,19421.44,19463.47,19412.4,19451.3,12952
2023-07-15 23:00:00,19459.12,19501.62,19445.66,19484.63,8983
2023-07-16 00:00:00,19477.08,19556.98,19442.7,19517.95,13114
2023-07-16 01:00:00,19533.08,19559.61,19323.81,19517.37,14798
2023-07-16 02:00:00,19551.09,19629.45,19551.09,19590.27,8358
2023-07-16 03:00:00,19558.07,19611.25,19532.97,19572.11,8212
2023-07-16 04:00:00,19606.52,19662.54,19564.84,19623.29,11238
2023-07-16 05:00:00,19625.58,19757.3,19542.75,19626.49,6923
2023-07-16 06:00:00,19622.71,19653.88,19490.46,19601.91,9385
2023-07-16 07:00:00,19643.49,19671.69,19595.74,19635.01,15326
2023-07-16 08:00:00,19634.48,19845.29,19619.95,19659.27,9693
2023-07-16 09:00:00,19634.73,19756.24,19606.55,19680.52,11058
2023-07-16 10:00:00,19657.02,19727.77,19639.09,19688.4,9837
2023-07-16 11:00:00,19649.64,19763.05,19606.34,19690.42,7074
2023-07-16 12:00:00,19710.11,19901.4,19710.11,19809.29,10281
2023-07-16 13:00:00,19834.58,19914.78,19834.58,19869.33,11375
2023-07-16 14:00:00,19866.72,19936.19,19866.72,19906.54,9073
2023-07-16 15:00:00,19923.88,19951.12,19757.44,19914.1,8814
2023-07-16 16:00:00,19955.24,20005.1,19955.24,19965.17,9714
2023-07-16 17:00:00,19956.24,20100.93,19906.02,19992.24,21135
2023-07-16 18:00:00,19966.05,20035.09,19842.55,19995.1,17228
2023-07-16 19:00:00,19983.73,19995.26,19939.02,19981.69,11989
2023-07-16 20:00:00,20012.55,20038.54,19937.78,19979.52,11506
2023-07-16 21:00:00,19833.34,19833.34,19789.12,19826.33,11867
2023-07-16 22:00:00,19843.56,19910.53,19682.75,19840.16,13002
2023-07-16 23:00:00,19901.75,19901.75,19768.66,19819.98,13191
2023-07-17 00:00:00,19846.07,20049.53,19846.07,19900.98,12255
2023-07-17 01:00:00,19912.05,19954.87,19841.33,19904.66,8589
2023-07-17 02:00:00,19924.87,19924.87,19795.74,19849.57,8481
2023-07-17 03:00:00,19859.03,19890.29,19768.84,19850.59,13382
2023-07-17 04:00:00,19813.2,19813.2,19782.43,19803.19,12559
2023-07-17 05:00:00,19813.53,19833.24,19721.93,19830.2,16352
2023-07-17 06:00:00,19797.6,19908.75,19776.83,19848.19,9079
2023-07-17 07:00:00,19840.45,19906.66,19840.45,19898.2,9193
2023-07-17 08:00:00,19877.68,19902.59,19823.14,19862.87,8453
2023-07-17 09:00:00,19919.1,19947.95,19776.11,19868.17,13389
2023-07-17 10:00:00,19812.01,19865.97,19772.16,19805.33,14494
2023-07-17 11:00:00,19818.78,19939.83,19778.97,19843.73,12369
2023-07-17 12:00:00,19868.7,19902.84,19840.59,19873.01,11474
2023-07-17 13:00:00,19905.97,19942.7,19862.65,19901.1,12667
2023-07-17 14:00:00,19911.94,19944.8,19887.31,19904.99,14204
2023-07-17 15:00:00,19872.31,19991.31,19842.88,19929.17,8235
2023-07-17 16:00:00,19965.73,20158.56,19965.73,20011.51,14919
2023-07-17 17:00:00,20040.35,20139.38,19887.94,20000.92,6139
2023-07-17 18:00:00,20028.52,20104.36,19975.77,20011.22,11259
2023-07-17 19:00:00,20003.51,20003.51,19889.42,19961.2,10359
2023-07-17 20:00:00,19941.38,20025.44,19718.12,19922.85,11738
2023-07-17 21:00:00,19911.75,19971.99,19911.75,19932.12,7370
2023-07-17 22:00:00,19950.39,19997.89,19950.39,19990.37,7686
2023-07-17 23:00:00,19981.22,20096.98,19981.01,19981.27,13334
2023-07-18 00:00:00,19965.11,20105.68,19933.42,19973.37,7035
2023-07-18 01:00:00,19964.55,19997.17,19850.29,19957.26,9193
2023-07-18 02:00:00,19949.13,19991.24,19894.95,19934.82,9890
2023-07-18 03:00:00,19913.39,19993.2,19913.39,19953.3,8170
2023-07-18 04:00:00,19992.64,19993.39,19841.91,19883.94,12748
2023-07-18 05:00:00,19911.65,20005.45,19911.53,19951.44,8285
2023-07-18 06:00:00,19948.96,20052.1,19847.55,19923.26,10505
2023-07-18 07:00:00,19946.8,19995.61,19871.96,19963.08,6346
2023-07-18 08:00:00,19944.84,19944.84,19893.66,19905.03,13598
2023-07-18 09:00:00,19906.53,20028.1,19787.0,19942.58,11845
2023-07-18 10:00:00,19936.02,20056.7,19886.3,19979.93,8546
2023-07-18 11:00:00,19989.28,20042.77,19837.42,20002.76,7725
2023-07-18 12:00:00,19971.24,20059.25,19855.39,19958.02,8877
2023-07-18 13:00:00,19973.49,20184.96,19907.63,19974.43,10521
2023-07-18 14:00:00,19960.6,19960.6,19880.91,19920.76,6816
2023-07-18 15:00:00,19936.6,19936.6,19839.05,19913.58,8199
2023-07-18 16:00:00,19928.2,20217.45,19841.89,19969.17,5587
2023-07-18 17:00:00,19979.54,20064.25,19979.54,20013.12,15810
2023-07-18 18:00:00,20023.3,20109.98,19935.67,20018.61,8379
2023-07-18 19:00:00,20027.58,20125.81,19935.94,19975.89,12169
2023-07-18 20:00:00,19973.51,20053.3,19973.25,20013.27,13735
2023-07-18 21:00:00,19988.11,20133.87,19979.72,20019.76,7647
2023-07-18 22:00:00,19993.4,20132.57,19743.03,19911.68,10337
2023-07-18 23:00:00,19926.4,20019.62,19857.85,19956.51,13206
2023-07-19 00:00:00,19955.98,20020.31,19882.56,19961.74,8626
2023-07-19 01:00:00,19988.34,20066.78,19988.34,20026.72,9640
2023-07-19 02:00:00,20018.45,20018.45,19877.44,19978.49,6560
2023-07-19 03:00:00,19937.61,19937.61,19737.17,19828.45,8363
2023-07-19 04:00:00,19847.86,19888.76,19809.37,19849.07,12137
2023-07-19 05:00:00,19871.55,19994.61,19846.36,19870.01,8197
2023-07-19 06:00:00,19879.08,19952.1,19754.95,19794.54,9367
2023-07-19 07:00:00,19794.3,19794.3,19711.79,19754.79,7129
2023-07-19 08:00:00,19803.02,20029.09,19803.02,19896.47,7194
2023-07-19 09:00:00,19894.13,19894.13,19874.98,19888.34,10748
2023-07-19 10:00:00,19889.81,19954.9,19792.07,19931.04,9055
2023-07-19 11:00:00,19923.97,19981.25,19823.65,19906.39,10534
2023-07-19 12:00:00,19896.59,19896.59,19772.41,19812.03,12028
2023-07-19 13:00:00,19839.71,20000.56,19793.84,19812.48,8358
2023-07-19 14:00:00,19811.22,19816.42,19737.58,19808.37,13798
2023-07-19 15:00:00,19805.11,19805.11,19732.01,19797.72,10687
2023-07-19 16:00:00,19770.93,19859.85,19758.81,19801.22,7149
2023-07-19 17:00:00,19823.05,19862.44,19778.08,19822.8,12582
2023-07-19 18:00:00,19826.24,19965.1,19784.37,19824.01,9813
2023-07-19 19:00:00,19795.98,19935.18,19661.61,19770.82,9090
2023-07-19 20:00:00,19750.65,19829.9,19747.02,19802.98,11321
2023-07-19 21:00:00,19735.64,19735.64,19677.45,19716.89,9635
2023-07-19 22:00:00,19662.54,19662.54,19584.76,19627.33,10928
2023-07-19 23:00:00,19663.2,19723.17,19663.2,19673.26,10868
2023-07-20 00:00:00,19694.46,19794.33,19694.46,19707.71,9031
2023-07-20 01:00:00,19700.9,19800.13,19634.45,19714.29,11228
2023-07-20 02:00:00,19695.55,19743.26,19630.23,19656.15,6600
2023-07-20 03:00:00,19637.01,19747.55,19520.43,19631.8,7639
2023-07-20 04:00:00,19639.87,19769.27,19585.14,19629.05,12332
2023-07-20 05:00:00,19600.86,19618.09,19523.26,19562.38,7291
2023-07-20 06:00:00,19574.27,19576.64,19508.61,19537.56,8759
2023-07-20 07:00:00,19540.38,19621.9,19540.38,19579.54,11036
2023-07-20 08:00:00,19618.66,19668.42,19618.66,19657.97,6638
2023-07-20 09:00:00,19679.22,19687.46,19440.98,19646.97,18633
2023-07-20 10:00:00,19650.91,19731.89,19532.25,19692.5,10050
2023-07-20 11:00:00,19638.73,19638.73,19427.42,19608.91,13149
2023-07-20 12:00:00,19610.7,19910.34,19610.7,19650.0,10064
2023-07-20 13:00:00,19668.39,19721.05,19512.9,19620.37,12500
2023-07-20 14:00:00,19642.32,19790.96,19642.32,19644.52,8262
2023-07-20 15:00:00,19635.0,19681.39,19598.66,19642.1,9136
2023-07-20 16:00:00,19675.87,19854.06,19675.87,19715.3,9482
2023-07-20 17:00:00,19661.68,19710.04,19644.96,19681.69,6484
2023-07-20 18:00:00,19717.35,19771.52,19717.35,19720.7,12242
2023-07-20 19:00:00,19755.86,19788.76,19676.18,19715.61,8041
2023-07-20 20:00:00,19774.87,19838.15,19693.2,19716.29,7987
2023-07-20 21:00:00,19693.27,19766.04,19582.77,19715.18,11288
2023-07-20 22:00:00,19727.47,19756.04,19661.74,19682.43,9423
2023-07-20 23:00:00,19665.87,19732.22,19562.46,19690.34,9892
2023-07-21 00:00:00,19704.73,19769.04,19687.3,19695.98,15989
2023-07-21 01:00:00,19675.06,19755.58,19640.49,19716.15,14822
2023-07-21 02:00:00,19750.52,19752.18,19689.23,19728.69,11383
2023-07-21 03:00:00,19721.18,19855.67,19718.9,19775.48,8891
2023-07-21 04:00:00,19788.4,19877.02,19788.4,19828.06,10739
2023-07-21 05:00:00,19837.96,19894.22,19704.6,19784.2,6453
2023-07-21 06:00:00,19794.6,19988.38,19794.6,19834.26,7757
2023-07-21 07:00:00,19810.35,19899.63,19642.69,19783.81,9906
2023-07-21 08:00:00,19806.52,19988.05,19806.52,19820.28,6058
2023-07-21 09:00:00,19818.54,19920.57,19816.42,19858.02,17364
2023-07-21 10:00:00,19822.2,19822.2,19550.52,19772.28,11605
2023-07-21 11:00:00,19764.16,19871.85,19713.0,19784.94,5517
2023-07-21 12:00:00,19790.86,19835.87,19687.04,19770.45,11647
2023-07-21 13:00:00,19739.76,19889.82,19615.24,19742.38,8423
2023-07-21 14:00:00,19776.62,19823.74,19698.43,19816.77,10561
2023-07-21 15:00:00,19788.9,19993.14,19733.62,19793.22,7855
2023-07-21 16:00:00,19806.47,19894.76,19622.63,19762.59,9084
2023-07-21 17:00:00,19748.63,19814.98,19735.88,19775.43,7854
2023-07-21 18:00:00,19827.99,19871.82,19722.28,19817.99,13779
2023-07-21 19:00:00,19769.97,19837.58,19726.89,19820.27,10553
2023-07-21 20:00:00,19832.87,19892.4,19832.87,19886.22,10053
2023-07-21 21:00:00,19867.74,20102.52,19865.06,19920.94,10071
2023-07-21 22:00:00,19878.31,19878.31,19783.78,19823.42,7066
2023-07-21 23:00:00,19836.8,19868.36,19761.93,19807.41,12637
2023-07-22 00:00:00,19791.09,19988.47,19687.98,19789.78,5735
2023-07-22 01:00:00,19810.96,19929.56,19700.09,19822.88,8654
2023-07-22 02:00:00,19847.21,19886.39,19544.04,19704.84,13585
2023-07-22 03:00:00,19717.4,19935.41,19698.98,19838.28,10706
2023-07-22 04:00:00,19833.33,19912.82,19833.33,19873.08,15751
2023-07-22 05:00:00,19852.58,19944.32,19849.72,19889.5,10763
2023-07-22 06:00:00,19873.03,20026.35,19873.03,19956.14,4068
2023-07-22 07:00:00,20069.63,20119.39,20069.63,20079.23,7018
2023-07-22 08:00:00,20083.88,20169.38,20083.88,20129.13,14583
2023-07-22 09:00:00,20136.47,20296.06,20136.13,20182.14,8044
2023-07-22 10:00:00,20199.3,20199.3,20185.27,20194.16,12360
2023-07-22 11:00:00,20171.58,20219.3,20103.9,20192.93,12658
2023-07-22 12:00:00,20144.35,20215.64,19954.67,20175.29,5298
2023-07-22 13:00:00,20146.27,20299.52,20137.33,20140.7,9700
2023-07-22 14:00:00,20191.8,20280.07,20089.47,20113.59,9850
2023-07-22 15:00:00,20066.9,20066.9,19915.82,20054.03,13284
2023-07-22 16:00:00,20084.27,20125.55,19972.18,20058.22,11795
2023-07-22 17:00:00,20035.02,20035.02,19868.13,19983.23,11672
2023-07-22 18:00:00,19971.72,20005.26,19852.61,20001.44,9926
2023-07-22 19:00:00,20006.89,20166.7,19864.89,20008.48,9204
2023-07-22 20:00:00,20010.43,20067.74,19984.05,20024.1,7628
2023-07-22 21:00:00,20005.35,20130.68,20005.35,20006.65,6993
2023-07-22 22:00:00,20102.57,20255.76,20102.57,20165.46,13943
2023-07-22 23:00:00,20209.32,20256.88,20209.32,20239.32,9099
2023-07-23 00:00:00,20223.94,20223.94,20093.73,20183.57,13645
2023-07-23 01:00:00,20160.8,20223.9,20160.8,20201.2,10610
2023-07-23 02:00:00,20165.48,20220.33,20136.81,20177.17,11394
2023-07-23 03:00:00,20157.11,20175.96,20093.0,20133.27,11393
2023-07-23 04:00:00,20113.76,20113.76,20026.98,20073.61,8997
2023-07-23 05:00:00,20071.98,20142.49,20071.98,20102.28,7207
2023-07-23 06:00:00,20114.36,20116.07,19939.37,20075.92,11558
2023-07-23 07:00:00,20081.1,20239.45,19996.14,20130.96,8417
2023-07-23 08:00:00,20157.21,20316.75,20157.21,20186.81,13764
2023-07-23 09:00:00,20146.31,20358.53,20098.8,20260.75,6863
2023-07-23 10:00:00,20306.36,20404.2,20088.86,20223.46,7408
2023-07-23 11:00:00,20245.92,20293.22,20212.21,20252.71,11834
2023-07-23 12:00:00,20272.96,20399.69,20170.02,20289.44,10790
2023-07-23 13:00:00,20305.04,20305.04,20216.98,20270.88,11342
2023-07-23 14:00:00,20277.87,20277.87,20196.92,20237.4,9014
2023-07-23 15:00:00,20269.42,20391.65,20269.42,20322.14,8980
2023-07-23 16:00:00,20309.32,20372.14,20265.07,20337.7,12285
2023-07-23 17:00:00,20352.73,20375.36,20332.83,20373.58,15116
2023-07-23 18:00:00,20344.59,20524.72,20296.1,20336.77,11109
2023-07-23 19:00:00,20289.39,20289.39,20240.39,20280.95,15326
2023-07-23 20:00:00,20261.88,20350.68,20005.18,20258.16,8148
2023-07-23 21:00:00,20270.35,20290.2,20223.32,20257.88,4560
2023-07-23 22:00:00,20254.31,20254.31,20114.94,20210.92,12072
2023-07-23 23:00:00,20172.86,20264.55,20172.86,20217.23,12328
2023-07-24 00:00:00,20172.36,20172.36,20021.65,20140.62,10940
2023-07-24 01:00:00,20105.37,20105.37,19989.23,20093.23,10935
2023-07-24 02:00:00,20067.78,20197.21,19987.05,20134.68,8122
2023-07-24 03:00:00,20130.81,20219.07,20109.28,20172.8,9763
2023-07-24 04:00:00,20201.56,20358.58,20121.22,20161.55,11608
2023-07-24 05:00:00,20167.01,20185.47,20089.2,20119.87,12891
2023-07-24 06:00:00,20118.0,20118.0,20069.99,20077.84,5873
2023-07-24 07:00:00,20064.95,20135.05,19914.08,20068.65,9542
2023-07-24 08:00:00,20070.3,20149.75,20045.32,20109.54,12664
2023-07-24 09:00:00,20123.87,20191.99,20123.87,20164.44,8909
2023-07-24 10:00:00,20182.45,20189.19,20080.35,20148.89,7619
2023-07-24 11:00:00,20145.69,20145.69,20035.74,20101.14,10202
2023-07-24 12:00:00,20089.27,20205.59,20063.35,20124.35,7177
2023-07-24 13:00:00,20127.32,20133.6,20062.11,20093.94,15716
2023-07-24 14:00:00,20044.93,20207.58,20038.82,20078.98,16197
2023-07-24 15:00:00,20124.6,20235.22,20124.6,20155.39,10141
2023-07-24 16:00:00,20166.32,20247.15,20166.32,20206.73,7514
2023-07-24 17:00:00,20206.82,20268.15,20135.76,20224.53,9752
2023-07-24 18:00:00,20203.72,20329.88,20144.38,20171.54,8120
2023-07-24 19:00:00,20159.08,20224.87,20104.01,20192.51,7245
2023-07-24 20:00:00,20169.45,20337.39,20161.46,20255.45,11814
2023-07-24 21:00:00,20298.75,20369.41,20168.23,20246.87,19686
2023-07-24 22:00:00,20253.41,20421.4,20228.8,20324.08,7046
2023-07-24 23:00:00,20308.75,20438.34,20212.79,20397.54,7060
2023-07-25 00:00:00,20404.31,20596.63,20372.41,20489.14,12775
2023-07-25 01:00:00,20496.77,20659.9,20424.24,20511.87,11122
2023-07-25 02:00:00,20545.11,20704.54,20545.11,20548.79,6074
2023-07-25 03:00:00,20585.92,20639.73,20585.92,20627.17,9728
2023-07-25 04:00:00,20653.18,20683.22,20653.18,20656.5,12692
2023-07-25 05:00:00,20668.96,20706.44,20539.55,20637.79,8973
2023-07-25 06:00:00,20656.22,20686.24,20556.92,20622.22,10575
2023-07-25 07:00:00,20595.39,20682.73,20476.08,20641.45,11596
2023-07-25 08:00:00,20616.32,20686.4,20542.22,20583.39,14929
2023-07-25 09:00:00,20589.44,20625.58,20523.97,20584.41,10764
2023-07-25 10:00:00,20594.65,20686.76,20594.65,20647.83,13130
2023-07-25 11:00:00,20625.0,20625.0,20510.04,20544.89,9238
2023-07-25 12:00:00,20589.74,20731.86,20589.74,20631.0,6549
2023-07-25 13:00:00,20634.07,20777.49,20608.74,20695.57,10076
2023-07-25 14:00:00,20665.57,20787.9,20596.21,20679.55,7916
2023-07-25 15:00:00,20678.64,20764.9,20558.99,20714.72,10272
2023-07-25 16:00:00,20675.82,20757.86,20675.82,20722.38,7597
2023-07-25 17:00:00,20779.73,20833.67,20750.5,20792.08,7700
2023-07-25 18:00:00,20797.6,20893.68,20734.2,20848.79,8434
2023-07-25 19:00:00,20818.18,20866.76,20770.66,20783.25,10939
2023-07-25 20:00:00,20775.18,20861.18,20737.86,20819.54,9435
2023-07-25 21:00:00,20812.9,20853.97,20715.38,20814.91,10745
2023-07-25 22:00:00,20800.58,20907.36,20771.09,20824.92,13908
2023-07-25 23:00:00,20829.03,20970.18,20634.79,20793.62,8763
2023-07-26 00:00:00,20825.49,21021.38,20825.49,20889.11,11777
2023-07-26 01:00:00,20905.6,20987.9,20905.6,20947.5,13356
2023-07-26 02:00:00,20960.33,20960.33,20842.2,20914.19,12514
2023-07-26 03:00:00,20892.34,20892.34,20797.66,20850.64,9712
2023-07-26 04:00:00,20794.42,20927.54,20767.5,20836.61,6816
2023-07-26 05:00:00,20841.35,21000.35,20783.57,20864.52,10044
2023-07-26 06:00:00,20872.76,20882.66,20784.3,20882.06,11405
2023-07-26 07:00:00,20923.92,21179.35,20852.55,20951.44,7775
2023-07-26 08:00:00,20948.27,21096.35,20946.89,20996.43,10097
2023-07-26 09:00:00,21008.14,21066.21,21008.14,21050.24,11109
2023-07-26 10:00:00,21074.79,21190.57,21027.89,21070.03,11886
2023-07-26 11:00:00,21016.08,21016.08,20878.88,21001.29,6929
2023-07-26 12:00:00,21031.51,21058.03,20877.19,20995.15,8478
2023-07-26 13:00:00,20970.49,21124.01,20970.49,21053.71,14140
2023-07-26 14:00:00,21068.74,21170.05,21052.45,21054.18,7989
2023-07-26 15:00:00,21090.62,21090.62,21054.6,21083.54,11246
2023-07-26 16:00:00,21111.32,21207.51,20966.98,21070.08,8903
2023-07-26 17:00:00,21092.56,21101.26,20929.26,21020.03,13335
2023-07-26 18:00:00,21059.88,21059.88,20975.81,21017.85,9078
2023-07-26 19:00:00,21019.53,21091.36,20995.77,21037.85,10031
2023-07-26 20:00:00,21017.93,21214.63,20842.69,21008.14,11361
2023-07-26 21:00:00,20998.5,21042.57,20909.36,21000.56,13351
2023-07-26 22:00:00,20983.1,21072.15,20767.14,20957.0,8180
2023-07-26 23:00:00,20968.36,21066.47,20873.69,21019.8,8219
2023-07-27 00:00:00,20995.26,21116.97,20946.18,21009.42,15217
2023-07-27 01:00:00,21047.96,21260.09,21047.96,21089.18,7355
2023-07-27 02:00:00,21171.5,21317.48,21171.5,21172.32,8139
2023-07-27 03:00:00,21156.42,21270.07,21018.63,21171.73,7345
2023-07-27 04:00:00,21165.07,21165.07,21004.7,21122.83,5966
2023-07-27 05:00:00,21114.95,21114.95,20975.55,21019.09,11046
2023-07-27 06:00:00,20983.1,20983.1,20824.5,20948.83,11702
2023-07-27 07:00:00,20910.39,20910.39,20843.04,20884.81,10058
2023-07-27 08:00:00,20940.16,20980.03,20940.16,20962.76,9192
2023-07-27 09:00:00,20972.54,20988.84,20932.33,20975.34,7185
2023-07-27 10:00:00,21030.51,21095.24,20826.85,21001.5,8636
2023-07-27 11:00:00,21007.6,21034.77,20845.62,20893.17,7240
2023-07-27 12:00:00,20904.96,20964.54,20779.89,20838.75,9885
2023-07-27 13:00:00,20834.93,20963.85,20761.99,20891.39,8935
2023-07-27 14:00:00,20900.5,20922.27,20860.04,20912.65,10812
2023-07-27 15:00:00,20918.73,20966.45,20879.63,20911.41,10314
2023-07-27 16:00:00,20904.68,21021.94,20904.68,20946.58,9179
2023-07-27 17:00:00,20981.33,21124.62,20852.94,21035.91,10934
2023-07-27 18:00:00,21046.32,21164.67,20987.08,21029.14,5139
2023-07-27 19:00:00,21001.72,21112.22,20990.86,21037.93,5895
2023-07-27 20:00:00,21089.97,21151.29,20895.3,21053.14,10915
2023-07-27 21:00:00,21120.45,21348.22,21120.45,21181.62,10308
2023-07-27 22:00:00,21204.19,21215.98,20858.56,21076.45,12589
2023-07-27 23:00:00,21068.88,21168.21,21022.12,21116.58,11008
2023-07-28 00:00:00,21073.46,21270.75,21011.17,21115.12,21280
2023-07-28 01:00:00,21145.25,21263.55,21055.74,21148.97,13244
2023-07-28 02:00:00,21165.91,21219.74,21019.33,21118.95,14019
2023-07-28 03:00:00,21126.51,21163.42,21074.88,21121.18,10844
2023-07-28 04:00:00,21120.12,21229.45,21120.12,21162.45,10091
2023-07-28 05:00:00,21250.37,21416.24,21250.37,21328.02,10858
2023-07-28 06:00:00,21324.64,21454.11,21280.43,21372.65,3895
2023-07-28 07:00:00,21338.33,21487.39,21287.95,21330.61,8180
2023-07-28 08:00:00,21342.86,21486.48,21158.88,21311.41,8691
2023-07-28 09:00:00,21304.17,21386.18,21230.84,21290.87,11271
2023-07-28 10:00:00,21226.54,21226.54,21000.79,21200.57,7347
2023-07-28 11:00:00,21196.17,21230.19,21152.43,21187.82,11142
2023-07-28 12:00:00,21224.31,21333.68,21224.31,21230.18,7463
2023-07-28 13:00:00,21275.33,21275.33,21121.07,21167.67,10277
2023-07-28 14:00:00,21168.91,21319.07,21155.21,21226.13,10078
2023-07-28 15:00:00,21241.97,21285.31,21204.61,21254.8,8844
2023-07-28 16:00:00,21232.35,21347.12,21210.54,21219.63,7511
2023-07-28 17:00:00,21193.0,21313.7,21107.3,21215.83,16827
2023-07-28 18:00:00,21195.87,21344.71,21121.36,21302.1,10988
2023-07-28 19:00:00,21299.97,21412.34,21299.97,21342.66,10841
2023-07-28 20:00:00,21360.68,21495.86,21230.43,21345.11,5792
2023-07-28 21:00:00,21327.68,21533.74,21291.99,21334.66,12847
2023-07-28 22:00:00,21319.3,21505.57,21177.63,21340.66,15050
2023-07-28 23:00:00,21342.46,21384.92,21285.32,21315.8,13147
2023-07-29 00:00:00,21262.04,21310.78,21152.48,21208.0,12270
2023-07-29 01:00:00,21178.18,21437.2,21158.21,21317.28,12063
2023-07-29 02:00:00,21296.26,21406.37,21111.86,21327.46,11067
2023-07-29 03:00:00,21323.69,21466.82,21241.79,21350.75,7729
2023-07-29 04:00:00,21333.65,21515.65,21299.21,21349.84,7095
2023-07-29 05:00:00,21345.4,21356.13,21270.88,21313.51,8936
2023-07-29 06:00:00,21310.77,21353.91,21194.08,21306.34,10115
2023-07-29 07:00:00,21290.21,21290.21,21065.24,21225.39,8600
2023-07-29 08:00:00,21229.34,21360.9,21229.34,21347.47,11138
2023-07-29 09:00:00,21300.26,21417.23,21165.55,21284.8,7374
2023-07-29 10:00:00,21262.94,21262.94,21075.67,21233.5,8533
2023-07-29 11:00:00,21248.29,21276.36,21039.14,21213.9,16592
2023-07-29 12:00:00,21230.92,21457.68,21175.72,21284.32,11943
2023-07-29 13:00:00,21301.77,21348.19,21237.36,21287.66,13077
2023-07-29 14:00:00,21227.55,21227.55,21219.35,21225.89,13034
2023-07-29 15:00:00,21241.06,21476.38,21032.77,21294.71,10961
2023-07-29 16:00:00,21281.78,21478.67,21185.31,21335.77,13267
2023-07-29 17:00:00,21335.34,21409.0,21320.8,21366.26,9497
2023-07-29 18:00:00,21346.26,21514.23,21255.7,21405.88,9724
2023-07-29 19:00:00,21490.02,21576.16,21490.02,21533.09,12787
2023-07-29 20:00:00,21638.72,21692.08,21638.72,21648.79,15294
2023-07-29 21:00:00,21627.34,21765.02,21504.04,21611.87,11513
2023-07-29 22:00:00,21634.85,21740.62,21634.85,21697.23,9399
2023-07-29 23:00:00,21730.89,21730.89,21588.52,21716.08,12681
2023-07-30 00:00:00,21738.42,21784.05,21606.8,21740.57,13378
2023-07-30 01:00:00,21691.98,21691.98,21638.18,21648.68,5640
2023-07-30 02:00:00,21649.94,21672.39,21563.36,21638.88,6746
2023-07-30 03:00:00,21600.81,21600.81,21482.13,21595.35,8568
2023-07-30 04:00:00,21641.32,21693.82,21598.44,21639.23,12992
2023-07-30 05:00:00,21613.16,21863.4,21592.83,21695.46,12960
2023-07-30 06:00:00,21647.37,21647.37,21575.87,21583.87,12326
2023-07-30 07:00:00,21574.37,21634.16,21482.47,21583.03,11608
2023-07-30 08:00:00,21591.94,21768.16,21549.44,21642.92,11207
2023-07-30 09:00:00,21689.96,21755.79,21590.12,21633.38,8810
2023-07-30 10:00:00,21616.66,21851.48,21616.66,21672.55,8333
2023-07-30 11:00:00,21682.83,21792.84,21682.83,21691.38,7967
2023-07-30 12:00:00,21642.44,21732.96,21576.9,21709.5,5218
2023-07-30 13:00:00,21726.58,21730.08,21649.42,21694.81,6693
2023-07-30 14:00:00,21673.15,21673.15,21523.89,21629.89,13669
2023-07-30 15:00:00,21639.24,21691.45,21477.72,21571.0,7886
2023-07-30 16:00:00,21607.35,21680.16,21539.87,21609.55,11601
2023-07-30 17:00:00,21600.91,21616.22,21487.35,21611.36,6269
2023-07-30 18:00:00,21623.45,21651.79,21528.87,21604.86,12067
2023-07-30 19:00:00,21573.2,21655.88,21392.05,21583.45,8359
2023-07-30 20:00:00,21576.99,21684.33,21552.3,21568.98,20335
2023-07-30 21:00:00,21587.11,21812.61,21582.9,21626.16,11578
2023-07-30 22:00:00,21598.87,21704.65,21404.58,21609.83,9379
2023-07-30 23:00:00,21615.48,21615.48,21466.67,21540.94,5412
2023-07-31 00:00:00,21536.1,21687.43,21523.46,21583.39,13352
2023-07-31 01:00:00,21590.75,21618.73,21492.45,21575.57,7769
2023-07-31 02:00:00,21573.9,21623.48,21426.0,21580.32,9293
2023-07-31 03:00:00,21552.0,21732.01,21552.0,21668.43,10701
2023-07-31 04:00:00,21653.98,21721.25,21653.98,21669.23,5473
2023-07-31 05:00:00,21672.56,21730.0,21590.22,21686.62,9357
2023-07-31 06:00:00,21637.46,21646.83,21437.17,21625.95,11194
2023-07-31 07:00:00,21585.94,21664.13,21523.85,21616.99,7537
2023-07-31 08:00:00,21612.73,21720.79,21609.55,21652.32,15263
2023-07-31 09:00:00,21592.29,21592.29,21529.12,21572.26,10377
2023-07-31 10:00:00,21563.74,21723.84,21473.35,21586.61,6964
2023-07-31 11:00:00,21615.05,21733.25,21557.05,21595.76,10681
2023-07-31 12:00:00,21621.34,21752.27,21478.76,21601.68,8915
2023-07-31 13:00:00,21662.02,21725.43,21652.06,21660.25,12794
2023-07-31 14:00:00,21664.33,21817.58,21573.56,21681.17,9754
2023-07-31 15:00:00,21715.74,21938.56,21686.27,21762.99,6840
2023-07-31 16:00:00,21785.29,21886.96,21580.02,21712.48,7844
2023-07-31 17:00:00,21739.49,21836.35,21582.38,21722.82,12935
2023-07-31 18:00:00,21747.52,21748.56,21710.39,21730.36,7610
2023-07-31 19:00:00,21698.73,21720.19,21528.2,21676.83,7277
2023-07-31 20:00:00,21710.02,21869.11,21710.02,21731.57,8623
2023-07-31 21:00:00,21814.98,21902.41,21814.98,21858.69,6354
2023-07-31 22:00:00,21842.23,21939.06,21842.23,21860.09,9273
2023-07-31 23:00:00,21848.77,21933.27,21845.71,21889.49,8127
2023-08-01 00:00:00,21907.58,21957.99,21814.3,21896.35,14439
2023-08-01 01:00:00,21904.36,22022.04,21764.53,21860.16,15786
2023-08-01 02:00:00,21875.7,21950.12,21631.25,21765.17,11640
2023-08-01 03:00:00,21737.99,21869.17,21688.03,21731.5,8140
2023-08-01 04:00:00,21673.42,21797.39,21608.19,21661.63,6082
2023-08-01 05:00:00,21713.56,21874.24,21713.56,21757.07,14045
2023-08-01 06:00:00,21742.44,21804.82,21609.65,21754.99,6949
2023-08-01 07:00:00,21753.06,21757.48,21528.97,21740.46,11960
2023-08-01 08:00:00,21727.8,21835.42,21727.8,21791.84,12401
2023-08-01 09:00:00,21744.3,21778.95,21725.98,21735.48,9408
2023-08-01 10:00:00,21695.59,21708.58,21605.58,21698.86,16467
2023-08-01 11:00:00,21745.59,21750.83,21547.92,21707.42,11113
2023-08-01 12:00:00,21701.28,21810.88,21691.95,21767.34,6118
2023-08-01 13:00:00,21800.42,21804.4,21731.04,21798.5,9453
2023-08-01 14:00:00,21827.17,21872.42,21686.43,21815.89,13142
2023-08-01 15:00:00,21774.05,21951.68,21767.51,21824.2,14013
2023-08-01 16:00:00,21835.94,21920.06,21760.18,21850.0,10730
2023-08-01 17:00:00,21800.08,21908.84,21774.27,21865.11,10414
2023-08-01 18:00:00,21868.49,21984.11,21607.75,21814.21,12372
2023-08-01 19:00:00,21785.36,21951.29,21697.61,21821.7,8455
2023-08-01 20:00:00,21789.85,21928.07,21570.15,21769.44,8755
2023-08-01 21:00:00,21806.39,21822.88,21710.72,21779.32,7012
2023-08-01 22:00:00,21770.58,21813.03,21693.3,21759.22,6244
2023-08-01 23:00:00,21784.94,21916.11,21784.94,21900.69,11642
2023-08-02 00:00:00,21887.55,21946.89,21806.85,21903.09,18039
2023-08-02 01:00:00,21882.67,21920.8,21682.15,21832.33,9029
2023-08-02 02:00:00,21837.58,21924.5,21803.15,21830.53,9405
2023-08-02 03:00:00,21787.49,21918.12,21787.49,21863.24,9988
2023-08-02 04:00:00,21926.67,21977.71,21760.94,21957.47,11056
2023-08-02 05:00:00,21976.71,21996.24,21834.33,21929.42,7132
2023-08-02 06:00:00,21889.28,21889.28,21707.89,21848.33,7876
2023-08-02 07:00:00,21868.64,22049.17,21823.15,21896.67,11346
2023-08-02 08:00:00,21920.46,21975.25,21687.58,21826.54,5841
2023-08-02 09:00:00,21789.76,21876.97,21699.87,21808.16,7680
2023-08-02 10:00:00,21794.42,21815.13,21719.19,21800.01,10256
2023-08-02 11:00:00,21792.45,21802.6,21699.51,21802.35,10585
2023-08-02 12:00:00,21808.56,21977.22,21801.24,21844.93,11472
2023-08-02 13:00:00,21868.54,21903.82,21723.73,21813.89,7695
2023-08-02 14:00:00,21848.65,21848.65,21657.87,21805.04,9243
2023-08-02 15:00:00,21819.74,21897.03,21723.14,21810.08,10237
2023-08-02 16:00:00,21806.51,21883.84,21806.51,21823.76,11225
2023-08-02 17:00:00,21802.32,21886.5,21760.78,21834.73,9442
2023-08-02 18:00:00,21820.18,21886.9,21820.18,21863.91,13188
2023-08-02 19:00:00,21891.31,21958.5,21891.31,21914.67,11915
2023-08-02 20:00:00,21950.4,21997.0,21761.8,21940.76,12651
2023-08-02 21:00:00,21962.12,22075.72,21853.45,21970.01,6816
2023-08-02 22:00:00,21933.35,21933.35,21700.79,21889.57,8053
2023-08-02 23:00:00,21872.5,21929.6,21801.71,21898.19,5331
2023-08-03 00:00:00,21879.89,22010.45,21842.81,21929.49,15383
2023-08-03 01:00:00,21950.44,22020.7,21912.65,21973.94,6429
2023-08-03 02:00:00,21971.53,22005.3,21938.04,21941.26,6810
2023-08-03 03:00:00,21885.79,21938.52,21860.02,21910.84,6702
2023-08-03 04:00:00,21949.85,22106.52,21857.89,21885.37,13158
2023-08-03 05:00:00,21895.38,22016.64,21829.64,21919.79,15535
2023-08-03 06:00:00,21927.7,22111.71,21927.7,21980.44,11752
2023-08-03 07:00:00,21962.03,21986.5,21936.2,21962.68,8993
2023-08-03 08:00:00,21944.66,22059.52,21914.59,22015.49,16880
2023-08-03 09:00:00,21990.47,22069.57,21989.96,22025.52,10222
2023-08-03 10:00:00,21988.58,22111.08,21809.21,22022.03,7566
2023-08-03 11:00:00,22028.44,22057.81,21954.4,22013.78,7293
2023-08-03 12:00:00,22011.15,22133.66,21957.77,22057.62,8369
2023-08-03 13:00:00,22078.12,22183.14,22033.99,22078.15,15189
2023-08-03 14:00:00,22093.12,22248.69,22083.66,22204.28,16117
2023-08-03 15:00:00,22192.7,22278.31,22011.59,22159.94,11133
2023-08-03 16:00:00,22152.22,22243.62,22059.82,22190.2,10042
2023-08-03 17:00:00,22178.49,22207.62,22118.96,22163.29,9818
2023-08-03 18:00:00,22189.36,22266.99,22041.91,22118.22,7461
2023-08-03 19:00:00,22096.19,22220.51,22075.43,22119.67,9529
2023-08-03 20:00:00,22132.28,22182.7,22079.18,22128.87,7614
2023-08-03 21:00:00,22244.34,22350.96,22244.34,22288.91,12816
2023-08-03 22:00:00,22316.46,22330.73,22234.8,22279.36,10196
2023-08-03 23:00:00,22289.87,22302.82,22115.18,22218.54,12138
2023-08-04 00:00:00,22179.25,22358.03,22153.91,22235.08,10887
2023-08-04 01:00:00,22232.66,22246.28,21979.31,22123.62,15321
2023-08-04 02:00:00,22163.1,22166.12,22032.92,22121.88,10582
2023-08-04 03:00:00,22143.8,22151.01,22059.59,22126.53,9444
2023-08-04 04:00:00,22134.95,22287.46,22125.48,22173.24,12300
2023-08-04 05:00:00,22185.87,22271.93,22086.57,22228.84,9703
2023-08-04 06:00:00,22233.86,22233.86,22178.53,22203.06,9612
2023-08-04 07:00:00,22197.13,22264.43,22036.13,22197.16,10686
2023-08-04 08:00:00,22216.49,22222.74,22062.53,22157.9,10309
2023-08-04 09:00:00,22084.87,22371.86,22049.83,22099.6,7187
2023-08-04 10:00:00,22084.19,22228.36,22002.04,22119.63,6950
2023-08-04 11:00:00,22081.84,22081.84,22002.76,22053.52,7411
2023-08-04 12:00:00,22065.11,22164.76,21874.16,22034.77,11140
2023-08-04 13:00:00,22028.97,22028.97,21835.68,21985.0,8538
2023-08-04 14:00:00,22007.5,22070.03,22007.5,22019.07,7617
2023-08-04 15:00:00,22042.06,22182.23,21979.34,22120.14,16136
2023-08-04 16:00:00,22096.33,22096.33,21983.6,22052.23,10173
2023-08-04 17:00:00,22024.26,22066.09,21894.05,21955.84,10524
2023-08-04 18:00:00,21998.62,22108.99,21913.01,21954.03,5937
2023-08-04 19:00:00,21930.96,22055.83,21842.87,21959.98,15021
2023-08-04 20:00:00,21969.04,22022.38,21882.89,21976.63,5251
2023-08-04 21:00:00,22000.76,22129.66,21912.78,21956.7,11428
2023-08-04 22:00:00,21988.16,21998.9,21799.34,21950.16,13277
2023-08-04 23:00:00,21958.08,22075.63,21934.57,21974.1,8571
2023-08-05 00:00:00,21962.85,22298.64,21945.38,22034.13,14223
2023-08-05 01:00:00,21996.22,21996.22,21865.43,21932.73,12434
2023-08-05 02:00:00,21943.27,22041.69,21740.76,21918.38,7437
2023-08-05 03:00:00,21917.43,21966.01,21884.19,21936.13,12220
2023-08-05 04:00:00,21900.75,22019.47,21849.26,21893.05,20351
2023-08-05 05:00:00,21948.54,22056.55,21948.54,21992.52,9327
2023-08-05 06:00:00,21993.86,22007.86,21829.93,21963.93,9106
2023-08-05 07:00:00,21938.45,22137.93,21924.17,21968.11,8697
2023-08-05 08:00:00,21972.3,22048.83,21960.81,22004.82,10172
2023-08-05 09:00:00,21982.21,22069.92,21888.7,21979.26,10161
2023-08-05 10:00:00,21931.16,21931.16,21848.22,21886.53,10682
2023-08-05 11:00:00,21882.36,21882.36,21817.32,21871.02,8484
2023-08-05 12:00:00,21911.54,22094.33,21730.78,21934.03,14574
2023-08-05 13:00:00,21894.69,21967.33,21788.4,21923.48,13270
2023-08-05 14:00:00,21893.94,21925.37,21788.28,21885.75,17254
2023-08-05 15:00:00,21891.42,21987.3,21879.49,21943.41,8978
2023-08-05 16:00:00,21951.5,21951.5,21838.19,21933.15,9048
2023-08-05 17:00:00,21953.0,22107.49,21786.47,21913.51,5957
2023-08-05 18:00:00,21884.49,21934.05,21799.36,21929.59,10999
2023-08-05 19:00:00,21982.11,22036.17,21732.71,21978.95,10549
2023-08-05 20:00:00,22070.36,22181.03,22070.36,22114.59,9235
2023-08-05 21:00:00,22144.09,22209.88,22144.09,22165.55,14573
2023-08-05 22:00:00,22131.43,22238.88,22131.43,22234.3,7006
2023-08-05 23:00:00,22221.61,22269.48,22128.76,22211.56,18555
2023-08-06 00:00:00,22138.07,22275.29,22094.99,22160.65,12876
2023-08-06 01:00:00,22139.1,22475.01,22088.0,22169.51,10574
2023-08-06 02:00:00,22209.42,22225.27,22151.26,22180.91,8229
2023-08-06 03:00:00,22143.35,22143.35,22055.11,22127.84,6375
2023-08-06 04:00:00,22160.07,22160.07,22011.25,22124.38,14256
2023-08-06 05:00:00,22149.68,22330.09,22149.68,22152.2,7697
2023-08-06 06:00:00,22138.83,22350.01,22138.83,22177.6,7668
2023-08-06 07:00:00,22187.94,22255.21,21980.07,22210.78,6933
2023-08-06 08:00:00,22205.78,22238.34,22168.56,22232.15,8121
2023-08-06 09:00:00,22192.57,22397.87,22021.1,22209.8,11516
2023-08-06 10:00:00,22181.04,22204.01,22067.76,22187.46,11083
2023-08-06 11:00:00,22171.94,22212.87,22071.61,22128.51,8060
2023-08-06 12:00:00,22187.58,22285.69,22187.58,22232.05,14096
2023-08-06 13:00:00,22200.52,22345.74,22194.06,22238.54,8141
2023-08-06 14:00:00,22247.54,22340.67,22155.85,22232.0,13462
2023-08-06 15:00:00,22232.32,22319.73,22033.65,22187.35,7662
2023-08-06 16:00:00,22190.91,22357.74,22148.5,22353.24,6068
2023-08-06 17:00:00,22367.46,22397.51,22254.37,22298.97,10312
2023-08-06 18:00:00,22275.89,22470.9,22240.4,22280.97,10394
2023-08-06 19:00:00,22244.07,22533.46,22154.46,22309.14,12201
2023-08-06 20:00:00,22275.43,22395.85,22237.0,22346.83,5660
2023-08-06 21:00:00,22358.68,22448.3,22358.68,22403.49,5606
2023-08-06 22:00:00,22461.02,22669.49,22461.02,22506.03,8897
2023-08-06 23:00:00,22543.87,22582.06,22479.82,22536.26,8480
2023-08-07 00:00:00,22486.06,22486.06,22468.53,22479.67,9856
2023-08-07 01:00:00,22472.89,22589.5,22409.56,22467.87,7806
2023-08-07 02:00:00,22441.55,22532.46,22370.25,22487.48,10999
2023-08-07 03:00:00,22552.78,22770.88,22552.78,22603.99,13072
2023-08-07 04:00:00,22589.9,22619.42,22500.31,22527.76,14242
2023-08-07 05:00:00,22547.18,22755.85,22513.52,22596.28,14067
2023-08-07 06:00:00,22598.45,22637.61,22533.23,22607.66,7208
2023-08-07 07:00:00,22610.03,22759.33,22610.03,22655.34,11184
2023-08-07 08:00:00,22665.14,22832.39,22549.41,22650.4,8456
2023-08-07 09:00:00,22624.21,22624.21,22565.0,22604.99,11862
2023-08-07 10:00:00,22650.17,22722.82,22618.64,22648.66,13747
2023-08-07 11:00:00,22660.34,22782.86,22660.34,22687.16,9590
2023-08-07 12:00:00,22708.75,22851.4,22681.79,22742.85,14734
2023-08-07 13:00:00,22798.36,22803.04,22510.41,22743.14,8321
2023-08-07 14:00:00,22781.59,22794.59,22701.85,22710.5,17459
2023-08-07 15:00:00,22663.05,22663.05,22579.56,22624.81,22964
2023-08-07 16:00:00,22603.28,22830.58,22590.24,22672.74,4617
2023-08-07 17:00:00,22693.02,22821.39,22652.77,22698.17,4941
2023-08-07 18:00:00,22691.83,22691.83,22617.8,22646.54,9932
2023-08-07 19:00:00,22652.17,22775.84,22467.01,22619.1,9276
2023-08-07 20:00:00,22664.62,22760.21,22484.11,22595.81,9256
2023-08-07 21:00:00,22561.58,22561.58,22365.0,22516.55,11287
2023-08-07 22:00:00,22493.3,22493.3,22341.42,22475.23,3831
2023-08-07 23:00:00,22449.89,22449.89,22242.4,22417.33,10836
2023-08-08 00:00:00,22449.33,22450.66,22308.98,22400.01,10068
2023-08-08 01:00:00,22374.03,22577.48,22355.22,22364.97,17900
2023-08-08 02:00:00,22357.83,22370.9,22237.19,22281.75,11035
2023-08-08 03:00:00,22318.23,22501.02,22318.23,22398.98,18179
2023-08-08 04:00:00,22471.54,22517.98,22471.54,22473.04,4595
2023-08-08 05:00:00,22491.38,22543.54,22409.11,22434.48,11318
2023-08-08 06:00:00,22441.57,22592.59,22338.38,22454.49,12365
2023-08-08 07:00:00,22448.73,22658.86,22418.01,22481.91,9908
2023-08-08 08:00:00,22546.87,22597.15,22546.87,22552.05,11257
2023-08-08 09:00:00,22511.62,22584.91,22317.3,22510.52,7742
2023-08-08 10:00:00,22529.64,22614.57,22529.64,22574.79,11899
2023-08-08 11:00:00,22574.6,22718.47,22502.92,22548.01,8140
2023-08-08 12:00:00,22586.25,22586.25,22355.53,22478.44,13283
2023-08-08 13:00:00,22497.63,22608.13,22497.63,22523.63,9005
2023-08-08 14:00:00,22575.98,22708.17,22512.24,22599.8,8166
2023-08-08 15:00:00,22615.08,22857.33,22615.08,22747.42,6023
2023-08-08 16:00:00,22776.99,22784.5,22571.32,22682.85,11553
2023-08-08 17:00:00,22698.77,22804.95,22541.08,22724.65,8245
2023-08-08 18:00:00,22690.34,22749.56,22671.23,22704.15,5356
2023-08-08 19:00:00,22656.62,22925.09,22636.42,22750.6,7647
2023-08-08 20:00:00,22680.11,22680.11,22625.61,22670.95,6705
2023-08-08 21:00:00,22677.15,22751.89,22499.89,22604.3,8769
2023-08-08 22:00:00,22611.95,22797.61,22393.3,22565.76,15857
2023-08-08 23:00:00,22586.54,22612.11,22445.87,22574.86,13550
2023-08-09 00:00:00,22546.66,22546.66,22498.86,22543.94,11655
2023-08-09 01:00:00,22580.32,22774.34,22580.32,22585.57,8184
2023-08-09 02:00:00,22594.19,22935.77,22514.74,22647.01,11789
2023-08-09 03:00:00,22648.3,22797.81,22638.88,22684.24,9795
2023-08-09 04:00:00,22708.09,22973.22,22698.13,22777.6,10762
2023-08-09 05:00:00,22794.23,22947.1,22794.23,22803.08,5762
2023-08-09 06:00:00,22782.6,22782.6,22518.27,22737.13,4986
2023-08-09 07:00:00,22760.49,22871.03,22758.27,22815.73,11774
2023-08-09 08:00:00,22806.87,22925.79,22749.06,22783.47,9736
2023-08-09 09:00:00,22786.58,22882.01,22786.58,22836.33,13918
2023-08-09 10:00:00,22869.57,22971.5,22869.57,22925.65,14347
2023-08-09 11:00:00,22940.77,22997.27,22855.62,22951.36,16949
2023-08-09 12:00:00,22932.25,22932.25,22749.32,22866.84,12903
2023-08-09 13:00:00,22881.14,22997.33,22648.26,22816.05,7328
2023-08-09 14:00:00,22870.77,22937.28,22870.77,22891.49,8692
2023-08-09 15:00:00,22884.08,23069.63,22783.96,22883.01,9894
2023-08-09 16:00:00,22854.41,22937.1,22842.68,22888.46,8034
2023-08-09 17:00:00,22886.59,22978.32,22886.59,22932.46,8020
2023-08-09 18:00:00,22950.73,23017.48,22926.38,22972.32,8454
2023-08-09 19:00:00,22976.15,23024.47,22799.16,22988.58,14731
2023-08-09 20:00:00,22972.52,22997.88,22960.74,22977.08,7205
2023-08-09 21:00:00,22992.06,23084.82,22913.8,22959.71,8894
2023-08-09 22:00:00,22968.17,23048.37,22962.27,23008.29,8016
2023-08-09 23:00:00,23021.24,23103.21,22987.98,23039.26,15801
2023-08-10 00:00:00,23038.11,23199.14,22971.67,23024.31,11295
2023-08-10 01:00:00,23039.13,23104.01,23039.13,23085.3,11702
2023-08-10 02:00:00,23091.69,23288.62,23053.75,23077.06,8589
2023-08-10 03:00:00,23090.5,23090.5,22864.62,23027.89,5342
2023-08-10 04:00:00,23030.6,23133.56,22976.07,22984.48,8607
2023-08-10 05:00:00,22996.78,22996.78,22714.11,22929.33,9660
2023-08-10 06:00:00,22935.7,23108.39,22878.24,22914.65,11329
2023-08-10 07:00:00,22918.31,23030.49,22878.25,22984.52,9264
2023-08-10 08:00:00,22960.3,22960.3,22846.95,22939.09,20142
2023-08-10 09:00:00,22934.89,22992.66,22825.87,22950.69,15744
2023-08-10 10:00:00,22952.37,23113.08,22868.74,22914.57,12222
2023-08-10 11:00:00,22883.91,22946.95,22803.3,22901.14,11568
2023-08-10 12:00:00,22877.89,22889.57,22768.08,22817.96,13076
2023-08-10 13:00:00,22815.04,22853.68,22718.95,22808.06,5460
2023-08-10 14:00:00,22823.42,22899.92,22717.37,22799.99,18313
2023-08-10 15:00:00,22837.78,22928.08,22787.23,22832.9,11602
2023-08-10 16:00:00,22843.16,22893.89,22644.74,22848.19,8878
2023-08-10 17:00:00,22847.8,22957.51,22676.55,22783.87,7161
2023-08-10 18:00:00,22760.59,22888.06,22701.71,22847.8,10031
2023-08-10 19:00:00,22870.72,22880.78,22816.42,22862.14,13871
2023-08-10 20:00:00,22850.36,22935.08,22815.67,22875.58,22096
2023-08-10 21:00:00,22854.89,22937.27,22759.25,22877.6,11113
2023-08-10 22:00:00,22856.84,23036.31,22805.16,22850.86,7921
2023-08-10 23:00:00,22846.88,23036.71,22819.8,22865.53,14420
2023-08-11 00:00:00,22837.83,22940.18,22756.19,22894.39,11456
2023-08-11 01:00:00,22852.06,22852.06,22749.5,22798.35,8317
2023-08-11 02:00:00,22830.19,22847.34,22593.33,22771.32,14073
2023-08-11 03:00:00,22757.41,22858.11,22701.73,22760.18,6583
2023-08-11 04:00:00,22815.33,22871.02,22771.31,22777.63,8959
2023-08-11 05:00:00,22808.92,22937.97,22801.51,22847.2,8366
2023-08-11 06:00:00,22822.48,22851.58,22694.54,22806.08,15606
2023-08-11 07:00:00,22812.86,22854.51,22706.59,22781.02,10233
2023-08-11 08:00:00,22805.9,22805.9,22625.08,22755.73,8520
2023-08-11 09:00:00,22760.13,22760.13,22639.97,22714.7,7893
2023-08-11 10:00:00,22721.37,22825.7,22611.38,22699.61,13250
2023-08-11 11:00:00,22724.34,22791.92,22604.79,22746.43,10346
2023-08-11 12:00:00,22722.15,22776.45,22681.11,22691.07,13817
2023-08-11 13:00:00,22703.82,22854.35,22670.47,22719.14,14231
2023-08-11 14:00:00,22647.85,22647.85,22614.33,22628.34,12171
2023-08-11 15:00:00,22634.6,22651.79,22556.87,22602.08,15322
2023-08-11 16:00:00,22587.26,22623.05,22544.38,22589.56,11024
2023-08-11 17:00:00,22643.18,22707.07,22643.18,22688.56,7244
2023-08-11 18:00:00,22687.84,22754.42,22654.43,22678.62,7850
2023-08-11 19:00:00,22633.77,22714.02,22516.96,22562.08,7808
2023-08-11 20:00:00,22512.75,22512.75,22347.96,22458.26,17574
2023-08-11 21:00:00,22422.91,22504.44,22422.91,22467.85,11580
2023-08-11 22:00:00,22480.33,22528.51,22480.33,22509.17,6843
2023-08-11 23:00:00,22500.44,22643.11,22418.21,22536.93,17488
2023-08-12 00:00:00,22516.4,22631.69,22507.76,22552.86,6741
2023-08-12 01:00:00,22533.96,22684.33,22433.78,22623.04,10951
2023-08-12 02:00:00,22639.33,22657.16,22557.84,22598.42,7048
2023-08-12 03:00:00,22588.37,22699.01,22408.07,22653.7,12653
2023-08-12 04:00:00,22691.03,22757.51,22516.41,22568.64,11522
2023-08-12 05:00:00,22504.05,22601.27,22407.84,22524.98,14500
2023-08-12 06:00:00,22495.0,22495.0,22387.14,22432.0,21012
2023-08-12 07:00:00,22426.22,22471.32,22300.98,22424.13,10529
2023-08-12 08:00:00,22375.6,22490.54,22320.0,22428.9,7949
2023-08-12 09:00:00,22382.69,22596.81,22304.27,22442.67,7383
2023-08-12 10:00:00,22435.13,22513.52,22324.6,22453.33,7901
2023-08-12 11:00:00,22513.09,22558.66,22382.34,22409.97,9122
2023-08-12 12:00:00,22420.49,22451.91,22362.86,22407.67,7560
2023-08-12 13:00:00,22359.44,22445.47,22298.61,22333.73,8272
2023-08-12 14:00:00,22372.31,22499.75,22372.31,22417.14,8527
2023-08-12 15:00:00,22405.59,22418.56,22405.59,22408.47,7853
2023-08-12 16:00:00,22388.07,22570.09,22346.08,22389.33,6974
2023-08-12 17:00:00,22423.43,22620.01,22423.43,22484.59,11339
2023-08-12 18:00:00,22448.86,22503.96,22363.23,22423.4,7391
2023-08-12 19:00:00,22433.69,22497.24,22347.79,22369.87,8505
2023-08-12 20:00:00,22404.81,22446.96,22221.78,22318.52,8146
2023-08-12 21:00:00,22341.21,22348.95,22245.05,22324.19,9933
2023-08-12 22:00:00,22331.37,22427.39,22258.7,22357.29,9846
2023-08-12 23:00:00,22361.33,22411.01,22350.1,22407.05,20444
2023-08-13 00:00:00,22420.94,22574.82,22420.94,22556.77,7649
2023-08-13 01:00:00,22483.69,22483.69,22255.43,22438.82,8065
2023-08-13 02:00:00,22392.4,22525.05,22392.4,22480.09,11816
2023-08-13 03:00:00,22479.13,22479.13,22356.28,22456.77,11235
2023-08-13 04:00:00,22448.49,22448.49,22401.25,22432.06,7408
2023-08-13 05:00:00,22463.7,22534.07,22249.05,22406.05,8180
2023-08-13 06:00:00,22371.26,22371.26,22319.83,22364.56,8169
2023-08-13 07:00:00,22340.63,22543.14,22340.63,22465.45,10879
2023-08-13 08:00:00,22500.62,22557.52,22374.63,22518.86,7637
2023-08-13 09:00:00,22511.94,22605.64,22481.33,22526.38,8048
2023-08-13 10:00:00,22576.93,22699.72,22576.93,22607.67,17649
2023-08-13 11:00:00,22560.42,22560.42,22478.21,22529.92,12295
2023-08-13 12:00:00,22513.21,22545.72,22381.64,22463.48,9106
2023-08-13 13:00:00,22437.48,22437.48,22206.61,22351.4,10242
2023-08-13 14:00:00,22333.7,22366.8,22170.7,22322.15,16048
2023-08-13 15:00:00,22294.28,22340.88,22269.16,22340.67,8004
2023-08-13 16:00:00,22342.59,22400.42,22342.59,22355.71,13165
2023-08-13 17:00:00,22380.92,22478.1,22300.1,22373.3,25412
2023-08-13 18:00:00,22410.4,22410.4,22148.29,22305.14,10822
2023-08-13 19:00:00,22339.46,22596.47,22251.64,22359.46,10044
2023-08-13 20:00:00,22440.0,22663.83,22292.77,22382.61,11556
2023-08-13 21:00:00,22388.03,22568.59,22388.03,22432.89,13508
2023-08-13 22:00:00,22381.8,22381.8,22283.46,22338.33,11988
2023-08-13 23:00:00,22341.67,22475.95,22252.75,22366.16,4991
2023-08-14 00:00:00,22371.28,22458.01,22266.92,22311.55,6259
2023-08-14 01:00:00,22316.43,22427.52,22172.75,22300.97,12325
2023-08-14 02:00:00,22304.89,22452.81,22297.15,22341.83,10621
2023-08-14 03:00:00,22323.39,22484.22,22285.03,22357.85,11540
2023-08-14 04:00:00,22320.88,22366.79,22248.68,22322.15,8469
2023-08-14 05:00:00,22351.63,22359.7,22187.84,22333.98,13625
2023-08-14 06:00:00,22322.36,22433.8,22179.87,22261.7,12899
2023-08-14 07:00:00,22279.62,22414.03,22279.62,22336.7,12708
2023-08-14 08:00:00,22358.57,22454.6,22269.96,22337.41,12034
2023-08-14 09:00:00,22325.34,22421.32,22325.34,22410.3,15801
2023-08-14 10:00:00,22426.94,22538.59,22259.85,22392.64,10954
2023-08-14 11:00:00,22387.55,22387.55,22318.57,22375.68,13292
2023-08-14 12:00:00,22369.3,22600.86,22286.77,22346.22,11898
2023-08-14 13:00:00,22321.4,22459.09,22292.22,22406.63,3644
2023-08-14 14:00:00,22382.97,22505.65,22180.21,22379.31,10925
2023-08-14 15:00:00,22382.1,22468.27,22382.1,22426.95,19770
2023-08-14 16:00:00,22465.68,22596.0,22372.5,22417.34,11412
2023-08-14 17:00:00,22364.67,22364.67,22294.43,22320.03,8619
2023-08-14 18:00:00,22345.36,22361.7,22161.02,22301.07,9471
2023-08-14 19:00:00,22304.44,22348.71,22181.68,22249.18,7758
2023-08-14 20:00:00,22223.39,22309.06,22185.42,22264.53,15330
2023-08-14 21:00:00,22257.38,22257.38,22168.53,22212.95,10312
2023-08-14 22:00:00,22263.01,22300.66,22263.01,22277.16,10978
2023-08-14 23:00:00,22310.3,22419.81,22272.25,22285.41,11816
2023-08-15 00:00:00,22291.06,22333.58,22055.25,22289.0,10704
2023-08-15 01:00:00,22299.02,22560.09,22261.87,22338.2,12736
2023-08-15 02:00:00,22358.98,22512.41,22358.98,22403.79,7535
2023-08-15 03:00:00,22402.72,22459.01,22171.73,22414.41,8226
2023-08-15 04:00:00,22387.09,22476.62,22294.99,22383.5,14829
2023-08-15 05:00:00,22371.91,22371.91,22253.8,22298.4,11682
2023-08-15 06:00:00,22318.67,22318.67,22229.57,22274.12,10042
2023-08-15 07:00:00,22264.17,22343.72,22209.37,22253.88,6233
2023-08-15 08:00:00,22253.02,22312.17,22219.08,22273.68,14916
2023-08-15 09:00:00,22245.4,22312.92,22134.77,22268.38,11431
2023-08-15 10:00:00,22312.3,22364.13,22312.3,22319.49,7942
2023-08-15 11:00:00,22322.69,22508.08,22254.48,22299.08,6783
2023-08-15 12:00:00,22305.7,22537.95,22226.54,22309.24,13157
2023-08-15 13:00:00,22307.41,22431.94,22268.42,22387.17,10585
2023-08-15 14:00:00,22388.07,22463.11,22377.36,22418.27,16601
2023-08-15 15:00:00,22413.0,22574.76,22337.7,22426.72,13598
2023-08-15 16:00:00,22483.07,22495.48,22227.58,22405.39,7559
2023-08-15 17:00:00,22388.31,22649.26,22349.7,22382.36,4922
2023-08-15 18:00:00,22391.96,22477.33,22156.03,22347.8,18038
2023-08-15 19:00:00,22326.03,22375.66,22323.33,22330.99,14064
2023-08-15 20:00:00,22363.35,22457.77,22316.62,22385.31,12122
2023-08-15 21:00:00,22344.05,22387.61,22340.53,22385.3,10962
2023-08-15 22:00:00,22324.31,22324.31,22136.98,22323.47,9855
2023-08-15 23:00:00,22388.02,22528.43,22388.02,22432.88,10977
2023-08-16 00:00:00,22417.22,22493.69,22417.22,22462.15,6258
2023-08-16 01:00:00,22439.99,22539.0,22351.31,22396.1,18184
2023-08-16 02:00:00,22382.21,22498.54,22352.22,22384.4,13575
2023-08-16 03:00:00,22364.7,22448.26,22308.84,22403.45,6810
2023-08-16 04:00:00,22469.89,22647.24,22469.89,22509.77,9280
2023-08-16 05:00:00,22497.02,22607.49,22399.32,22460.46,8322
2023-08-16 06:00:00,22488.78,22571.51,22481.41,22526.46,24267
2023-08-16 07:00:00,22493.16,22655.89,22493.16,22615.29,13699
2023-08-16 08:00:00,22590.41,22718.15,22545.84,22591.03,12399
2023-08-16 09:00:00,22605.56,22612.04,22541.55,22586.73,6296
2023-08-16 10:00:00,22555.2,22597.85,22315.17,22540.87,7206
2023-08-16 11:00:00,22545.32,22557.48,22452.92,22541.87,10357
2023-08-16 12:00:00,22511.65,22618.04,22511.65,22552.32,10314
2023-08-16 13:00:00,22565.7,22785.88,22520.07,22601.36,11369
2023-08-16 14:00:00,22629.36,22812.35,22629.36,22673.94,11758
2023-08-16 15:00:00,22646.55,22765.09,22611.69,22643.58,7042
2023-08-16 16:00:00,22585.39,22585.39,22501.33,22546.42,11067
2023-08-16 17:00:00,22548.75,22603.89,22506.83,22558.77,4494
2023-08-16 18:00:00,22539.13,22679.78,22386.35,22588.37,13623
2023-08-16 19:00:00,22573.89,22695.83,22510.81,22615.17,8902
2023-08-16 20:00:00,22645.68,22690.88,22444.4,22609.96,7143
2023-08-16 21:00:00,22598.1,22675.24,22584.72,22629.98,10285
2023-08-16 22:00:00,22633.71,22848.62,22599.84,22726.88,12396
2023-08-16 23:00:00,22714.25,22962.6,22649.53,22759.68,11959
2023-08-17 00:00:00,22803.18,22835.49,22670.68,22750.16,6106
2023-08-17 01:00:00,22779.32,22779.32,22528.91,22733.86,11786
2023-08-17 02:00:00,22733.1,22781.84,22658.09,22736.37,5157
2023-08-17 03:00:00,22755.65,22923.59,22674.26,22839.59,7219
2023-08-17 04:00:00,22866.3,22926.75,22794.53,22840.21,11709
2023-08-17 05:00:00,22828.18,22912.1,22658.29,22850.24,9389
2023-08-17 06:00:00,22862.15,22878.35,22639.76,22834.33,7059
2023-08-17 07:00:00,22861.16,23103.23,22850.49,22907.01,13465
2023-08-17 08:00:00,22973.35,23268.69,22973.35,23027.35,9052
2023-08-17 09:00:00,23003.08,23254.78,22882.59,23061.38,10872
2023-08-17 10:00:00,23028.13,23130.81,23028.13,23074.28,9899
2023-08-17 11:00:00,23098.61,23138.35,22926.28,23084.64,9757
2023-08-17 12:00:00,23015.89,23015.89,22821.06,22958.1,7452
2023-08-17 13:00:00,23004.38,23150.75,22964.15,23010.17,11405
2023-08-17 14:00:00,23023.71,23068.23,22919.31,23027.27,10629
2023-08-17 15:00:00,23059.63,23115.65,22969.99,23060.93,8787
2023-08-17 16:00:00,23050.75,23210.82,22976.09,23030.08,7936
2023-08-17 17:00:00,23019.66,23074.93,22991.34,23018.68,12908
2023-08-17 18:00:00,22983.14,23039.67,22926.66,23006.01,11886
2023-08-17 19:00:00,23027.89,23121.07,23027.89,23074.04,10359
2023-08-17 20:00:00,23101.96,23233.45,23026.98,23062.54,7786
2023-08-17 21:00:00,23163.11,23298.78,23163.11,23190.71,15807
2023-08-17 22:00:00,23111.43,23270.62,23045.9,23224.17,11808
2023-08-17 23:00:00,23206.76,23206.76,23047.85,23160.43,10698
2023-08-18 00:00:00,23157.44,23180.54,22960.93,23163.06,12940
2023-08-18 01:00:00,23144.9,23264.04,23089.99,23136.26,6748
2023-08-18 02:00:00,23117.22,23117.22,22970.92,23022.46,8157
2023-08-18 03:00:00,23037.85,23170.69,22971.27,23124.44,11093
2023-08-18 04:00:00,23144.87,23324.95,23134.16,23174.89,12660
2023-08-18 05:00:00,23147.99,23286.7,23147.99,23215.34,8331
2023-08-18 06:00:00,23189.42,23253.1,23155.9,23234.71,13377
2023-08-18 07:00:00,23207.91,23212.25,23119.58,23165.92,8418
2023-08-18 08:00:00,23161.9,23161.9,23038.3,23149.1,9090
2023-08-18 09:00:00,23141.89,23252.26,23076.24,23207.84,10822
2023-08-18 10:00:00,23210.18,23210.18,23076.64,23158.65,10976
2023-08-18 11:00:00,23072.36,23072.36,22950.16,23026.3,11808
2023-08-18 12:00:00,23005.85,23103.78,22980.11,23026.17,9480
2023-08-18 13:00:00,22983.71,23076.91,22958.29,23030.85,11125
2023-08-18 14:00:00,23052.63,23115.94,22995.11,23051.39,10700
2023-08-18 15:00:00,23049.17,23151.12,22989.36,23104.91,9172
2023-08-18 16:00:00,23107.69,23204.61,23106.01,23152.32,11323
2023-08-18 17:00:00,23224.52,23224.52,23170.88,23178.16,15122
2023-08-18 18:00:00,23210.56,23289.99,23210.56,23257.07,11073
2023-08-18 19:00:00,23194.33,23228.06,23086.81,23180.83,12701
2023-08-18 20:00:00,23188.44,23265.31,23135.09,23220.47,8891
2023-08-18 21:00:00,23231.75,23358.75,23220.32,23266.85,9622
2023-08-18 22:00:00,23243.62,23265.82,23153.65,23206.52,10728
2023-08-18 23:00:00,23194.7,23258.19,23069.68,23131.79,9299
2023-08-19 00:00:00,23109.12,23225.02,22940.67,23101.47,6185
2023-08-19 01:00:00,23138.38,23148.48,23030.28,23076.43,16126
2023-08-19 02:00:00,23083.08,23143.55,23083.08,23131.65,16565
2023-08-19 03:00:00,23114.46,23286.55,23053.45,23108.79,3558
2023-08-19 04:00:00,23068.69,23118.27,22849.06,23072.12,17583
2023-08-19 05:00:00,23046.64,23096.07,22892.79,23049.97,21820
2023-08-19 06:00:00,23079.66,23190.09,23079.66,23125.91,5569
2023-08-19 07:00:00,23122.54,23335.64,23102.55,23138.56,17014
2023-08-19 08:00:00,23128.97,23181.05,23059.04,23140.5,13845
2023-08-19 09:00:00,23111.29,23283.32,23099.84,23146.07,9016
2023-08-19 10:00:00,23184.51,23277.43,23184.51,23230.97,16295
2023-08-19 11:00:00,23219.36,23375.98,23052.54,23198.85,8111
2023-08-19 12:00:00,23237.9,23390.38,23237.9,23284.47,8870
2023-08-19 13:00:00,23279.19,23481.6,23259.78,23306.39,10029
2023-08-19 14:00:00,23340.65,23506.33,23260.43,23307.05,21875
2023-08-19 15:00:00,23416.72,23576.19,23416.72,23459.6,18320
2023-08-19 16:00:00,23425.43,23425.43,23319.5,23406.73,11127
2023-08-19 17:00:00,23438.58,23540.4,23245.22,23395.32,8808
2023-08-19 18:00:00,23359.4,23359.4,23287.65,23334.32,6598
2023-08-19 19:00:00,23367.86,23532.02,23317.89,23399.18,12924
2023-08-19 20:00:00,23458.52,23552.54,23458.52,23505.53,13771
2023-08-19 21:00:00,23518.45,23772.44,23518.45,23610.33,10866
2023-08-19 22:00:00,23640.84,23837.72,23640.84,23688.21,8591
2023-08-19 23:00:00,23677.13,23730.23,23666.97,23682.86,9147
2023-08-20 00:00:00,23692.04,23885.97,23647.73,23667.74,12893
2023-08-20 01:00:00,23651.68,23768.2,23368.87,23576.89,9474
2023-08-20 02:00:00,23607.84,23748.98,23607.84,23701.58,13448
2023-08-20 03:00:00,23703.04,23761.23,23680.21,23734.25,11898
2023-08-20 04:00:00,23726.41,23758.16,23678.04,23710.74,11335
2023-08-20 05:00:00,23757.36,23840.9,23757.36,23793.31,10665
2023-08-20 06:00:00,23750.86,23750.86,23612.15,23740.94,11888
2023-08-20 07:00:00,23746.72,23871.34,23695.0,23769.52,9854
2023-08-20 08:00:00,23778.36,23802.75,23757.55,23764.04,14772
2023-08-20 09:00:00,23781.02,23973.24,23758.46,23806.1,7543
2023-08-20 10:00:00,23764.72,23871.54,23764.72,23806.77,11475
2023-08-20 11:00:00,23774.23,23774.23,23583.03,23726.78,10007
2023-08-20 12:00:00,23731.83,23784.43,23689.49,23736.96,17834
2023-08-20 13:00:00,23781.3,23900.92,23781.3,23803.79,7048
2023-08-20 14:00:00,23822.13,23931.99,23642.37,23807.5,16736
2023-08-20 15:00:00,23835.27,24010.65,23835.27,23857.85,8954
2023-08-20 16:00:00,23820.19,23862.8,23681.36,23801.21,10147
2023-08-20 17:00:00,23841.15,23971.67,23623.44,23805.31,14515
2023-08-20 18:00:00,23799.99,23879.76,23737.8,23774.46,10181
2023-08-20 19:00:00,23778.45,23855.0,23754.53,23823.28,17749
2023-08-20 20:00:00,23820.46,23949.86,23740.4,23829.85,8089
2023-08-20 21:00:00,23827.11,23899.34,23827.11,23874.86,8392
2023-08-20 22:00:00,23907.15,23962.82,23807.39,23942.06,10513
2023-08-20 23:00:00,23948.31,24033.33,23916.32,23985.75,8054
2023-08-21 00:00:00,24014.19,24052.27,23956.25,24004.26,11223
2023-08-21 01:00:00,23988.84,24099.01,23900.03,23947.92,7207
2023-08-21 02:00:00,23949.01,24079.71,23752.49,23950.82,9147
2023-08-21 03:00:00,23985.3,24052.11,23809.01,23922.31,8097
2023-08-21 04:00:00,23938.05,24037.51,23775.99,23905.06,7426
2023-08-21 05:00:00,23908.36,23955.67,23838.31,23886.08,14327
2023-08-21 06:00:00,23891.01,23901.49,23717.42,23832.25,12186
2023-08-21 07:00:00,23769.61,23769.61,23695.6,23722.16,7070
2023-08-21 08:00:00,23728.32,23805.8,23641.42,23688.8,6714
2023-08-21 09:00:00,23694.38,23719.61,23598.91,23705.72,9810
2023-08-21 10:00:00,23715.53,23746.29,23585.99,23633.26,13319
2023-08-21 11:00:00,23648.95,23689.24,23593.99,23641.27,12297
2023-08-21 12:00:00,23694.92,23980.26,23694.92,23758.65,14997
2023-08-21 13:00:00,23808.82,24012.82,23765.95,23824.26,9784
2023-08-21 14:00:00,23877.7,24077.63,23877.7,23925.55,11583
2023-08-21 15:00:00,23902.18,24112.69,23848.93,23952.36,15073
2023-08-21 16:00:00,23955.07,24123.02,23908.61,24024.41,11816
2023-08-21 17:00:00,24032.31,24032.31,23974.21,23984.34,16594
2023-08-21 18:00:00,23983.05,24002.1,23901.23,23949.13,10500
2023-08-21 19:00:00,23887.27,23887.27,23744.25,23791.83,11832
2023-08-21 20:00:00,23808.48,23941.41,23792.13,23866.18,14103
2023-08-21 21:00:00,23912.94,24078.6,23912.94,23960.86,9954
2023-08-21 22:00:00,23955.49,23979.98,23884.25,23932.12,9191
2023-08-21 23:00:00,23912.24,24045.5,23873.65,23921.5,14303
2023-08-22 00:00:00,23905.97,23927.48,23834.15,23881.92,12531
2023-08-22 01:00:00,23841.34,23984.69,23740.61,23909.28,8116
2023-08-22 02:00:00,23918.87,24137.93,23740.62,23980.31,10907
2023-08-22 03:00:00,23930.02,23930.02,23742.1,23882.26,10260
2023-08-22 04:00:00,23871.93,24109.83,23864.04,23911.87,7862
2023-08-22 05:00:00,23886.08,23948.65,23796.57,23900.85,9922
2023-08-22 06:00:00,23887.81,23984.52,23799.95,23912.63,8163
2023-08-22 07:00:00,23927.49,23972.34,23896.79,23944.68,11770
2023-08-22 08:00:00,23985.62,24097.54,23890.64,23938.52,12047
2023-08-22 09:00:00,23914.84,24026.74,23814.53,23937.25,13091
2023-08-22 10:00:00,23877.13,23991.46,23740.31,23929.24,19254
2023-08-22 11:00:00,23964.51,24038.47,23859.25,23990.49,6996
2023-08-22 12:00:00,24051.35,24137.06,23971.01,24019.05,8802
2023-08-22 13:00:00,24018.53,24106.59,23929.12,24035.53,14814
2023-08-22 14:00:00,24011.89,24011.89,23947.97,23963.96,15226
2023-08-22 15:00:00,23960.77,24131.52,23839.35,23946.28,13110
2023-08-22 16:00:00,23971.85,24160.53,23717.88,24003.55,16496
2023-08-22 17:00:00,24040.38,24103.6,23961.46,24009.48,10756
2023-08-22 18:00:00,24007.97,24194.43,23980.71,24051.77,8274
2023-08-22 19:00:00,24110.94,24246.78,24110.94,24159.26,12153
2023-08-22 20:00:00,24207.47,24323.97,24174.87,24223.32,7603
2023-08-22 21:00:00,24209.24,24253.46,24112.84,24230.86,8912
2023-08-22 22:00:00,24210.19,24305.54,24055.91,24202.69,7900
2023-08-22 23:00:00,24168.56,24168.56,23976.06,24053.74,7952
2023-08-23 00:00:00,24045.4,24096.73,24000.54,24048.64,22565
2023-08-23 01:00:00,24077.31,24173.4,23986.36,24034.43,10580
2023-08-23 02:00:00,24066.72,24083.25,23906.03,24062.84,10836
2023-08-23 03:00:00,24073.12,24184.44,24057.24,24058.87,8705
2023-08-23 04:00:00,24061.48,24204.92,23955.83,24045.12,12443
2023-08-23 05:00:00,24012.83,24012.83,23717.52,23946.07,14773
2023-08-23 06:00:00,23945.89,23945.89,23736.64,23898.1,10827
2023-08-23 07:00:00,23868.54,24006.25,23825.6,23934.14,9563
2023-08-23 08:00:00,23969.07,24199.02,23969.07,24042.56,17244
2023-08-23 09:00:00,24065.02,24065.02,23997.22,24043.14,7593
2023-08-23 10:00:00,24033.32,24156.3,24020.53,24068.67,13879
2023-08-23 11:00:00,24082.55,24190.94,24082.55,24130.81,10298
2023-08-23 12:00:00,24110.34,24136.16,23954.94,24087.99,9273
2023-08-23 13:00:00,24101.3,24163.29,24036.48,24115.06,6333
2023-08-23 14:00:00,24093.94,24093.94,24028.59,24076.75,5817
2023-08-23 15:00:00,24080.8,24181.84,24080.8,24133.58,8476
2023-08-23 16:00:00,24125.92,24410.84,24099.43,24147.73,13052
2023-08-23 17:00:00,24129.18,24323.37,24122.19,24170.53,18046
2023-08-23 18:00:00,24170.59,24195.39,24093.23,24128.96,9672
2023-08-23 19:00:00,24071.89,24273.2,24000.7,24176.44,9583
2023-08-23 20:00:00,24279.76,24353.38,24279.76,24304.77,10092
2023-08-23 21:00:00,24262.24,24450.22,24174.85,24248.14,9378
2023-08-23 22:00:00,24245.4,24407.01,23995.09,24232.16,11916
2023-08-23 23:00:00,24236.02,24554.64,24201.85,24250.35,11725
2023-08-24 00:00:00,24269.29,24349.61,24136.27,24301.01,10563
2023-08-24 01:00:00,24300.86,24369.31,24201.43,24271.27,10376
2023-08-24 02:00:00,24155.23,24155.23,24014.82,24107.01,8386
2023-08-24 03:00:00,24124.25,24370.13,24105.07,24193.39,10500
2023-08-24 04:00:00,24181.77,24282.86,24082.96,24243.72,10700
2023-08-24 05:00:00,24262.61,24267.85,24083.19,24144.99,6491
2023-08-24 06:00:00,24173.48,24262.38,23944.51,24114.8,11767
2023-08-24 07:00:00,24205.0,24261.83,24205.0,24213.4,14609
2023-08-24 08:00:00,24247.12,24310.0,24247.12,24304.33,12619
2023-08-24 09:00:00,24333.15,24473.27,24253.74,24364.26,13559
2023-08-24 10:00:00,24342.97,24416.49,24215.17,24356.94,15103
2023-08-24 11:00:00,24351.12,24521.51,24290.18,24365.03,5900
2023-08-24 12:00:00,24369.68,24425.85,24182.63,24360.17,14297
2023-08-24 13:00:00,24389.34,24479.31,24378.14,24430.45,10773
2023-08-24 14:00:00,24407.1,24407.1,24307.72,24379.95,10879
2023-08-24 15:00:00,24395.01,24406.71,24285.34,24334.01,7057
2023-08-24 16:00:00,24348.52,24525.97,24348.52,24397.32,5113
2023-08-24 17:00:00,24426.88,24446.03,24315.05,24397.24,7700
2023-08-24 18:00:00,24402.52,24604.3,24153.57,24481.93,8995
2023-08-24 19:00:00,24481.51,24700.97,24203.16,24442.98,5702
2023-08-24 20:00:00,24466.3,24466.3,24218.34,24441.35,9034
2023-08-24 21:00:00,24408.14,24442.41,24310.86,24387.78,13781
2023-08-24 22:00:00,24352.13,24519.91,24341.74,24390.52,14168
2023-08-24 23:00:00,24416.72,24466.55,24211.16,24304.4,11102
2023-08-25 00:00:00,24290.36,24327.78,24190.4,24279.22,10283
2023-08-25 01:00:00,24266.29,24359.46,23982.34,24197.91,7925
2023-08-25 02:00:00,24199.89,24248.78,24099.46,24244.03,11806
2023-08-25 03:00:00,24262.12,24394.19,24234.22,24290.85,20544
2023-08-25 04:00:00,24276.3,24276.3,24143.5,24191.89,17342
2023-08-25 05:00:00,24200.74,24397.62,24129.2,24275.81,10949
2023-08-25 06:00:00,24312.7,24572.98,24277.92,24428.01,10253
2023-08-25 07:00:00,24431.6,24580.05,24386.86,24432.92,10729
2023-08-25 08:00:00,24373.77,24528.97,24347.97,24396.76,11814
2023-08-25 09:00:00,24478.94,24645.9,24478.94,24568.31,12118
2023-08-25 10:00:00,24552.53,24552.53,24343.04,24490.08,9275
2023-08-25 11:00:00,24507.12,24542.53,24427.84,24493.54,8504
2023-08-25 12:00:00,24524.27,24603.02,24442.43,24506.41,9729
2023-08-25 13:00:00,24564.27,24733.75,24487.56,24589.07,8816
2023-08-25 14:00:00,24567.59,24624.5,24528.62,24611.36,6936
2023-08-25 15:00:00,24590.17,24720.12,24237.21,24581.99,6697
2023-08-25 16:00:00,24598.15,24612.11,24259.11,24525.98,12353
2023-08-25 17:00:00,24541.16,24556.77,24451.04,24507.75,13349
2023-08-25 18:00:00,24499.1,24499.1,24235.17,24450.19,7892
2023-08-25 19:00:00,24439.0,24483.57,24439.0,24456.63,9266
2023-08-25 20:00:00,24441.96,24577.84,24227.91,24426.15,7154
2023-08-25 21:00:00,24345.7,24345.7,24291.82,24340.5,10815
2023-08-25 22:00:00,24391.11,24540.04,24391.11,24419.99,10804
2023-08-25 23:00:00,24417.45,24442.76,24236.61,24393.97,7308
2023-08-26 00:00:00,24371.24,24371.24,24187.29,24322.6,16113
2023-08-26 01:00:00,24306.15,24387.99,24295.9,24317.89,5394
2023-08-26 02:00:00,24322.0,24376.07,24227.43,24327.42,9712
2023-08-26 03:00:00,24276.84,24276.84,24105.91,24228.72,6707
2023-08-26 04:00:00,24288.82,24398.05,24131.28,24255.25,9160
2023-08-26 05:00:00,24230.21,24230.21,24077.82,24199.44,12074
2023-08-26 06:00:00,24258.87,24376.71,24258.87,24307.49,10196
2023-08-26 07:00:00,24326.64,24449.84,24295.43,24344.12,10917
2023-08-26 08:00:00,24419.24,24435.53,24151.62,24325.54,11941
2023-08-26 09:00:00,24258.47,24414.55,24211.42,24286.79,9288
2023-08-26 10:00:00,24262.56,24366.09,24141.79,24286.59,9077
2023-08-26 11:00:00,24291.57,24469.42,24280.2,24328.86,8499
2023-08-26 12:00:00,24335.22,24374.05,24268.52,24332.8,11399
2023-08-26 13:00:00,24345.94,24359.85,24298.72,24325.35,8919
2023-08-26 14:00:00,24371.1,24383.1,24183.9,24334.43,6061
2023-08-26 15:00:00,24311.85,24492.61,24080.26,24304.42,8950
2023-08-26 16:00:00,24298.18,24518.89,24219.59,24290.17,7565
2023-08-26 17:00:00,24283.5,24290.85,24055.78,24172.91,9185
2023-08-26 18:00:00,24232.68,24374.46,24232.68,24238.93,8295
2023-08-26 19:00:00,24265.3,24273.2,24207.04,24263.81,10610
2023-08-26 20:00:00,24224.54,24273.14,24218.27,24224.69,8069
2023-08-26 21:00:00,24264.58,24435.39,24264.58,24344.97,8463
2023-08-26 22:00:00,24373.51,24404.94,24255.84,24356.23,12122
2023-08-26 23:00:00,24380.56,24380.56,24251.43,24300.03,12877
2023-08-27 00:00:00,24352.98,24406.08,24352.98,24357.37,8890
2023-08-27 01:00:00,24339.08,24399.82,24298.34,24386.58,10625
2023-08-27 02:00:00,24402.77,24473.46,24361.55,24415.41,9178
2023-08-27 03:00:00,24403.52,24403.52,24145.69,24395.09,10256
2023-08-27 04:00:00,24378.34,24484.98,24378.34,24427.19,10272
2023-08-27 05:00:00,24400.6,24465.02,24400.6,24416.19,12768
2023-08-27 06:00:00,24418.14,24594.98,24299.85,24454.48,7687
2023-08-27 07:00:00,24424.98,24455.27,24343.61,24344.76,6888
2023-08-27 08:00:00,24359.2,24493.44,24275.8,24324.45,11943
2023-08-27 09:00:00,24375.18,24476.74,24375.18,24432.65,9578
2023-08-27 10:00:00,24441.61,24582.79,24333.44,24391.09,9624
2023-08-27 11:00:00,24395.36,24427.81,24311.3,24360.02,10597
2023-08-27 12:00:00,24318.87,24427.56,24233.62,24338.58,16093
2023-08-27 13:00:00,24307.25,24437.92,24223.21,24271.76,15538
2023-08-27 14:00:00,24319.75,24390.75,24099.04,24147.33,13154
2023-08-27 15:00:00,24117.77,24190.2,24113.61,24141.92,8401
2023-08-27 16:00:00,24155.33,24257.8,24101.18,24157.82,5844
2023-08-27 17:00:00,24179.52,24221.62,24137.82,24162.55,12809
2023-08-27 18:00:00,24177.09,24256.12,24056.31,24161.78,9169
2023-08-27 19:00:00,24159.99,24322.94,24136.68,24172.01,7959
2023-08-27 20:00:00,24233.01,24410.76,24216.41,24240.34,11727
2023-08-27 21:00:00,24249.37,24362.13,24035.65,24236.21,9118
2023-08-27 22:00:00,24264.86,24353.52,24165.41,24208.87,19179
2023-08-27 23:00:00,24202.22,24202.22,24150.77,24199.17,18119
2023-08-28 00:00:00,24223.9,24375.5,24220.98,24241.22,13230
2023-08-28 01:00:00,24229.8,24532.83,24187.66,24332.44,17186
2023-08-28 02:00:00,24336.8,24350.05,24221.13,24301.45,9551
2023-08-28 03:00:00,24290.15,24525.84,24283.22,24314.51,8308
2023-08-28 04:00:00,24318.55,24439.45,24293.04,24341.72,9650
2023-08-28 05:00:00,24301.58,24301.58,24249.35,24289.51,8067
2023-08-28 06:00:00,24290.94,24461.25,24249.97,24298.57,10965
2023-08-28 07:00:00,24267.69,24267.69,24210.87,24219.25,9158
2023-08-28 08:00:00,24130.97,24130.97,24074.93,24123.17,7605
2023-08-28 09:00:00,24124.88,24301.85,24102.5,24154.99,13495
2023-08-28 10:00:00,24190.23,24190.23,23912.47,24141.94,9716
2023-08-28 11:00:00,24147.56,24199.15,23974.92,24163.79,11035
2023-08-28 12:00:00,24155.01,24370.0,24132.0,24172.11,11334
2023-08-28 13:00:00,24190.13,24292.15,24075.18,24123.43,11008
2023-08-28 14:00:00,24088.95,24152.36,23968.36,24130.47,11351
2023-08-28 15:00:00,24146.74,24182.41,24018.91,24067.04,13932
2023-08-28 16:00:00,24153.77,24220.32,24153.77,24159.2,9832
2023-08-28 17:00:00,24136.17,24136.17,24018.47,24088.0,10314
2023-08-28 18:00:00,24071.51,24221.35,24037.93,24086.5,9484
2023-08-28 19:00:00,24068.65,24209.55,24025.27,24035.37,6640
2023-08-28 20:00:00,24030.25,24170.04,23957.19,24079.87,6530
2023-08-28 21:00:00,24081.45,24233.48,23990.46,24071.07,7805
2023-08-28 22:00:00,24053.36,24099.76,23990.07,24051.63,9376
2023-08-28 23:00:00,24056.95,24306.12,23889.18,24113.43,7993
2023-08-29 00:00:00,24083.13,24314.5,24037.97,24126.05,9457
2023-08-29 01:00:00,24119.09,24270.35,24119.09,24167.43,7048
2023-08-29 02:00:00,24167.7,24305.7,23916.62,24120.01,8735
2023-08-29 03:00:00,24065.31,24065.31,23961.56,24048.61,13779
2023-08-29 04:00:00,24041.8,24255.06,24032.51,24067.77,10864
2023-08-29 05:00:00,24078.46,24203.56,24013.52,24061.65,15869
2023-08-29 06:00:00,24081.98,24130.32,24063.27,24111.5,8378
2023-08-29 07:00:00,24107.39,24212.04,24073.29,24119.47,9575
2023-08-29 08:00:00,24112.58,24192.38,24011.75,24144.09,8476
2023-08-29 09:00:00,24108.38,24108.38,24012.14,24060.26,19347
2023-08-29 10:00:00,24136.43,24276.75,24136.43,24184.8,8281
2023-08-29 11:00:00,24182.21,24282.52,24138.69,24187.07,11445
2023-08-29 12:00:00,24185.71,24335.84,24159.36,24240.64,7495
2023-08-29 13:00:00,24249.24,24274.22,24186.89,24202.57,10669
2023-08-29 14:00:00,24202.98,24368.51,24176.87,24232.57,12543
2023-08-29 15:00:00,24246.18,24251.09,24073.62,24166.71,10057
2023-08-29 16:00:00,24171.55,24253.66,24146.5,24205.58,7231
2023-08-29 17:00:00,24177.12,24297.41,24147.4,24195.79,8633
2023-08-29 18:00:00,24233.15,24523.62,24064.44,24208.71,9383
2023-08-29 19:00:00,24221.08,24339.3,24177.02,24261.26,6277
2023-08-29 20:00:00,24207.02,24287.73,24091.17,24198.91,14020
2023-08-29 21:00:00,24216.82,24218.39,24121.71,24170.05,6711
2023-08-29 22:00:00,24149.61,24398.55,24071.28,24209.3,5897
2023-08-29 23:00:00,24233.07,24394.45,24207.32,24345.76,14522
2023-08-30 00:00:00,24298.22,24396.24,24298.22,24347.55,10968
2023-08-30 01:00:00,24317.9,24656.02,24163.51,24392.98,12630
2023-08-30 02:00:00,24436.11,24543.67,24240.41,24396.25,7893
2023-08-30 03:00:00,24489.93,24743.43,24489.93,24522.13,11250
2023-08-30 04:00:00,24555.81,24556.39,24414.51,24425.35,10165
2023-08-30 05:00:00,24405.78,24489.12,24359.97,24440.24,8406
2023-08-30 06:00:00,24457.16,24570.18,24333.59,24352.06,14092
2023-08-30 07:00:00,24290.85,24339.69,24164.8,24213.22,7531
2023-08-30 08:00:00,24216.5,24255.09,24050.71,24243.51,10550
2023-08-30 09:00:00,24228.75,24509.34,24215.47,24264.0,11683
2023-08-30 10:00:00,24266.59,24307.27,24198.4,24258.75,7641
2023-08-30 11:00:00,24231.61,24319.05,24130.54,24263.83,12324
2023-08-30 12:00:00,24431.2,24624.09,24431.2,24459.67,8245
2023-08-30 13:00:00,24434.07,24490.81,24360.56,24453.28,13772
2023-08-30 14:00:00,24486.94,24548.62,24486.94,24492.97,8144
2023-08-30 15:00:00,24457.63,24612.1,24414.1,24463.03,10963
2023-08-30 16:00:00,24473.51,24592.27,24353.86,24489.76,6244
2023-08-30 17:00:00,24490.63,24533.57,24463.94,24484.6,10259
2023-08-30 18:00:00,24501.79,24527.14,24443.04,24469.16,12764
2023-08-30 19:00:00,24479.18,24672.2,24479.18,24587.32,7443
2023-08-30 20:00:00,24634.57,24704.09,24538.02,24665.86,7350
2023-08-30 21:00:00,24659.75,24846.86,24582.82,24680.65,11326
2023-08-30 22:00:00,24596.94,24596.94,24403.51,24547.85,9010
2023-08-30 23:00:00,24530.66,24583.28,24485.14,24534.21,4902
2023-08-31 00:00:00,24702.18,24748.85,24702.18,24704.48,9339
2023-08-31 01:00:00,24716.78,24724.31,24620.81,24696.18,7156
2023-08-31 02:00:00,24697.54,24820.91,24689.68,24768.4,9713
2023-08-31 03:00:00,24816.28,24910.27,24816.28,24860.55,9947
2023-08-31 04:00:00,24859.81,24926.86,24859.81,24877.11,16297
2023-08-31 05:00:00,24822.4,24878.41,24822.4,24828.76,5085
2023-08-31 06:00:00,24709.07,24709.07,24409.46,24684.31,9984
2023-08-31 07:00:00,24691.52,24930.13,24642.12,24731.2,9301
2023-08-31 08:00:00,24695.47,24736.26,24576.67,24686.88,11252
2023-08-31 09:00:00,24750.09,24750.09,24620.33,24703.36,8944
2023-08-31 10:00:00,24734.83,24734.83,24554.41,24633.11,10962
2023-08-31 11:00:00,24607.69,24673.22,24574.16,24623.41,9465
2023-08-31 12:00:00,24646.03,24786.27,24484.67,24631.11,8686
2023-08-31 13:00:00,24628.44,24815.99,24603.68,24652.99,7444
2023-08-31 14:00:00,24630.16,24630.16,24515.96,24591.04,11096
2023-08-31 15:00:00,24626.13,24790.89,24626.13,24669.11,9498
2023-08-31 16:00:00,24656.15,24726.69,24566.75,24638.15,13595
2023-08-31 17:00:00,24615.57,24704.1,24493.85,24542.94,11273
2023-08-31 18:00:00,24498.51,24713.52,24494.28,24543.37,10082
2023-08-31 19:00:00,24503.13,24609.17,24503.13,24552.24,7376
2023-08-31 20:00:00,24513.89,24769.12,24453.42,24568.67,15915
2023-08-31 21:00:00,24607.62,24706.25,24607.62,24656.94,6552
2023-08-31 22:00:00,24665.0,24739.42,24498.5,24647.72,17230
2023-08-31 23:00:00,24657.31,24706.21,24596.73,24646.02,13351
2023-09-01 00:00:00,24634.21,24634.21,24567.6,24585.04,9065
2023-09-01 01:00:00,24537.58,24882.5,24522.77,24640.44,12908
2023-09-01 02:00:00,24680.05,24705.76,24589.28,24656.45,11668
2023-09-01 03:00:00,24687.82,24687.82,24530.8,24635.85,7008
2023-09-01 04:00:00,24651.92,24668.22,24477.16,24526.21,9548
2023-09-01 05:00:00,24507.05,24679.0,24502.9,24619.33,10596
2023-09-01 06:00:00,24561.53,24684.33,24501.52,24550.62,4821
2023-09-01 07:00:00,24553.85,24739.1,24453.12,24521.64,11699
2023-09-01 08:00:00,24536.11,24607.76,24501.52,24550.62,8769
2023-09-01 09:00:00,24527.72,24527.77,24399.77,24485.88,16742
2023-09-01 10:00:00,24488.62,24488.62,24228.47,24404.52,15663
2023-09-01 11:00:00,24372.04,24451.92,24147.02,24286.31,15614
2023-09-01 12:00:00,24299.48,24388.67,24299.48,24339.99,14954
2023-09-01 13:00:00,24358.02,24366.16,24174.85,24317.53,12800
2023-09-01 14:00:00,24470.24,24695.46,24470.24,24502.03,13787
2023-09-01 15:00:00,24464.19,24499.08,24299.4,24450.17,4480
2023-09-01 16:00:00,24466.49,24551.08,24355.08,24403.88,11351
2023-09-01 17:00:00,24453.53,24460.75,24311.85,24380.15,16155
2023-09-01 18:00:00,24416.12,24426.92,24356.3,24405.11,12181
2023-09-01 19:00:00,24361.71,24494.61,24345.28,24387.42,6275
2023-09-01 20:00:00,24346.77,24576.91,24264.61,24434.71,5462
2023-09-01 21:00:00,24417.45,24417.45,24345.76,24386.05,12989
2023-09-01 22:00:00,24353.13,24353.13,24250.9,24314.45,11584
2023-09-01 23:00:00,24240.73,24240.73,24172.54,24219.07,10045
2023-09-02 00:00:00,24119.11,24119.11,24052.26,24100.46,10396
2023-09-02 01:00:00,24111.38,24120.06,23964.33,24084.99,8869
2023-09-02 02:00:00,24103.23,24315.54,23839.28,24082.73,9790
2023-09-02 03:00:00,24111.56,24129.31,24015.47,24061.49,10940
2023-09-02 04:00:00,24083.21,24311.14,24083.21,24151.63,9874
2023-09-02 05:00:00,24131.5,24413.38,24131.5,24240.05,12313
2023-09-02 06:00:00,24233.27,24336.81,24094.78,24234.74,9472
2023-09-02 07:00:00,24215.45,24215.45,24126.24,24142.47,12516
2023-09-02 08:00:00,24150.93,24150.93,24076.64,24124.89,7775
2023-09-02 09:00:00,24132.36,24153.75,24057.33,24105.54,11865
2023-09-02 10:00:00,24095.56,24098.87,23999.65,24083.39,10983
2023-09-02 11:00:00,24047.09,24107.13,23978.23,24059.01,8588
2023-09-02 12:00:00,24076.06,24101.69,24009.8,24038.0,12663
2023-09-02 13:00:00,24019.4,24080.94,23984.8,24032.87,8447
2023-09-02 14:00:00,24043.3,24108.18,23911.74,24012.91,11859
2023-09-02 15:00:00,24008.47,24048.93,23954.83,24042.86,13426
2023-09-02 16:00:00,24013.38,24113.26,23964.99,24081.34,7719
2023-09-02 17:00:00,24092.7,24092.7,23911.62,24044.61,12425
2023-09-02 18:00:00,23988.41,24320.35,23981.97,24136.94,11336
2023-09-02 19:00:00,24139.89,24328.64,23981.18,24095.56,6301
2023-09-02 20:00:00,24035.04,24091.61,23934.26,24017.12,7352
2023-09-02 21:00:00,23996.23,24105.5,23848.4,24057.38,11797
2023-09-02 22:00:00,24043.83,24043.83,23978.46,24026.51,11067
2023-09-02 23:00:00,24015.5,24178.92,24015.5,24063.63,11533
2023-09-03 00:00:00,23987.7,23987.7,23891.94,23939.82,11331
2023-09-03 01:00:00,23956.91,24247.47,23864.71,24040.38,7553
2023-09-03 02:00:00,23996.61,24371.9,23861.24,24097.61,7293
2023-09-03 03:00:00,24074.13,24074.13,23999.05,24026.08,14282
2023-09-03 04:00:00,24008.6,24049.48,23886.39,23957.43,11364
2023-09-03 05:00:00,24019.25,24129.18,24019.25,24075.06,7053
2023-09-03 06:00:00,24057.84,24123.85,23977.64,24049.49,7959
2023-09-03 07:00:00,24103.65,24139.56,23986.5,24019.21,15397
2023-09-03 08:00:00,23952.96,23952.96,23817.01,23905.15,5816
2023-09-03 09:00:00,23887.09,24166.23,23857.75,23905.57,14577
2023-09-03 10:00:00,23929.97,24104.5,23675.89,23912.95,8659
2023-09-03 11:00:00,23958.45,24079.96,23927.02,23974.97,9655
2023-09-03 12:00:00,23989.46,24106.02,23674.71,23911.9,11903
2023-09-03 13:00:00,23922.86,23974.06,23726.8,23841.97,13146
2023-09-03 14:00:00,23816.12,23936.57,23789.93,23888.79,12383
2023-09-03 15:00:00,23857.58,24158.52,23843.04,23967.73,10596
2023-09-03 16:00:00,23942.22,23942.22,23803.27,23894.43,12019
2023-09-03 17:00:00,23941.36,24076.83,23919.69,23977.69,10925
2023-09-03 18:00:00,23955.7,24034.86,23901.46,23998.96,7433
2023-09-03 19:00:00,24034.0,24130.33,24034.0,24082.17,11104
2023-09-03 20:00:00,24115.51,24142.67,24021.57,24096.39,10586
2023-09-03 21:00:00,24013.63,24013.63,23845.14,23965.7,11675
2023-09-03 22:00:00,23925.55,24127.9,23883.84,23976.35,11765
2023-09-03 23:00:00,24010.3,24152.38,24010.3,24058.31,8335
2023-09-04 00:00:00,24070.83,24072.66,23987.07,24024.61,9965
2023-09-04 01:00:00,24034.79,24176.95,23973.17,24021.22,12264
2023-09-04 02:00:00,24050.32,24056.15,23896.06,24030.91,7722
2023-09-04 03:00:00,24011.68,24011.68,23832.36,23880.12,10027
2023-09-04 04:00:00,23941.48,24047.37,23941.48,23999.37,9591
2023-09-04 05:00:00,24007.76,24126.66,23926.22,23966.62,9171
2023-09-04 06:00:00,23954.17,24064.86,23908.02,24016.83,12039
2023-09-04 07:00:00,24024.93,24102.6,23983.75,24031.82,8608
2023-09-04 08:00:00,24036.45,24127.22,24000.83,24125.61,9107
2023-09-04 09:00:00,24130.02,24216.55,24119.88,24168.21,10945
2023-09-04 10:00:00,24163.51,24173.84,24009.75,24172.91,5452
2023-09-04 11:00:00,24165.14,24278.68,24004.91,24138.5,11429
2023-09-04 12:00:00,24182.12,24257.48,24030.02,24204.44,6343
2023-09-04 13:00:00,24159.91,24159.91,24063.46,24111.68,14707
2023-09-04 14:00:00,24121.16,24274.35,24121.16,24169.05,7884
2023-09-04 15:00:00,24162.09,24162.09,23973.85,24122.4,8068
2023-09-04 16:00:00,24167.12,24332.34,24167.12,24215.55,11308
2023-09-04 17:00:00,24202.22,24291.93,24155.57,24243.44,8186
2023-09-04 18:00:00,24270.48,24386.74,24120.92,24300.03,7273
2023-09-04 19:00:00,24289.17,24371.08,24227.38,24322.44,11201
2023-09-04 20:00:00,24315.59,24315.59,24020.8,24235.49,9353
2023-09-04 21:00:00,24272.9,24296.47,24154.42,24202.82,10805
2023-09-04 22:00:00,24236.57,24309.94,24070.17,24261.41,8909
2023-09-04 23:00:00,24274.4,24347.83,24116.66,24289.69,14127
2023-09-05 00:00:00,24308.48,24584.74,24265.44,24377.9,9857
2023-09-05 01:00:00,24353.79,24569.62,24345.37,24418.98,15058
2023-09-05 02:00:00,24424.19,24459.53,24273.77,24377.74,8093
2023-09-05 03:00:00,24354.49,24456.53,24256.84,24347.09,20433
2023-09-05 04:00:00,24348.75,24419.5,24328.64,24370.76,7384
2023-09-05 05:00:00,24293.36,24293.36,24060.1,24250.06,9309
2023-09-05 06:00:00,24319.19,24424.99,24319.19,24367.92,14892
2023-09-05 07:00:00,24357.07,24536.75,24164.3,24411.45,11526
2023-09-05 08:00:00,24431.18,24577.95,24431.18,24501.31,8190
2023-09-05 09:00:00,24468.31,24468.31,24373.31,24422.16,8734
2023-09-05 10:00:00,24434.82,24589.07,24310.33,24512.99,6903
2023-09-05 11:00:00,24487.43,24711.53,24487.43,24662.2,15152
2023-09-05 12:00:00,24686.81,24715.91,24546.74,24595.94,9683
2023-09-05 13:00:00,24644.29,24728.17,24607.51,24656.82,6873
2023-09-05 14:00:00,24643.15,24968.61,24479.92,24670.79,10282
2023-09-05 15:00:00,24679.31,24679.31,24541.67,24590.85,11521
2023-09-05 16:00:00,24592.15,24801.13,24592.15,24635.39,11670
2023-09-05 17:00:00,24672.72,24780.28,24551.13,24700.17,9892
2023-09-05 18:00:00,24716.03,24727.22,24518.31,24677.87,13806
2023-09-05 19:00:00,24732.01,24880.18,24732.01,24762.95,10346
2023-09-05 20:00:00,24720.15,24720.15,24584.1,24675.45,8278
2023-09-05 21:00:00,24636.99,24739.88,24436.35,24599.52,7961
2023-09-05 22:00:00,24579.21,24775.2,24579.21,24623.02,12068
2023-09-05 23:00:00,24615.87,24709.59,24529.03,24639.97,6735
2023-09-06 00:00:00,24629.62,24701.52,24426.18,24612.33,9038
2023-09-06 01:00:00,24633.18,24819.41,24606.49,24676.99,7047
2023-09-06 02:00:00,24713.77,24788.06,24696.51,24723.48,7119
2023-09-06 03:00:00,24771.29,24838.85,24760.0,24789.27,10935
2023-09-06 04:00:00,24793.28,24844.37,24623.06,24794.78,11135
2023-09-06 05:00:00,24827.55,24899.02,24673.24,24844.28,9037
2023-09-06 06:00:00,24880.09,24951.22,24596.64,24829.63,8225
2023-09-06 07:00:00,24947.63,25163.23,24947.63,24967.46,10807
2023-09-06 08:00:00,25017.14,25152.7,24800.8,24929.25,11424
2023-09-06 09:00:00,25009.11,25266.11,25009.11,25069.93,17563
2023-09-06 10:00:00,25082.68,25222.4,24985.52,25082.01,8442
2023-09-06 11:00:00,25077.14,25091.99,24957.24,25007.25,7799
2023-09-06 12:00:00,25033.73,25152.59,25033.73,25102.39,6595
2023-09-06 13:00:00,25098.1,25170.64,25070.16,25120.4,10219
2023-09-06 14:00:00,25101.89,25233.31,25054.68,25182.95,9351
2023-09-06 15:00:00,25217.43,25318.5,25217.43,25267.96,10731
2023-09-06 16:00:00,25250.52,25456.62,25246.86,25297.46,12099
2023-09-06 17:00:00,25329.67,25398.26,25221.34,25268.41,12864
2023-09-06 18:00:00,25286.14,25479.17,25286.14,25336.81,10276
2023-09-06 19:00:00,25351.46,25494.8,25251.71,25344.03,8465
2023-09-06 20:00:00,25372.53,25444.85,25372.53,25394.06,8142
2023-09-06 21:00:00,25417.34,25417.34,25266.81,25266.95,5617
2023-09-06 22:00:00,25296.92,25405.64,25203.39,25302.77,15590
2023-09-06 23:00:00,25321.59,25321.59,25196.68,25271.05,9125
2023-09-07 00:00:00,25268.67,25617.15,25268.67,25381.5,7408
2023-09-07 01:00:00,25373.95,25517.02,25074.1,25426.66,14784
2023-09-07 02:00:00,25460.71,25498.15,25222.66,25447.26,14595
2023-09-07 03:00:00,25460.47,25534.12,25432.19,25483.16,13758
2023-09-07 04:00:00,25430.11,25430.11,25375.47,25426.32,9113
2023-09-07 05:00:00,25421.19,25654.77,25421.19,25533.83,10633
2023-09-07 06:00:00,25571.84,25711.17,25515.65,25663.58,20864
2023-09-07 07:00:00,25651.31,25743.32,25633.12,25691.94,20025
2023-09-07 08:00:00,25743.79,25918.43,25743.79,25795.38,10502
2023-09-07 09:00:00,25819.46,25821.62,25710.09,25761.62,7845
2023-09-07 10:00:00,25723.5,25723.5,25600.19,25713.4,15589
2023-09-07 11:00:00,25717.72,25995.17,25576.02,25718.79,8870
2023-09-07 12:00:00,25717.37,25809.06,25697.22,25748.72,14930
2023-09-07 13:00:00,25735.04,25755.71,25717.83,25726.34,5772
2023-09-07 14:00:00,25785.66,25814.55,25697.25,25763.03,8750
2023-09-07 15:00:00,25752.82,25846.37,25752.82,25784.72,8702
2023-09-07 16:00:00,25729.55,25807.25,25605.81,25723.4,8237
2023-09-07 17:00:00,25764.65,25893.27,25741.6,25758.97,14590
2023-09-07 18:00:00,25737.29,25867.7,25669.34,25816.07,9700
2023-09-07 19:00:00,25789.05,25848.48,25735.24,25828.95,12751
2023-09-07 20:00:00,25845.08,25955.39,25732.85,25903.59,12560
2023-09-07 21:00:00,25883.44,25883.44,25775.24,25826.89,17871
2023-09-07 22:00:00,25828.81,26004.0,25806.48,25858.2,15304
2023-09-07 23:00:00,25836.84,25994.47,25694.64,25785.23,8660
2023-09-08 00:00:00,25771.19,25832.75,25533.58,25717.17,14471
2023-09-08 01:00:00,25676.04,25818.83,25385.61,25680.15,19126
2023-09-08 02:00:00,25634.28,25809.71,25493.39,25624.03,6887
2023-09-08 03:00:00,25682.86,25717.74,25542.86,25594.04,6340
2023-09-08 04:00:00,25598.25,25635.1,25429.89,25585.59,6724
2023-09-08 05:00:00,25601.67,25669.78,25486.25,25643.24,8638
2023-09-08 06:00:00,25670.68,25670.68,25598.3,25628.04,19021
2023-09-08 07:00:00,25651.65,25651.65,25448.4,25533.14,14520
2023-09-08 08:00:00,25570.16,25768.31,25387.74,25610.18,11221
2023-09-08 09:00:00,25613.46,25613.46,25423.82,25562.33,4754
2023-09-08 10:00:00,25539.11,25629.38,25427.25,25564.23,8761
2023-09-08 11:00:00,25546.82,25649.21,25546.82,25598.02,10626
2023-09-08 12:00:00,25598.71,25666.98,25564.51,25615.74,5306
2023-09-08 13:00:00,25646.02,25817.32,25511.57,25689.68,12138
2023-09-08 14:00:00,25714.94,25937.62,25664.22,25724.07,10147
2023-09-08 15:00:00,25686.09,25696.48,25622.61,25673.96,9915
2023-09-08 16:00:00,25763.94,25840.18,25763.94,25815.58,8934
2023-09-08 17:00:00,25799.08,25912.17,25778.94,25830.6,8920
2023-09-08 18:00:00,25843.4,25875.38,25654.88,25823.74,10135
2023-09-08 19:00:00,25835.81,25969.74,25835.81,25887.59,20244
2023-09-08 20:00:00,25899.74,26092.94,25797.24,25905.34,8156
2023-09-08 21:00:00,25885.25,26040.01,25880.55,25932.41,9412
2023-09-08 22:00:00,25958.0,26099.47,25958.0,26092.27,7386
2023-09-08 23:00:00,26079.65,26127.73,26001.12,26074.26,5022
2023-09-09 00:00:00,26117.75,26117.75,25971.46,26054.06,10203
2023-09-09 01:00:00,26094.65,26227.95,25943.86,26061.98,7579
2023-09-09 02:00:00,26083.68,26256.61,26078.45,26130.71,19313
2023-09-09 03:00:00,26056.96,26056.96,25981.56,26033.62,10194
2023-09-09 04:00:00,26034.32,26158.29,25817.62,25909.02,10223
2023-09-09 05:00:00,25926.05,25926.05,25867.61,25874.3,9787
2023-09-09 06:00:00,25820.59,26014.64,25655.89,25773.78,17854
2023-09-09 07:00:00,25763.28,25922.39,25732.19,25751.4,11106
2023-09-09 08:00:00,25723.48,25839.08,25689.24,25787.51,10951
2023-09-09 09:00:00,25809.94,25898.15,25561.12,25735.39,10770
2023-09-09 10:00:00,25757.13,25790.49,25551.07,25650.39,8284
2023-09-09 11:00:00,25634.92,25712.46,25449.84,25661.14,6196
2023-09-09 12:00:00,25689.44,25942.38,25636.82,25721.65,12742
2023-09-09 13:00:00,25697.41,25697.41,25568.72,25619.96,15411
2023-09-09 14:00:00,25626.49,25729.2,25626.49,25677.85,15357
2023-09-09 15:00:00,25715.11,25786.37,25628.15,25734.9,11268
2023-09-09 16:00:00,25746.81,25851.78,25738.6,25800.18,10743
2023-09-09 17:00:00,25835.63,25920.66,25829.2,25880.96,9631
2023-09-09 18:00:00,25930.6,26243.75,25930.6,26023.31,15292
2023-09-09 19:00:00,25999.42,26203.23,25865.57,26001.62,16984
2023-09-09 20:00:00,25993.75,26078.2,25932.07,26009.79,14911
2023-09-09 21:00:00,26085.25,26262.93,25913.0,25984.4,8631
2023-09-09 22:00:00,25970.92,26037.42,25970.92,25985.92,12225
2023-09-09 23:00:00,25931.58,26114.28,25861.46,26084.72,9342
2023-09-10 00:00:00,26090.31,26115.69,25793.21,25998.6,10744
2023-09-10 01:00:00,26006.1,26006.82,25780.3,25944.64,9695
2023-09-10 02:00:00,25948.19,26204.12,25834.74,26034.0,6940
2023-09-10 03:00:00,26005.35,26155.56,25918.35,26099.54,10169
2023-09-10 04:00:00,26100.86,26100.86,26023.58,26075.73,12791
2023-09-10 05:00:00,26116.55,26282.78,26064.41,26130.55,9180
2023-09-10 06:00:00,26095.15,26430.18,25985.02,26152.19,6652
2023-09-10 07:00:00,26158.91,26299.86,26014.66,26247.36,13137
2023-09-10 08:00:00,26232.57,26331.73,26040.1,26249.76,12913
2023-09-10 09:00:00,26202.07,26359.94,26158.83,26313.39,8996
2023-09-10 10:00:00,26392.95,26493.09,26392.95,26480.63,9340
2023-09-10 11:00:00,26479.19,26610.86,26479.19,26513.68,17723
2023-09-10 12:00:00,26480.79,26519.8,26480.79,26511.03,10394
2023-09-10 13:00:00,26503.63,26646.08,26499.3,26552.4,14903
2023-09-10 14:00:00,26495.68,26630.0,26469.65,26522.7,11615
2023-09-10 15:00:00,26587.14,26726.07,26587.14,26672.73,15677
2023-09-10 16:00:00,26690.18,26828.4,26569.49,26677.43,21325
2023-09-10 17:00:00,26663.68,26739.82,26599.33,26652.63,13815
2023-09-10 18:00:00,26677.49,26758.45,26453.72,26591.94,13012
2023-09-10 19:00:00,26631.16,26809.48,26574.56,26658.49,7592
2023-09-10 20:00:00,26695.96,26790.14,26639.66,26709.08,7501
2023-09-10 21:00:00,26712.59,26773.16,26542.72,26670.0,11338
2023-09-10 22:00:00,26683.7,26754.97,26648.16,26701.56,7755
2023-09-10 23:00:00,26643.66,26643.66,26543.34,26596.54,7552
2023-09-11 00:00:00,26608.68,26608.68,26583.93,26603.91,11160
2023-09-11 01:00:00,26626.04,26680.26,26626.04,26628.31,7741
2023-09-11 02:00:00,26701.09,26967.15,26701.09,26734.25,10475
2023-09-11 03:00:00,26741.74,26759.62,26563.33,26676.96,7660
2023-09-11 04:00:00,26625.44,26750.76,26507.03,26587.38,9405
2023-09-11 05:00:00,26545.19,26545.19,26159.31,26524.43,13701
2023-09-11 06:00:00,26503.15,26503.15,26422.2,26434.11,8834
2023-09-11 07:00:00,26463.48,26528.21,26316.48,26518.5,12580
2023-09-11 08:00:00,26533.52,26669.04,26342.05,26615.86,7741
2023-09-11 09:00:00,26618.8,26726.24,26404.88,26632.55,9638
2023-09-11 10:00:00,26654.57,26761.4,26654.57,26707.98,9344
2023-09-11 11:00:00,26719.65,26843.09,26626.54,26711.54,7104
2023-09-11 12:00:00,26703.93,26766.3,26436.25,26699.87,15438
2023-09-11 13:00:00,26631.82,26726.38,26559.33,26673.03,10101
2023-09-11 14:00:00,26653.77,26772.89,26605.07,26648.23,5261
2023-09-11 15:00:00,26596.5,26596.5,26490.33,26543.42,9826
2023-09-11 16:00:00,26584.53,26653.56,26380.44,26558.37,8099
2023-09-11 17:00:00,26552.69,26674.33,26346.28,26552.88,14543
2023-09-11 18:00:00,26590.13,26651.36,26590.13,26598.17,7640
2023-09-11 19:00:00,26588.65,26679.63,26547.48,26600.69,12066
2023-09-11 20:00:00,26552.0,26775.64,26432.81,26586.38,9046
2023-09-11 21:00:00,26618.76,26727.46,26369.13,26526.31,9403
2023-09-11 22:00:00,26559.14,26775.9,26475.54,26528.6,6137
2023-09-11 23:00:00,26557.46,26627.29,26500.27,26574.14,11658
2023-09-12 00:00:00,26507.15,26507.15,26275.45,26496.69,17498
2023-09-12 01:00:00,26515.82,26515.82,26499.47,26500.24,9474
2023-09-12 02:00:00,26491.2,26576.62,26487.14,26513.25,15006
2023-09-12 03:00:00,26467.36,26505.12,26381.87,26464.22,9323
2023-09-12 04:00:00,26411.37,26477.2,26378.0,26424.36,13450
2023-09-12 05:00:00,26467.82,26490.93,26385.18,26438.05,11809
2023-09-12 06:00:00,26409.62,26415.95,26224.55,26363.23,8004
2023-09-12 07:00:00,26342.41,26614.67,26292.08,26385.74,8055
2023-09-12 08:00:00,26334.22,26356.07,26298.99,26327.49,10312
2023-09-12 09:00:00,26282.71,26516.23,26152.69,26396.79,10071
2023-09-12 10:00:00,26495.11,26765.57,26495.11,26548.2,15415
2023-09-12 11:00:00,26539.64,26539.64,26379.88,26490.65,12982
2023-09-12 12:00:00,26450.98,26546.16,26407.16,26524.74,11265
2023-09-12 13:00:00,26481.24,26645.01,26423.66,26476.62,8922
2023-09-12 14:00:00,26486.73,26742.82,26486.73,26544.17,10140
2023-09-12 15:00:00,26525.85,26592.05,26408.94,26461.09,13184
2023-09-12 16:00:00,26439.91,26545.88,26439.91,26492.9,11904
2023-09-12 17:00:00,26500.31,26500.31,26312.03,26436.68,12646
2023-09-12 18:00:00,26467.76,26498.11,26371.6,26424.45,7917
2023-09-12 19:00:00,26412.07,26412.07,26290.41,26359.35,12130
2023-09-12 20:00:00,26355.64,26643.98,26278.92,26415.06,9834
2023-09-12 21:00:00,26464.76,26464.76,26356.52,26362.78,17716
2023-09-12 22:00:00,26385.33,26638.54,26385.33,26400.94,10732
2023-09-12 23:00:00,26371.99,26522.16,26314.47,26380.79,8719
2023-09-13 00:00:00,26381.55,26537.63,26273.55,26376.08,9777
2023-09-13 01:00:00,26361.59,26441.45,26293.24,26388.67,8167
2023-09-13 02:00:00,26395.13,26395.13,26253.88,26342.45,14135
2023-09-13 03:00:00,26351.71,26412.61,26307.17,26359.89,7142
2023-09-13 04:00:00,26308.59,26503.65,26204.48,26462.72,17251
2023-09-13 05:00:00,26427.65,26427.65,26386.72,26414.9,10077
2023-09-13 06:00:00,26456.7,26608.35,26215.51,26493.76,9776
2023-09-13 07:00:00,26558.36,26624.83,26558.36,26593.33,10714
2023-09-13 08:00:00,26586.5,26604.87,26529.36,26541.05,7404
2023-09-13 09:00:00,26483.05,26561.77,26342.82,26447.93,10681
2023-09-13 10:00:00,26423.38,26498.04,26423.38,26469.84,7024
2023-09-13 11:00:00,26469.63,26628.23,26383.73,26436.6,11474
2023-09-13 12:00:00,26479.29,26717.11,26479.29,26559.94,11106
2023-09-13 13:00:00,26561.83,26738.22,26539.72,26562.69,11850
2023-09-13 14:00:00,26569.38,26569.38,26458.13,26511.15,6852
2023-09-13 15:00:00,26527.87,26623.8,26385.4,26438.27,13659
2023-09-13 16:00:00,26431.63,26529.14,26383.76,26511.37,8996
2023-09-13 17:00:00,26528.75,26528.75,26379.91,26475.79,6841
2023-09-13 18:00:00,26466.22,26576.99,26415.18,26480.47,11637
2023-09-13 19:00:00,26514.18,26662.26,26428.93,26544.15,11898
2023-09-13 20:00:00,26533.9,26743.31,26427.7,26513.59,9429
2023-09-13 21:00:00,26510.8,26703.87,26418.15,26511.87,18012
2023-09-13 22:00:00,26509.92,26565.1,26466.6,26512.08,9279
2023-09-13 23:00:00,26499.1,26610.52,26414.26,26557.4,11731
2023-09-14 00:00:00,26519.11,26757.91,26346.4,26596.51,11958
2023-09-14 01:00:00,26624.41,26722.73,26362.67,26582.48,10036
2023-09-14 02:00:00,26538.14,26738.67,26426.12,26587.41,9200
2023-09-14 03:00:00,26574.96,26618.72,26453.99,26564.3,16650
2023-09-14 04:00:00,26522.36,26522.36,26309.51,26469.42,10172
2023-09-14 05:00:00,26503.62,26635.94,26435.69,26488.67,11586
2023-09-14 06:00:00,26525.14,26666.5,26373.97,26613.27,14067
2023-09-14 07:00:00,26602.97,26697.13,26398.56,26556.65,8949
2023-09-14 08:00:00,26561.17,26561.17,26453.35,26508.15,8704
2023-09-14 09:00:00,26459.27,26657.27,26290.73,26454.41,13460
2023-09-14 10:00:00,26501.1,26563.26,26451.62,26504.63,9204
2023-09-14 11:00:00,26476.26,26744.55,26373.33,26536.64,13951
2023-09-14 12:00:00,26576.43,26582.38,26449.59,26529.32,14975
2023-09-14 13:00:00,26493.58,26510.99,26419.86,26472.8,8217
2023-09-14 14:00:00,26439.52,26583.91,26439.06,26482.5,17625
2023-09-14 15:00:00,26437.36,26437.36,26310.59,26384.59,5980
2023-09-14 16:00:00,26387.71,26603.29,26248.7,26398.26,11056
2023-09-14 17:00:00,26447.78,26511.79,26277.38,26458.88,9825
2023-09-14 18:00:00,26434.24,26434.24,26273.66,26381.48,10786
2023-09-14 19:00:00,26339.83,26339.83,26205.62,26287.25,10792
2023-09-14 20:00:00,26353.85,26522.33,26353.85,26395.03,19443
2023-09-14 21:00:00,26412.99,26412.99,26244.94,26360.27,9722
2023-09-14 22:00:00,26399.31,26491.98,26341.46,26439.1,6630
2023-09-14 23:00:00,26466.71,26533.43,26172.35,26433.15,10819
2023-09-15 00:00:00,26385.6,26452.08,26307.8,26426.85,13635
2023-09-15 01:00:00,26428.47,26463.43,26428.47,26460.19,19454
2023-09-15 02:00:00,26529.75,26634.6,26354.29,26407.11,8457
2023-09-15 03:00:00,26402.64,26473.49,26367.81,26420.65,12883
2023-09-15 04:00:00,26421.53,26421.53,26264.68,26401.31,5559
2023-09-15 05:00:00,26384.52,26475.06,26292.62,26321.88,10192
2023-09-15 06:00:00,26343.68,26446.82,26294.04,26350.61,7841
2023-09-15 07:00:00,26346.48,26675.13,26241.79,26340.3,17942
2023-09-15 08:00:00,26343.26,26389.73,26284.38,26337.05,8539
2023-09-15 09:00:00,26318.3,26318.3,26066.96,26265.76,10978
2023-09-15 10:00:00,26322.07,26514.17,26322.07,26375.94,15098
2023-09-15 11:00:00,26385.97,26772.66,26385.97,26438.85,11742
2023-09-15 12:00:00,26453.77,26640.33,26453.77,26506.78,7561
2023-09-15 13:00:00,26471.52,26678.98,26450.65,26491.37,12403
2023-09-15 14:00:00,26463.04,26637.26,26238.46,26383.51,10242
2023-09-15 15:00:00,26428.89,26660.07,26428.89,26515.59,10990
2023-09-15 16:00:00,26476.52,26692.31,26367.83,26516.19,9097
2023-09-15 17:00:00,26452.02,26525.13,26431.78,26472.19,8763
2023-09-15 18:00:00,26462.46,26556.65,26325.04,26504.42,10092
2023-09-15 19:00:00,26515.79,26786.44,26405.85,26585.21,11968
2023-09-15 20:00:00,26548.88,26665.37,26460.2,26587.63,17804
2023-09-15 21:00:00,26655.32,26762.34,26565.01,26675.34,10729
2023-09-15 22:00:00,26667.75,27074.56,26532.74,26749.38,6731
2023-09-15 23:00:00,26734.67,26749.65,26589.1,26681.33,10264
2023-09-16 00:00:00,26657.14,26681.25,26550.08,26640.59,15464
2023-09-16 01:00:00,26647.41,26760.53,26647.41,26707.11,7871
2023-09-16 02:00:00,26542.94,26542.94,26440.72,26532.91,7188
2023-09-16 03:00:00,26499.94,26568.99,26354.65,26528.89,14127
2023-09-16 04:00:00,26494.47,26494.47,26369.38,26441.59,14503
2023-09-16 05:00:00,26464.96,26537.19,26336.69,26417.49,11272
2023-09-16 06:00:00,26449.22,26619.82,26313.44,26405.37,9144
2023-09-16 07:00:00,26354.07,26648.86,26295.26,26389.8,10305
2023-09-16 08:00:00,26358.25,26513.59,26309.22,26361.94,5929
2023-09-16 09:00:00,26317.3,26425.37,26264.64,26299.44,9089
2023-09-16 10:00:00,26455.35,26508.57,26455.35,26456.32,8776
2023-09-16 11:00:00,26516.67,26675.25,26372.89,26584.53,13403
2023-09-16 12:00:00,26526.85,26526.85,26328.07,26514.29,11952
2023-09-16 13:00:00,26519.73,26676.75,26519.73,26623.5,11993
2023-09-16 14:00:00,26629.68,26738.41,26505.69,26603.18,12759
2023-09-16 15:00:00,26612.71,26713.57,26612.71,26617.74,11213
2023-09-16 16:00:00,26618.71,26718.19,26566.55,26619.79,9714
2023-09-16 17:00:00,26544.52,26609.52,26529.92,26583.09,11742
2023-09-16 18:00:00,26572.58,26731.96,26556.38,26653.96,9984
2023-09-16 19:00:00,26658.28,26794.36,26512.07,26668.41,11130
2023-09-16 20:00:00,26679.89,26696.57,26611.69,26643.29,7922
2023-09-16 21:00:00,26617.97,26617.97,26407.48,26564.84,9872
2023-09-16 22:00:00,26536.5,26727.02,26399.84,26514.43,12229
2023-09-16 23:00:00,26468.88,26468.88,26261.6,26416.05,4109
2023-09-17 00:00:00,26445.11,26559.77,26373.7,26426.56,17667
2023-09-17 01:00:00,26461.73,26580.51,26247.67,26358.43,9900
2023-09-17 02:00:00,26349.97,26390.38,26201.0,26351.74,11040
2023-09-17 03:00:00,26440.49,26680.37,26440.49,26450.46,7324
2023-09-17 04:00:00,26489.42,26671.01,26484.01,26537.08,9308
2023-09-17 05:00:00,26494.06,26666.88,26489.31,26542.39,10968
2023-09-17 06:00:00,26539.83,26710.93,26514.02,26544.88,21900
2023-09-17 07:00:00,26595.71,26940.25,26595.71,26674.84,12521
2023-09-17 08:00:00,26661.43,26789.47,26661.43,26714.86,9396
2023-09-17 09:00:00,26667.39,26845.18,26645.82,26699.22,7555
2023-09-17 10:00:00,26658.3,26665.54,26448.82,26612.31,11856
2023-09-17 11:00:00,26613.14,26747.72,26551.13,26645.82,14396
2023-09-17 12:00:00,26668.54,26760.71,26441.59,26707.29,8957
2023-09-17 13:00:00,26646.06,26726.23,26646.06,26672.88,7770
2023-09-17 14:00:00,26723.25,26753.0,26644.4,26699.6,8457
2023-09-17 15:00:00,26687.27,26687.27,26629.88,26683.25,20439
2023-09-17 16:00:00,26729.51,26774.48,26620.73,26679.0,9654
2023-09-17 17:00:00,26627.41,26627.41,26213.45,26524.23,11461
2023-09-17 18:00:00,26486.62,26588.87,26466.52,26519.56,8528
2023-09-17 19:00:00,26533.77,26725.46,26517.15,26592.71,10896
2023-09-17 20:00:00,26633.5,26701.16,26355.2,26561.18,8766
2023-09-17 21:00:00,26552.02,26659.69,26437.24,26574.44,10756
2023-09-17 22:00:00,26588.23,26684.74,26481.84,26534.91,8447
2023-09-17 23:00:00,26536.79,26683.61,26511.85,26568.57,11808
2023-09-18 00:00:00,26606.51,26617.43,26290.77,26564.3,9689
2023-09-18 01:00:00,26604.54,26632.38,26350.79,26513.14,11298
2023-09-18 02:00:00,26558.18,26673.27,26558.18,26610.63,11294
2023-09-18 03:00:00,26630.91,26903.52,26630.91,26680.67,9177
2023-09-18 04:00:00,26666.84,26833.32,26596.19,26649.49,11172
2023-09-18 05:00:00,26649.69,26793.54,26649.69,26691.15,14198
2023-09-18 06:00:00,26681.35,26869.42,26681.35,26734.82,7356
2023-09-18 07:00:00,26730.96,27063.46,26730.96,26784.53,13105
2023-09-18 08:00:00,26715.56,26715.56,26437.06,26680.26,9999
2023-09-18 09:00:00,26720.6,26984.93,26700.83,26754.33,12908
2023-09-18 10:00:00,26689.77,26835.45,26671.29,26724.74,13545
2023-09-18 11:00:00,26747.06,26763.19,26541.88,26709.77,13305
2023-09-18 12:00:00,26873.26,26913.03,26873.26,26891.38,9140
2023-09-18 13:00:00,26882.29,27013.72,26864.22,26918.05,9347
2023-09-18 14:00:00,26943.59,26994.53,26800.89,26899.31,15666
2023-09-18 15:00:00,26817.38,26817.38,26598.04,26760.86,10475
2023-09-18 16:00:00,26807.02,26914.46,26807.02,26860.74,16329
2023-09-18 17:00:00,26827.32,26998.03,26725.86,26779.42,7946
2023-09-18 18:00:00,26754.72,26754.72,26591.64,26721.91,8686
2023-09-18 19:00:00,26712.49,26762.98,26545.36,26709.57,14103
2023-09-18 20:00:00,26809.58,26836.74,26809.58,26811.84,3831
2023-09-18 21:00:00,26783.47,26938.95,26731.6,26871.22,7532
2023-09-18 22:00:00,26842.31,26880.54,26692.26,26868.37,6684
2023-09-18 23:00:00,26947.72,26950.21,26601.8,26896.42,9905
2023-09-19 00:00:00,26891.76,27091.99,26766.19,26863.96,11020
2023-09-19 01:00:00,26851.71,27023.35,26679.49,26880.77,11016
2023-09-19 02:00:00,26915.05,26947.03,26839.46,26893.25,5344
2023-09-19 03:00:00,26920.42,27018.47,26893.82,26964.54,15936
2023-09-19 04:00:00,26981.03,27054.18,26981.03,27035.1,9443
2023-09-19 05:00:00,27043.37,27209.28,27022.38,27073.31,18300
2023-09-19 06:00:00,27046.03,27159.1,26876.82,27053.85,15577
2023-09-19 07:00:00,27001.72,27256.11,26874.84,27108.05,10273
2023-09-19 08:00:00,27053.4,27248.24,26959.27,27106.76,7205
2023-09-19 09:00:00,27139.29,27280.86,27006.79,27039.54,14444
2023-09-19 10:00:00,27034.08,27038.94,26901.43,27018.77,11363
2023-09-19 11:00:00,27045.18,27217.79,26976.61,27030.67,12829
2023-09-19 12:00:00,27069.24,27366.01,26995.48,27096.78,11954
2023-09-19 13:00:00,27051.44,27230.49,26987.06,27089.25,11167
2023-09-19 14:00:00,27086.11,27128.83,26876.84,27013.84,7777
2023-09-19 15:00:00,26970.78,27077.47,26895.56,27023.43,8476
2023-09-19 16:00:00,27090.73,27186.91,26982.26,27036.33,8957
2023-09-19 17:00:00,27028.63,27251.5,27005.03,27053.45,11334
2023-09-19 18:00:00,27036.53,27307.77,26988.81,27118.81,8977
2023-09-19 19:00:00,27135.7,27210.3,27135.7,27190.08,8467
2023-09-19 20:00:00,27176.71,27265.02,27094.2,27153.14,16643
2023-09-19 21:00:00,27090.36,27135.02,27017.19,27115.24,9167
2023-09-19 22:00:00,27051.6,27103.97,26879.5,27049.87,7653
2023-09-19 23:00:00,27036.41,27175.14,26996.03,27101.16,9179
2023-09-20 00:00:00,27116.77,27233.92,27116.77,27201.76,11030
2023-09-20 01:00:00,27227.17,27245.68,27059.8,27183.79,12077
2023-09-20 02:00:00,27186.49,27249.65,27116.96,27171.31,9554
2023-09-20 03:00:00,27206.88,27347.57,27206.88,27272.49,5768
2023-09-20 04:00:00,27253.77,27417.98,27253.77,27308.38,13936
2023-09-20 05:00:00,27364.29,27393.85,27202.16,27339.17,11177
2023-09-20 06:00:00,27312.4,27312.4,27203.28,27260.3,6543
2023-09-20 07:00:00,27283.47,27519.06,27177.48,27307.58,8353
2023-09-20 08:00:00,27264.03,27493.09,27161.4,27246.2,11552
2023-09-20 09:00:00,27249.26,27381.55,27118.4,27172.74,12937
2023-09-20 10:00:00,27184.57,27192.98,27129.05,27152.73,4220
2023-09-20 11:00:00,27158.11,27171.85,27056.55,27117.62,9987
2023-09-20 12:00:00,27129.14,27197.35,27053.09,27107.3,4986
2023-09-20 13:00:00,27138.47,27286.87,26749.91,27016.38,6395
2023-09-20 14:00:00,27028.84,27305.85,26977.43,27085.8,5569
2023-09-20 15:00:00,27124.93,27318.56,27124.93,27165.72,13396
2023-09-20 16:00:00,27138.84,27138.84,26938.71,27040.34,8914
2023-09-20 17:00:00,26980.54,27310.45,26948.26,27111.36,7616
2023-09-20 18:00:00,27131.03,27203.25,26952.32,27063.01,5556
2023-09-20 19:00:00,27095.64,27180.19,27070.35,27125.93,6018
2023-09-20 20:00:00,27125.79,27259.29,27072.29,27126.54,13105
2023-09-20 21:00:00,27153.27,27233.22,27026.14,27133.22,17816
2023-09-20 22:00:00,27100.97,27152.7,27035.85,27125.8,10524
2023-09-20 23:00:00,27172.01,27277.98,27157.24,27211.67,12759
2023-09-21 00:00:00,27180.48,27317.3,26983.4,27133.65,11498
2023-09-21 01:00:00,27125.55,27263.41,27125.55,27179.91,12163
2023-09-21 02:00:00,27148.35,27399.23,27101.73,27258.28,9215
2023-09-21 03:00:00,27346.62,27364.26,27255.02,27309.64,9087
2023-09-21 04:00:00,27273.72,27487.48,27256.27,27468.3,8678
2023-09-21 05:00:00,27444.47,27634.82,27378.27,27433.14,7644
2023-09-21 06:00:00,27460.5,27553.37,27460.5,27498.37,10378
2023-09-21 07:00:00,27523.59,27529.68,27436.2,27491.18,12487
2023-09-21 08:00:00,27472.82,27693.81,27472.82,27574.34,11903
2023-09-21 09:00:00,27546.36,27697.5,27546.36,27572.78,11124
2023-09-21 10:00:00,27596.88,27597.69,27375.9,27545.66,10644
2023-09-21 11:00:00,27597.95,27949.73,27597.95,27632.65,9741
2023-09-21 12:00:00,27643.09,27652.23,27541.84,27597.03,11139
2023-09-21 13:00:00,27554.15,27554.15,27493.78,27499.16,8553
2023-09-21 14:00:00,27473.01,27558.44,27323.82,27463.65,9867
2023-09-21 15:00:00,27486.96,27687.53,27450.0,27505.01,11608
2023-09-21 16:00:00,27542.19,27632.93,27542.19,27597.38,11503
2023-09-21 17:00:00,27573.46,27768.37,27510.19,27601.97,9940
2023-09-21 18:00:00,27656.2,27695.55,27656.2,27688.0,11499
2023-09-21 19:00:00,27713.15,27713.15,27584.67,27591.92,8090
2023-09-21 20:00:00,27614.63,27614.63,27504.4,27559.51,6285
2023-09-21 21:00:00,27555.66,27627.65,27483.13,27538.21,15832
2023-09-21 22:00:00,27526.05,27744.13,27428.65,27529.35,9010
2023-09-21 23:00:00,27484.47,27630.02,27335.13,27534.05,5104
2023-09-22 00:00:00,27524.71,27660.51,27524.71,27579.87,9557
2023-09-22 01:00:00,27610.03,27610.03,27450.9,27548.63,7745
2023-09-22 02:00:00,27526.55,27612.09,27421.3,27556.97,5149
2023-09-22 03:00:00,27554.22,27660.24,27352.93,27553.23,8970
2023-09-22 04:00:00,27543.93,27544.75,27434.79,27489.77,10264
2023-09-22 05:00:00,27494.55,27622.83,27428.46,27482.37,7826
2023-09-22 06:00:00,27450.65,27527.65,27405.89,27472.7,12742
2023-09-22 07:00:00,27443.69,27531.53,27443.69,27461.96,7124
2023-09-22 08:00:00,27492.05,27713.57,27368.01,27465.18,6579
2023-09-22 09:00:00,27416.37,27525.74,27416.37,27471.31,19988
2023-09-22 10:00:00,27482.91,27545.5,27279.92,27443.16,14048
2023-09-22 11:00:00,27451.37,27531.06,27380.1,27530.28,11655
2023-09-22 12:00:00,27514.44,27514.44,27409.11,27451.7,10653
2023-09-22 13:00:00,27419.18,27419.18,27320.91,27405.19,11079
2023-09-22 14:00:00,27460.67,27800.54,27460.67,27594.55,13000
2023-09-22 15:00:00,27557.49,27755.36,27469.33,27524.37,14212
2023-09-22 16:00:00,27494.83,27682.83,27294.93,27434.01,10036
2023-09-22 17:00:00,27394.95,27585.6,27368.29,27485.38,15810
2023-09-22 18:00:00,27401.39,27401.39,27214.75,27346.7,6493
2023-09-22 19:00:00,27373.79,27388.72,27209.57,27334.05,10657
2023-09-22 20:00:00,27425.97,27535.9,27425.97,27480.94,10695
2023-09-22 21:00:00,27476.24,27476.24,27362.16,27377.92,13256
2023-09-22 22:00:00,27358.9,27358.9,27045.99,27248.1,12866
2023-09-22 23:00:00,27222.96,27222.96,27020.2,27152.76,7530
2023-09-23 00:00:00,27094.34,27385.38,27094.34,27218.67,8924
2023-09-23 01:00:00,27271.51,27375.39,27271.51,27299.11,6824
2023-09-23 02:00:00,27287.31,27363.17,27135.14,27269.37,7436
2023-09-23 03:00:00,27330.12,27396.96,27265.37,27320.01,7424
2023-09-23 04:00:00,27324.67,27506.08,27304.08,27417.32,13387
2023-09-23 05:00:00,27455.37,27610.22,27387.19,27540.42,7012
2023-09-23 06:00:00,27506.51,27626.56,27295.4,27525.23,12546
2023-09-23 07:00:00,27386.86,27386.86,27104.66,27371.69,7817
2023-09-23 08:00:00,27320.88,27374.76,27292.26,27320.12,8384
2023-09-23 09:00:00,27306.87,27390.68,27180.11,27295.68,8067
2023-09-23 10:00:00,27317.22,27337.15,27138.2,27282.59,8834
2023-09-23 11:00:00,27302.23,27372.53,27219.77,27274.31,6853
2023-09-23 12:00:00,27298.82,27479.7,27298.82,27353.53,6276
2023-09-23 13:00:00,27378.66,27481.2,27378.66,27442.41,8653
2023-09-23 14:00:00,27454.26,27488.5,27225.27,27433.63,18238
2023-09-23 15:00:00,27455.23,27590.61,27455.23,27510.25,8316
2023-09-23 16:00:00,27490.35,27591.39,27490.35,27536.32,12069
2023-09-23 17:00:00,27575.23,27575.23,27487.32,27542.41,5040
2023-09-23 18:00:00,27563.79,27747.2,27448.94,27605.63,6733
2023-09-23 19:00:00,27558.79,27837.97,27556.65,27611.88,9561
2023-09-23 20:00:00,27740.72,27851.59,27740.72,27752.11,12686
2023-09-23 21:00:00,27706.55,27728.83,27630.86,27652.92,10018
2023-09-23 22:00:00,27658.66,27815.41,27562.96,27618.2,9777
2023-09-23 23:00:00,27656.13,27829.05,27517.38,27610.24,9765
2023-09-24 00:00:00,27568.85,27727.36,27447.61,27640.46,13584
2023-09-24 01:00:00,27653.45,27981.21,27653.45,27726.07,13769
2023-09-24 02:00:00,27759.14,27839.88,27400.51,27723.04,6739
2023-09-24 03:00:00,27701.72,27707.31,27498.81,27625.6,10281
2023-09-24 04:00:00,27672.34,27855.22,27603.19,27683.11,15874
2023-09-24 05:00:00,27667.23,27969.65,27645.42,27734.2,10019
2023-09-24 06:00:00,27647.83,27796.07,27546.25,27601.45,11052
2023-09-24 07:00:00,27583.93,27657.2,27517.3,27602.0,7805
2023-09-24 08:00:00,27601.68,27662.1,27348.99,27495.55,7705
2023-09-24 09:00:00,27466.58,27542.78,27398.23,27453.13,12146
2023-09-24 10:00:00,27441.59,27483.2,27317.93,27395.45,12717
2023-09-24 11:00:00,27402.11,27602.23,27358.02,27453.57,12614
2023-09-24 12:00:00,27491.97,27600.64,27351.99,27464.71,13023
2023-09-24 13:00:00,27487.84,27671.36,27144.25,27381.11,14403
2023-09-24 14:00:00,27337.08,27626.03,27337.08,27444.38,16182
2023-09-24 15:00:00,27385.79,27385.79,27240.03,27351.17,6868
2023-09-24 16:00:00,27325.71,27540.55,27221.28,27377.71,10615
2023-09-24 17:00:00,27413.24,27474.74,27271.57,27326.22,8218
2023-09-24 18:00:00,27337.62,27360.83,27190.61,27306.21,9455
2023-09-24 19:00:00,27298.33,27399.59,27083.0,27344.9,13035
2023-09-24 20:00:00,27374.2,27438.86,27374.2,27384.09,10816
2023-09-24 21:00:00,27441.15,27585.65,27441.15,27477.21,6327
2023-09-24 22:00:00,27451.8,27627.94,27240.35,27473.71,15242
2023-09-24 23:00:00,27494.31,27595.98,27450.68,27496.67,11938
2023-09-25 00:00:00,27549.04,27549.04,27297.19,27468.73,9293
2023-09-25 01:00:00,27451.17,27598.15,27444.04,27482.94,8852
2023-09-25 02:00:00,27496.55,27744.79,27359.09,27514.84,13126
2023-09-25 03:00:00,27546.43,27571.12,27417.97,27509.8,9660
2023-09-25 04:00:00,27444.78,27444.78,27335.22,27390.0,10774
2023-09-25 05:00:00,27375.65,27471.19,27283.69,27416.36,10614
2023-09-25 06:00:00,27417.17,27499.71,27389.93,27444.82,13091
2023-09-25 07:00:00,27375.64,27484.09,27347.95,27402.75,8134
2023-09-25 08:00:00,27351.64,27351.64,27186.92,27321.0,11992
2023-09-25 09:00:00,27401.01,27500.3,27338.2,27425.34,11071
2023-09-25 10:00:00,27456.6,27517.78,27456.6,27462.85,14175
2023-09-25 11:00:00,27492.18,27592.84,27279.58,27451.35,10378
2023-09-25 12:00:00,27447.33,27563.73,27323.73,27378.49,13167
2023-09-25 13:00:00,27442.82,27511.63,27261.59,27327.95,13970
2023-09-25 14:00:00,27363.66,27444.72,27363.66,27420.24,17973
2023-09-25 15:00:00,27461.83,27576.86,27379.54,27433.25,9411
2023-09-25 16:00:00,27420.8,27454.61,27387.03,27399.81,22672
2023-09-25 17:00:00,27426.24,27545.74,27426.24,27438.44,14646
2023-09-25 18:00:00,27435.13,27467.33,27293.38,27387.82,6846
2023-09-25 19:00:00,27465.06,27551.16,27465.06,27493.48,13656
2023-09-25 20:00:00,27529.64,27644.21,27529.64,27588.1,10811
2023-09-25 21:00:00,27536.21,27613.61,27440.95,27558.49,7706
2023-09-25 22:00:00,27584.21,27584.21,27408.38,27517.86,5778
2023-09-25 23:00:00,27420.83,27420.83,27252.07,27343.86,7710
2023-09-26 00:00:00,27287.62,27439.74,27195.37,27249.87,7631
2023-09-26 01:00:00,27221.39,27221.39,27058.02,27167.06,11832
2023-09-26 02:00:00,27156.66,27250.22,27103.78,27183.73,12542
2023-09-26 03:00:00,27145.95,27335.29,27145.95,27169.63,10083
2023-09-26 04:00:00,27151.02,27151.02,27033.77,27087.95,11955
2023-09-26 05:00:00,27111.75,27111.75,27024.64,27078.8,6175
2023-09-26 06:00:00,27115.42,27176.59,27115.42,27122.34,13632
2023-09-26 07:00:00,27153.41,27272.3,27153.41,27167.15,11101
2023-09-26 08:00:00,27164.62,27164.62,26901.87,27050.11,5782
2023-09-26 09:00:00,27016.92,27153.7,26845.13,27052.32,13530
2023-09-26 10:00:00,27025.51,27025.51,26779.75,26971.56,7237
2023-09-26 11:00:00,27024.95,27223.58,27024.95,27043.32,13464
2023-09-26 12:00:00,27071.47,27160.9,27071.47,27106.68,8602
2023-09-26 13:00:00,27090.38,27094.28,27003.67,27057.78,9825
2023-09-26 14:00:00,27024.33,27057.03,26841.96,27018.6,10982
2023-09-26 15:00:00,27010.75,27079.42,26994.1,27000.98,9407
2023-09-26 16:00:00,26954.34,27019.83,26748.59,26865.17,13108
2023-09-26 17:00:00,26844.97,26917.76,26828.4,26902.63,7549
2023-09-26 18:00:00,26851.57,26953.22,26851.57,26899.42,14894
2023-09-26 19:00:00,26950.69,27159.6,26809.16,26978.43,18652
2023-09-26 20:00:00,26974.43,26974.43,26879.23,26920.16,15905
2023-09-26 21:00:00,26948.39,26948.39,26791.9,26894.6,12891
2023-09-26 22:00:00,26887.77,26887.77,26757.84,26811.47,10493
2023-09-26 23:00:00,26813.08,26910.01,26676.41,26762.57,7970
2023-09-27 00:00:00,26785.99,27064.82,26577.11,26702.72,18004
2023-09-27 01:00:00,26765.0,26840.0,26765.0,26786.42,17201
2023-09-27 02:00:00,26784.82,26811.85,26605.59,26758.33,8666
2023-09-27 03:00:00,26762.41,26820.75,26731.11,26784.68,7935
2023-09-27 04:00:00,26795.52,26820.69,26736.65,26777.95,8437
2023-09-27 05:00:00,26766.33,26766.33,26627.91,26712.9,8320
2023-09-27 06:00:00,26717.23,26924.01,26695.84,26720.73,8980
2023-09-27 07:00:00,26704.81,27026.23,26587.19,26778.82,8851
2023-09-27 08:00:00,26735.87,26826.64,26701.15,26717.73,8170
2023-09-27 09:00:00,26704.85,26913.38,26645.32,26789.84,10699
2023-09-27 10:00:00,26805.82,26805.82,26698.79,26752.31,10216
2023-09-27 11:00:00,26751.0,26956.8,26728.98,26739.37,9100
2023-09-27 12:00:00,26730.63,27042.67,26648.86,26793.04,8946
2023-09-27 13:00:00,26800.97,26886.39,26714.22,26767.75,9135
2023-09-27 14:00:00,26761.72,26887.35,26581.81,26788.79,16757
2023-09-27 15:00:00,26821.36,26930.62,26732.85,26786.43,8137
2023-09-27 16:00:00,26797.11,27078.18,26561.31,26813.18,5406
2023-09-27 17:00:00,26728.36,26728.36,26621.66,26675.01,14672
2023-09-27 18:00:00,26628.76,26628.76,26487.41,26575.61,9151
2023-09-27 19:00:00,26591.97,26866.22,26584.55,26637.83,6251
2023-09-27 20:00:00,26662.12,26780.35,26662.12,26726.9,12330
2023-09-27 21:00:00,26698.19,26928.49,26512.94,26687.41,7031
2023-09-27 22:00:00,26688.1,26748.52,26617.82,26692.88,13102
2023-09-27 23:00:00,26694.19,26851.68,26647.8,26733.66,10335
2023-09-28 00:00:00,26695.06,26875.16,26654.61,26800.34,10641
2023-09-28 01:00:00,26719.94,26719.94,26658.23,26687.85,10105
2023-09-28 02:00:00,26744.51,26826.67,26437.53,26652.26,5281
2023-09-28 03:00:00,26635.5,26872.71,26592.85,26653.54,6452
2023-09-28 04:00:00,26659.78,26744.69,26626.28,26722.19,15609
2023-09-28 05:00:00,26857.96,26995.56,26857.96,26907.72,9148
2023-09-28 06:00:00,26927.95,26974.03,26820.81,26911.91,7626
2023-09-28 07:00:00,26869.9,26869.9,26792.25,26838.33,10407
2023-09-28 08:00:00,26882.58,26912.63,26853.04,26884.79,8496
2023-09-28 09:00:00,26929.85,27145.93,26929.85,26991.33,10134
2023-09-28 10:00:00,27033.73,27224.02,26918.97,27016.73,9676
2023-09-28 11:00:00,26968.42,27028.78,26879.66,26974.83,9101
2023-09-28 12:00:00,27026.93,27103.41,27002.82,27056.93,10316
2023-09-28 13:00:00,27010.59,27318.1,26998.3,27118.49,11949
2023-09-28 14:00:00,27089.42,27183.47,26894.5,27067.06,13310
2023-09-28 15:00:00,27083.22,27164.3,27083.22,27110.08,11886
2023-09-28 16:00:00,27072.99,27372.13,27026.62,27193.8,15871
2023-09-28 17:00:00,27238.95,27364.87,27238.95,27288.62,7563
2023-09-28 18:00:00,27336.75,27469.14,27279.62,27298.6,15569
2023-09-28 19:00:00,27300.06,27376.91,27280.92,27288.81,10466
2023-09-28 20:00:00,27281.18,27440.24,27281.18,27385.47,9779
2023-09-28 21:00:00,27389.16,27529.74,27312.52,27317.96,9534
2023-09-28 22:00:00,27344.8,27390.59,27189.17,27361.73,6329
2023-09-28 23:00:00,27338.42,27338.42,27229.29,27283.85,10236
2023-09-29 00:00:00,27315.9,27473.15,27315.9,27370.64,11029
2023-09-29 01:00:00,27427.34,27652.77,27279.53,27367.9,5372
2023-09-29 02:00:00,27387.07,27522.91,27319.52,27467.98,17278
2023-09-29 03:00:00,27539.04,27539.04,27459.99,27515.02,16060
2023-09-29 04:00:00,27488.14,27488.14,27390.81,27445.71,8268
2023-09-29 05:00:00,27449.8,27680.64,27425.91,27555.58,6740
2023-09-29 06:00:00,27566.1,27728.26,27561.35,27672.92,7267
2023-09-29 07:00:00,27694.51,27879.58,27664.83,27743.79,13398
2023-09-29 08:00:00,27733.96,27919.5,27679.46,27702.4,10643
2023-09-29 09:00:00,27704.78,28008.05,27637.38,27692.76,9579
2023-09-29 10:00:00,27736.59,27736.59,27511.55,27713.14,11592
2023-09-29 11:00:00,27730.63,27730.63,27579.76,27675.28,8832
2023-09-29 12:00:00,27752.21,27801.79,27752.21,27799.91,8823
2023-09-29 13:00:00,27780.64,27841.38,27780.64,27817.97,8566
2023-09-29 14:00:00,27712.8,27712.8,27632.47,27641.86,11992
2023-09-29 15:00:00,27748.76,27874.78,27542.09,27675.58,15511
2023-09-29 16:00:00,27657.13,27772.15,27560.94,27662.03,16475
2023-09-29 17:00:00,27605.2,27771.42,27441.14,27667.45,10459
2023-09-29 18:00:00,27617.17,27749.49,27478.9,27653.14,5585
2023-09-29 19:00:00,27676.1,27725.78,27599.04,27718.39,9690
2023-09-29 20:00:00,27780.88,27993.64,27780.88,27803.73,13469
2023-09-29 21:00:00,27883.85,27886.82,27693.93,27831.15,5698
2023-09-29 22:00:00,27780.56,27869.96,27780.56,27816.33,8030
2023-09-29 23:00:00,27797.16,28105.96,27756.18,27822.57,10700
2023-09-30 00:00:00,27789.48,27858.84,27777.42,27833.09,8615
2023-09-30 01:00:00,27827.26,27842.84,27674.35,27787.26,14417
2023-09-30 02:00:00,27801.47,27892.19,27801.47,27836.51,5703
2023-09-30 03:00:00,27887.8,27887.8,27716.54,27876.95,11801
2023-09-30 04:00:00,27813.12,28089.03,27473.68,27990.48,12836
2023-09-30 05:00:00,27991.41,28246.01,27923.42,28082.7,10032
2023-09-30 06:00:00,28110.18,28141.66,27918.76,28040.44,14108
2023-09-30 07:00:00,28013.65,28158.38,27897.04,28102.18,10307
2023-09-30 08:00:00,28134.94,28161.33,28036.77,28041.3,11334
2023-09-30 09:00:00,28041.47,28201.49,28037.8,28093.99,12048
2023-09-30 10:00:00,28088.37,28179.2,27960.97,28062.66,14935
2023-09-30 11:00:00,28037.84,28071.27,27876.84,27996.38,11435
2023-09-30 12:00:00,28002.35,28053.37,27970.37,28020.97,8825
2023-09-30 13:00:00,27898.31,27898.31,27655.93,27842.62,7473
2023-09-30 14:00:00,27825.55,27859.64,27675.54,27731.0,9062
2023-09-30 15:00:00,27745.19,27753.38,27673.09,27728.55,9980
2023-09-30 16:00:00,27734.38,27799.06,27563.69,27743.57,10710
2023-09-30 17:00:00,27710.96,27809.34,27710.96,27727.77,10986
2023-09-30 18:00:00,27707.64,27737.84,27452.11,27630.29,12483
2023-09-30 19:00:00,27640.48,27640.48,27530.14,27585.31,9927
2023-09-30 20:00:00,27618.21,27680.49,27618.21,27622.69,8955
2023-09-30 21:00:00,27627.2,27900.26,27542.53,27672.53,8026
2023-09-30 22:00:00,27728.41,27790.06,27656.01,27681.2,7613
2023-09-30 23:00:00,27660.7,27825.28,27659.76,27769.74,10149
2023-10-01 00:00:00,27754.7,27941.03,27749.75,27805.36,5199
2023-10-01 01:00:00,27773.01,27821.92,27714.17,27762.42,10746
2023-10-01 02:00:00,27788.78,27848.44,27694.16,27751.45,9820
2023-10-01 03:00:00,27719.4,27802.36,27402.67,27664.83,9114
2023-10-01 04:00:00,27653.42,27722.8,27585.12,27667.47,8745
2023-10-01 05:00:00,27677.81,27924.25,27677.81,27752.7,8457
2023-10-01 06:00:00,27792.52,27966.8,27744.54,27807.97,12927
2023-10-01 07:00:00,27858.62,27956.25,27855.78,27911.61,5908
2023-10-01 08:00:00,27902.88,27984.58,27758.78,27897.7,7835
2023-10-01 09:00:00,27941.48,28053.47,27941.48,27997.48,10387
2023-10-01 10:00:00,27998.49,28046.74,27934.78,27990.76,12522
2023-10-01 11:00:00,27993.05,28202.25,27988.31,28098.22,16012
2023-10-01 12:00:00,28071.69,28157.82,27759.4,28101.61,6994
2023-10-01 13:00:00,28129.52,28337.68,28052.82,28155.09,10142
2023-10-01 14:00:00,28205.1,28346.14,28192.38,28260.48,10679
2023-10-01 15:00:00,28254.94,28446.8,28192.76,28249.26,9790
2023-10-01 16:00:00,28217.35,28313.34,28210.45,28266.98,8120
2023-10-01 17:00:00,28246.92,28415.33,28156.17,28358.46,14338
2023-10-01 18:00:00,28385.78,28501.46,28221.94,28349.93,18792
2023-10-01 19:00:00,28376.16,28376.16,28203.01,28259.53,9342
2023-10-01 20:00:00,28378.79,28515.6,28378.79,28410.19,4596
2023-10-01 21:00:00,28384.57,28433.81,28071.45,28377.05,5999
2023-10-01 22:00:00,28395.58,28562.97,28181.85,28387.87,12602
2023-10-01 23:00:00,28426.11,28624.79,28190.62,28467.49,11426
2023-10-02 00:00:00,28494.63,28590.84,28366.43,28423.27,7100
2023-10-02 01:00:00,28421.13,28503.67,28113.41,28351.94,8703
2023-10-02 02:00:00,28304.5,28455.6,28130.18,28369.46,8839
2023-10-02 03:00:00,28306.99,28306.99,28116.85,28244.88,11479
2023-10-02 04:00:00,28197.71,28351.64,28103.17,28226.7,10038
2023-10-02 05:00:00,28264.41,28514.44,28184.01,28245.93,14551
2023-10-02 06:00:00,28212.45,28371.29,28167.44,28229.74,9422
2023-10-02 07:00:00,28173.5,28173.5,28074.7,28125.67,8583
2023-10-02 08:00:00,28094.77,28365.74,28083.85,28239.95,8090
2023-10-02 09:00:00,28214.66,28306.92,27923.01,28249.88,13391
2023-10-02 10:00:00,28309.66,28469.96,28309.66,28351.84,8897
2023-10-02 11:00:00,28389.64,28408.01,28297.19,28334.83,13445
2023-10-02 12:00:00,28299.87,28299.87,28132.55,28274.63,9016
2023-10-02 13:00:00,28320.42,28351.59,28189.02,28295.0,7656
2023-10-02 14:00:00,28322.46,28322.46,28108.52,28281.28,10981
2023-10-02 15:00:00,28229.96,28379.64,28144.64,28201.04,8004
2023-10-02 16:00:00,28227.2,28345.84,28227.2,28305.1,8748
2023-10-02 17:00:00,28277.6,28277.6,28206.69,28263.21,11021
2023-10-02 18:00:00,28193.91,28193.91,28081.35,28137.63,9620
2023-10-02 19:00:00,28107.55,28234.09,28083.64,28232.67,5614
2023-10-02 20:00:00,28201.46,28201.46,27952.92,28199.85,7082
2023-10-02 21:00:00,28240.28,28318.73,27907.05,28160.25,13035
2023-10-02 22:00:00,28097.32,28097.32,27947.6,28041.24,12014
2023-10-02 23:00:00,28108.6,28431.92,28108.6,28164.93,10453
2023-10-03 00:00:00,28199.07,28316.46,28047.11,28078.35,12417
2023-10-03 01:00:00,28037.55,28177.89,27994.64,28085.92,8015
2023-10-03 02:00:00,28089.27,28208.77,28032.4,28152.47,9790
2023-10-03 03:00:00,28166.83,28290.45,28166.83,28183.99,12516
2023-10-03 04:00:00,28165.58,28381.77,28139.33,28181.76,13322
2023-10-03 05:00:00,28199.74,28199.74,28045.1,28066.77,12663
2023-10-03 06:00:00,28052.24,28257.89,27916.05,28015.07,14208
2023-10-03 07:00:00,28058.84,28088.74,27976.61,28032.67,10314
2023-10-03 08:00:00,27989.28,28187.76,27965.57,27982.8,7836
2023-10-03 09:00:00,28026.72,28114.13,27933.4,28001.32,10998
2023-10-03 10:00:00,28026.29,28108.99,27913.65,28052.89,5815
2023-10-03 11:00:00,28084.08,28179.43,28001.09,28123.18,9435
2023-10-03 12:00:00,28118.43,28172.6,27958.3,28041.94,8330
2023-10-03 13:00:00,28034.08,28366.66,27984.91,28196.82,14512
2023-10-03 14:00:00,28125.2,28258.74,28008.67,28251.71,12487
2023-10-03 15:00:00,28208.62,28412.43,28133.28,28253.05,9646
2023-10-03 16:00:00,28288.93,28535.41,28115.82,28330.27,6057
2023-10-03 17:00:00,28421.06,28552.33,28421.06,28495.34,15753
2023-10-03 18:00:00,28501.56,28579.66,28336.32,28393.1,8456
2023-10-03 19:00:00,28424.82,28583.4,28320.55,28377.31,12117
2023-10-03 20:00:00,28376.61,28438.35,28162.43,28212.34,12791
2023-10-03 21:00:00,28207.87,28361.22,28171.55,28228.0,13182
2023-10-03 22:00:00,28202.59,28427.14,28192.07,28255.14,14644
2023-10-03 23:00:00,28260.83,28310.71,28072.02,28254.2,4718
2023-10-04 00:00:00,28306.39,28452.33,28127.85,28210.99,17470
2023-10-04 01:00:00,28140.29,28140.29,28015.58,28071.72,11526
2023-10-04 02:00:00,28101.45,28138.5,28088.24,28102.09,9532
2023-10-04 03:00:00,28150.18,28346.54,28150.18,28206.6,21634
2023-10-04 04:00:00,28239.43,28239.43,28112.49,28168.83,5795
2023-10-04 05:00:00,28172.69,28438.88,28146.29,28202.69,11229
2023-10-04 06:00:00,28188.71,28231.75,28041.41,28097.61,16353
2023-10-04 07:00:00,28117.62,28190.43,27871.48,28134.16,14632
2023-10-04 08:00:00,28083.82,28177.72,27798.08,28111.56,11454
2023-10-04 09:00:00,28114.02,28147.13,28007.83,28063.96,8079
2023-10-04 10:00:00,28109.46,28132.39,27961.13,28017.16,9831
2023-10-04 11:00:00,27991.99,28087.61,27991.38,27996.83,12484
2023-10-04 12:00:00,27996.91,28090.72,27938.33,28030.05,10457
2023-10-04 13:00:00,28016.0,28222.64,27815.25,27946.27,15626
2023-10-04 14:00:00,27919.85,28054.95,27919.85,27926.47,10780
2023-10-04 15:00:00,27947.53,28096.67,27779.79,27931.39,9432
2023-10-04 16:00:00,27883.01,27883.01,27808.43,27864.16,10428
2023-10-04 17:00:00,27939.41,28124.81,27939.41,27995.4,11213
2023-10-04 18:00:00,27982.14,27989.14,27757.88,27944.17,7184
2023-10-04 19:00:00,27897.32,28033.0,27745.23,27906.53,12516
2023-10-04 20:00:00,27930.08,28000.05,27731.91,27848.57,7966
2023-10-04 21:00:00,27938.11,28027.46,27938.11,27981.02,8984
2023-10-04 22:00:00,28001.59,28050.81,27970.8,28026.85,10503
2023-10-04 23:00:00,28039.16,28172.68,27913.9,27969.84,8481
2023-10-05 00:00:00,28011.53,28188.47,27887.11,28054.08,8163
2023-10-05 01:00:00,28060.22,28139.87,27906.28,28075.17,10702
2023-10-05 02:00:00,28076.72,28259.54,28027.92,28100.12,8453
2023-10-05 03:00:00,28138.54,28138.54,27858.17,28083.24,9816
2023-10-05 04:00:00,28019.14,28288.61,27942.55,28038.88,8766
2023-10-05 05:00:00,28061.65,28153.69,27992.14,28069.75,10550
2023-10-05 06:00:00,28056.06,28089.99,27863.41,28039.89,12022
2023-10-05 07:00:00,28073.77,28344.13,28019.69,28172.55,12070
2023-10-05 08:00:00,28147.05,28147.05,28031.55,28090.87,7338
2023-10-05 09:00:00,28167.14,28260.05,28167.14,28203.65,15842
2023-10-05 10:00:00,28235.86,28460.68,28164.66,28201.35,7400
2023-10-05 11:00:00,28157.81,28284.15,28128.64,28227.69,11102
2023-10-05 12:00:00,28225.09,28295.63,28225.09,28290.57,12247
2023-10-05 13:00:00,28244.11,28369.64,28125.85,28251.69,10513
2023-10-05 14:00:00,28269.62,28373.33,28260.06,28316.7,12983
2023-10-05 15:00:00,28189.51,28189.51,28084.91,28133.24,10561
2023-10-05 16:00:00,28086.7,28146.68,27997.79,28090.5,9537
2023-10-05 17:00:00,28090.66,28090.66,27978.52,28034.59,10117
2023-10-05 18:00:00,28008.33,28108.96,27742.41,27957.05,11834
2023-10-05 19:00:00,27978.79,28052.1,27795.73,27952.0,11003
2023-10-05 20:00:00,27943.85,28123.45,27943.85,27988.54,9853
2023-10-05 21:00:00,27980.3,28102.29,27910.48,28046.2,12210
2023-10-05 22:00:00,28020.14,28207.59,27911.4,28071.62,14936
2023-10-05 23:00:00,28088.64,28088.64,27961.62,28034.2,9858
2023-10-06 00:00:00,28017.07,28137.4,27952.45,28068.52,10533
2023-10-06 01:00:00,28086.71,28141.44,27964.5,28085.27,11358
2023-10-06 02:00:00,28101.19,28385.01,28101.19,28157.5,10187
2023-10-06 03:00:00,28184.38,28256.19,28184.38,28217.91,8991
2023-10-06 04:00:00,28257.05,28282.98,28136.45,28226.53,10391
2023-10-06 05:00:00,28242.83,28258.35,28129.36,28170.96,10912
2023-10-06 06:00:00,28204.93,28213.85,27997.84,28133.71,8908
2023-10-06 07:00:00,28135.49,28347.69,28035.6,28104.29,12630
2023-10-06 08:00:00,28108.18,28109.65,28065.2,28091.44,11345
2023-10-06 09:00:00,28029.66,28134.56,27964.89,28119.4,8857
2023-10-06 10:00:00,28115.51,28210.79,28025.73,28177.96,10307
2023-10-06 11:00:00,28199.96,28318.01,28155.62,28182.76,12345
2023-10-06 12:00:00,28214.18,28304.84,28113.35,28192.32,12359
2023-10-06 13:00:00,28131.31,28266.93,28108.33,28210.51,5868
2023-10-06 14:00:00,28196.15,28215.29,28084.84,28182.38,5883
2023-10-06 15:00:00,28198.93,28289.61,27970.78,28126.75,8260
2023-10-06 16:00:00,28049.09,28049.09,27974.92,28015.23,10588
2023-10-06 17:00:00,28031.29,28091.0,27751.45,27979.13,7618
2023-10-06 18:00:00,28006.48,28079.9,27866.48,28023.86,6206
2023-10-06 19:00:00,28026.36,28136.81,27937.5,27987.25,10843
2023-10-06 20:00:00,27972.93,28038.14,27968.2,27983.41,6153
2023-10-06 21:00:00,28024.97,28104.49,28024.97,28028.2,17244
2023-10-06 22:00:00,28020.35,28135.28,27976.16,28076.64,8001
2023-10-06 23:00:00,27999.35,28050.77,27825.62,28014.44,8425
2023-10-07 00:00:00,28075.31,28182.47,28075.31,28095.81,8474
2023-10-07 01:00:00,28090.3,28374.16,27965.41,28185.03,13551
2023-10-07 02:00:00,28130.23,28130.23,27878.0,28117.59,12738
2023-10-07 03:00:00,28139.2,28240.14,27978.76,28072.0,4793
2023-10-07 04:00:00,28109.66,28206.15,28109.66,28166.0,9138
2023-10-07 05:00:00,28166.25,28283.74,28002.8,28166.83,11227
2023-10-07 06:00:00,28138.8,28139.39,27900.34,28024.85,11490
2023-10-07 07:00:00,28028.7,28060.01,27887.42,27942.07,11245
2023-10-07 08:00:00,27945.35,28112.0,27887.33,27939.97,8546
2023-10-07 09:00:00,27933.17,28098.38,27679.35,27875.68,8672
2023-10-07 10:00:00,27868.88,27919.28,27815.45,27863.55,10105
2023-10-07 11:00:00,27893.02,27947.62,27873.89,27881.93,7200
2023-10-07 12:00:00,27901.59,28259.44,27889.31,27997.51,10737
2023-10-07 13:00:00,28041.81,28086.52,27964.03,27991.89,12737
2023-10-07 14:00:00,27986.83,28139.22,27986.83,28079.58,12598
2023-10-07 15:00:00,28124.28,28335.56,28071.82,28191.11,13964
2023-10-07 16:00:00,28187.73,28572.95,28136.87,28302.25,9619
2023-10-07 17:00:00,28345.22,28682.85,28248.29,28332.29,13671
2023-10-07 18:00:00,28281.99,28281.99,28126.92,28205.9,14780
2023-10-07 19:00:00,28237.46,28316.76,28113.03,28249.5,7103
2023-10-07 20:00:00,28276.82,28444.26,28276.82,28333.48,8520
2023-10-07 21:00:00,28327.51,28395.27,28281.92,28338.59,7645
2023-10-07 22:00:00,28466.62,28672.07,28466.62,28469.94,21273
2023-10-07 23:00:00,28537.81,28568.27,28533.13,28538.19,13054
2023-10-08 00:00:00,28608.09,28697.61,28352.04,28585.18,13015
2023-10-08 01:00:00,28610.15,28724.82,28610.15,28667.48,9292
2023-10-08 02:00:00,28695.28,28722.81,28627.42,28695.82,8621
2023-10-08 03:00:00,28623.97,28623.97,28468.24,28525.29,13591
2023-10-08 04:00:00,28554.61,28554.61,28272.87,28497.62,14385
2023-10-08 05:00:00,28540.51,28850.57,28494.46,28588.41,4686
2023-10-08 06:00:00,28564.8,28679.85,28481.55,28538.63,13789
2023-10-08 07:00:00,28529.77,28597.77,28436.86,28530.64,16072
2023-10-08 08:00:00,28501.29,28504.31,28320.98,28465.47,9009
2023-10-08 09:00:00,28578.36,28704.28,28578.36,28598.41,11222
2023-10-08 10:00:00,28600.58,28872.37,28540.31,28722.93,9957
2023-10-08 11:00:00,28718.26,28759.24,28524.94,28665.63,10186
2023-10-08 12:00:00,28711.67,28959.74,28599.8,28681.23,15365
2023-10-08 13:00:00,28695.47,28695.47,28522.26,28638.2,10663
2023-10-08 14:00:00,28678.44,28761.08,28678.44,28687.04,9927
2023-10-08 15:00:00,28688.66,28785.86,28397.82,28728.45,8981
2023-10-08 16:00:00,28714.06,28848.3,28683.06,28790.72,10661
2023-10-08 17:00:00,28796.73,28876.23,28778.63,28818.72,14709
2023-10-08 18:00:00,28972.05,29061.37,28972.05,29030.11,15777
2023-10-08 19:00:00,29011.37,29071.26,28841.84,28958.04,17072
2023-10-08 20:00:00,28992.01,29039.57,28648.01,28839.19,8012
2023-10-08 21:00:00,28889.65,28936.34,28815.48,28816.25,10875
2023-10-08 22:00:00,28783.46,28783.46,28629.61,28711.18,12827
2023-10-08 23:00:00,28627.3,28697.3,28335.37,28613.15,10725
2023-10-09 00:00:00,28605.35,28608.49,28411.37,28551.38,18819
2023-10-09 01:00:00,28568.67,28594.4,28484.73,28496.36,4896
2023-10-09 02:00:00,28484.4,28484.4,28229.75,28439.98,5838
2023-10-09 03:00:00,28406.34,28529.64,28375.14,28487.34,10455
2023-10-09 04:00:00,28504.52,28543.93,28394.19,28462.87,10814
2023-10-09 05:00:00,28406.53,28586.28,28404.99,28461.91,12456
2023-10-09 06:00:00,28466.05,28593.44,28384.76,28536.37,11453
2023-10-09 07:00:00,28592.23,28633.54,28311.36,28493.79,8973
2023-10-09 08:00:00,28446.93,28498.29,28270.71,28486.61,6616
2023-10-09 09:00:00,28500.15,28641.53,28500.15,28523.68,7128
2023-10-09 10:00:00,28463.19,28463.19,28324.38,28399.63,7571
2023-10-09 11:00:00,28314.79,28314.79,28190.56,28247.05,10031
2023-10-09 12:00:00,28267.77,28422.56,28103.36,28286.78,6713
2023-10-09 13:00:00,28255.75,28486.08,28255.75,28336.34,12466
2023-10-09 14:00:00,28393.27,28551.47,28393.27,28494.48,7621
2023-10-09 15:00:00,28461.12,28549.48,28461.12,28518.16,15458
2023-10-09 16:00:00,28527.82,28644.69,28429.79,28587.51,12108
2023-10-09 17:00:00,28572.56,28700.73,28503.42,28584.31,16007
2023-10-09 18:00:00,28569.86,28780.87,28558.17,28615.4,5013
2023-10-09 19:00:00,28692.68,28933.79,28692.68,28742.02,8507
2023-10-09 20:00:00,28650.72,28650.72,28453.27,28600.76,7174
2023-10-09 21:00:00,28582.84,28804.67,28582.84,28640.12,6263
2023-10-09 22:00:00,28745.93,28875.47,28745.93,28799.65,16324
2023-10-09 23:00:00,28756.94,28997.84,28552.22,28826.7,11431
2023-10-10 00:00:00,28892.35,28989.77,28892.35,28950.25,13474
2023-10-10 01:00:00,28921.49,28930.38,28851.79,28911.23,11846
2023-10-10 02:00:00,28977.47,29113.93,28855.11,28915.52,8142
2023-10-10 03:00:00,28882.56,29021.6,28866.77,28924.62,10262
2023-10-10 04:00:00,28928.83,28928.83,28716.18,28773.73,7911
2023-10-10 05:00:00,28748.72,28815.71,28477.87,28699.83,9571
2023-10-10 06:00:00,28701.21,28836.69,28601.39,28632.87,11576
2023-10-10 07:00:00,28654.06,28842.0,28654.06,28702.04,7567
2023-10-10 08:00:00,28723.44,28836.66,28604.92,28773.47,15957
2023-10-10 09:00:00,28751.61,28950.28,28531.29,28805.41,10148
2023-10-10 10:00:00,28821.64,28930.1,28788.98,28872.36,15394
2023-10-10 11:00:00,28868.32,29144.0,28657.95,28868.38,9693
2023-10-10 12:00:00,28883.87,28973.01,28883.87,28960.47,12181
2023-10-10 13:00:00,28943.44,29195.26,28893.79,28966.89,7381
2023-10-10 14:00:00,28980.78,29276.52,28918.57,28976.53,9521
2023-10-10 15:00:00,28916.99,29217.85,28859.37,28962.9,10913
2023-10-10 16:00:00,29009.61,29074.87,28957.87,29016.84,6062
2023-10-10 17:00:00,28999.45,29049.48,28933.51,28991.5,11341
2023-10-10 18:00:00,29007.74,29196.73,29007.74,29065.87,4697
2023-10-10 19:00:00,29098.49,29117.36,28738.27,28988.98,10059
2023-10-10 20:00:00,28928.38,28971.75,28900.95,28915.82,9437
2023-10-10 21:00:00,28909.49,29103.65,28909.49,28970.03,8752
2023-10-10 22:00:00,28946.94,29216.45,28910.67,28968.61,15042
2023-10-10 23:00:00,28986.91,29106.0,28904.58,28940.51,7147
2023-10-11 00:00:00,28950.11,29252.34,28950.11,29008.12,10865
2023-10-11 01:00:00,29026.73,29046.16,28822.58,28968.79,7955
2023-10-11 02:00:00,28982.18,29061.34,28882.03,28958.75,13316
2023-10-11 03:00:00,29047.97,29191.98,29047.97,29062.59,11510
2023-10-11 04:00:00,29127.09,29270.99,29127.09,29175.58,14241
2023-10-11 05:00:00,29155.68,29403.0,29122.33,29288.73,13409
2023-10-11 06:00:00,29281.78,29346.37,29179.25,29267.55,13576
2023-10-11 07:00:00,29233.28,29493.42,29140.88,29354.39,10221
2023-10-11 08:00:00,29303.51,29303.51,28967.83,29283.44,9229
2023-10-11 09:00:00,29205.0,29262.42,29205.0,29216.84,7947
2023-10-11 10:00:00,29174.37,29217.78,28890.48,29047.44,8330
2023-10-11 11:00:00,29054.37,29302.85,29054.37,29168.49,11781
2023-10-11 12:00:00,29171.81,29233.68,28887.36,29107.08,6846
2023-10-11 13:00:00,29097.03,29309.01,29040.93,29099.13,13769
2023-10-11 14:00:00,29043.99,29043.99,28934.2,29035.93,9939
2023-10-11 15:00:00,29032.79,29181.75,29000.01,29087.56,10487
2023-10-11 16:00:00,29154.61,29280.42,28764.32,29061.89,9144
2023-10-11 17:00:00,29048.68,29048.68,28911.95,28969.89,11900
2023-10-11 18:00:00,29001.84,29221.17,28899.88,29004.1,6853
2023-10-11 19:00:00,29034.9,29034.9,28876.49,28904.74,12642
2023-10-11 20:00:00,28893.34,28957.5,28730.18,28849.71,9152
2023-10-11 21:00:00,28763.47,28763.47,28648.64,28706.06,10901
2023-10-11 22:00:00,28671.85,28783.32,28605.26,28613.53,12228
2023-10-11 23:00:00,28560.87,28851.9,28479.31,28635.1,7148
2023-10-12 00:00:00,28581.8,28581.8,28295.48,28506.17,8325
2023-10-12 01:00:00,28498.77,28498.77,28276.23,28413.61,12160
2023-10-12 02:00:00,28384.55,28482.38,28369.05,28425.53,10054
2023-10-12 03:00:00,28431.83,28476.48,28350.8,28399.65,14583
2023-10-12 04:00:00,28431.33,28633.67,28400.55,28550.7,11275
2023-10-12 05:00:00,28590.86,28866.7,28590.86,28689.32,19942
2023-10-12 06:00:00,28660.06,28660.06,28430.69,28636.28,7562
2023-10-12 07:00:00,28631.36,28729.31,28610.59,28683.78,9049
2023-10-12 08:00:00,28652.82,28995.24,28646.74,28744.51,13620
2023-10-12 09:00:00,28713.3,28721.04,28612.19,28709.59,10661
2023-10-12 10:00:00,28702.25,28702.25,28523.49,28612.32,12980
2023-10-12 11:00:00,28589.15,28778.85,28427.59,28620.54,13268
2023-10-12 12:00:00,28622.23,28622.23,28581.85,28617.03,6116
2023-10-12 13:00:00,28611.98,28638.91,28593.07,28594.95,8884
2023-10-12 14:00:00,28577.46,28806.31,28577.46,28634.73,17161
2023-10-12 15:00:00,28619.12,28647.33,28349.26,28590.15,9090
2023-10-12 16:00:00,28565.25,28574.54,28378.2,28518.64,9436
2023-10-12 17:00:00,28521.03,28561.59,28521.03,28536.58,9383
2023-10-12 18:00:00,28520.03,28652.51,28517.06,28574.21,6889
2023-10-12 19:00:00,28559.13,28559.13,28392.71,28502.12,13150
2023-10-12 20:00:00,28567.93,28832.96,28567.93,28577.62,9424
2023-10-12 21:00:00,28520.56,28520.56,28346.32,28463.64,5046
2023-10-12 22:00:00,28391.66,28735.62,28310.59,28434.58,9280
2023-10-12 23:00:00,28436.57,28682.64,28371.55,28428.41,10308
2023-10-13 00:00:00,28444.11,28606.31,28295.26,28395.83,12973
2023-10-13 01:00:00,28365.86,28426.14,28312.66,28369.4,8273
2023-10-13 02:00:00,28456.11,28608.93,28456.11,28513.14,9951
2023-10-13 03:00:00,28513.43,28579.71,28408.26,28465.19,7904
2023-10-13 04:00:00,28590.31,28671.37,28590.31,28647.61,6310
2023-10-13 05:00:00,28677.19,28742.59,28594.1,28687.94,6469
2023-10-13 06:00:00,28659.8,28825.69,28646.37,28703.78,10326
2023-10-13 07:00:00,28731.18,28803.96,28688.98,28746.47,9966
2023-10-13 08:00:00,28915.61,28990.82,28915.61,28932.95,4355
2023-10-13 09:00:00,28979.45,29035.42,28810.2,28867.94,6948
2023-10-13 10:00:00,28852.74,28852.74,28666.22,28795.15,7611
2023-10-13 11:00:00,28783.22,28807.35,28738.59,28749.85,12123
2023-10-13 12:00:00,28747.64,28848.83,28657.43,28760.91,9001
2023-10-13 13:00:00,28686.46,28686.46,28448.28,28647.8,14637
2023-10-13 14:00:00,28660.75,28694.1,28602.44,28659.76,10807
2023-10-13 15:00:00,28731.23,28943.06,28731.23,28788.81,11929
2023-10-13 16:00:00,28788.97,29003.03,28682.29,28808.06,7970
2023-10-13 17:00:00,28776.8,28831.75,28673.83,28796.47,9846
2023-10-13 18:00:00,28768.54,28882.61,28720.09,28762.07,8346
2023-10-13 19:00:00,28790.52,29010.21,28685.67,28835.37,8089
2023-10-13 20:00:00,28777.41,28911.22,28777.41,28785.8,12995
2023-10-13 21:00:00,28806.56,29148.08,28806.56,28925.51,7935
2023-10-13 22:00:00,29011.86,29195.25,29011.86,29070.0,8691
2023-10-13 23:00:00,29035.44,29264.35,29035.44,29093.62,8340
2023-10-14 00:00:00,29089.57,29125.07,28942.86,29098.56,6524
2023-10-14 01:00:00,29096.16,29238.48,28991.82,29177.68,8206
2023-10-14 02:00:00,29211.04,29330.59,29063.66,29260.62,9146
2023-10-14 03:00:00,29260.87,29294.84,29102.82,29205.77,10100
2023-10-14 04:00:00,29180.54,29344.12,29054.49,29172.04,10140
2023-10-14 05:00:00,29105.49,29105.49,28987.32,29082.41,13756
2023-10-14 06:00:00,29080.27,29123.2,29059.43,29117.67,13011
2023-10-14 07:00:00,29060.05,29177.06,28876.07,29170.13,21589
2023-10-14 08:00:00,29102.48,29102.48,29019.68,29077.84,10595
2023-10-14 09:00:00,29066.75,29174.64,28992.95,29051.05,8100
2023-10-14 10:00:00,29065.33,29084.96,28778.18,28961.48,10016
2023-10-14 11:00:00,28914.29,28914.29,28870.75,28906.02,12580
2023-10-14 12:00:00,28891.74,29213.21,28814.96,28954.11,6750
2023-10-14 13:00:00,28966.11,29051.21,28756.42,28910.25,14322
2023-10-14 14:00:00,28912.99,28912.99,28761.47,28897.5,12397
2023-10-14 15:00:00,28847.7,28939.88,28664.22,28791.16,8156
2023-10-14 16:00:00,28800.99,28872.61,28788.86,28814.98,8376
2023-10-14 17:00:00,28803.94,28864.11,28784.93,28822.04,8426
2023-10-14 18:00:00,28845.16,29072.28,28637.64,28780.94,11375
2023-10-14 19:00:00,28809.23,28836.33,28622.09,28778.77,9664
2023-10-14 20:00:00,28758.66,28860.35,28757.25,28802.75,11484
2023-10-14 21:00:00,28823.91,29120.48,28709.29,28755.97,9375
2023-10-14 22:00:00,28720.64,28720.64,28605.99,28663.31,9428
2023-10-14 23:00:00,28705.12,29074.5,28680.71,28802.13,11422
2023-10-15 00:00:00,28777.37,28796.61,28716.64,28767.59,13140
2023-10-15 01:00:00,28813.93,28986.96,28690.24,28771.48,10569
2023-10-15 02:00:00,28856.93,29035.04,28795.78,28853.48,9472
2023-10-15 03:00:00,28914.86,29230.76,28914.86,29112.66,11622
2023-10-15 04:00:00,29036.16,29036.16,28971.9,29029.96,8562
2023-10-15 05:00:00,29028.86,29198.29,28933.39,29069.27,17003
2023-10-15 06:00:00,29048.54,29048.54,29009.19,29025.7,7497
2023-10-15 07:00:00,29052.92,29072.97,28936.51,28994.5,11602
2023-10-15 08:00:00,28942.89,28983.01,28823.89,28950.82,17158
2023-10-15 09:00:00,28957.91,28993.8,28811.48,28879.2,18975
2023-10-15 10:00:00,28941.55,29003.2,28778.72,28885.4,9711
2023-10-15 11:00:00,28847.99,28847.99,28545.77,28790.4,11023
2023-10-15 12:00:00,28782.62,29039.81,28685.75,28867.79,7959
2023-10-15 13:00:00,28935.63,29083.71,28823.5,28881.27,11216
2023-10-15 14:00:00,28888.75,29201.6,28761.73,28920.63,7314
2023-10-15 15:00:00,28839.71,29043.11,28839.71,28896.78,14087
2023-10-15 16:00:00,28906.53,29056.21,28736.23,28880.64,6416
2023-10-15 17:00:00,28853.51,28917.9,28853.51,28911.33,10129
2023-10-15 18:00:00,28895.91,28895.91,28786.81,28838.24,12550
2023-10-15 19:00:00,28819.06,28958.82,28766.14,28823.78,7285
2023-10-15 20:00:00,28800.14,28800.14,28548.86,28774.64,9632
2023-10-15 21:00:00,28774.19,28859.62,28470.76,28724.06,14521
2023-10-15 22:00:00,28723.66,28733.34,28307.83,28588.68,8215
2023-10-15 23:00:00,28648.35,28784.74,28571.9,28697.32,10348
2023-10-16 00:00:00,28713.65,28780.49,28571.29,28661.82,9454
2023-10-16 01:00:00,28709.16,28922.97,28629.78,28756.62,11701
2023-10-16 02:00:00,28785.86,28914.24,28785.86,28843.55,12945
2023-10-16 03:00:00,28848.23,28858.18,28651.75,28763.01,8733
2023-10-16 04:00:00,28782.99,28884.88,28640.22,28697.61,15529
2023-10-16 05:00:00,28775.14,29093.57,28775.14,28889.71,6940
2023-10-16 06:00:00,28885.9,29129.44,28812.32,29022.93,6646
2023-10-16 07:00:00,29054.49,29229.29,28899.5,29027.85,9820
2023-10-16 08:00:00,29009.37,29111.57,28915.66,29053.46,10031
2023-10-16 09:00:00,29045.4,29260.32,28957.71,29015.75,6886
2023-10-16 10:00:00,29017.98,29064.31,29017.98,29054.97,6273
2023-10-16 11:00:00,29046.67,29046.67,28954.21,29012.23,10203
2023-10-16 12:00:00,28923.08,28923.08,28742.42,28876.87,10518
2023-10-16 13:00:00,28877.55,28960.66,28764.64,28794.36,11383
2023-10-16 14:00:00,28833.15,28833.15,28716.76,28808.18,10075
2023-10-16 15:00:00,28767.88,28804.39,28676.2,28740.64,10735
2023-10-16 16:00:00,28749.85,29010.87,28579.15,28749.09,9931
2023-10-16 17:00:00,28767.75,28767.75,28593.77,28686.76,7294
2023-10-16 18:00:00,28626.08,28802.66,28566.89,28645.7,11245
2023-10-16 19:00:00,28651.22,28818.01,28543.78,28720.07,6818
2023-10-16 20:00:00,28668.69,28766.5,28668.69,28751.12,7181
2023-10-16 21:00:00,28766.35,28821.13,28685.51,28763.6,7653
2023-10-16 22:00:00,28767.44,28896.18,28766.33,28838.51,8205
2023-10-16 23:00:00,28832.62,29161.16,28816.87,28884.35,8986
2023-10-17 00:00:00,28967.64,29190.04,28967.64,28997.74,8158
2023-10-17 01:00:00,29015.14,29015.14,28886.65,28974.82,7304
2023-10-17 02:00:00,28975.83,29032.77,28896.28,28954.19,8150
2023-10-17 03:00:00,28916.71,28929.97,28735.0,28872.22,8951
2023-10-17 04:00:00,28855.59,28996.48,28770.88,28853.6,5845
2023-10-17 05:00:00,28857.34,29107.02,28810.04,28933.56,7707
2023-10-17 06:00:00,28888.64,29080.72,28888.64,29036.36,7810
2023-10-17 07:00:00,29057.55,29199.4,29057.55,29113.6,7038
2023-10-17 08:00:00,29043.67,29043.67,28988.28,28993.89,10124
2023-10-17 09:00:00,29022.42,29098.68,29022.42,29080.58,12319
2023-10-17 10:00:00,29033.35,29150.64,28900.04,28957.95,6659
2023-10-17 11:00:00,28973.47,29240.41,28973.47,29031.53,3824
2023-10-17 12:00:00,29002.7,29109.31,28768.28,29013.82,10578
2023-10-17 13:00:00,29014.83,29193.23,29014.83,29072.98,7535
2023-10-17 14:00:00,29060.31,29169.33,28939.04,28986.65,10223
2023-10-17 15:00:00,29064.97,29127.43,29064.97,29079.76,8064
2023-10-17 16:00:00,29042.34,29114.71,28737.27,28983.84,11957
2023-10-17 17:00:00,28984.15,29026.08,28744.15,28946.58,13101
2023-10-17 18:00:00,28944.15,28944.15,28828.6,28886.37,12066
2023-10-17 19:00:00,28860.18,28860.18,28716.45,28773.99,9089
2023-10-17 20:00:00,28764.32,28958.76,28631.49,28793.87,15606
2023-10-17 21:00:00,28916.16,29061.23,28916.16,28934.05,11824
2023-10-17 22:00:00,29075.8,29136.39,29075.8,29134.07,12044
2023-10-17 23:00:00,29201.02,29242.64,29091.03,29149.33,9014
2023-10-18 00:00:00,29153.3,29437.24,29153.3,29237.39,6657
2023-10-18 01:00:00,29258.76,29393.24,29202.25,29260.77,12599
2023-10-18 02:00:00,29270.68,29663.94,29270.68,29302.85,9680
2023-10-18 03:00:00,29346.38,29544.31,29062.44,29284.09,10155
2023-10-18 04:00:00,29304.17,29304.17,29063.09,29303.98,7732
2023-10-18 05:00:00,29373.11,29443.25,29157.58,29348.62,10341
2023-10-18 06:00:00,29370.39,29370.39,29178.58,29311.76,7534
2023-10-18 07:00:00,29323.8,29361.12,29252.7,29311.32,6950
2023-10-18 08:00:00,29313.17,29423.68,29208.12,29312.17,13286
2023-10-18 09:00:00,29307.18,29489.34,29277.83,29375.77,13974
2023-10-18 10:00:00,29313.92,29313.92,28985.41,29302.0,11224
2023-10-18 11:00:00,29289.19,29346.6,29159.28,29302.61,9949
2023-10-18 12:00:00,29425.99,29503.11,29425.99,29444.22,11795
2023-10-18 13:00:00,29495.14,29652.8,29495.14,29530.9,10984
2023-10-18 14:00:00,29571.13,29661.41,29571.13,29630.39,7096
2023-10-18 15:00:00,29659.25,29691.98,29478.23,29632.71,14193
2023-10-18 16:00:00,29620.9,29765.01,29576.25,29656.67,9996
2023-10-18 17:00:00,29680.12,29949.16,29603.57,29729.85,8605
2023-10-18 18:00:00,29814.62,30040.36,29814.62,29841.98,17668
2023-10-18 19:00:00,29755.09,29755.09,29687.19,29695.7,11550
2023-10-18 20:00:00,29707.69,29713.22,29535.56,29598.79,13363
2023-10-18 21:00:00,29602.51,29871.67,29602.51,29694.26,10216
2023-10-18 22:00:00,29648.98,29718.23,29613.97,29673.31,12573
2023-10-18 23:00:00,29683.85,29792.0,29478.37,29623.8,14754
2023-10-19 00:00:00,29586.74,29586.74,29474.16,29533.23,8154
2023-10-19 01:00:00,29489.27,29554.4,29424.49,29495.41,4187
2023-10-19 02:00:00,29433.75,29433.75,29338.55,29397.35,11275
2023-10-19 03:00:00,29460.0,29716.17,29460.0,29553.04,14685
2023-10-19 04:00:00,29581.32,29646.94,29455.65,29554.03,7376
2023-10-19 05:00:00,29574.18,29611.92,29291.29,29552.82,9555
2023-10-19 06:00:00,29515.12,29775.34,29515.12,29598.49,9115
2023-10-19 07:00:00,29640.65,29855.68,29553.86,29670.87,8772
2023-10-19 08:00:00,29662.81,29907.52,29461.19,29741.28,9021
2023-10-19 09:00:00,29760.44,29879.72,29760.44,29820.08,8081
2023-10-19 10:00:00,29847.98,30001.95,29701.14,29773.15,6075
2023-10-19 11:00:00,29755.08,29755.08,29691.86,29751.36,7251
2023-10-19 12:00:00,29801.12,29921.6,29611.76,29808.03,5067
2023-10-19 13:00:00,29768.23,29888.0,29707.78,29769.19,9214
2023-10-19 14:00:00,29723.48,29898.98,29489.55,29769.42,9619
2023-10-19 15:00:00,29768.71,29799.41,29660.3,29799.38,7649
2023-10-19 16:00:00,29827.24,29943.8,29799.54,29857.09,6915
2023-10-19 17:00:00,29748.96,29748.96,29700.84,29727.03,10361
2023-10-19 18:00:00,29709.4,29873.38,29414.35,29781.03,11176
2023-10-19 19:00:00,29786.61,29832.19,29625.48,29765.6,13501
2023-10-19 20:00:00,29713.48,29966.4,29648.63,29819.23,11894
2023-10-19 21:00:00,29826.42,29937.0,29730.82,29877.25,14225
2023-10-19 22:00:00,29911.65,30223.91,29911.65,29995.08,7072
2023-10-19 23:00:00,30019.48,30395.32,29971.17,30092.85,10737
2023-10-20 00:00:00,30042.91,30225.6,30039.86,30188.89,14343
2023-10-20 01:00:00,30229.99,30368.3,30229.99,30290.58,9236
2023-10-20 02:00:00,30245.5,30366.09,30180.59,30305.48,11395
2023-10-20 03:00:00,30252.47,30403.4,30240.13,30300.74,14517
2023-10-20 04:00:00,30305.25,30419.42,30305.25,30358.7,10720
2023-10-20 05:00:00,30362.57,30466.66,30241.22,30405.84,17052
2023-10-20 06:00:00,30386.92,30435.2,30283.08,30374.45,5639
2023-10-20 07:00:00,30391.48,30458.09,30254.55,30397.29,10277
2023-10-20 08:00:00,30412.53,30447.83,30095.26,30387.06,9470
2023-10-20 09:00:00,30428.74,30582.62,30186.38,30315.8,11990
2023-10-20 10:00:00,30361.5,30586.54,30361.5,30405.39,5064
2023-10-20 11:00:00,30451.75,30467.01,30237.89,30401.73,7465
2023-10-20 12:00:00,30543.05,30607.44,30543.05,30546.62,10520
2023-10-20 13:00:00,30526.65,30627.6,30352.14,30414.9,6902
2023-10-20 14:00:00,30406.1,30509.59,30190.01,30365.29,13912
2023-10-20 15:00:00,30355.1,30427.58,30221.04,30360.68,9278
2023-10-20 16:00:00,30377.4,30499.15,30377.4,30438.28,12779
2023-10-20 17:00:00,30444.46,30520.36,30428.32,30459.44,10100
2023-10-20 18:00:00,30451.14,30584.48,30428.07,30473.86,9518
2023-10-20 19:00:00,30426.46,30534.74,30164.4,30380.44,10631
2023-10-20 20:00:00,30346.88,30346.88,30011.96,30286.3,16076
2023-10-20 21:00:00,30323.88,30332.78,30243.53,30304.14,11555
2023-10-20 22:00:00,30278.21,30278.21,30173.71,30196.2,12288
2023-10-20 23:00:00,30211.59,30211.59,30090.98,30151.28,5695
2023-10-21 00:00:00,30187.55,30329.75,30123.31,30183.67,13559
2023-10-21 01:00:00,30166.1,30166.1,30101.31,30105.89,12761
2023-10-21 02:00:00,30100.74,30280.81,30013.13,30220.37,9102
2023-10-21 03:00:00,30213.08,30378.93,30161.96,30305.19,8313
2023-10-21 04:00:00,30266.82,30266.82,29936.31,30181.53,10965
2023-10-21 05:00:00,30151.58,30167.63,30047.2,30107.41,14390
2023-10-21 06:00:00,30060.66,30060.66,29875.48,29935.35,12100
2023-10-21 07:00:00,29973.95,30072.89,29817.07,29876.82,11624
2023-10-21 08:00:00,29872.15,29992.75,29582.76,29932.89,8152
2023-10-21 09:00:00,29918.64,29918.64,29803.31,29901.89,8323
2023-10-21 10:00:00,29903.24,30121.59,29849.12,29935.31,17644
2023-10-21 11:00:00,29931.18,29931.18,29727.31,29822.59,17456
2023-10-21 12:00:00,29839.58,29966.54,29839.58,29881.92,9764
2023-10-21 13:00:00,29878.04,29878.04,29691.47,29841.17,8521
2023-10-21 14:00:00,29877.61,29902.14,29766.4,29842.45,14602
2023-10-21 15:00:00,29896.04,29896.04,29776.69,29836.37,8225
2023-10-21 16:00:00,29814.9,29814.9,29523.2,29744.31,6466
2023-10-21 17:00:00,29708.43,29708.43,29656.94,29662.14,7490
2023-10-21 18:00:00,29676.68,29819.76,29676.68,29736.15,9491
2023-10-21 19:00:00,29767.68,29827.2,29719.63,29767.66,8336
2023-10-21 20:00:00,29700.02,29993.23,29692.28,29846.13,11752
2023-10-21 21:00:00,29852.55,30183.36,29652.46,29870.68,14858
2023-10-21 22:00:00,29872.29,29960.49,29638.68,29881.81,15662
2023-10-21 23:00:00,29791.64,29791.64,29692.24,29756.63,9763
2023-10-22 00:00:00,29741.22,29870.21,29663.85,29739.6,11424
2023-10-22 01:00:00,29730.38,29901.75,29730.38,29740.85,8314
2023-10-22 02:00:00,29811.79,30187.52,29811.79,29886.64,6500
2023-10-22 03:00:00,29902.4,29998.06,29779.14,29938.19,9040
2023-10-22 04:00:00,29988.64,30143.37,29806.36,30051.57,8099
2023-10-22 05:00:00,30040.1,30210.61,29947.09,30094.85,7952
2023-10-22 06:00:00,30106.2,30162.84,29844.53,30040.67,9754
2023-10-22 07:00:00,30037.68,30207.3,30037.68,30049.0,11181
2023-10-22 08:00:00,30036.05,30107.23,30005.42,30065.55,9458
2023-10-22 09:00:00,30034.37,30034.37,29825.87,29995.01,11646
2023-10-22 10:00:00,30035.08,30063.74,29825.22,29966.5,8586
2023-10-22 11:00:00,29932.07,30055.09,29892.3,29952.21,11796
2023-10-22 12:00:00,30037.98,30192.47,30037.98,30071.02,8418
2023-10-22 13:00:00,29986.88,30031.08,29778.07,29916.94,7899
2023-10-22 14:00:00,29922.36,30063.23,29800.95,30007.41,8080
2023-10-22 15:00:00,30024.35,30024.35,29879.33,29939.21,12110
2023-10-22 16:00:00,29936.97,30123.91,29742.71,29840.03,7403
2023-10-22 17:00:00,29872.52,30156.71,29869.35,29929.21,15472
2023-10-22 18:00:00,29925.46,30044.84,29924.9,29984.87,20475
2023-10-22 19:00:00,30071.63,30355.97,30071.63,30078.23,10497
2023-10-22 20:00:00,30077.33,30197.88,30077.33,30137.61,9234
2023-10-22 21:00:00,30277.12,30548.55,30277.12,30289.4,6702
2023-10-22 22:00:00,30321.26,30353.79,30245.6,30328.03,12000
2023-10-22 23:00:00,30354.43,30373.67,30289.62,30313.04,11657
2023-10-23 00:00:00,30348.25,30696.82,30323.5,30335.19,17592
2023-10-23 01:00:00,30380.42,30608.15,30272.14,30423.77,8928
2023-10-23 02:00:00,30422.59,30422.59,30172.74,30361.87,12165
2023-10-23 03:00:00,30368.75,30517.63,30288.21,30310.94,11105
2023-10-23 04:00:00,30264.0,30442.0,30130.14,30286.69,8678
2023-10-23 05:00:00,30278.92,30278.92,29968.85,30129.51,11697
2023-10-23 06:00:00,30162.62,30245.08,29985.47,30141.69,6975
2023-10-23 07:00:00,30128.74,30128.74,29867.56,30004.62,11808
2023-10-23 08:00:00,29971.08,30073.52,29742.91,30013.49,13110
2023-10-23 09:00:00,30084.38,30213.21,29948.67,30082.55,14708
2023-10-23 10:00:00,30119.82,30254.43,29882.89,30051.39,11201
2023-10-23 11:00:00,30077.2,30191.11,30077.2,30179.04,8209
2023-10-23 12:00:00,30133.18,30133.18,30012.88,30073.03,7614
2023-10-23 13:00:00,30110.94,30310.86,30073.85,30164.18,10500
2023-10-23 14:00:00,30122.29,30276.62,30071.5,30216.19,12024
2023-10-23 15:00:00,30211.67,30298.11,29832.85,30090.37,14415
2023-10-23 16:00:00,30155.71,30354.62,30155.71,30294.04,14090
2023-10-23 17:00:00,30315.94,30440.86,30281.4,30290.59,8978
2023-10-23 18:00:00,30189.6,30496.39,30063.2,30226.88,5862
2023-10-23 19:00:00,30203.47,30203.47,29999.43,30125.77,10595
2023-10-23 20:00:00,30149.21,30335.19,30073.58,30114.7,7274
2023-10-23 21:00:00,30118.6,30144.6,30096.16,30110.57,11554
2023-10-23 22:00:00,30167.73,30279.86,30050.59,30122.93,8589
2023-10-23 23:00:00,30107.1,30107.1,29823.95,30105.56,8430
2023-10-24 00:00:00,30093.44,30384.9,30093.44,30156.99,7364
2023-10-24 01:00:00,30166.68,30314.63,30036.16,30132.41,12056
2023-10-24 02:00:00,30112.8,30112.8,29812.37,29994.12,13041
2023-10-24 03:00:00,30020.23,30118.78,29968.22,29989.92,8924
2023-10-24 04:00:00,29865.98,29865.98,29763.42,29823.06,9927
2023-10-24 05:00:00,29801.63,30021.21,29667.88,29858.24,6944
2023-10-24 06:00:00,29897.08,29915.63,29738.11,29795.6,9542
2023-10-24 07:00:00,29883.53,30021.34,29798.03,29817.4,16671
2023-10-24 08:00:00,29863.19,30173.55,29863.19,29923.04,11027
2023-10-24 09:00:00,29893.53,30193.09,29826.8,29861.88,11119
2023-10-24 10:00:00,29876.68,30008.43,29766.38,29948.53,12634
2023-10-24 11:00:00,29897.27,29928.21,29774.35,29924.4,9663
2023-10-24 12:00:00,29938.41,30121.09,29938.41,30060.97,6026
2023-10-24 13:00:00,30053.88,30100.01,29943.31,30039.93,9581
2023-10-24 14:00:00,30065.47,30105.63,29714.19,29984.59,9210
2023-10-24 15:00:00,29974.96,30067.93,29750.47,30042.28,11791
2023-10-24 16:00:00,30030.06,30121.77,29944.83,30016.43,9842
2023-10-24 17:00:00,29998.74,30020.95,29870.63,29961.02,7180
2023-10-24 18:00:00,29979.87,30104.8,29674.15,29933.67,12017
2023-10-24 19:00:00,29913.98,29971.45,29878.58,29938.46,8358
2023-10-24 20:00:00,29954.02,30105.16,29954.02,30045.07,8005
2023-10-24 21:00:00,29992.6,29992.6,29817.65,29909.91,13404
2023-10-24 22:00:00,29895.41,30070.03,29815.37,29920.92,9962
2023-10-24 23:00:00,29918.09,30006.15,29810.69,29976.26,7758
2023-10-25 00:00:00,29939.71,30001.48,29939.71,29999.71,7393
2023-10-25 01:00:00,30049.25,30333.53,29972.41,30105.22,7111
2023-10-25 02:00:00,30100.75,30205.73,30100.75,30107.41,16543
2023-10-25 03:00:00,30082.92,30149.71,30066.56,30101.7,15692
2023-10-25 04:00:00,30144.29,30276.43,30092.73,30153.04,12873
2023-10-25 05:00:00,30141.58,30227.39,30085.67,30167.06,10121
2023-10-25 06:00:00,30161.39,30251.02,29956.38,30144.56,9742
2023-10-25 07:00:00,30186.53,30250.49,30186.53,30190.11,12770
2023-10-25 08:00:00,30159.92,30291.73,29871.97,30148.4,16452
2023-10-25 09:00:00,30165.4,30285.71,29844.16,30110.28,7862
2023-10-25 10:00:00,30113.0,30138.84,30018.53,30078.69,10733
2023-10-25 11:00:00,30021.24,30246.83,29970.58,30186.46,15718
2023-10-25 12:00:00,30014.7,30014.7,29894.88,29954.79,6987
2023-10-25 13:00:00,29958.29,30078.31,29830.44,29994.31,7732
2023-10-25 14:00:00,30025.3,30063.12,29835.02,30006.97,11698
2023-10-25 15:00:00,30009.35,30009.35,29833.23,29893.02,10755
2023-10-25 16:00:00,29867.4,30003.73,29759.92,29926.87,10555
2023-10-25 17:00:00,29947.15,30172.62,29944.5,29972.87,7206
2023-10-25 18:00:00,29979.19,30173.17,29893.35,30026.58,11894
2023-10-25 19:00:00,29901.23,29901.23,29768.93,29841.54,13627
2023-10-25 20:00:00,29857.83,29988.42,29857.83,29954.29,8702
2023-10-25 21:00:00,29943.19,29943.19,29759.57,29911.07,16980
2023-10-25 22:00:00,29935.61,30052.91,29935.61,29972.92,9175
2023-10-25 23:00:00,30030.78,30125.2,30030.78,30037.7,9539
2023-10-26 00:00:00,30047.06,30047.06,29785.28,29982.46,8839
2023-10-26 01:00:00,30033.04,30290.24,29977.54,30041.2,9430
2023-10-26 02:00:00,30020.97,30033.2,29962.33,30022.38,14709
2023-10-26 03:00:00,29987.2,30031.36,29819.71,29879.47,13562
2023-10-26 04:00:00,29911.59,29986.39,29628.08,29976.62,10089
2023-10-26 05:00:00,29977.39,30123.27,29849.91,29929.78,15796
2023-10-26 06:00:00,29926.61,29980.16,29737.02,29877.8,10569
2023-10-26 07:00:00,29919.58,29919.58,29823.08,29859.86,9952
2023-10-26 08:00:00,29922.34,29935.91,29843.57,29891.51,11570
2023-10-26 09:00:00,29853.15,30011.82,29767.31,29899.05,10147
2023-10-26 10:00:00,29872.97,30045.55,29653.03,29951.21,14342
2023-10-26 11:00:00,29926.43,29926.43,29510.96,29864.59,7732
2023-10-26 12:00:00,29837.99,29862.14,29763.52,29823.16,5551
2023-10-26 13:00:00,29824.06,29940.83,29824.06,29827.98,9644
2023-10-26 14:00:00,29816.47,30039.92,29782.58,29979.96,12481
2023-10-26 15:00:00,30039.45,30083.09,29922.63,29982.59,13170
2023-10-26 16:00:00,30014.15,30133.27,29952.18,30073.13,9742
2023-10-26 17:00:00,29991.12,30145.28,29935.07,30085.11,9345
2023-10-26 18:00:00,30074.53,30074.53,29929.27,30058.47,6724
2023-10-26 19:00:00,30062.12,30062.12,29836.0,30049.67,14069
2023-10-26 20:00:00,30006.38,30176.13,29990.24,30047.04,10687
2023-10-26 21:00:00,30034.66,30161.74,30015.69,30101.53,8460
2023-10-26 22:00:00,30195.53,30306.22,30195.53,30212.51,11830
2023-10-26 23:00:00,30277.18,30585.48,30177.84,30246.7,11453
2023-10-27 00:00:00,30257.55,30459.08,30232.47,30341.87,11540
2023-10-27 01:00:00,30287.83,30336.28,30261.2,30275.73,12365
2023-10-27 02:00:00,30244.41,30407.26,30190.78,30251.28,7445
2023-10-27 03:00:00,30208.69,30415.24,29996.74,30204.23,10653
2023-10-27 04:00:00,30223.72,30320.86,30161.44,30235.23,11792
2023-10-27 05:00:00,30232.8,30298.03,30130.45,30215.86,10134
2023-10-27 06:00:00,30269.53,30338.47,30269.53,30277.92,12124
2023-10-27 07:00:00,30226.49,30367.79,30017.77,30216.17,12852
2023-10-27 08:00:00,30223.95,30321.36,30155.34,30227.57,10808
2023-10-27 09:00:00,30185.61,30448.23,30185.61,30286.88,12500
2023-10-27 10:00:00,30244.5,30294.47,29910.47,30141.38,13255
2023-10-27 11:00:00,30157.32,30520.81,29926.24,30307.79,9592
2023-10-27 12:00:00,30280.07,30393.54,30218.0,30294.57,12191
2023-10-27 13:00:00,30168.2,30168.2,30143.07,30152.44,7717
2023-10-27 14:00:00,30206.85,30234.9,30096.38,30174.55,8415
2023-10-27 15:00:00,30198.33,30233.66,30131.25,30186.92,11734
2023-10-27 16:00:00,30198.94,30285.07,30067.2,30190.98,3833
2023-10-27 17:00:00,30197.59,30569.11,30163.49,30274.56,19011
2023-10-27 18:00:00,30301.43,30349.27,30278.54,30339.22,11504
2023-10-27 19:00:00,30279.18,30530.98,30186.37,30369.48,7122
2023-10-27 20:00:00,30309.19,30621.21,30217.27,30410.93,9928
2023-10-27 21:00:00,30433.06,30564.95,30323.8,30410.8,14192
2023-10-27 22:00:00,30441.98,30705.06,30441.98,30550.58,12826
2023-10-27 23:00:00,30566.32,30566.32,30259.14,30444.82,11033
2023-10-28 00:00:00,30486.12,30625.07,30327.7,30462.08,6239
2023-10-28 01:00:00,30411.76,30748.32,30168.98,30473.09,10893
2023-10-28 02:00:00,30453.67,30573.16,30412.18,30539.9,8018
2023-10-28 03:00:00,30572.32,30607.96,30384.96,30481.73,10395
2023-10-28 04:00:00,30403.38,30403.38,30351.43,30357.86,4643
2023-10-28 05:00:00,30372.12,30438.5,30249.04,30377.74,4491
2023-10-28 06:00:00,30382.74,30496.93,30276.94,30406.98,5664
2023-10-28 07:00:00,30437.67,30904.65,30437.67,30525.68,10546
2023-10-28 08:00:00,30470.92,30692.04,30204.64,30436.94,9705
2023-10-28 09:00:00,30517.74,30619.36,30517.74,30531.36,12664
2023-10-28 10:00:00,30504.43,30776.43,30504.43,30715.0,13063
2023-10-28 11:00:00,30735.57,30849.49,30629.01,30690.39,8345
2023-10-28 12:00:00,30668.57,30668.57,30345.68,30598.45,8382
2023-10-28 13:00:00,30669.61,30801.09,30548.96,30574.61,11517
2023-10-28 14:00:00,30560.5,30718.69,30470.94,30582.78,9287
2023-10-28 15:00:00,30585.11,30834.4,30391.7,30632.32,6112
2023-10-28 16:00:00,30650.83,30727.39,30452.24,30594.53,8076
2023-10-28 17:00:00,30695.58,30781.54,30695.58,30717.81,15943
2023-10-28 18:00:00,30677.92,30677.92,30484.55,30639.12,9013
2023-10-28 19:00:00,30560.63,30560.63,30465.02,30514.47,9176
2023-10-28 20:00:00,30543.78,30620.45,30543.78,30604.99,8532
2023-10-28 21:00:00,30500.05,30500.05,30388.84,30441.26,9596
2023-10-28 22:00:00,30446.22,30496.25,30374.51,30435.38,9704
2023-10-28 23:00:00,30447.51,30777.05,30447.51,30677.09,13032
2023-10-29 00:00:00,30684.0,30908.78,30550.35,30681.97,14502
2023-10-29 01:00:00,30697.59,30699.19,30590.7,30603.24,8319
2023-10-29 02:00:00,30544.18,30666.61,30544.18,30605.39,8264
2023-10-29 03:00:00,30655.52,30669.37,30546.94,30608.15,8109
2023-10-29 04:00:00,30615.39,31023.46,30565.48,30626.73,15712
2023-10-29 05:00:00,30643.75,30703.49,30559.73,30682.33,8176
2023-10-29 06:00:00,30670.74,30670.74,30414.34,30609.53,11626
2023-10-29 07:00:00,30626.8,30797.54,30469.0,30742.71,14929
2023-10-29 08:00:00,30774.76,30784.86,30704.12,30765.65,7299
2023-10-29 09:00:00,30758.81,30845.09,30697.31,30824.52,4863
2023-10-29 10:00:00,30789.32,30789.32,30626.75,30780.44,10719
2023-10-29 11:00:00,30796.14,30885.85,30740.52,30881.92,9052
2023-10-29 12:00:00,30892.87,30892.87,30711.25,30865.31,6636
2023-10-29 13:00:00,30824.42,30951.44,30693.84,30889.66,7893
2023-10-29 14:00:00,30899.74,31014.26,30760.63,30822.28,10799
2023-10-29 15:00:00,30769.73,30769.73,30429.0,30751.65,10966
2023-10-29 16:00:00,30704.66,30827.04,30597.55,30809.33,10695
2023-10-29 17:00:00,30779.55,30881.98,30719.0,30780.56,9173
2023-10-29 18:00:00,30811.55,30815.34,30568.29,30721.27,14710
2023-10-29 19:00:00,30740.43,30740.43,30536.45,30679.08,11128
2023-10-29 20:00:00,30703.22,30844.29,30684.65,30739.1,11304
2023-10-29 21:00:00,30788.83,30813.9,30607.16,30698.2,9368
2023-10-29 22:00:00,30710.2,30789.0,30635.38,30696.77,9823
2023-10-29 23:00:00,30669.55,30867.15,30638.32,30705.31,10825
2023-10-30 00:00:00,30571.18,30571.18,30507.34,30568.47,7550
2023-10-30 01:00:00,30516.72,30516.72,30460.29,30468.38,22796
2023-10-30 02:00:00,30450.59,30566.43,30444.4,30505.42,7916
2023-10-30 03:00:00,30563.68,30611.73,30320.22,30461.38,6677
2023-10-30 04:00:00,30472.21,30705.35,30429.92,30551.85,11820
2023-10-30 05:00:00,30591.77,30696.12,30568.75,30634.85,11582
2023-10-30 06:00:00,30653.52,30749.6,30449.92,30698.26,17684
2023-10-30 07:00:00,30781.56,31009.26,30781.56,30843.24,8976
2023-10-30 08:00:00,30784.77,30945.19,30780.93,30842.61,12273
2023-10-30 09:00:00,30872.74,31130.3,30799.17,30897.57,8501
2023-10-30 10:00:00,30914.62,30955.59,30735.85,30858.77,9778
2023-10-30 11:00:00,30930.7,31112.36,30876.83,31050.26,12085
2023-10-30 12:00:00,31142.58,31267.4,31142.58,31204.99,13204
2023-10-30 13:00:00,31167.66,31446.36,31125.36,31207.56,8120
2023-10-30 14:00:00,31185.77,31403.2,31017.31,31238.72,11762
2023-10-30 15:00:00,31280.95,31364.19,31280.95,31343.64,3766
2023-10-30 16:00:00,31337.5,31337.5,31272.27,31331.28,8855
2023-10-30 17:00:00,31342.83,31342.83,31182.88,31280.2,11315
2023-10-30 18:00:00,31284.54,31385.67,31284.54,31347.24,5419
2023-10-30 19:00:00,31321.76,31415.52,31321.76,31352.81,11669
2023-10-30 20:00:00,31359.12,31372.88,31304.12,31366.85,6127
2023-10-30 21:00:00,31318.79,31499.7,31240.17,31302.77,7879
2023-10-30 22:00:00,31321.73,31321.73,31154.82,31171.84,13376
2023-10-30 23:00:00,31186.19,31555.81,31101.24,31192.64,8441
2023-10-31 00:00:00,31187.43,31299.64,31187.43,31264.67,4691
2023-10-31 01:00:00,31267.4,31267.71,31186.48,31248.97,10268
2023-10-31 02:00:00,31311.17,31369.09,31304.7,31361.2,15344
2023-10-31 03:00:00,31427.7,31442.92,31117.62,31307.76,14002
2023-10-31 04:00:00,31254.21,31290.94,30937.29,31228.48,8658
2023-10-31 05:00:00,31241.25,31421.14,31163.63,31226.08,9610
2023-10-31 06:00:00,31222.82,31582.79,31132.74,31222.59,8587
2023-10-31 07:00:00,31271.81,31627.45,31271.81,31284.48,7090
2023-10-31 08:00:00,31228.22,31289.92,31122.91,31227.47,7045
2023-10-31 09:00:00,31283.36,31549.74,31272.54,31335.21,6486
2023-10-31 10:00:00,31396.89,31550.48,31321.79,31487.5,10337
2023-10-31 11:00:00,31483.25,31784.32,31460.02,31483.36,11878
2023-10-31 12:00:00,31493.15,31642.11,31250.68,31578.96,10180
2023-10-31 13:00:00,31593.07,31808.36,31243.81,31494.64,12511
2023-10-31 14:00:00,31512.9,31709.75,31512.9,31576.05,12964
2023-10-31 15:00:00,31591.13,31813.39,31591.13,31654.44,7075
2023-10-31 16:00:00,31632.98,31740.43,31500.52,31717.05,9165
2023-10-31 17:00:00,31672.17,31774.34,31616.67,31710.92,9842
2023-10-31 18:00:00,31514.96,31514.96,31368.48,31476.64,8874
2023-10-31 19:00:00,31432.12,31432.12,31257.53,31425.86,14679
2023-10-31 20:00:00,31361.58,31413.1,31265.54,31377.13,9492
2023-10-31 21:00:00,31364.98,31364.98,31153.44,31302.38,6436
2023-10-31 22:00:00,31239.69,31375.95,31118.25,31313.32,13106
2023-10-31 23:00:00,31275.92,31407.72,31220.08,31282.65,5882
2023-11-01 00:00:00,31265.13,31421.19,31087.5,31221.72,15688
2023-11-01 01:00:00,31198.39,31256.47,31081.72,31144.01,8115
2023-11-01 02:00:00,31145.91,31146.1,31075.48,31093.72,11603
2023-11-01 03:00:00,31013.36,31246.59,30879.39,31184.22,9170
2023-11-01 04:00:00,31183.42,31200.13,31075.58,31137.85,10749
2023-11-01 05:00:00,31166.25,31166.25,30885.21,31104.04,17240
2023-11-01 06:00:00,31088.16,31214.44,30754.18,31074.7,11009
2023-11-01 07:00:00,31143.66,31174.62,30776.08,31106.83,7828
2023-11-01 08:00:00,31151.03,31209.84,31050.64,31147.54,11670
2023-11-01 09:00:00,30982.73,30982.73,30663.32,30920.89,9253
2023-11-01 10:00:00,30971.8,31047.67,30971.8,31007.46,13469
2023-11-01 11:00:00,31022.01,31290.59,30948.83,31123.87,15143
2023-11-01 12:00:00,31111.58,31111.58,30932.49,31049.48,9072
2023-11-01 13:00:00,31064.64,31164.58,30920.23,30982.19,11284
2023-11-01 14:00:00,30934.41,30985.61,30899.36,30955.4,21105
2023-11-01 15:00:00,30970.56,31148.48,30843.72,30905.53,11424
2023-11-01 16:00:00,30863.48,30992.86,30698.05,30930.99,10287
2023-11-01 17:00:00,30852.89,30852.89,30789.29,30791.73,13741
2023-11-01 18:00:00,30719.57,30719.57,30579.77,30718.14,11637
2023-11-01 19:00:00,30784.43,30907.82,30784.43,30846.12,5311
2023-11-01 20:00:00,30802.84,30847.64,30648.31,30786.07,15001
2023-11-01 21:00:00,30849.41,30941.9,30849.41,30890.91,12441
2023-11-01 22:00:00,30955.5,31206.16,30909.55,30927.1,12401
2023-11-01 23:00:00,30829.67,30905.75,30742.02,30798.77,8767
2023-11-02 00:00:00,30813.34,30933.87,30813.34,30857.25,11132
2023-11-02 01:00:00,30813.44,30919.87,30589.91,30858.15,16137
2023-11-02 02:00:00,30862.04,30895.57,30653.86,30833.9,6231
2023-11-02 03:00:00,30845.39,30924.51,30845.39,30862.78,16617
2023-11-02 04:00:00,30846.57,30970.86,30777.86,30909.04,10074
2023-11-02 05:00:00,30938.31,31034.3,30814.71,30972.35,9274
2023-11-02 06:00:00,31008.47,31132.75,31008.47,31070.61,12140
2023-11-02 07:00:00,31041.16,31287.4,31007.25,31108.5,10730
2023-11-02 08:00:00,31024.26,31024.26,30957.84,31009.39,13650
2023-11-02 09:00:00,31032.23,31042.8,30968.03,30980.84,9385
2023-11-02 10:00:00,31165.8,31388.05,31165.8,31212.37,12074
2023-11-02 11:00:00,31189.61,31371.52,31111.13,31272.07,9500
2023-11-02 12:00:00,31434.7,31647.33,31434.7,31457.47,13986
2023-11-02 13:00:00,31503.03,31636.21,31503.03,31566.17,8709
2023-11-02 14:00:00,31544.26,31716.66,31544.26,31584.01,9595
2023-11-02 15:00:00,31614.17,31650.21,31527.54,31606.25,9244
2023-11-02 16:00:00,31640.0,31762.79,31350.01,31602.82,8779
2023-11-02 17:00:00,31508.45,31508.45,31418.38,31467.43,9731
2023-11-02 18:00:00,31471.03,31533.37,31321.69,31470.43,11584
2023-11-02 19:00:00,31480.36,31566.46,31397.85,31565.28,9884
2023-11-02 20:00:00,31554.11,31630.34,31127.95,31519.16,12988
2023-11-02 21:00:00,31513.05,31577.14,31513.05,31552.44,6296
2023-11-02 22:00:00,31539.72,31761.54,31518.07,31619.12,13053
2023-11-02 23:00:00,31591.02,31608.08,31382.35,31548.85,7565
2023-11-03 00:00:00,31592.1,31663.57,31386.12,31516.08,4173
2023-11-03 01:00:00,31512.65,31639.01,31386.62,31440.24,6866
2023-11-03 02:00:00,31443.98,31443.98,31371.93,31381.22,10799
2023-11-03 03:00:00,31359.16,31369.71,31224.81,31287.39,9143
2023-11-03 04:00:00,31298.95,31298.95,31107.43,31225.13,6944
2023-11-03 05:00:00,31250.74,31404.14,31083.38,31341.46,9843
2023-11-03 06:00:00,31329.28,31339.93,31194.76,31277.37,11925
2023-11-03 07:00:00,31233.0,31478.1,31232.15,31294.73,5775
2023-11-03 08:00:00,31246.83,31423.71,31201.08,31263.61,6840
2023-11-03 09:00:00,31299.64,31495.33,31299.64,31362.36,10367
2023-11-03 10:00:00,31358.09,31533.45,31353.59,31470.5,15809
2023-11-03 11:00:00,31526.41,31557.48,31526.41,31543.1,10301
2023-11-03 12:00:00,31617.31,31902.26,31508.3,31571.44,11348
2023-11-03 13:00:00,31589.1,31628.46,31495.37,31557.67,11294
2023-11-03 14:00:00,31483.49,31483.49,31290.12,31469.68,13816
2023-11-03 15:00:00,31562.19,31854.55,31562.19,31625.44,7972
2023-11-03 16:00:00,31609.94,31609.94,31457.05,31569.66,12538
2023-11-03 17:00:00,31523.9,31688.49,31523.9,31625.24,12137
2023-11-03 18:00:00,31553.95,31724.84,31545.49,31710.4,12859
2023-11-03 19:00:00,31704.23,31902.06,31495.24,31669.25,8708
2023-11-03 20:00:00,31627.44,31822.83,31563.57,31752.52,15375
2023-11-03 21:00:00,31776.1,31877.43,31776.1,31813.8,16521
2023-11-03 22:00:00,31811.16,32018.37,31811.16,31949.71,11367
2023-11-03 23:00:00,31921.45,31926.85,31687.06,31912.48,7537
2023-11-04 00:00:00,31876.25,31876.25,31726.96,31812.62,11910
2023-11-04 01:00:00,31731.59,31887.84,31542.76,31775.67,7335
2023-11-04 02:00:00,31813.22,31977.49,31784.12,31794.68,12895
2023-11-04 03:00:00,31863.47,32021.25,31752.5,31801.38,11027
2023-11-04 04:00:00,31776.5,32096.19,31605.23,31772.19,9445
2023-11-04 05:00:00,31715.88,31715.88,31493.83,31625.28,9836
2023-11-04 06:00:00,31671.49,31691.7,31525.77,31665.91,11007
2023-11-04 07:00:00,31758.67,31885.95,31758.67,31822.31,12234
2023-11-04 08:00:00,31795.59,32061.45,31795.59,31859.31,7326
2023-11-04 09:00:00,31873.79,32278.26,31731.36,31907.27,16399
2023-11-04 10:00:00,31942.74,31996.43,31814.32,31951.59,10674
2023-11-04 11:00:00,31931.41,32134.16,31876.01,31981.22,9120
2023-11-04 12:00:00,31997.67,32286.22,31922.03,32052.3,7541
2023-11-04 13:00:00,32065.36,32411.88,32020.6,32080.01,13233
2023-11-04 14:00:00,32021.64,32092.29,31987.52,32051.62,8355
2023-11-04 15:00:00,31989.99,31989.99,31673.78,31986.29,9851
2023-11-04 16:00:00,31987.86,32028.96,31727.09,31965.03,9797
2023-11-04 17:00:00,31949.89,32054.22,31747.09,31988.86,8238
2023-11-04 18:00:00,31987.37,32069.23,31803.26,31963.45,6773
2023-11-04 19:00:00,31992.81,32051.71,31955.98,31987.73,8895
2023-11-04 20:00:00,32029.85,32120.36,31873.21,32021.12,9421
2023-11-04 21:00:00,32020.75,32123.56,32020.75,32084.92,10586
2023-11-04 22:00:00,32164.0,32247.92,32164.0,32183.56,6814
2023-11-04 23:00:00,32250.12,32250.12,32122.63,32185.75,13166
2023-11-05 00:00:00,32138.78,32150.73,31884.12,32079.02,12515
2023-11-05 01:00:00,32069.52,32253.16,31881.56,32050.54,10171
2023-11-05 02:00:00,32012.81,32358.28,31964.29,32052.93,7112
2023-11-05 03:00:00,31971.36,31971.36,31843.73,31907.55,9105
2023-11-05 04:00:00,31920.72,32081.6,31823.24,32017.57,11282
2023-11-05 05:00:00,32024.37,32164.18,31777.06,32028.49,7466
2023-11-05 06:00:00,32069.63,32154.22,31873.04,32057.83,11085
2023-11-05 07:00:00,32099.6,32243.84,32099.6,32163.93,6606
2023-11-05 08:00:00,32151.63,32329.8,32044.22,32111.4,8295
2023-11-05 09:00:00,32151.85,32309.72,32151.85,32154.13,11852
2023-11-05 10:00:00,32154.28,32268.07,31950.24,32142.64,8502
2023-11-05 11:00:00,32200.84,32365.24,31954.0,32125.42,10523
2023-11-05 12:00:00,32117.38,32125.52,31714.39,32061.39,15049
2023-11-05 13:00:00,32112.79,32429.26,32112.79,32190.08,8929
2023-11-05 14:00:00,32212.07,32276.47,32091.69,32156.0,13487
2023-11-05 15:00:00,32143.39,32379.06,32143.39,32207.81,7727
2023-11-05 16:00:00,32119.7,32119.7,31820.96,32055.59,6542
2023-11-05 17:00:00,32038.4,32210.55,32038.4,32146.26,8788
2023-11-05 18:00:00,32176.98,32396.61,31986.97,32225.81,7911
2023-11-05 19:00:00,32243.35,32356.91,32003.67,32228.71,9150
2023-11-05 20:00:00,32250.21,32356.43,32045.93,32205.76,12981
2023-11-05 21:00:00,32196.73,32343.49,32080.56,32232.9,6881
2023-11-05 22:00:00,32383.93,32529.37,32383.93,32408.47,14862
2023-11-05 23:00:00,32324.45,32324.45,32187.78,32259.93,14554
2023-11-06 00:00:00,32251.71,32330.79,32251.71,32316.34,9784
2023-11-06 01:00:00,32281.27,32302.56,31913.31,32238.08,9318
2023-11-06 02:00:00,32214.65,32493.91,32008.87,32231.73,6508
2023-11-06 03:00:00,32218.65,32438.14,32057.55,32207.56,9024
2023-11-06 04:00:00,32170.78,32234.16,31903.46,32169.82,12031
2023-11-06 05:00:00,32183.06,32230.39,32132.24,32166.06,5816
2023-11-06 06:00:00,32124.74,32133.28,32009.51,32073.65,8541
2023-11-06 07:00:00,32094.48,32569.28,32094.48,32153.22,8745
2023-11-06 08:00:00,32070.04,32148.19,31992.07,32009.18,5164
2023-11-06 09:00:00,32012.08,32115.31,31937.3,32051.21,6035
2023-11-06 10:00:00,32018.52,32097.15,31920.33,32024.69,8526
2023-11-06 11:00:00,31944.75,31944.75,31890.04,31932.47,7112
2023-11-06 12:00:00,31866.83,32155.48,31696.66,31949.78,9411
2023-11-06 13:00:00,31896.16,31896.16,31742.2,31829.34,13209
2023-11-06 14:00:00,31841.41,32127.48,31737.46,31835.45,5306
2023-11-06 15:00:00,31772.55,31772.55,31552.36,31727.04,8268
2023-11-06 16:00:00,31708.49,31798.7,31505.49,31767.18,7383
2023-11-06 17:00:00,31779.83,31884.59,31642.13,31699.53,13574
2023-11-06 18:00:00,31670.51,31670.51,31605.45,31669.71,7643
2023-11-06 19:00:00,31706.06,31761.59,31524.28,31698.19,7522
2023-11-06 20:00:00,31685.27,31685.27,31459.57,31643.32,7349
2023-11-06 21:00:00,31633.05,31708.02,31499.58,31644.73,14004
2023-11-06 22:00:00,31616.95,31635.52,31305.78,31533.39,12550
2023-11-06 23:00:00,31536.51,31637.04,31371.38,31590.46,7957
2023-11-07 00:00:00,31680.91,31884.48,31680.91,31734.65,17227
2023-11-07 01:00:00,31749.14,32038.48,31554.43,31956.75,4736
2023-11-07 02:00:00,31951.14,32181.75,31876.85,31966.18,9772
2023-11-07 03:00:00,31962.54,32184.08,31868.88,32030.13,10207
2023-11-07 04:00:00,31955.25,31955.25,31854.27,31891.47,11276
2023-11-07 05:00:00,31948.72,32142.98,31948.72,32012.74,9817
2023-11-07 06:00:00,32027.07,32086.49,31748.36,32075.38,8342
2023-11-07 07:00:00,32068.14,32102.75,31924.08,32038.67,9139
2023-11-07 08:00:00,32073.55,32239.76,31850.64,32137.48,11212
2023-11-07 09:00:00,32150.8,32348.25,31947.72,32118.03,5593
2023-11-07 10:00:00,32124.77,32147.2,31818.49,32083.04,7044
2023-11-07 11:00:00,32064.08,32158.47,32015.85,32122.51,6628
2023-11-07 12:00:00,32183.03,32317.15,31948.34,32040.96,7310
2023-11-07 13:00:00,32096.62,32167.43,32028.21,32124.34,16051
2023-11-07 14:00:00,32079.77,32079.77,31853.42,32043.52,14053
2023-11-07 15:00:00,32066.09,32066.09,31895.3,31964.35,13487
2023-11-07 16:00:00,32016.21,32106.05,31873.16,31897.42,7074
2023-11-07 17:00:00,31898.07,32316.68,31898.07,31961.99,14090
2023-11-07 18:00:00,31973.91,31973.91,31876.89,31918.08,13064
2023-11-07 19:00:00,31860.68,31860.68,31754.24,31817.88,12535
2023-11-07 20:00:00,31789.75,31870.82,31473.54,31777.54,12922
2023-11-07 21:00:00,31731.27,31843.29,31719.12,31782.68,12422
2023-11-07 22:00:00,31737.74,31788.22,31575.29,31698.55,10716
2023-11-07 23:00:00,31681.84,31681.84,31451.34,31618.6,9050
2023-11-08 00:00:00,31611.83,32006.32,31401.47,31793.31,9226
2023-11-08 01:00:00,31829.5,31829.5,31577.87,31735.26,9393
2023-11-08 02:00:00,31737.24,31830.48,31656.69,31720.14,6851
2023-11-08 03:00:00,31657.46,31748.16,31592.46,31701.73,8133
2023-11-08 04:00:00,31715.85,31766.96,31616.35,31679.71,10544
2023-11-08 05:00:00,31710.64,32027.07,31710.64,31738.69,8890
2023-11-08 06:00:00,31808.09,31885.69,31756.55,31822.04,15779
2023-11-08 07:00:00,31762.83,31977.6,31632.81,31806.85,7868
2023-11-08 08:00:00,31839.47,31839.47,31570.51,31719.45,6517
2023-11-08 09:00:00,31757.18,31909.25,31645.19,31828.52,11899
2023-11-08 10:00:00,31766.54,31829.21,31765.28,31828.94,5908
2023-11-08 11:00:00,31824.64,32035.71,31647.63,31971.77,9986
2023-11-08 12:00:00,31850.88,31850.88,31768.19,31801.9,6827
2023-11-08 13:00:00,31778.55,31830.48,31591.04,31826.35,12047
2023-11-08 14:00:00,31862.92,32048.81,31849.78,31984.84,14056
2023-11-08 15:00:00,31944.48,31981.59,31900.25,31964.18,9366
2023-11-08 16:00:00,32017.82,32017.82,31907.87,31953.91,17560
2023-11-08 17:00:00,31947.47,32178.03,31818.72,31984.62,14058
2023-11-08 18:00:00,31990.07,32129.2,31860.85,31947.16,13818
2023-11-08 19:00:00,31955.86,32175.21,31661.31,31929.6,11942
2023-11-08 20:00:00,31918.55,31945.27,31846.85,31910.67,14818
2023-11-08 21:00:00,31919.76,31923.35,31804.15,31870.0,16595
2023-11-08 22:00:00,31859.59,32156.0,31826.17,31974.78,9371
2023-11-08 23:00:00,31971.66,32116.4,31813.28,32018.21,15184
2023-11-09 00:00:00,31952.0,32293.71,31768.22,32044.87,8491
2023-11-09 01:00:00,32058.38,32179.2,31872.56,32114.97,9974
2023-11-09 02:00:00,32098.71,32163.17,32034.77,32098.97,8560
2023-11-09 03:00:00,32097.34,32256.7,31994.58,32043.31,8693
2023-11-09 04:00:00,32034.53,32164.09,31856.59,32002.46,7061
2023-11-09 05:00:00,32010.59,32237.18,31945.47,32009.49,8644
2023-11-09 06:00:00,31992.44,32136.54,31905.07,31933.2,14255
2023-11-09 07:00:00,31930.68,31948.75,31658.38,31901.79,13907
2023-11-09 08:00:00,31886.36,31976.35,31638.81,31868.95,14356
2023-11-09 09:00:00,31944.92,32170.95,31944.92,32043.23,14038
2023-11-09 10:00:00,32042.88,32042.88,31575.06,31831.11,12061
2023-11-09 11:00:00,31874.48,32104.8,31723.4,31826.8,11596
2023-11-09 12:00:00,31907.49,32035.38,31907.49,31971.44,8310
2023-11-09 13:00:00,31952.9,32117.95,31924.67,31988.65,12503
2023-11-09 14:00:00,32019.76,32119.21,31893.12,32055.1,10860
2023-11-09 15:00:00,32019.64,32142.48,32005.36,32069.5,9646
2023-11-09 16:00:00,32089.1,32176.55,31827.24,32023.78,13944
2023-11-09 17:00:00,31937.98,31937.98,31681.4,31855.55,4535
2023-11-09 18:00:00,31848.81,32093.54,31817.14,31882.42,6097
2023-11-09 19:00:00,31904.04,32054.79,31686.56,31832.21,10078
2023-11-09 20:00:00,31844.3,31844.3,31717.17,31780.74,12701
2023-11-09 21:00:00,31813.88,31884.97,31521.57,31753.72,19560
2023-11-09 22:00:00,31821.71,32010.87,31821.71,31901.83,5441
2023-11-09 23:00:00,32035.2,32154.2,32035.2,32099.4,9903
2023-11-10 00:00:00,32103.68,32268.6,31885.23,32122.49,8569
2023-11-10 01:00:00,32111.21,32194.35,31963.75,32091.75,13524
2023-11-10 02:00:00,32146.39,32327.8,31889.96,32005.5,7041
2023-11-10 03:00:00,31993.5,32135.47,31804.26,32049.97,12504
2023-11-10 04:00:00,32067.58,32423.13,32010.05,32196.88,14754
2023-11-10 05:00:00,32174.12,32404.99,32115.87,32182.42,8143
2023-11-10 06:00:00,32064.65,32064.65,31901.0,32000.64,12378
2023-11-10 07:00:00,31986.57,32184.17,31986.57,32061.63,10202
2023-11-10 08:00:00,32082.07,32189.67,32082.07,32146.36,9496
2023-11-10 09:00:00,32168.01,32168.01,31819.52,32027.76,18334
2023-11-10 10:00:00,32110.27,32114.21,31885.67,32050.11,15340
2023-11-10 11:00:00,32047.29,32147.33,32047.29,32093.72,19469
2023-11-10 12:00:00,32066.51,32199.84,32066.51,32095.14,7143
2023-11-10 13:00:00,32074.32,32188.11,31975.88,32039.96,7494
2023-11-10 14:00:00,32063.24,32259.17,32063.24,32127.5,9370
2023-11-10 15:00:00,32116.53,32295.31,32038.06,32102.26,13926
2023-11-10 16:00:00,32137.02,32149.89,31898.9,31993.01,12860
2023-11-10 17:00:00,31905.29,31905.29,31777.92,31841.6,15259
2023-11-10 18:00:00,31884.01,32053.19,31884.01,31951.38,11907
2023-11-10 19:00:00,31967.02,32281.43,31967.02,32009.3,13626
2023-11-10 20:00:00,32020.5,32171.0,31961.25,32025.3,14507
2023-11-10 21:00:00,31996.98,32196.81,31667.06,31999.2,8767
2023-11-10 22:00:00,31946.55,32031.07,31825.75,31967.14,7192
2023-11-10 23:00:00,31914.88,32016.26,31829.06,31892.85,6968
2023-11-11 00:00:00,31833.83,31904.63,31757.64,31870.14,8154
2023-11-11 01:00:00,31720.34,31720.34,31656.76,31715.56,9559
2023-11-11 02:00:00,31717.52,31724.07,31496.19,31672.12,7514
2023-11-11 03:00:00,31647.18,31933.81,31396.74,31662.47,13006
2023-11-11 04:00:00,31727.71,31774.15,31706.08,31724.51,12845
2023-11-11 05:00:00,31717.37,31798.39,31507.85,31734.92,11453
2023-11-11 06:00:00,31716.45,32043.57,31624.69,31810.02,9412
2023-11-11 07:00:00,31863.28,31991.8,31863.28,31927.13,10574
2023-11-11 08:00:00,31955.95,32221.12,31955.95,32019.99,14736
2023-11-11 09:00:00,31998.33,32372.5,31956.38,32065.32,19474
2023-11-11 10:00:00,32090.33,32299.16,31978.71,32073.49,7328
2023-11-11 11:00:00,32114.7,32228.32,31701.08,32004.49,8191
2023-11-11 12:00:00,31986.2,32135.46,31744.03,32071.32,12542
2023-11-11 13:00:00,32052.3,32275.54,31971.21,32211.12,13056
2023-11-11 14:00:00,32249.13,32448.08,32162.61,32243.11,12302
2023-11-11 15:00:00,32333.62,32446.98,32333.62,32398.42,11687
2023-11-11 16:00:00,32343.26,32343.26,32198.46,32278.7,10766
2023-11-11 17:00:00,32286.07,32286.07,32120.58,32190.96,19248
2023-11-11 18:00:00,32182.9,32436.42,32108.69,32263.85,7727
2023-11-11 19:00:00,32245.98,32353.74,31909.54,32289.16,6605
2023-11-11 20:00:00,32247.1,32505.6,32240.48,32397.09,5444
2023-11-11 21:00:00,32424.55,32454.27,32096.24,32397.82,10839
2023-11-11 22:00:00,32398.2,32402.03,32266.77,32331.43,11343
2023-11-11 23:00:00,32311.59,32495.44,32161.41,32318.5,10135
2023-11-12 00:00:00,32265.44,32265.44,32136.64,32201.04,9508
2023-11-12 01:00:00,32260.4,32455.44,31894.23,32117.95,13045
2023-11-12 02:00:00,32120.1,32427.98,32084.92,32201.88,9136
2023-11-12 03:00:00,32225.39,32489.3,32225.39,32276.7,8642
2023-11-12 04:00:00,32332.54,32405.65,32174.86,32310.44,12787
2023-11-12 05:00:00,32278.4,32368.96,32109.6,32179.04,12512
2023-11-12 06:00:00,32147.68,32222.12,32081.48,32157.8,7670
2023-11-12 07:00:00,32111.38,32111.38,31962.77,32068.66,12759
2023-11-12 08:00:00,32062.17,32246.84,32062.17,32170.46,6956
2023-11-12 09:00:00,32160.41,32262.12,32109.08,32132.52,13287
2023-11-12 10:00:00,32099.68,32119.95,32005.66,32055.84,7615
2023-11-12 11:00:00,32072.72,32075.67,31962.25,32067.77,11159
2023-11-12 12:00:00,32089.65,32089.65,32003.88,32027.07,9742
2023-11-12 13:00:00,32012.0,32261.44,31986.73,32154.0,14865
2023-11-12 14:00:00,32172.92,32345.52,31984.19,32103.74,13321
2023-11-12 15:00:00,32046.87,32046.87,31755.85,32002.31,13176
2023-11-12 16:00:00,32025.18,32025.18,31705.33,31843.76,11198
2023-11-12 17:00:00,31832.4,31917.88,31575.58,31854.17,10734
2023-11-12 18:00:00,31869.61,31885.23,31759.1,31822.75,7523
2023-11-12 19:00:00,31787.77,31787.77,31655.99,31724.32,17666
2023-11-12 20:00:00,31768.14,31904.1,31768.14,31831.8,9110
2023-11-12 21:00:00,31892.34,31960.86,31892.34,31897.07,11289
2023-11-12 22:00:00,31882.75,31971.23,31843.6,31907.41,11244
2023-11-12 23:00:00,31877.8,32090.28,31757.81,32026.23,13207
2023-11-13 00:00:00,32024.57,32261.15,32024.57,32088.75,11758
2023-11-13 01:00:00,32065.17,32065.17,31844.35,32033.64,9704
2023-11-13 02:00:00,32053.67,32134.71,31898.83,31962.76,12263
2023-11-13 03:00:00,32022.99,32345.09,32022.99,32038.7,11933
2023-11-13 04:00:00,32022.14,32374.19,31883.97,32080.73,15591
2023-11-13 05:00:00,32130.36,32166.28,32095.56,32103.54,6889
2023-11-13 06:00:00,32094.69,32094.69,31981.58,32045.67,5499
2023-11-13 07:00:00,32098.77,32140.63,32098.77,32103.26,10160
2023-11-13 08:00:00,32138.05,32204.15,31913.43,32052.17,15539
2023-11-13 09:00:00,32068.86,32238.03,31943.43,32053.22,13340
2023-11-13 10:00:00,32172.12,32275.66,32172.12,32175.92,15317
2023-11-13 11:00:00,32230.15,32308.07,31976.63,32130.69,11657
2023-11-13 12:00:00,32094.28,32094.28,31762.25,32014.35,17556
2023-11-13 13:00:00,32005.23,32005.23,31536.23,31941.35,10841
2023-11-13 14:00:00,31873.49,32203.9,31873.49,32030.27,7982
2023-11-13 15:00:00,32013.25,32335.91,31911.39,32059.68,4576
2023-11-13 16:00:00,32049.7,32122.5,31994.27,32058.38,13481
2023-11-13 17:00:00,32036.26,32036.26,31761.77,32027.08,8432
2023-11-13 18:00:00,32021.9,32073.67,31884.24,32073.64,8698
2023-11-13 19:00:00,32078.79,32078.79,31950.73,32014.76,10591
2023-11-13 20:00:00,32035.19,32136.36,32028.54,32047.89,7346
2023-11-13 21:00:00,32063.5,32063.5,31641.53,31999.5,8836
2023-11-13 22:00:00,32034.54,32102.63,31866.16,31938.74,9954
2023-11-13 23:00:00,31925.3,31962.94,31684.34,31899.14,6240
2023-11-14 00:00:00,31886.56,31944.56,31647.57,31880.8,8625
2023-11-14 01:00:00,31871.52,31998.0,31824.84,31888.61,6388
2023-11-14 02:00:00,31863.15,31982.46,31841.52,31918.62,9621
2023-11-14 03:00:00,31773.99,31773.99,31578.25,31641.53,7534
2023-11-14 04:00:00,31584.99,31680.25,31370.68,31595.16,14836
2023-11-14 05:00:00,31551.62,31644.82,31338.06,31581.65,13917
2023-11-14 06:00:00,31549.81,31730.85,31461.76,31715.1,10114
2023-11-14 07:00:00,31685.5,31843.19,31643.74,31646.65,8579
2023-11-14 08:00:00,31637.09,32010.65,31612.47,31675.82,5053
2023-11-14 09:00:00,31643.03,31850.46,31560.24,31807.57,7680
2023-11-14 10:00:00,31779.65,31787.5,31631.55,31718.74,6881
2023-11-14 11:00:00,31646.52,31838.86,31611.76,31764.03,12222
2023-11-14 12:00:00,31727.66,31727.66,31589.82,31715.73,9972
2023-11-14 13:00:00,31727.62,31802.95,31447.3,31691.21,9070
2023-11-14 14:00:00,31741.52,31862.58,31642.02,31644.11,7662
2023-11-14 15:00:00,31670.32,31844.41,31519.1,31603.21,12372
2023-11-14 16:00:00,31639.43,31977.9,31609.62,31829.81,11447
2023-11-14 17:00:00,31783.47,31971.83,31756.73,31908.01,6646
2023-11-14 18:00:00,31857.43,32199.66,31738.85,32005.32,18522
2023-11-14 19:00:00,32048.52,32098.2,32033.45,32053.72,12624
2023-11-14 20:00:00,32049.49,32049.49,31836.39,31936.48,9513
2023-11-14 21:00:00,31930.9,32153.94,31852.26,31978.01,17715
2023-11-14 22:00:00,31994.53,32112.94,31978.2,32072.19,11740
2023-11-14 23:00:00,32078.43,32144.08,31774.13,32014.29,10863
2023-11-15 00:00:00,32089.28,32328.19,32089.28,32100.15,7413
2023-11-15 01:00:00,32143.79,32228.81,32105.97,32164.48,9446
2023-11-15 02:00:00,32178.49,32329.06,32034.95,32318.23,9876
2023-11-15 03:00:00,32314.86,32336.41,32225.41,32289.99,10041
2023-11-15 04:00:00,32272.76,32409.82,32144.44,32208.85,7764
2023-11-15 05:00:00,32166.71,32252.1,32146.42,32187.73,8969
2023-11-15 06:00:00,32244.35,32372.71,32244.35,32308.97,6369
2023-11-15 07:00:00,32315.18,32450.35,31932.94,32170.3,7959
2023-11-15 08:00:00,32067.21,32067.21,31806.87,32015.92,9665
2023-11-15 09:00:00,31961.55,32156.57,31814.69,32034.45,8852
2023-11-15 10:00:00,32071.92,32167.66,31901.5,32011.53,10477
2023-11-15 11:00:00,32015.38,32121.52,31990.32,32024.7,13293
2023-11-15 12:00:00,32052.23,32271.81,32047.07,32111.29,15177
2023-11-15 13:00:00,32090.44,32270.44,32014.32,32078.48,12869
2023-11-15 14:00:00,32006.5,32006.5,31878.73,31942.62,13377
2023-11-15 15:00:00,32112.56,32406.81,32112.56,32116.28,7219
2023-11-15 16:00:00,32141.86,32206.95,31919.83,32048.96,8713
2023-11-15 17:00:00,32042.53,32042.53,31854.8,31978.57,10476
2023-11-15 18:00:00,32014.8,32081.3,32014.8,32078.96,5124
2023-11-15 19:00:00,32072.4,32265.57,31964.31,32061.78,9460
2023-11-15 20:00:00,32079.65,32144.49,32005.47,32069.61,10829
2023-11-15 21:00:00,32102.05,32186.4,32056.18,32120.42,13492
2023-11-15 22:00:00,32153.09,32346.44,32153.09,32217.53,9035
2023-11-15 23:00:00,32225.41,32340.34,32136.51,32200.91,14693
2023-11-16 00:00:00,32299.3,32566.43,32299.3,32330.78,5236
2023-11-16 01:00:00,32233.37,32233.37,32104.7,32169.04,10444
2023-11-16 02:00:00,32234.26,32538.92,32165.48,32239.03,8907
2023-11-16 03:00:00,32296.69,32349.66,32091.95,32181.76,9409
2023-11-16 04:00:00,32165.42,32364.95,32149.07,32300.35,8408
2023-11-16 05:00:00,32336.43,32336.43,32254.97,32319.6,11276
2023-11-16 06:00:00,32239.21,32296.0,32109.71,32274.39,11267
2023-11-16 07:00:00,32271.03,32353.23,32271.03,32335.7,8455
2023-11-16 08:00:00,32405.66,32500.82,32371.77,32414.73,6638
2023-11-16 09:00:00,32445.46,32534.7,32208.21,32472.58,8270
2023-11-16 10:00:00,32477.11,32481.36,32278.94,32396.22,9660
2023-11-16 11:00:00,32365.33,32429.04,32277.11,32364.31,12770
2023-11-16 12:00:00,32457.79,32474.48,32152.4,32370.68,16669
2023-11-16 13:00:00,32338.24,32756.11,32237.13,32374.21,12808
2023-11-16 14:00:00,32366.61,32667.69,32366.61,32440.96,7535
2023-11-16 15:00:00,32387.82,32432.87,32113.3,32286.9,9400
2023-11-16 16:00:00,32270.39,32386.89,32155.08,32322.25,11064
2023-11-16 17:00:00,32357.05,32467.8,32254.19,32307.18,9581
2023-11-16 18:00:00,32273.24,32313.6,32157.48,32249.1,6680
2023-11-16 19:00:00,32275.42,32363.69,31939.59,32199.97,6865
2023-11-16 20:00:00,32243.9,32255.9,32031.05,32193.0,12046
2023-11-16 21:00:00,31920.14,31920.14,31805.23,31919.09,15652
2023-11-16 22:00:00,31942.89,31942.89,31815.38,31879.13,10655
2023-11-16 23:00:00,31831.18,31910.48,31666.86,31825.4,11080
2023-11-17 00:00:00,31842.92,31959.09,31837.23,31882.96,21417
2023-11-17 01:00:00,31802.49,32067.97,31802.49,31835.31,11307
2023-11-17 02:00:00,31919.0,32111.71,31690.44,31834.87,11927
2023-11-17 03:00:00,31892.32,32101.23,31761.47,31971.41,7890
2023-11-17 04:00:00,32005.8,32093.9,31749.54,32062.85,12034
2023-11-17 05:00:00,32135.24,32243.63,32135.24,32146.01,8976
2023-11-17 06:00:00,32123.22,32123.22,31822.94,32117.62,6759
2023-11-17 07:00:00,32102.12,32287.2,32056.75,32171.85,13836
2023-11-17 08:00:00,32163.15,32228.78,31853.97,32164.45,8010
2023-11-17 09:00:00,32180.68,32271.02,31958.21,32160.46,7492
2023-11-17 10:00:00,32179.8,32269.36,32179.8,32204.95,7031
2023-11-17 11:00:00,32160.78,32233.79,32029.77,32169.45,9184
2023-11-17 12:00:00,32194.55,32366.64,32095.6,32299.13,7482
2023-11-17 13:00:00,32273.56,32538.05,32174.04,32296.34,11797
2023-11-17 14:00:00,32346.83,32456.46,32346.83,32355.38,11692
2023-11-17 15:00:00,32387.23,32517.0,32387.23,32480.28,15192
2023-11-17 16:00:00,32507.81,32634.52,32504.25,32569.39,10566
2023-11-17 17:00:00,32527.5,32527.5,32169.78,32462.58,12219
2023-11-17 18:00:00,32476.09,32602.76,32476.09,32505.94,10180
2023-11-17 19:00:00,32515.76,32807.14,32515.76,32580.92,9088
2023-11-17 20:00:00,32616.41,32716.36,32486.83,32658.45,23818
2023-11-17 21:00:00,32639.8,32639.8,32526.74,32574.65,11107
2023-11-17 22:00:00,32491.14,32782.97,32475.41,32529.29,6536
2023-11-17 23:00:00,32523.84,32681.4,32430.42,32616.17,9509
2023-11-18 00:00:00,32533.23,32626.4,32275.02,32561.27,6300
2023-11-18 01:00:00,32524.05,32758.1,32415.02,32544.34,5643
2023-11-18 02:00:00,32650.19,32742.15,32650.19,32676.8,9308
2023-11-18 03:00:00,32646.37,32744.15,32371.13,32677.53,11870
2023-11-18 04:00:00,32642.67,32642.67,32558.8,32624.05,8752
2023-11-18 05:00:00,32626.75,32626.75,32495.06,32560.18,10317
2023-11-18 06:00:00,32559.51,32713.82,32513.94,32594.25,7290
2023-11-18 07:00:00,32545.47,32545.47,32229.57,32495.05,9684
2023-11-18 08:00:00,32550.5,32672.86,32238.22,32484.71,14908
2023-11-18 09:00:00,32469.23,32585.55,32363.72,32520.51,6547
2023-11-18 10:00:00,32600.36,32700.06,32600.36,32632.69,6011
2023-11-18 11:00:00,32605.82,32882.71,32502.45,32693.71,16782
2023-11-18 12:00:00,32647.06,32787.73,32450.18,32643.19,13369
2023-11-18 13:00:00,32593.87,32949.35,32587.4,32745.37,11487
2023-11-18 14:00:00,32702.02,32896.1,32585.84,32727.94,10114
2023-11-18 15:00:00,32738.23,32787.52,32480.23,32635.36,11318
2023-11-18 16:00:00,32590.75,32862.28,32482.53,32629.83,9858
2023-11-18 17:00:00,32539.26,33050.45,32447.06,32753.21,9999
2023-11-18 18:00:00,32743.56,32826.56,32650.08,32772.99,13581
2023-11-18 19:00:00,32778.37,32873.32,32778.37,32779.99,8534
2023-11-18 20:00:00,32784.06,32919.17,32547.54,32917.03,9900
2023-11-18 21:00:00,32848.02,32848.02,32691.47,32804.76,13640
2023-11-18 22:00:00,32880.33,32880.33,32647.13,32706.56,8299
2023-11-18 23:00:00,32649.51,32649.51,32519.18,32584.35,8347
2023-11-19 00:00:00,32607.21,32883.74,32463.53,32624.05,12148
2023-11-19 01:00:00,32670.95,32670.95,32581.88,32647.18,7387
2023-11-19 02:00:00,32714.77,32902.39,32714.77,32780.33,10179
2023-11-19 03:00:00,32787.55,32872.75,32787.55,32807.14,8965
2023-11-19 04:00:00,32827.58,32846.96,32612.41,32781.39,9947
2023-11-19 05:00:00,32824.09,33027.98,32723.27,32788.85,8555
2023-11-19 06:00:00,32739.28,32938.6,32592.94,32805.35,14399
2023-11-19 07:00:00,32743.39,32743.39,32427.78,32678.04,9312
2023-11-19 08:00:00,32838.66,32981.37,32838.66,32904.47,11717
2023-11-19 09:00:00,32886.35,33061.39,32886.35,32952.25,9442
2023-11-19 10:00:00,32880.86,33087.14,32705.54,32974.67,10079
2023-11-19 11:00:00,32966.16,33287.35,32888.24,33029.21,14257
2023-11-19 12:00:00,33134.89,33172.43,33084.17,33090.89,8466
2023-11-19 13:00:00,33150.12,33160.71,33030.49,33082.55,9758
2023-11-19 14:00:00,33079.69,33220.19,32976.63,33034.36,8875
2023-11-19 15:00:00,33020.73,33113.6,33020.73,33086.91,6544
2023-11-19 16:00:00,33103.83,33250.32,33046.64,33121.77,7713
2023-11-19 17:00:00,33125.41,33125.41,32926.13,33059.29,7442
2023-11-19 18:00:00,33017.86,33296.17,33017.86,33178.59,6974
2023-11-19 19:00:00,33228.11,33413.35,33033.12,33204.92,9923
2023-11-19 20:00:00,33223.77,33332.96,33223.77,33266.42,8988
2023-11-19 21:00:00,33248.47,33616.87,33125.49,33380.61,7368
2023-11-19 22:00:00,33346.26,33447.58,33223.82,33380.82,9258
2023-11-19 23:00:00,33322.01,33582.24,33214.68,33405.2,12273
2023-11-20 00:00:00,33402.66,33478.73,33402.66,33469.6,9696
2023-11-20 01:00:00,33378.06,33474.05,33167.3,33407.24,10970
2023-11-20 02:00:00,33439.61,33500.51,33385.68,33410.12,13402
2023-11-20 03:00:00,33433.33,33491.98,33328.82,33418.8,7895
2023-11-20 04:00:00,33346.37,33405.72,33272.37,33339.05,11631
2023-11-20 05:00:00,33312.33,33670.02,33292.08,33528.25,9275
2023-11-20 06:00:00,33527.0,33536.24,33352.01,33409.95,10766
2023-11-20 07:00:00,33471.46,33482.15,33276.79,33303.17,14018
2023-11-20 08:00:00,33389.4,33514.95,33389.4,33412.57,10542
2023-11-20 09:00:00,33390.54,33538.34,33390.54,33471.4,13961
2023-11-20 10:00:00,33454.5,33528.97,33267.41,33386.7,12292
2023-11-20 11:00:00,33462.91,33758.54,33381.88,33437.04,12701
2023-11-20 12:00:00,33514.89,33560.02,33514.89,33556.64,7901
2023-11-20 13:00:00,33560.68,33602.56,33398.86,33551.16,9207
2023-11-20 14:00:00,33712.67,33895.55,33712.67,33761.61,11876
2023-11-20 15:00:00,33628.25,33628.25,33545.13,33612.35,8923
2023-11-20 16:00:00,33628.55,33838.77,33598.03,33665.36,8294
2023-11-20 17:00:00,33665.8,33824.14,33448.05,33756.62,11934
2023-11-20 18:00:00,33749.82,33891.91,33749.82,33824.26,7661
2023-11-20 19:00:00,33877.44,33978.36,33607.72,33800.09,8487
2023-11-20 20:00:00,33769.85,34006.2,33702.48,33770.02,20955
2023-11-20 21:00:00,33758.02,33903.98,33622.56,33800.94,8916
2023-11-20 22:00:00,33853.91,34134.6,33794.4,33862.13,6779
2023-11-20 23:00:00,33903.21,34029.35,33613.67,33904.53,8651
2023-11-21 00:00:00,33833.09,34146.46,33819.62,33982.96,13330
2023-11-21 01:00:00,33896.86,34107.17,33803.43,33888.09,12540
2023-11-21 02:00:00,33868.14,33872.1,33821.82,33860.43,8911
2023-11-21 03:00:00,33853.66,33936.07,33573.11,33774.25,11788
2023-11-21 04:00:00,33808.27,34100.56,33625.98,33736.23,7110
2023-11-21 05:00:00,33730.88,34122.62,33615.07,33814.88,11802
2023-11-21 06:00:00,33788.03,33823.29,33749.15,33816.78,12884
2023-11-21 07:00:00,33994.08,34258.17,33994.08,34025.31,21465
2023-11-21 08:00:00,34039.03,34184.0,33942.24,34030.87,14660
2023-11-21 09:00:00,33993.62,34412.44,33902.59,34025.06,14238
2023-11-21 10:00:00,34037.49,34091.01,33952.47,34022.97,9703
2023-11-21 11:00:00,33987.52,34055.43,33655.59,33959.49,13300
2023-11-21 12:00:00,33946.75,34013.81,33833.57,33945.92,5501
2023-11-21 13:00:00,33968.28,34341.12,33803.37,34031.69,8768
2023-11-21 14:00:00,34017.13,34099.43,33900.36,34031.37,9474
2023-11-21 15:00:00,33960.64,33960.64,33729.15,33954.97,10029
2023-11-21 16:00:00,33963.52,33963.52,33658.96,33869.27,9876
2023-11-21 17:00:00,33838.21,33892.55,33757.01,33824.9,13168
2023-11-21 18:00:00,33806.17,34052.91,33757.34,33824.99,9693
2023-11-21 19:00:00,33850.58,34050.53,33850.58,33918.42,10387
2023-11-21 20:00:00,33917.36,34128.07,33632.85,33799.39,22284
2023-11-21 21:00:00,33797.06,33839.73,33479.39,33767.76,16589
2023-11-21 22:00:00,33784.59,34004.61,33554.36,33774.8,9499
2023-11-21 23:00:00,33794.85,33817.58,33443.11,33618.44,18200
2023-11-22 00:00:00,33614.94,33614.94,33518.8,33547.84,6331
2023-11-22 01:00:00,33504.66,33504.66,33343.12,33491.06,7868
2023-11-22 02:00:00,33480.91,33480.91,33358.87,33425.72,14903
2023-11-22 03:00:00,33507.2,33662.1,33375.25,33442.13,10612
2023-11-22 04:00:00,33433.45,33701.97,33380.2,33429.47,9857
2023-11-22 05:00:00,33452.75,33606.36,33317.75,33384.52,8970
2023-11-22 06:00:00,33398.98,33462.53,33097.92,33421.16,10954
2023-11-22 07:00:00,33519.98,33630.63,33519.98,33563.51,6449
2023-11-22 08:00:00,33630.29,33759.75,33630.29,33697.69,10153
2023-11-22 09:00:00,33656.18,33656.18,33432.42,33536.2,13474
2023-11-22 10:00:00,33557.29,33837.58,33445.29,33583.94,12916
2023-11-22 11:00:00,33589.73,33655.73,33381.71,33569.33,8363
2023-11-22 12:00:00,33561.74,33597.84,33508.1,33582.23,10572
2023-11-22 13:00:00,33491.15,33616.06,33427.11,33548.96,7370
2023-11-22 14:00:00,33570.57,33648.77,33491.72,33558.83,10292
2023-11-22 15:00:00,33611.42,33626.09,33439.91,33570.91,7218
2023-11-22 16:00:00,33536.63,33536.63,33456.57,33523.62,17925
2023-11-22 17:00:00,33458.22,33635.25,33384.81,33451.72,13754
2023-11-22 18:00:00,33437.12,33485.55,33404.57,33418.71,10720
2023-11-22 19:00:00,33424.75,33509.2,33134.84,33442.31,9180
2023-11-22 20:00:00,33334.96,33562.64,33192.33,33495.65,11982
2023-11-22 21:00:00,33504.2,33638.8,33395.23,33568.92,13687
2023-11-22 22:00:00,33654.82,33663.74,33376.53,33530.61,8416
2023-11-22 23:00:00,33520.33,33623.7,33467.98,33556.59,13357
2023-11-23 00:00:00,33521.73,33674.31,33516.22,33637.13,12961
2023-11-23 01:00:00,33631.07,33851.61,33598.36,33732.97,10086
2023-11-23 02:00:00,33777.66,33793.25,33658.35,33725.8,10200
2023-11-23 03:00:00,33795.7,33799.01,33483.87,33705.93,15822
2023-11-23 04:00:00,33755.7,33870.16,33719.51,33721.12,13679
2023-11-23 05:00:00,33692.15,33692.15,33486.37,33624.9,10735
2023-11-23 06:00:00,33634.87,33801.86,33586.97,33609.91,4595
2023-11-23 07:00:00,33693.37,33916.01,33605.47,33672.82,8691
2023-11-23 08:00:00,33691.27,33793.26,33602.72,33725.81,8802
2023-11-23 09:00:00,33721.72,33970.06,33521.31,33702.52,9315
2023-11-23 10:00:00,33726.12,34157.75,33508.67,33719.82,6980
2023-11-23 11:00:00,33764.32,33793.54,33434.46,33651.04,13351
2023-11-23 12:00:00,33648.89,33843.32,33439.26,33709.25,9209
2023-11-23 13:00:00,33755.97,33903.9,33491.44,33702.04,13473
2023-11-23 14:00:00,33699.97,33745.81,33550.79,33678.45,13565
2023-11-23 15:00:00,33666.19,33666.19,33572.65,33648.45,10811
2023-11-23 16:00:00,33684.96,33710.91,33482.8,33643.63,12711
2023-11-23 17:00:00,33674.27,33674.27,33530.52,33607.06,11872
2023-11-23 18:00:00,33605.31,33842.41,33594.9,33662.22,11050
2023-11-23 19:00:00,33648.81,33697.66,33452.66,33630.39,12938
2023-11-23 20:00:00,33695.35,33773.3,33695.35,33762.88,12236
2023-11-23 21:00:00,33812.44,34051.67,33812.44,33882.68,8086
2023-11-23 22:00:00,33850.13,33850.13,33586.78,33805.44,9710
2023-11-23 23:00:00,33833.41,34015.04,33755.02,33809.37,9459
2023-11-24 00:00:00,33754.78,33903.72,33685.66,33753.16,5760
2023-11-24 01:00:00,33697.2,33904.17,33521.46,33725.66,11786
2023-11-24 02:00:00,33823.25,33958.81,33823.25,33891.03,9504
2023-11-24 03:00:00,33826.33,33863.87,33787.08,33862.43,4794
2023-11-24 04:00:00,33824.88,33957.67,33822.11,33889.89,6565
2023-11-24 05:00:00,33934.29,34023.52,33864.7,33932.57,7867
2023-11-24 06:00:00,33847.68,33847.68,33647.35,33845.87,11775
2023-11-24 07:00:00,33791.6,33833.65,33536.51,33773.17,19997
2023-11-24 08:00:00,33822.31,33864.24,33468.87,33673.67,7232
2023-11-24 09:00:00,33681.03,33686.95,33472.09,33602.73,7625
2023-11-24 10:00:00,33486.74,33486.74,33061.03,33371.19,15184
2023-11-24 11:00:00,33310.08,33646.3,33238.65,33422.66,5282
2023-11-24 12:00:00,33529.91,33772.51,33529.91,33597.03,16772
2023-11-24 13:00:00,33540.7,33732.2,33539.62,33612.86,16452
2023-11-24 14:00:00,33580.32,33580.32,33300.58,33499.6,18441
2023-11-24 15:00:00,33546.85,33810.03,33235.31,33452.53,11215
2023-11-24 16:00:00,33477.21,33640.1,33354.04,33421.01,14989
2023-11-24 17:00:00,33374.11,33410.62,33287.16,33343.93,8740
2023-11-24 18:00:00,33320.67,33522.03,33200.13,33421.65,6668
2023-11-24 19:00:00,33456.36,33523.6,33455.89,33494.65,7984
2023-11-24 20:00:00,33552.27,33665.24,33374.56,33405.34,6007
2023-11-24 21:00:00,33445.12,33609.81,33445.12,33471.89,20714
2023-11-24 22:00:00,33568.26,33627.09,33568.26,33603.28,10361
2023-11-24 23:00:00,33696.71,34033.99,33696.71,33764.24,10458
2023-11-25 00:00:00,33807.36,34216.69,33700.69,34002.59,17167
2023-11-25 01:00:00,34065.41,34183.48,33876.67,33924.9,11361
2023-11-25 02:00:00,33991.55,34226.52,33991.55,34158.21,10050
2023-11-25 03:00:00,34167.18,34214.52,33979.8,34123.73,15802
2023-11-25 04:00:00,34044.69,34198.26,34044.69,34069.79,10423
2023-11-25 05:00:00,34116.6,34329.08,34025.22,34093.41,10990
2023-11-25 06:00:00,34127.98,34193.81,33856.4,34040.96,8289
2023-11-25 07:00:00,34041.57,34257.17,33974.31,34071.43,13562
2023-11-25 08:00:00,34051.08,34128.58,33890.77,33958.1,16392
2023-11-25 09:00:00,33961.4,34079.75,33926.76,33937.26,8149
2023-11-25 10:00:00,33955.09,34188.85,33868.08,34043.22,3803
2023-11-25 11:00:00,34004.23,34089.27,33932.41,34036.27,11205
2023-11-25 12:00:00,34013.75,34096.78,33943.53,34046.39,13449
2023-11-25 13:00:00,34048.92,34253.94,34018.99,34084.69,21477
2023-11-25 14:00:00,34036.71,34263.46,33992.0,34180.29,13397
2023-11-25 15:00:00,34168.61,34340.06,33832.03,34038.06,9149
2023-11-25 16:00:00,34071.02,34172.88,33766.67,34085.85,14322
2023-11-25 17:00:00,34130.24,34130.24,33993.99,34062.12,4021
2023-11-25 18:00:00,34115.91,34143.72,33957.03,34075.56,10972
2023-11-25 19:00:00,34131.54,34268.6,34131.54,34163.48,14738
2023-11-25 20:00:00,34130.86,34150.43,33758.53,34060.95,11285
2023-11-25 21:00:00,34042.9,34042.9,33826.37,33976.4,11244
2023-11-25 22:00:00,33884.66,33884.66,33749.39,33817.03,11454
2023-11-25 23:00:00,33854.02,33889.1,33624.74,33775.94,10364
2023-11-26 00:00:00,33809.17,34001.96,33486.02,33891.34,9616
2023-11-26 01:00:00,33924.82,34077.92,33816.41,33884.18,10224
2023-11-26 02:00:00,33842.85,33842.85,33708.8,33776.35,10753
2023-11-26 03:00:00,33697.29,33820.05,33530.93,33741.05,15885
2023-11-26 04:00:00,33630.12,33630.12,33499.68,33623.58,15386
2023-11-26 05:00:00,33546.72,33546.72,33469.08,33538.63,6609
2023-11-26 06:00:00,33548.43,33647.34,33393.0,33580.18,10404
2023-11-26 07:00:00,33545.66,33578.74,33470.8,33492.62,9576
2023-11-26 08:00:00,33585.13,33681.75,33393.56,33594.7,5237
2023-11-26 09:00:00,33627.28,33848.79,33593.91,33597.93,10336
2023-11-26 10:00:00,33613.75,33876.28,33458.96,33614.06,10222
2023-11-26 11:00:00,33575.79,33672.75,33513.99,33600.05,8223
2023-11-26 12:00:00,33621.01,33965.4,33605.47,33672.81,12940
2023-11-26 13:00:00,33698.85,33876.65,33698.85,33744.8,13735
2023-11-26 14:00:00,33859.31,34066.66,33569.55,33778.43,10548
2023-11-26 15:00:00,33761.85,33949.03,33678.88,33830.66,12153
2023-11-26 16:00:00,33812.2,33996.67,33785.01,33817.65,4450
2023-11-26 17:00:00,33831.28,33935.11,33767.39,33867.37,8863
2023-11-26 18:00:00,33860.35,33860.35,33777.86,33843.24,8689
2023-11-26 19:00:00,33881.11,33915.22,33643.14,33847.52,7528
2023-11-26 20:00:00,33815.39,34010.99,33761.02,33828.68,8768
2023-11-26 21:00:00,33802.5,34016.52,33727.43,33795.02,6155
2023-11-26 22:00:00,33811.26,33996.53,33712.56,33742.86,13294
2023-11-26 23:00:00,33733.76,33855.11,33733.76,33787.53,12077
2023-11-27 00:00:00,33833.44,34100.46,33833.44,33901.24,10889
2023-11-27 01:00:00,33944.33,34138.23,33944.33,34001.44,9023
2023-11-27 02:00:00,33974.88,34048.33,33875.23,33897.54,7322
2023-11-27 03:00:00,33875.59,34076.16,33751.7,34008.15,8917
2023-11-27 04:00:00,33934.18,34050.27,33733.56,33982.92,10461
2023-11-27 05:00:00,34016.16,34152.22,34008.58,34034.55,11279
2023-11-27 06:00:00,34075.85,34075.85,33892.04,33959.96,8301
2023-11-27 07:00:00,33968.88,34170.37,33795.98,33974.24,13794
2023-11-27 08:00:00,33955.52,34071.32,33784.26,34002.81,7565
2023-11-27 09:00:00,33948.8,33948.8,33813.28,33881.04,8138
2023-11-27 10:00:00,33851.78,34003.59,33722.07,33935.72,14306
2023-11-27 11:00:00,33982.81,34139.57,33982.81,34050.91,8498
2023-11-27 12:00:00,34058.61,34253.37,33730.81,34037.57,6972
2023-11-27 13:00:00,34071.67,34220.9,34035.67,34152.6,10789
2023-11-27 14:00:00,34146.25,34250.65,33714.94,34136.72,9587
2023-11-27 15:00:00,34170.7,34387.23,33975.16,34208.1,8629
2023-11-27 16:00:00,34086.72,34086.72,33983.91,34021.32,12927
2023-11-27 17:00:00,34203.84,34294.24,34203.84,34225.79,9579
2023-11-27 18:00:00,34217.15,34419.5,34174.69,34350.8,16224
2023-11-27 19:00:00,34385.16,34423.38,34141.18,34324.84,8669
2023-11-27 20:00:00,34287.79,34386.36,34086.63,34156.96,13502
2023-11-27 21:00:00,34149.5,34358.91,34114.04,34182.4,12033
2023-11-27 22:00:00,34166.05,34400.35,33981.49,34062.66,16131
2023-11-27 23:00:00,34133.59,34287.06,33945.24,34102.85,7000
2023-11-28 00:00:00,34146.71,34307.2,34071.46,34139.74,7641
2023-11-28 01:00:00,34131.43,34131.43,33989.25,34063.3,7309
2023-11-28 02:00:00,34106.66,34299.86,33878.55,34160.27,8491
2023-11-28 03:00:00,34191.88,34312.07,34161.14,34229.6,11591
2023-11-28 04:00:00,34289.05,34542.57,34260.05,34312.46,6005
2023-11-28 05:00:00,34303.45,34408.04,34196.92,34312.47,11624
2023-11-28 06:00:00,34263.72,34321.69,34191.73,34192.77,20096
2023-11-28 07:00:00,34208.84,34330.87,34208.84,34276.29,10347
2023-11-28 08:00:00,34290.29,34290.29,34176.11,34253.49,4891
2023-11-28 09:00:00,34199.01,34199.01,33989.51,34136.97,13061
2023-11-28 10:00:00,34218.3,34539.96,34218.3,34252.24,11209
2023-11-28 11:00:00,34360.0,34671.33,34360.0,34428.86,8378
2023-11-28 12:00:00,34444.99,34640.8,34213.96,34422.96,12307
2023-11-28 13:00:00,34404.18,34692.82,34385.95,34602.47,9356
2023-11-28 14:00:00,34542.18,34673.9,34452.78,34604.69,12048
2023-11-28 15:00:00,34588.66,34711.84,34496.02,34566.66,9301
2023-11-28 16:00:00,34508.25,34508.25,34466.94,34507.71,10255
2023-11-28 17:00:00,34572.26,34666.44,34572.26,34641.54,10098
2023-11-28 18:00:00,34637.94,34637.94,34295.41,34568.8,17325
2023-11-28 19:00:00,34576.67,34781.01,34544.13,34626.16,10387
2023-11-28 20:00:00,34585.7,34701.87,34383.85,34572.84,10352
2023-11-28 21:00:00,34521.89,34818.11,34521.89,34528.88,9272
2023-11-28 22:00:00,34603.11,34806.45,34542.56,34611.78,9399
2023-11-28 23:00:00,34606.81,34780.23,34501.22,34573.92,10237
2023-11-29 00:00:00,34515.65,34647.27,34465.32,34534.39,11539
2023-11-29 01:00:00,34557.97,34921.41,34556.39,34625.64,8046
2023-11-29 02:00:00,34685.36,34956.33,34685.36,34754.87,11244
2023-11-29 03:00:00,34741.73,34879.41,34619.4,34800.72,10481
2023-11-29 04:00:00,34763.57,34804.27,34495.28,34734.8,11079
2023-11-29 05:00:00,34752.06,34752.06,34301.84,34682.69,7452
2023-11-29 06:00:00,34622.83,34761.68,34612.49,34681.85,6548
2023-11-29 07:00:00,34680.95,34726.55,34632.07,34701.47,10005
2023-11-29 08:00:00,34676.27,34676.27,34575.46,34609.25,24714
2023-11-29 09:00:00,34650.75,34750.12,34595.28,34664.61,10855
2023-11-29 10:00:00,34650.54,34734.03,34513.55,34664.7,11159
2023-11-29 11:00:00,34591.01,34591.01,34338.5,34512.01,14975
2023-11-29 12:00:00,34498.03,34498.03,34291.04,34429.17,15056
2023-11-29 13:00:00,34433.09,34435.11,34254.14,34383.95,12283
2023-11-29 14:00:00,34435.71,34444.9,34023.61,34376.15,7494
2023-11-29 15:00:00,34368.52,34900.81,34322.36,34533.32,11437
2023-11-29 16:00:00,34516.95,34617.85,34479.66,34548.75,7811
2023-11-29 17:00:00,34542.04,34542.04,34414.57,34473.09,7190
2023-11-29 18:00:00,34445.97,34558.25,34420.29,34489.27,6004
2023-11-29 19:00:00,34541.83,34541.83,34303.61,34456.81,8655
2023-11-29 20:00:00,34433.2,34547.36,34405.97,34482.18,11495
2023-11-29 21:00:00,34499.01,34598.61,34396.21,34529.55,14129
2023-11-29 22:00:00,34593.41,34660.57,34451.3,34629.76,8518
2023-11-29 23:00:00,34632.56,34720.45,34554.41,34623.66,9295
2023-11-30 00:00:00,34642.38,34841.19,34561.65,34758.58,7706
2023-11-30 01:00:00,34768.41,35031.85,34727.16,34829.74,16950
2023-11-30 02:00:00,34831.16,34831.16,34660.41,34761.64,8395
2023-11-30 03:00:00,34773.8,35168.25,34770.42,34943.77,9871
2023-11-30 04:00:00,34942.43,35087.78,34866.95,34962.53,8700
2023-11-30 05:00:00,34902.86,34902.86,34816.72,34881.69,8149
2023-11-30 06:00:00,34946.79,35163.41,34851.73,35015.08,21307
2023-11-30 07:00:00,35112.45,35464.3,35112.45,35182.82,9483
2023-11-30 08:00:00,35154.25,35237.27,34931.67,35166.93,14392
2023-11-30 09:00:00,35089.07,35248.5,34922.1,35110.79,20108
2023-11-30 10:00:00,35088.23,35256.82,35014.04,35084.2,9598
2023-11-30 11:00:00,35161.91,35196.31,35037.14,35134.4,6995
2023-11-30 12:00:00,35172.43,35332.82,35172.43,35232.35,13594
2023-11-30 13:00:00,35196.89,35337.96,35196.89,35267.42,7195
2023-11-30 14:00:00,35285.39,35309.99,35073.27,35261.26,11007
2023-11-30 15:00:00,35255.35,35496.25,35088.96,35375.66,10231
2023-11-30 16:00:00,35391.9,35594.5,35251.14,35331.76,18170
2023-11-30 17:00:00,35283.6,35475.6,35249.11,35404.79,16470
2023-11-30 18:00:00,35428.05,35680.97,35290.95,35361.68,11314
2023-11-30 19:00:00,35372.94,35428.88,35372.94,35381.08,6809
2023-11-30 20:00:00,35359.28,35405.11,35281.79,35352.49,8935
2023-11-30 21:00:00,35405.61,35472.6,35259.35,35330.01,7221
2023-11-30 22:00:00,35343.78,35373.77,35202.89,35280.21,13082
2023-11-30 23:00:00,35329.0,35591.09,35277.6,35380.49,13470
2023-12-01 00:00:00,35410.76,35518.18,35126.29,35299.39,14574
2023-12-01 01:00:00,35259.94,35259.94,35130.46,35219.44,11327
2023-12-01 02:00:00,35317.26,35483.0,35317.26,35388.03,6072
2023-12-01 03:00:00,35410.14,35462.56,35384.74,35455.65,10272
2023-12-01 04:00:00,35446.19,35470.46,35145.66,35230.19,13238
2023-12-01 05:00:00,35196.59,35225.09,35124.52,35167.96,7317
2023-12-01 06:00:00,35069.88,35069.88,34891.59,34999.88,8385
2023-12-01 07:00:00,34934.73,34994.84,34795.59,34909.4,4709
2023-12-01 08:00:00,34787.4,34787.4,34547.09,34633.63,11650
2023-12-01 09:00:00,34715.06,34777.53,34478.0,34619.53,14835
2023-12-01 10:00:00,34558.96,34574.92,34370.11,34520.95,14519
2023-12-01 11:00:00,34524.74,34660.27,34524.74,34526.01,12629
2023-12-01 12:00:00,34428.35,34428.35,34357.45,34388.27,9996
2023-12-01 13:00:00,34353.78,34414.47,34343.83,34397.63,13792
2023-12-01 14:00:00,34366.85,34378.73,34264.64,34364.92,10490
2023-12-01 15:00:00,34459.54,34563.34,34290.39,34494.35,12947
2023-12-01 16:00:00,34575.21,34764.88,34575.21,34614.99,9792
2023-12-01 17:00:00,34681.27,34879.69,34473.87,34681.17,10367
2023-12-01 18:00:00,34701.61,34855.85,34582.58,34651.88,7897
2023-12-01 19:00:00,34749.34,35076.3,34749.34,34818.98,9796
2023-12-01 20:00:00,34766.92,34822.36,34544.92,34681.93,7766
2023-12-01 21:00:00,34630.06,34630.06,34491.82,34560.94,15186
2023-12-01 22:00:00,34605.31,34653.95,34484.13,34553.97,9394
2023-12-01 23:00:00,34570.18,34815.3,34570.18,34745.81,8277
2023-12-02 00:00:00,34735.69,34889.57,34452.64,34726.22,11309
2023-12-02 01:00:00,34756.85,34829.4,34512.74,34708.72,10894
2023-12-02 02:00:00,34653.54,34653.54,34537.31,34584.38,8628
2023-12-02 03:00:00,34592.95,34665.69,34436.1,34665.27,11903
2023-12-02 04:00:00,34689.45,34868.55,34675.67,34745.16,5520
2023-12-02 05:00:00,34741.01,34880.25,34741.01,34810.63,4446
2023-12-02 06:00:00,34782.1,35088.03,34687.47,34754.62,7783
2023-12-02 07:00:00,34768.27,34876.24,34649.17,34693.55,9551
2023-12-02 08:00:00,34652.62,34652.62,34475.22,34583.45,8584
2023-12-02 09:00:00,34616.7,34771.13,34438.33,34592.5,7478
2023-12-02 10:00:00,34564.46,34608.43,34456.41,34503.22,11247
2023-12-02 11:00:00,34475.16,34507.43,34299.18,34407.87,13619
2023-12-02 12:00:00,34372.81,34446.52,34309.25,34377.76,9810
2023-12-02 13:00:00,34250.86,34525.07,34203.82,34342.56,6769
2023-12-02 14:00:00,34342.35,34372.45,34209.32,34303.84,9052
2023-12-02 15:00:00,34274.42,34375.71,34274.42,34350.13,13468
2023-12-02 16:00:00,34332.88,34476.03,34143.67,34363.64,9656
2023-12-02 17:00:00,34403.45,34414.11,34325.33,34345.42,10445
2023-12-02 18:00:00,34298.73,34586.94,34298.73,34367.47,10258
2023-12-02 19:00:00,34358.47,34358.47,34221.31,34289.89,8191
2023-12-02 20:00:00,34308.5,34376.51,34237.14,34305.75,11901
2023-12-02 21:00:00,34352.02,34611.37,34255.87,34324.52,9666
2023-12-02 22:00:00,34272.22,34272.22,34113.95,34203.81,12795
2023-12-02 23:00:00,34295.0,34364.22,34295.0,34295.63,11120
2023-12-03 00:00:00,34281.93,34407.45,34122.32,34228.52,14165
2023-12-03 01:00:00,34226.06,34419.73,34226.06,34243.88,10360
2023-12-03 02:00:00,34187.12,34450.89,34030.75,34349.48,9866
2023-12-03 03:00:00,34316.96,34502.78,34316.96,34433.91,9941
2023-12-03 04:00:00,34447.34,34566.35,34108.22,34441.94,8745
2023-12-03 05:00:00,34457.64,34485.96,34256.77,34417.13,8906
2023-12-03 06:00:00,34419.17,34549.12,34419.17,34503.57,9342
2023-12-03 07:00:00,34581.58,34635.05,34397.72,34565.91,10573
2023-12-03 08:00:00,34549.54,34654.54,34334.13,34517.55,9380
2023-12-03 09:00:00,34498.73,34667.29,34386.58,34455.49,9992
2023-12-03 10:00:00,34360.85,34360.85,34278.24,34287.0,9838
2023-12-03 11:00:00,34270.67,34537.24,34270.67,34309.61,10081
2023-12-03 12:00:00,34300.33,34392.9,34086.81,34311.77,14097
2023-12-03 13:00:00,34347.61,34655.35,34347.61,34416.44,10750
2023-12-03 14:00:00,34420.38,34482.59,34420.38,34453.82,8214
2023-12-03 15:00:00,34480.28,34813.4,34407.22,34572.19,9087
2023-12-03 16:00:00,34624.95,34689.1,34222.26,34517.18,7266
2023-12-03 17:00:00,34548.78,34687.25,34548.78,34618.01,9213
2023-12-03 18:00:00,34599.34,34874.9,34563.32,34576.04,9637
2023-12-03 19:00:00,34635.94,34883.61,34421.61,34645.73,8766
2023-12-03 20:00:00,34593.74,34593.74,34455.64,34524.69,5927
2023-12-03 21:00:00,34557.76,34639.85,34308.38,34549.49,16771
2023-12-03 22:00:00,34555.89,34555.89,34188.97,34386.16,10091
2023-12-03 23:00:00,34390.48,34465.45,34208.3,34371.47,9816
2023-12-04 00:00:00,34365.79,34485.76,34316.89,34416.93,11179
2023-12-04 01:00:00,34418.11,34450.02,34341.48,34381.26,11663
2023-12-04 02:00:00,34303.9,34370.43,34046.45,34301.83,10451
2023-12-04 03:00:00,34262.49,34443.9,34262.49,34383.46,7079
2023-12-04 04:00:00,34356.64,34452.36,34113.89,34383.6,8389
2023-12-04 05:00:00,34355.17,34446.12,34342.56,34351.43,11585
2023-12-04 06:00:00,34371.62,34564.27,34296.17,34364.9,10232
2023-12-04 07:00:00,34526.7,34665.74,34526.7,34596.55,15265
2023-12-04 08:00:00,34655.33,34815.62,34576.04,34700.12,8708
2023-12-04 09:00:00,34733.24,34906.86,34733.24,34802.85,14155
2023-12-04 10:00:00,34840.8,35135.48,34668.58,34842.33,9051
2023-12-04 11:00:00,34873.4,35219.12,34788.83,34858.55,13709
2023-12-04 12:00:00,34673.25,34673.25,34586.75,34656.07,11326
2023-12-04 13:00:00,34619.2,34619.2,34535.12,34604.33,11475
2023-12-04 14:00:00,34608.5,34713.06,34452.29,34570.14,9091
2023-12-04 15:00:00,34555.73,34724.04,34413.52,34418.4,10385
2023-12-04 16:00:00,34478.41,34794.21,34261.48,34330.84,8591
2023-12-04 17:00:00,34308.78,34337.55,33997.38,34176.75,12932
2023-12-04 18:00:00,34204.85,34257.07,33939.41,34188.7,8658
2023-12-04 19:00:00,34136.62,34340.71,33947.4,34272.44,10896
2023-12-04 20:00:00,34310.17,34453.16,34310.17,34378.93,9609
2023-12-04 21:00:00,34403.58,34534.33,34296.72,34425.29,7242
2023-12-04 22:00:00,34391.28,34520.93,34285.79,34354.5,11337
2023-12-04 23:00:00,34349.59,34349.59,34172.87,34202.98,15629
2023-12-05 00:00:00,34215.86,34431.11,34044.52,34070.06,10255
2023-12-05 01:00:00,34022.89,34048.04,33703.52,33980.08,10897
2023-12-05 02:00:00,33877.93,34001.79,33855.71,33923.56,10191
2023-12-05 03:00:00,33929.39,34083.12,33860.54,33928.4,11158
2023-12-05 04:00:00,33927.61,33984.96,33813.93,33861.91,19050
2023-12-05 05:00:00,33831.92,34081.78,33831.88,33909.52,9127
2023-12-05 06:00:00,33911.83,34195.1,33503.95,33909.03,9929
2023-12-05 07:00:00,33970.71,34091.32,33859.07,33928.46,10363
2023-12-05 08:00:00,33990.87,34135.58,33973.23,34041.31,12379
2023-12-05 09:00:00,34046.43,34184.38,33830.38,33958.84,15817
2023-12-05 10:00:00,33960.16,34177.62,33879.43,34011.1,13752
2023-12-05 11:00:00,34025.89,34266.62,33821.35,34026.58,9977
2023-12-05 12:00:00,34016.88,34109.91,33947.85,34015.88,8415
2023-12-05 13:00:00,33985.87,34108.6,33982.6,34106.35,7851
2023-12-05 14:00:00,34075.21,34263.35,33990.14,34194.96,11469
2023-12-05 15:00:00,34190.86,34197.53,33940.67,34129.28,14241
2023-12-05 16:00:00,34125.67,34201.36,34007.96,34129.19,5789
2023-12-05 17:00:00,34162.54,34351.6,34141.47,34168.03,21224
2023-12-05 18:00:00,34196.97,34228.42,33874.63,34160.1,9085
2023-12-05 19:00:00,34134.75,34292.75,34086.82,34224.3,16997
2023-12-05 20:00:00,34163.66,34643.52,33957.23,34261.75,8077
2023-12-05 21:00:00,34253.77,34447.07,34229.87,34429.25,8969
2023-12-05 22:00:00,34379.9,34379.9,34081.51,34311.28,9072
2023-12-05 23:00:00,34292.2,34367.01,34023.78,34314.55,13384
2023-12-06 00:00:00,34264.98,34428.38,34249.45,34252.19,6948
2023-12-06 01:00:00,34317.32,34561.18,34317.32,34318.19,12918
2023-12-06 02:00:00,34251.58,34265.38,33941.19,34196.99,11234
2023-12-06 03:00:00,34164.96,34372.51,34075.93,34243.06,20870
2023-12-06 04:00:00,34237.05,34277.18,34138.06,34206.47,8643
2023-12-06 05:00:00,34205.48,34438.63,34156.59,34161.92,14140
2023-12-06 06:00:00,34181.26,34469.88,33866.72,34058.69,9003
2023-12-06 07:00:00,34107.47,34107.47,33819.35,34039.39,5842
2023-12-06 08:00:00,34111.79,34315.16,33946.36,34150.27,9265
2023-12-06 09:00:00,34186.2,34224.6,34098.54,34166.87,11842
2023-12-06 10:00:00,34197.28,34439.96,34001.69,34237.92,9476
2023-12-06 11:00:00,34351.82,34542.88,34351.82,34395.01,12025
2023-12-06 12:00:00,34388.96,34513.24,34176.05,34433.05,10124
2023-12-06 13:00:00,34449.08,34577.46,34001.77,34400.74,8636
2023-12-06 14:00:00,34386.98,34659.11,34351.69,34455.29,9575
2023-12-06 15:00:00,34418.45,34567.75,34354.31,34423.16,9026
2023-12-06 16:00:00,34438.33,34680.12,34247.1,34395.0,6949
2023-12-06 17:00:00,34350.53,34350.53,34050.75,34281.97,13797
2023-12-06 18:00:00,34259.7,34622.07,34035.28,34376.68,12539
2023-12-06 19:00:00,34404.46,34449.36,34290.6,34359.32,9288
2023-12-06 20:00:00,34324.44,34471.26,34280.01,34390.21,13381
2023-12-06 21:00:00,34400.23,34512.55,34271.04,34317.87,7456
2023-12-06 22:00:00,34400.33,34536.4,34283.76,34370.9,6813
2023-12-06 23:00:00,34336.24,34336.24,34023.63,34322.65,5943
2023-12-07 00:00:00,34316.07,34577.27,34259.13,34327.78,7390
2023-12-07 01:00:00,34353.55,34487.77,34228.46,34418.93,7972
2023-12-07 02:00:00,34432.77,34842.34,34432.77,34501.78,8793
2023-12-07 03:00:00,34474.59,34547.62,34445.77,34514.8,13312
2023-12-07 04:00:00,34480.82,34485.82,34365.15,34379.98,9181
2023-12-07 05:00:00,34466.17,34749.8,34466.17,34648.87,8161
2023-12-07 06:00:00,34739.44,34841.18,34739.44,34809.06,16263
2023-12-07 07:00:00,34812.83,34949.47,34800.28,34879.71,8530
2023-12-07 08:00:00,34886.49,34968.59,34678.67,34823.44,27998
2023-12-07 09:00:00,34857.76,34967.27,34763.59,34823.04,10609
2023-12-07 10:00:00,34821.82,34855.87,34475.72,34786.3,9271
2023-12-07 11:00:00,34834.13,34973.75,34834.13,34903.94,15555
2023-12-07 12:00:00,34883.62,35004.64,34864.9,34934.77,14696
2023-12-07 13:00:00,34953.83,35007.03,34827.7,34875.42,8901
2023-12-07 14:00:00,34813.82,34867.16,34693.89,34843.73,8694
2023-12-07 15:00:00,34862.91,34965.61,34655.38,34948.43,10146
2023-12-07 16:00:00,35076.3,35229.83,35076.3,35093.47,7564
2023-12-07 17:00:00,35088.91,35374.43,34753.88,35230.19,12833
2023-12-07 18:00:00,35135.43,35537.24,35125.14,35298.31,4643
2023-12-07 19:00:00,35383.76,35464.87,35127.21,35278.0,6646
2023-12-07 20:00:00,35147.96,35147.96,34929.83,34999.83,6333
2023-12-07 21:00:00,34990.28,35486.91,34962.08,35032.15,12861
2023-12-07 22:00:00,35014.2,35248.13,35014.2,35038.36,11059
2023-12-07 23:00:00,35055.06,35346.61,35015.59,35057.09,8514
2023-12-08 00:00:00,35088.96,35138.41,34764.54,35068.27,9386
2023-12-08 01:00:00,35030.3,35030.3,34890.46,34960.38,7808
2023-12-08 02:00:00,34979.59,35058.56,34886.68,35016.06,7730
2023-12-08 03:00:00,35033.02,35309.93,35033.02,35077.11,9591
2023-12-08 04:00:00,35141.08,35193.49,35044.44,35141.53,8782
2023-12-08 05:00:00,35163.96,35357.88,35033.89,35228.17,10963
2023-12-08 06:00:00,35257.36,35558.61,35072.69,35283.87,14666
2023-12-08 07:00:00,35291.95,35301.25,35129.16,35251.03,9368
2023-12-08 08:00:00,35246.21,35377.06,35228.52,35248.81,9644
2023-12-08 09:00:00,35234.02,35400.64,35104.55,35261.01,7665
2023-12-08 10:00:00,35249.62,35375.16,35225.72,35274.69,7957
2023-12-08 11:00:00,35310.28,35459.67,35310.28,35365.82,19673
2023-12-08 12:00:00,35398.9,35447.6,35299.59,35425.04,8148
2023-12-08 13:00:00,35500.79,35961.01,35500.79,35607.02,10207
2023-12-08 14:00:00,35674.18,36036.83,35553.79,35798.16,10906
2023-12-08 15:00:00,35812.64,35991.99,35597.17,35799.73,7493
2023-12-08 16:00:00,35714.53,35714.53,35187.07,35458.08,9219
2023-12-08 17:00:00,35477.21,35637.33,35339.73,35566.2,7737
2023-12-08 18:00:00,35538.68,35538.68,35458.88,35517.69,12228
2023-12-08 19:00:00,35522.75,35547.79,35368.82,35447.39,7405
2023-12-08 20:00:00,35473.52,35555.2,35173.84,35413.33,10502
2023-12-08 21:00:00,35391.15,35446.47,35304.96,35375.71,8358
2023-12-08 22:00:00,35401.08,35659.25,35303.91,35431.03,8254
2023-12-08 23:00:00,35448.25,35504.76,35215.92,35296.75,9681
2023-12-09 00:00:00,35203.41,35519.57,35136.97,35207.38,13211
2023-12-09 01:00:00,35201.11,35312.65,35201.11,35242.17,11351
2023-12-09 02:00:00,35223.89,35371.1,35136.29,35300.5,8109
2023-12-09 03:00:00,35293.98,35375.68,35202.9,35359.65,11120
2023-12-09 04:00:00,35365.02,35636.07,35067.59,35293.78,12735
2023-12-09 05:00:00,35212.91,35228.1,34820.55,35212.33,5137
2023-12-09 06:00:00,35244.27,35474.04,35145.75,35173.51,13558
2023-12-09 07:00:00,35187.67,35232.91,35129.83,35200.23,9801
2023-12-09 08:00:00,35312.81,35581.12,35312.81,35333.93,15236
2023-12-09 09:00:00,35220.55,35220.55,35077.97,35159.78,6188
2023-12-09 10:00:00,35076.87,35358.49,35076.87,35147.16,8144
2023-12-09 11:00:00,35151.34,35151.34,34953.13,35039.15,8417
2023-12-09 12:00:00,34989.38,34989.38,34883.13,34906.19,8696
2023-12-09 13:00:00,34923.67,35030.34,34923.67,34999.31,12405
2023-12-09 14:00:00,34925.75,35204.74,34581.39,35054.46,8763
2023-12-09 15:00:00,35070.22,35329.42,34912.64,35100.29,12018
2023-12-09 16:00:00,35051.93,35359.99,35011.09,35185.99,6874
2023-12-09 17:00:00,35263.71,35631.12,35101.92,35149.74,7914
2023-12-09 18:00:00,35148.51,35381.71,34952.9,35118.54,9215
2023-12-09 19:00:00,35116.89,35383.97,35097.53,35313.34,8619
2023-12-09 20:00:00,35343.32,35416.82,35082.49,35294.83,8770
2023-12-09 21:00:00,35290.5,35676.6,35249.6,35362.13,16342
2023-12-09 22:00:00,35332.38,35408.74,35207.8,35365.7,10682
2023-12-09 23:00:00,35220.62,35220.62,35200.99,35208.18,12884
2023-12-10 00:00:00,35177.04,35234.23,34867.77,35037.52,9241
2023-12-10 01:00:00,35056.24,35102.6,34933.59,34996.5,9989
2023-12-10 02:00:00,35018.27,35115.79,34917.15,35096.56,8319
2023-12-10 03:00:00,35161.17,35348.94,35142.05,35172.49,8670
2023-12-10 04:00:00,35132.68,35323.33,34859.49,35258.83,7641
2023-12-10 05:00:00,35283.4,35349.5,35109.56,35179.92,13658
2023-12-10 06:00:00,35169.71,35342.65,35068.8,35327.13,8479
2023-12-10 07:00:00,35276.86,35319.35,35170.8,35248.86,12864
2023-12-10 08:00:00,35253.08,35329.12,35162.46,35274.03,8719
2023-12-10 09:00:00,35328.35,35546.59,34970.23,35280.02,9072
2023-12-10 10:00:00,35316.02,35494.56,35191.56,35271.83,9711
2023-12-10 11:00:00,35323.43,35530.79,35323.43,35394.22,15053
2023-12-10 12:00:00,35379.15,35487.89,35137.86,35337.08,13130
2023-12-10 13:00:00,35296.01,35296.01,35220.43,35225.56,6859
2023-12-10 14:00:00,35201.4,35366.79,35040.28,35234.8,8327
2023-12-10 15:00:00,35251.33,35327.66,35052.43,35207.48,13633
2023-12-10 16:00:00,35435.85,35682.63,35435.85,35506.87,9257
2023-12-10 17:00:00,35511.91,35639.36,35424.5,35568.23,19652
2023-12-10 18:00:00,35539.15,35592.62,35462.92,35533.97,9018
2023-12-10 19:00:00,35515.04,35515.04,35151.18,35444.15,13906
2023-12-10 20:00:00,35343.54,35343.54,35214.07,35284.64,9572
2023-12-10 21:00:00,35293.0,35330.55,35132.45,35202.86,11925
2023-12-10 22:00:00,35256.27,35267.66,35149.39,35221.58,6187
2023-12-10 23:00:00,35220.08,35603.51,35220.08,35352.86,9403
2023-12-11 00:00:00,35365.56,35727.01,35288.04,35455.97,6242
2023-12-11 01:00:00,35499.06,35551.03,35236.1,35480.07,9875
2023-12-11 02:00:00,35447.79,35702.6,35384.96,35455.87,16019
2023-12-11 03:00:00,35496.69,35520.84,35412.96,35483.93,10215
2023-12-11 04:00:00,35488.84,35557.97,35377.69,35443.13,8952
2023-12-11 05:00:00,35494.95,35643.41,35441.84,35597.61,6299
2023-12-11 06:00:00,35587.86,35626.96,35435.35,35583.85,10937
2023-12-11 07:00:00,35621.73,35650.38,35508.06,35579.22,12315
2023-12-11 08:00:00,35469.0,35469.0,35189.04,35389.27,10298
2023-12-11 09:00:00,35404.58,35569.99,35262.51,35379.0,8811
2023-12-11 10:00:00,35390.38,35601.3,35320.19,35458.37,5942
2023-12-11 11:00:00,35480.88,35539.15,35333.66,35371.02,7551
2023-12-11 12:00:00,35328.87,35328.87,35096.84,35313.2,12210
2023-12-11 13:00:00,35368.39,35407.59,35319.39,35390.17,10454
2023-12-11 14:00:00,35367.7,35422.25,34950.3,35269.36,6963
2023-12-11 15:00:00,35329.62,35440.96,35329.62,35370.22,12777
2023-12-11 16:00:00,35302.77,35467.99,35291.83,35331.25,6819
2023-12-11 17:00:00,35312.29,35384.89,35275.58,35305.56,6654
2023-12-11 18:00:00,35232.5,35234.82,34992.87,35216.87,19533
2023-12-11 19:00:00,35135.65,35522.04,34903.21,35259.77,7990
2023-12-11 20:00:00,35410.63,35552.55,35410.63,35481.59,11257
2023-12-11 21:00:00,35526.18,35596.37,35298.39,35554.45,12219
2023-12-11 22:00:00,35564.47,35581.89,35412.08,35483.05,8820
2023-12-11 23:00:00,35552.37,35939.06,35531.91,35586.93,9931
2023-12-12 00:00:00,35633.17,35633.83,35256.46,35562.71,8463
2023-12-12 01:00:00,35614.88,35825.85,35614.88,35686.25,7804
2023-12-12 02:00:00,35668.77,35864.18,35664.83,35758.34,6683
2023-12-12 03:00:00,35561.75,35561.75,35382.32,35500.68,7657
2023-12-12 04:00:00,35432.9,35432.9,35074.58,35418.04,10759
2023-12-12 05:00:00,35435.34,35543.36,35224.96,35506.42,11898
2023-12-12 06:00:00,35531.73,35643.46,35423.03,35524.28,9727
2023-12-12 07:00:00,35507.57,35510.55,35324.39,35439.67,9884
2023-12-12 08:00:00,35447.22,35609.77,35131.61,35390.93,6922
2023-12-12 09:00:00,35303.17,35303.17,35162.24,35232.71,10599
2023-12-12 10:00:00,35145.07,35305.13,35099.05,35234.66,10241
2023-12-12 11:00:00,35400.78,35506.79,35400.78,35435.92,6977
2023-12-12 12:00:00,35441.43,35667.78,35441.43,35512.45,13152
2023-12-12 13:00:00,35661.53,35779.95,35661.53,35708.53,9285
2023-12-12 14:00:00,35649.63,35972.41,35649.63,35788.37,16119
2023-12-12 15:00:00,35793.87,35951.71,35663.87,35879.95,10546
2023-12-12 16:00:00,35962.34,36216.91,35962.34,36053.21,11730
2023-12-12 17:00:00,36059.74,36155.21,35637.3,36083.04,15574
2023-12-12 18:00:00,36098.41,36134.34,35817.72,36062.21,11617
2023-12-12 19:00:00,36077.65,36404.45,36077.65,36149.95,7648
2023-12-12 20:00:00,36194.68,36346.35,36093.99,36273.8,8700
2023-12-12 21:00:00,36286.3,36457.84,35916.26,36223.78,8051
2023-12-12 22:00:00,36258.44,36329.45,36011.22,36153.04,8904
2023-12-12 23:00:00,36156.29,36264.67,36156.29,36159.57,10181
2023-12-13 00:00:00,36109.08,36435.63,36109.08,36227.77,8564
2023-12-13 01:00:00,36248.26,36364.53,36150.42,36291.95,10443
2023-12-13 02:00:00,36303.13,36447.63,36085.3,36157.62,4976
2023-12-13 03:00:00,36195.85,36518.31,36111.69,36321.56,11174
2023-12-13 04:00:00,36425.74,36449.94,36212.25,36255.54,11965
2023-12-13 05:00:00,36236.81,36297.17,36152.27,36224.72,14996
2023-12-13 06:00:00,36169.18,36447.17,36110.52,36138.03,8747
2023-12-13 07:00:00,36299.62,36657.04,36299.62,36372.36,9300
2023-12-13 08:00:00,36382.52,36457.59,36122.8,36384.82,12343
2023-12-13 09:00:00,36372.22,36372.22,36299.1,36299.62,12203
2023-12-13 10:00:00,36315.54,36694.58,36306.5,36369.07,11176
2023-12-13 11:00:00,36390.43,36716.78,36390.43,36429.21,11415
2023-12-13 12:00:00,36473.91,36569.3,36266.25,36403.28,10377
2023-12-13 13:00:00,36427.05,36671.54,36427.05,36469.54,7497
2023-12-13 14:00:00,36401.59,36401.59,36266.33,36386.12,9879
2023-12-13 15:00:00,36370.45,36492.49,36261.93,36334.6,8873
2023-12-13 16:00:00,36310.0,36394.42,36114.62,36149.12,9032
2023-12-13 17:00:00,36147.94,36147.94,35963.45,36028.79,11923
2023-12-13 18:00:00,36042.18,36260.43,35977.06,36188.06,10648
2023-12-13 19:00:00,36257.45,36402.77,36257.45,36330.11,11170
2023-12-13 20:00:00,36318.55,36402.74,36257.42,36330.08,12534
2023-12-13 21:00:00,36399.3,36530.33,36399.3,36472.25,13149
2023-12-13 22:00:00,36478.36,36478.36,36388.65,36448.78,6612
2023-12-13 23:00:00,36453.89,36658.84,36361.18,36418.82,11278
2023-12-14 00:00:00,36398.22,36540.95,36342.46,36415.29,12881
2023-12-14 01:00:00,36495.96,36579.16,36263.27,36394.99,11609
2023-12-14 02:00:00,36390.42,36501.95,36333.36,36367.32,14383
2023-12-14 03:00:00,36459.66,36568.07,36459.66,36461.49,5836
2023-12-14 04:00:00,36453.06,36627.48,36305.45,36465.23,4962
2023-12-14 05:00:00,36523.63,36852.39,36423.44,36519.25,6589
2023-12-14 06:00:00,36543.89,36722.8,36543.89,36600.0,10807
2023-12-14 07:00:00,36562.99,36695.29,36553.97,36622.04,8375
2023-12-14 08:00:00,36609.1,36633.72,36366.14,36521.98,14176
2023-12-14 09:00:00,36478.67,36478.67,36228.78,36389.95,7251
2023-12-14 10:00:00,36403.66,36525.34,36380.24,36394.85,10122
2023-12-14 11:00:00,36396.57,36559.26,36189.72,36371.39,15264
2023-12-14 12:00:00,36399.01,36442.11,36341.98,36371.5,7996
2023-12-14 13:00:00,36390.23,36560.93,36173.27,36361.79,8327
2023-12-14 14:00:00,36491.95,36731.46,36491.95,36584.68,10987
2023-12-14 15:00:00,36494.16,36494.16,36192.01,36454.44,13997
2023-12-14 16:00:00,36432.09,36452.81,36217.44,36267.85,10813
2023-12-14 17:00:00,36283.39,36292.41,36127.82,36292.04,5805
2023-12-14 18:00:00,36374.3,36587.25,35969.89,36252.77,7904
2023-12-14 19:00:00,36233.65,36348.8,36115.49,36276.24,8389
2023-12-14 20:00:00,36237.18,36382.89,36225.4,36322.38,13019
2023-12-14 21:00:00,36403.25,36724.38,36065.55,36429.88,12654
2023-12-14 22:00:00,36428.5,36428.5,36102.12,36285.99,13345
2023-12-14 23:00:00,36219.43,36678.97,36157.42,36229.88,9409
2023-12-15 00:00:00,36226.23,36381.19,36189.75,36262.28,8012
2023-12-15 01:00:00,36305.21,36440.55,36165.18,36324.55,20522
2023-12-15 02:00:00,36439.17,36741.42,36439.17,36512.2,11575
2023-12-15 03:00:00,36560.22,36643.56,36437.02,36586.32,10944
2023-12-15 04:00:00,36552.33,36641.86,36495.59,36568.72,7146
2023-12-15 05:00:00,36550.0,36550.0,36407.85,36477.05,10901
2023-12-15 06:00:00,36453.02,36453.02,36201.61,36416.78,9774
2023-12-15 07:00:00,36429.86,36508.94,36227.82,36355.24,11357
2023-12-15 08:00:00,36349.52,36833.08,36349.52,36405.98,10622
2023-12-15 09:00:00,36460.58,36493.19,36185.42,36420.35,11015
2023-12-15 10:00:00,36377.71,36548.77,35972.5,36293.68,11062
2023-12-15 11:00:00,36246.7,36249.26,35953.53,36248.09,9083
2023-12-15 12:00:00,36247.62,36483.24,36247.62,36320.26,7480
2023-12-15 13:00:00,36325.7,36417.29,36310.55,36344.6,7506
2023-12-15 14:00:00,36341.66,36388.23,36262.5,36387.9,7367
2023-12-15 15:00:00,36390.04,36546.37,36124.24,36413.9,9512
2023-12-15 16:00:00,36476.37,36711.89,36476.37,36549.47,10101
2023-12-15 17:00:00,36485.26,36631.49,36485.26,36558.37,9852
2023-12-15 18:00:00,36585.16,36585.16,36294.07,36512.13,14238
2023-12-15 19:00:00,36584.47,36657.95,36285.01,36419.54,11046
2023-12-15 20:00:00,36467.19,36632.67,36360.02,36432.89,9851
2023-12-15 21:00:00,36381.13,36381.13,36133.57,36205.98,12952
2023-12-15 22:00:00,36165.36,36461.45,36112.75,36185.12,12378
2023-12-15 23:00:00,36157.01,36331.4,36004.37,36163.07,16428
2023-12-16 00:00:00,36110.9,36110.9,35747.9,36038.82,5917
2023-12-16 01:00:00,36028.0,36028.0,35711.98,35956.09,15582
2023-12-16 02:00:00,35988.5,36060.51,35956.8,36028.85,5165
2023-12-16 03:00:00,36045.35,36086.25,35892.78,36049.73,11872
2023-12-16 04:00:00,36022.33,36210.89,35835.4,36059.76,6403
2023-12-16 05:00:00,36082.81,36204.39,35931.54,36087.51,12333
2023-12-16 06:00:00,36078.16,36161.45,36024.9,36096.54,7178
2023-12-16 07:00:00,36079.39,36211.21,35802.53,36206.89,8516
2023-12-16 08:00:00,36229.75,36288.83,36214.55,36216.4,11828
2023-12-16 09:00:00,36215.87,36283.86,35977.27,36085.76,13058
2023-12-16 10:00:00,36158.48,36426.67,36158.48,36230.94,7513
2023-12-16 11:00:00,36259.36,36401.99,36077.98,36262.25,10906
2023-12-16 12:00:00,36305.8,36323.49,36048.43,36208.16,13371
2023-12-16 13:00:00,36131.55,36131.55,35828.18,36096.09,14342
2023-12-16 14:00:00,36085.79,36205.27,36085.79,36133.01,7418
2023-12-16 15:00:00,36126.4,36352.89,36099.62,36123.42,12677
2023-12-16 16:00:00,36127.07,36462.48,35961.62,36264.45,15568
2023-12-16 17:00:00,36217.86,36403.72,35783.32,36233.22,13510
2023-12-16 18:00:00,36194.98,36194.98,36086.71,36159.03,9357
2023-12-16 19:00:00,36191.93,36267.96,35999.86,36239.85,8401
2023-12-16 20:00:00,36221.04,36378.19,36067.9,36321.82,8202
2023-12-16 21:00:00,36354.34,36407.78,36116.4,36335.11,15028
2023-12-16 22:00:00,36347.58,36488.6,36288.63,36393.4,18131
2023-12-16 23:00:00,36391.15,36460.32,36113.05,36387.54,11260
2023-12-17 00:00:00,36426.18,36511.65,36118.73,36406.8,9619
2023-12-17 01:00:00,36435.86,36691.27,36435.86,36508.88,6031
2023-12-17 02:00:00,36491.36,36744.91,36183.33,36560.79,8505
2023-12-17 03:00:00,36582.37,36697.45,36343.24,36540.49,7302
2023-12-17 04:00:00,36549.37,36730.11,36549.37,36656.8,11086
2023-12-17 05:00:00,36676.66,36740.55,36364.28,36437.16,13164
2023-12-17 06:00:00,36543.68,36761.32,36543.68,36616.92,8558
2023-12-17 07:00:00,36468.49,36468.49,36384.96,36457.87,17797
2023-12-17 08:00:00,36439.21,36471.9,36326.31,36399.1,11361
2023-12-17 09:00:00,36463.75,36466.38,36043.54,36393.59,8851
2023-12-17 10:00:00,36436.68,36617.33,36184.04,36379.15,8862
2023-12-17 11:00:00,36442.84,36540.3,36442.84,36467.37,12159
2023-12-17 12:00:00,36420.59,36459.55,36031.31,36369.39,8157
2023-12-17 13:00:00,36364.27,36466.15,36318.03,36390.81,5334
2023-12-17 14:00:00,36368.4,36410.4,36137.83,36337.72,11172
2023-12-17 15:00:00,36357.5,36436.18,36073.35,36363.45,14934
2023-12-17 16:00:00,36411.94,36428.54,36146.12,36355.83,13332
2023-12-17 17:00:00,36357.79,36435.64,36290.19,36362.92,12198
2023-12-17 18:00:00,36312.05,36329.48,36241.86,36312.58,8486
2023-12-17 19:00:00,36336.25,36336.25,36175.71,36266.21,21761
2023-12-17 20:00:00,36219.01,36349.78,36219.01,36291.59,11385
2023-12-17 21:00:00,36394.46,36394.46,36206.94,36375.12,8927
2023-12-17 22:00:00,36341.54,36344.06,36080.31,36320.07,6546
2023-12-17 23:00:00,36334.79,36380.62,36160.82,36242.82,10091
2023-12-18 00:00:00,36249.73,36333.31,36103.83,36298.56,9912
2023-12-18 01:00:00,36321.8,36321.8,36149.65,36295.98,18123
2023-12-18 02:00:00,36294.11,36450.28,36164.82,36370.0,14207
2023-12-18 03:00:00,36341.3,36390.74,36225.11,36287.59,7098
2023-12-18 04:00:00,36316.14,36337.12,36046.63,36129.67,6139
2023-12-18 05:00:00,36051.32,36432.34,36010.52,36086.0,13510
2023-12-18 06:00:00,36065.32,36082.41,35918.65,36022.77,9767
2023-12-18 07:00:00,36060.19,36123.64,35697.1,36021.74,10399
2023-12-18 08:00:00,36026.96,36137.01,35969.06,35971.31,11129
2023-12-18 09:00:00,35974.98,36115.12,35827.16,36043.04,10672
2023-12-18 10:00:00,36038.96,36182.8,35950.72,36022.77,11175
2023-12-18 11:00:00,36013.65,36157.87,35901.56,36042.09,7934
2023-12-18 12:00:00,36035.53,36155.34,35925.74,36062.34,5952
2023-12-18 13:00:00,36059.67,36181.28,35863.69,36085.88,7226
2023-12-18 14:00:00,36058.76,36204.46,35942.86,36089.71,10953
2023-12-18 15:00:00,36114.34,36298.18,36026.07,36140.91,8866
2023-12-18 16:00:00,36097.57,36235.81,35961.93,36075.65,7886
2023-12-18 17:00:00,36133.01,36465.93,36133.01,36205.42,8479
2023-12-18 18:00:00,36220.0,36482.75,36159.42,36188.18,17455
2023-12-18 19:00:00,36147.74,36147.74,36067.75,36075.59,8419
2023-12-18 20:00:00,36155.64,36544.46,36055.01,36098.02,11865
2023-12-18 21:00:00,36140.38,36189.11,35839.53,36028.82,10231
2023-12-18 22:00:00,36024.47,36214.02,35953.06,36095.28,10174
2023-12-18 23:00:00,36181.35,36421.81,36181.35,36296.87,11953
2023-12-19 00:00:00,36227.7,36322.04,35688.04,36229.39,8677
2023-12-19 01:00:00,36232.95,36538.11,36232.95,36262.41,9482
2023-12-19 02:00:00,36215.15,36361.33,35920.97,36109.42,13213
2023-12-19 03:00:00,36130.55,36409.59,35968.65,36155.85,9913
2023-12-19 04:00:00,36114.66,36114.66,36010.97,36083.14,12600
2023-12-19 05:00:00,36059.1,36152.92,35905.49,36035.98,7461
2023-12-19 06:00:00,36023.72,36023.72,35774.06,35948.22,7055
2023-12-19 07:00:00,35968.5,36112.33,35968.5,36023.93,12585
2023-12-19 08:00:00,35991.14,36341.81,35857.61,36122.96,6811
2023-12-19 09:00:00,36053.56,36296.76,36041.56,36133.32,8314
2023-12-19 10:00:00,36185.8,36212.81,35971.05,36064.58,7196
2023-12-19 11:00:00,36069.35,36322.09,35975.36,36214.6,9662
2023-12-19 12:00:00,36247.73,36299.1,35993.54,36155.26,8173
2023-12-19 13:00:00,36044.06,36044.06,35893.37,35972.12,6398
2023-12-19 14:00:00,36020.78,36096.49,35946.39,36024.44,10968
2023-12-19 15:00:00,35967.58,35967.58,35884.99,35938.43,8187
2023-12-19 16:00:00,35926.32,36254.04,35926.32,36038.91,9754
2023-12-19 17:00:00,35981.44,36050.66,35944.37,36016.4,8692
2023-12-19 18:00:00,36100.89,36223.03,36009.21,36081.38,9891
2023-12-19 19:00:00,36185.6,36369.95,36185.6,36215.76,10072
2023-12-19 20:00:00,36300.5,36401.69,36027.06,36117.0,8969
2023-12-19 21:00:00,36060.6,36174.43,35958.99,36077.71,13967
2023-12-19 22:00:00,36051.8,36147.98,36008.36,36083.08,16851
2023-12-19 23:00:00,36129.53,36500.08,36129.53,36230.61,12675
2023-12-20 00:00:00,36224.38,36430.45,35951.52,36180.84,10294
2023-12-20 01:00:00,36222.61,36388.06,36010.13,36138.23,8022
2023-12-20 02:00:00,36118.91,36263.67,36118.91,36191.29,8062
2023-12-20 03:00:00,36167.09,36359.98,35971.88,36149.38,9447
2023-12-20 04:00:00,36157.01,36245.55,36100.86,36173.21,7856
2023-12-20 05:00:00,36104.0,36117.57,35760.17,36045.48,10792
2023-12-20 06:00:00,36224.98,36393.57,36224.98,36253.85,12121
2023-12-20 07:00:00,36295.54,36451.83,36071.02,36143.31,10961
2023-12-20 08:00:00,36133.72,36328.28,35964.39,36126.17,16777
2023-12-20 09:00:00,36110.47,36170.83,35944.45,36134.9,8509
2023-12-20 10:00:00,36239.02,36364.51,36239.02,36316.3,13283
2023-12-20 11:00:00,36313.44,36601.17,36050.7,36207.34,5845
2023-12-20 12:00:00,36265.81,36466.93,36265.81,36394.14,11793
2023-12-20 13:00:00,36468.64,36659.2,36395.85,36468.78,9296
2023-12-20 14:00:00,36509.65,36515.91,36488.36,36511.81,10418
2023-12-20 15:00:00,36509.96,36514.23,36253.02,36428.42,12437
2023-12-20 16:00:00,36454.63,36507.77,36271.43,36486.09,7787
2023-12-20 17:00:00,36486.11,36555.56,36330.06,36426.46,8313
2023-12-20 18:00:00,36488.43,36883.42,36488.43,36545.66,11130
2023-12-20 19:00:00,36612.91,36812.85,36365.31,36462.95,7232
2023-12-20 20:00:00,36531.75,36531.75,36068.52,36458.83,6061
2023-12-20 21:00:00,36501.32,36547.21,36342.3,36415.13,11327
2023-12-20 22:00:00,36437.75,36610.91,36137.64,36334.07,9805
2023-12-20 23:00:00,36385.32,36500.13,36324.12,36408.37,16050
2023-12-21 00:00:00,36372.56,36537.44,36210.8,36463.1,18161
2023-12-21 01:00:00,36535.78,36882.06,36323.91,36577.34,8123
2023-12-21 02:00:00,36618.6,36618.6,36219.51,36422.19,8653
2023-12-21 03:00:00,36537.0,36597.29,36354.64,36524.24,10831
2023-12-21 04:00:00,36539.49,36827.58,36539.49,36754.07,12104
2023-12-21 05:00:00,36788.21,36788.21,36641.35,36714.78,9801
2023-12-21 06:00:00,36813.93,37162.52,36813.93,36887.7,8021
2023-12-21 07:00:00,36909.46,37029.17,36807.22,36863.7,10303
2023-12-21 08:00:00,36894.0,36894.0,36670.25,36740.51,6965
2023-12-21 09:00:00,36707.0,36790.04,36616.39,36716.6,10666
2023-12-21 10:00:00,36807.39,36888.71,36578.02,36815.08,9344
2023-12-21 11:00:00,36815.66,36815.66,36616.76,36742.18,14500
2023-12-21 12:00:00,36752.0,36765.77,36480.99,36692.39,9978
2023-12-21 13:00:00,36645.38,36824.06,36450.06,36750.56,5962
2023-12-21 14:00:00,36721.2,36804.33,36681.22,36754.73,13899
2023-12-21 15:00:00,36681.27,36925.73,36676.62,36811.36,14455
2023-12-21 16:00:00,36828.22,36961.94,36513.32,36835.99,8392
2023-12-21 17:00:00,36889.73,37000.8,36803.25,36882.01,7138
2023-12-21 18:00:00,36993.56,37030.99,36770.91,36844.6,13976
2023-12-21 19:00:00,36913.23,37026.78,36794.11,36868.21,9232
2023-12-21 20:00:00,36863.37,37002.05,36712.72,36786.29,5522
2023-12-21 21:00:00,36834.68,36980.22,36834.68,36906.41,9098
2023-12-21 22:00:00,36864.51,36922.17,36814.63,36850.76,8409
2023-12-21 23:00:00,36882.86,37253.66,36780.61,36955.6,10140
2023-12-22 00:00:00,36922.99,37043.38,36922.99,36935.64,11442
2023-12-22 01:00:00,36919.0,37140.2,36881.88,36955.79,10051
2023-12-22 02:00:00,36963.58,36985.85,36712.28,36912.03,15654
2023-12-22 03:00:00,36950.74,37177.58,36666.57,36822.43,9734
2023-12-22 04:00:00,36742.59,36742.59,36639.12,36669.25,9007
2023-12-22 05:00:00,36654.59,36654.59,36480.56,36581.43,22098
2023-12-22 06:00:00,36468.2,36802.93,36468.2,36560.85,9700
2023-12-22 07:00:00,36596.91,36942.36,36489.4,36588.62,11260
2023-12-22 08:00:00,36613.67,36732.83,36613.67,36687.04,8170
2023-12-22 09:00:00,36621.91,36766.48,36580.37,36653.68,10891
2023-12-22 10:00:00,36687.4,36701.89,36269.87,36582.44,10954
2023-12-22 11:00:00,36580.01,36687.42,36389.79,36462.72,8600
2023-12-22 12:00:00,36463.19,36590.44,36323.14,36517.4,7545
2023-12-22 13:00:00,36440.16,36838.85,36422.75,36651.91,8652
2023-12-22 14:00:00,36612.84,36908.89,36497.12,36774.18,8459
2023-12-22 15:00:00,36802.33,36889.46,36774.07,36845.1,8723
2023-12-22 16:00:00,36867.99,36982.01,36815.64,36908.2,16316
2023-12-22 17:00:00,36901.95,37329.73,36786.42,37065.59,11720
2023-12-22 18:00:00,37095.57,37171.45,36939.13,37097.26,10781
2023-12-22 19:00:00,37032.91,37267.99,36957.4,37156.29,9256
2023-12-22 20:00:00,37158.43,37225.14,36818.31,37125.95,11297
2023-12-22 21:00:00,37020.36,37020.36,36944.27,37001.53,9150
2023-12-22 22:00:00,36963.51,36996.42,36785.92,36940.92,11123
2023-12-22 23:00:00,36962.96,37017.0,36728.41,36943.12,9324
2023-12-23 00:00:00,36919.92,37071.06,36613.45,36952.0,16629
2023-12-23 01:00:00,37055.17,37203.69,37055.17,37129.43,8607
2023-12-23 02:00:00,37062.72,37221.08,37062.72,37137.0,15443
2023-12-23 03:00:00,37170.38,37392.23,37170.38,37244.87,9433
2023-12-23 04:00:00,37200.95,37278.15,37129.34,37203.74,7416
2023-12-23 05:00:00,37206.95,37248.97,37122.57,37174.62,8024
2023-12-23 06:00:00,37096.14,37200.63,36839.17,37054.37,9016
2023-12-23 07:00:00,37074.62,37320.44,36916.47,36990.45,10881
2023-12-23 08:00:00,37030.08,37105.74,37030.08,37043.07,9770
2023-12-23 09:00:00,37021.72,37185.88,36722.86,37048.18,7016
2023-12-23 10:00:00,37089.73,37212.55,37089.73,37138.27,12673
2023-12-23 11:00:00,37111.29,37406.94,37037.7,37157.42,13709
2023-12-23 12:00:00,37109.2,37312.95,37053.48,37127.74,9271
2023-12-23 13:00:00,37242.71,37409.15,37242.71,37326.54,10539
2023-12-23 14:00:00,37279.56,37608.19,37154.55,37316.84,8230
2023-12-23 15:00:00,37304.79,37428.02,37248.5,37422.19,9489
2023-12-23 16:00:00,37469.29,37526.33,37208.77,37382.97,5655
2023-12-23 17:00:00,37424.37,37521.06,37371.28,37446.17,14544
2023-12-23 18:00:00,37434.56,37727.53,37416.68,37528.92,6261
2023-12-23 19:00:00,37639.98,37677.28,37237.85,37544.69,7430
2023-12-23 20:00:00,37426.33,37426.33,37249.85,37324.5,9100
2023-12-23 21:00:00,37349.65,37401.37,37038.73,37326.72,16568
2023-12-23 22:00:00,37448.03,37514.58,37353.9,37439.7,11866
2023-12-23 23:00:00,37509.44,37731.59,37271.56,37487.4,8148
2023-12-24 00:00:00,37458.75,37602.57,37452.46,37527.51,10080
2023-12-24 01:00:00,37516.85,37698.56,37132.62,37367.7,8492
2023-12-24 02:00:00,37371.02,37371.02,37196.61,37303.25,16515
2023-12-24 03:00:00,37333.6,37476.71,37134.01,37343.72,10029
2023-12-24 04:00:00,37271.26,37500.77,37132.51,37383.52,10093
2023-12-24 05:00:00,37450.04,37570.84,37311.78,37495.85,9851
2023-12-24 06:00:00,37522.12,37743.36,37409.04,37481.53,8524
2023-12-24 07:00:00,37469.64,37786.91,37448.06,37518.63,11047
2023-12-24 08:00:00,37516.14,37534.6,37366.43,37518.65,8543
2023-12-24 09:00:00,37612.41,37749.15,37258.63,37426.85,10455
2023-12-24 10:00:00,37301.62,37301.62,37042.1,37221.36,13217
2023-12-24 11:00:00,37154.71,37340.38,37154.71,37265.85,13625
2023-12-24 12:00:00,37275.17,37532.81,37180.4,37286.76,6522
2023-12-24 13:00:00,37266.67,37273.1,37040.99,37234.75,13046
2023-12-24 14:00:00,37220.3,37375.21,37063.03,37092.78,8131
2023-12-24 15:00:00,37086.6,37282.0,37086.6,37158.41,8285
2023-12-24 16:00:00,37125.3,37335.01,37125.3,37141.32,8931
2023-12-24 17:00:00,37144.2,37415.05,37124.88,37199.27,11241
2023-12-24 18:00:00,37300.88,37521.74,37300.88,37375.63,10944
2023-12-24 19:00:00,37257.41,37257.41,37108.68,37183.04,11416
2023-12-24 20:00:00,37200.84,37200.84,37115.78,37126.59,10852
2023-12-24 21:00:00,37167.85,37488.84,36910.26,37115.48,14313
2023-12-24 22:00:00,37105.03,37492.13,37053.5,37256.12,8507
2023-12-24 23:00:00,37184.28,37184.28,36888.94,37112.66,15681
2023-12-25 00:00:00,37199.62,37366.33,37199.62,37297.3,10085
2023-12-25 01:00:00,37360.78,37538.56,37269.37,37315.57,6998
2023-12-25 02:00:00,37322.12,37322.12,37144.38,37311.78,10952
2023-12-25 03:00:00,37316.69,37372.59,37223.4,37297.99,13094
2023-12-25 04:00:00,37368.85,37586.74,37019.59,37262.52,9918
2023-12-25 05:00:00,37272.32,37420.02,37272.32,37363.61,10062
2023-12-25 06:00:00,37334.63,37348.19,37031.27,37268.95,14193
2023-12-25 07:00:00,37288.99,37393.23,37061.55,37305.17,12613
2023-12-25 08:00:00,37191.18,37386.04,36997.06,37274.49,7717
2023-12-25 09:00:00,37238.88,37463.02,37135.75,37210.17,9352
2023-12-25 10:00:00,37321.58,37659.04,37321.58,37452.6,9883
2023-12-25 11:00:00,37417.37,37670.9,37337.37,37493.42,14330
2023-12-25 12:00:00,37489.17,37626.33,37357.5,37551.23,13045
2023-12-25 13:00:00,37560.39,37731.47,37560.39,37656.16,11557
2023-12-25 14:00:00,37623.29,37882.57,37146.37,37523.65,13024
2023-12-25 15:00:00,37652.21,38197.9,37652.21,37685.49,9606
2023-12-25 16:00:00,37525.63,37525.63,37446.93,37450.73,15400
2023-12-25 17:00:00,37449.34,37449.34,37160.8,37381.62,15269
2023-12-25 18:00:00,37417.03,37417.46,37180.26,37342.78,9363
2023-12-25 19:00:00,37292.49,37516.58,37090.11,37400.12,9869
2023-12-25 20:00:00,37386.02,37441.68,37156.62,37423.55,7723
2023-12-25 21:00:00,37410.03,37526.54,37335.71,37410.53,8800
2023-12-25 22:00:00,37446.35,37668.99,37398.7,37412.15,4715
2023-12-25 23:00:00,37375.08,37377.26,37136.73,37325.53,13808
2023-12-26 00:00:00,37231.73,37231.73,36895.17,37192.91,10029
2023-12-26 01:00:00,37216.61,37340.89,37191.82,37266.36,11793
2023-12-26 02:00:00,37260.88,37512.6,37260.88,37335.55,6959
2023-12-26 03:00:00,37287.96,37570.69,37150.31,37486.19,16685
2023-12-26 04:00:00,37490.54,37490.54,37145.33,37415.71,13085
2023-12-26 05:00:00,37404.35,37558.2,37404.35,37483.23,11159
2023-12-26 06:00:00,37461.58,37531.38,37163.28,37459.82,12067
2023-12-26 07:00:00,37511.63,37947.23,37511.63,37571.62,7075
2023-12-26 08:00:00,37585.4,37757.43,37501.6,37665.91,9927
2023-12-26 09:00:00,37743.16,37862.07,37522.11,37683.96,12007
2023-12-26 10:00:00,37631.68,37668.45,37575.98,37651.29,7758
2023-12-26 11:00:00,37664.47,37744.35,37664.47,37739.95,8364
2023-12-26 12:00:00,37811.92,37934.38,37759.02,37798.65,6393
2023-12-26 13:00:00,37839.76,38017.53,37338.7,37732.72,14376
2023-12-26 14:00:00,37684.5,37886.6,37573.45,37609.26,12637
2023-12-26 15:00:00,37588.67,37659.78,37344.85,37584.61,8964
2023-12-26 16:00:00,37599.48,37872.25,37518.75,37726.38,6737
2023-12-26 17:00:00,37772.28,37950.55,37681.17,37831.77,14080
2023-12-26 18:00:00,37764.84,37815.94,37346.54,37725.85,14081
2023-12-26 19:00:00,37710.73,37710.73,37542.06,37617.29,10929
2023-12-26 20:00:00,37588.79,37866.73,37466.77,37736.06,11552
2023-12-26 21:00:00,37695.88,37695.88,37580.28,37629.74,9558
2023-12-26 22:00:00,37667.43,37732.19,37443.09,37677.7,12553
2023-12-26 23:00:00,37673.33,38030.29,37532.31,37621.22,11584
2023-12-27 00:00:00,37625.23,37845.9,37538.04,37771.74,11695
2023-12-27 01:00:00,37819.96,37883.81,37646.75,37699.58,11876
2023-12-27 02:00:00,37710.7,37955.94,37520.03,37805.69,9620
2023-12-27 03:00:00,37829.2,37896.84,37775.93,37821.2,11373
2023-12-27 04:00:00,37810.0,38032.19,37746.32,37842.97,17080
2023-12-27 05:00:00,37732.72,37791.4,37200.65,37658.32,14496
2023-12-27 06:00:00,37531.81,37531.81,37271.13,37456.9,9223
2023-12-27 07:00:00,37420.24,37605.9,37239.62,37441.53,12481
2023-12-27 08:00:00,37429.93,37936.86,37429.93,37469.44,13055
2023-12-27 09:00:00,37400.03,37717.03,37295.53,37370.27,11764
2023-12-27 10:00:00,37326.51,37326.51,37171.5,37276.28,12580
2023-12-27 11:00:00,37276.15,37399.19,37259.96,37334.63,9424
2023-12-27 12:00:00,37361.53,37580.87,37327.64,37391.73,9647
2023-12-27 13:00:00,37391.18,37675.25,37308.73,37383.5,12812
2023-12-27 14:00:00,37423.91,37536.3,37423.91,37459.39,10829
2023-12-27 15:00:00,37356.71,37356.71,37082.38,37354.93,8049
2023-12-27 16:00:00,37413.98,37581.52,37013.12,37327.85,10270
2023-12-27 17:00:00,37318.73,37558.88,37310.55,37483.91,11815
2023-12-27 18:00:00,37469.33,37567.61,37250.69,37492.62,9939
2023-12-27 19:00:00,37475.1,37715.95,37430.52,37506.69,10780
2023-12-27 20:00:00,37573.34,37856.32,37573.34,37720.68,5347
2023-12-27 21:00:00,37788.49,37828.44,37550.73,37589.35,8047
2023-12-27 22:00:00,37509.71,37853.88,37292.12,37663.4,9504
2023-12-27 23:00:00,37740.9,37851.2,37740.9,37816.53,14844
2023-12-28 00:00:00,37758.37,37977.16,37756.33,37782.49,15266
2023-12-28 01:00:00,37803.71,38142.96,37557.11,37858.76,8549
2023-12-28 02:00:00,37862.97,38128.28,37517.7,37763.54,10712
2023-12-28 03:00:00,37804.23,37804.23,37622.98,37698.37,6204
2023-12-28 04:00:00,37736.12,37913.35,37619.23,37733.98,10662
2023-12-28 05:00:00,37715.78,37810.24,37552.78,37807.41,9762
2023-12-28 06:00:00,37884.81,38050.29,37718.5,37910.09,11781
2023-12-28 07:00:00,37920.31,38287.36,37920.31,38053.47,13263
2023-12-28 08:00:00,38079.3,38118.04,37650.81,38041.96,8010
2023-12-28 09:00:00,38128.77,38216.44,38128.77,38147.9,6199
2023-12-28 10:00:00,38205.46,38390.09,37986.14,38108.47,12219
2023-12-28 11:00:00,38115.9,38391.98,38095.19,38187.28,14186
2023-12-28 12:00:00,38209.87,38425.79,38003.59,38199.19,8315
2023-12-28 13:00:00,38196.57,38304.71,38196.57,38233.04,10502
2023-12-28 14:00:00,38266.06,38430.86,38102.17,38263.71,8767
2023-12-28 15:00:00,38271.64,38347.42,38007.42,38103.81,7804
2023-12-28 16:00:00,38074.15,38074.15,37904.94,37992.26,9177
2023-12-28 17:00:00,38007.5,38251.08,37780.11,37997.47,8600
2023-12-28 18:00:00,38010.49,38159.15,37759.65,37835.32,8713
2023-12-28 19:00:00,37848.71,37986.63,37848.71,37910.81,13042
2023-12-28 20:00:00,37930.33,38065.22,37894.62,37989.24,7688
2023-12-28 21:00:00,37951.61,38145.53,37802.0,38015.53,8600
2023-12-28 22:00:00,37983.89,37983.89,37830.67,37906.48,7837
2023-12-28 23:00:00,37956.12,38257.58,37956.12,38032.19,15231
2023-12-29 00:00:00,38123.91,38358.26,38123.91,38217.15,15401
2023-12-29 01:00:00,38199.13,38324.41,38065.98,38222.42,12141
2023-12-29 02:00:00,38207.54,38388.28,38173.31,38261.99,9489
2023-12-29 03:00:00,38195.86,38366.83,38195.86,38272.41,11553
2023-12-29 04:00:00,38269.13,38578.23,37944.68,38313.2,13503
2023-12-29 05:00:00,38270.35,38303.26,38214.32,38292.18,10128
2023-12-29 06:00:00,38303.91,38570.89,38203.43,38279.99,6834
2023-12-29 07:00:00,38266.48,38427.95,37990.32,38355.75,13512
2023-12-29 08:00:00,38420.3,38641.87,38420.3,38564.74,17449
2023-12-29 09:00:00,38578.28,38587.35,38340.13,38416.96,12827
2023-12-29 10:00:00,38392.47,38659.54,38285.09,38394.99,7555
2023-12-29 11:00:00,38292.55,38629.15,38270.27,38272.01,9317
2023-12-29 12:00:00,38334.86,38584.45,38334.86,38411.68,11478
2023-12-29 13:00:00,38403.59,38403.59,38063.48,38343.73,7546
2023-12-29 14:00:00,38321.19,38444.76,37862.82,38196.68,12065
2023-12-29 15:00:00,38241.85,38461.67,38193.64,38248.23,9178
2023-12-29 16:00:00,38336.16,38709.77,38336.16,38402.07,11248
2023-12-29 17:00:00,38358.67,38635.12,38197.79,38451.73,8604
2023-12-29 18:00:00,38438.07,38643.56,38260.12,38456.98,9808
2023-12-29 19:00:00,38448.95,38792.75,38448.95,38480.89,10534
2023-12-29 20:00:00,38480.92,38673.18,38452.02,38599.54,14233
2023-12-29 21:00:00,38502.35,38502.35,38412.36,38499.6,9360
2023-12-29 22:00:00,38480.17,38501.0,38253.95,38473.99,12486
2023-12-29 23:00:00,38420.58,38481.99,38287.34,38416.3,8678
2023-12-30 00:00:00,38438.85,38438.85,37947.65,38292.35,8530
2023-12-30 01:00:00,38208.04,38607.93,38193.5,38250.42,10928
2023-12-30 02:00:00,38324.62,38416.13,38269.99,38344.99,12388
2023-12-30 03:00:00,38385.15,38470.36,38078.19,38386.39,11654
2023-12-30 04:00:00,38399.98,38709.82,38299.24,38434.31,9329
2023-12-30 05:00:00,38448.98,38562.0,38109.82,38434.68,11236
2023-12-30 06:00:00,38474.93,38516.0,38438.98,38470.37,15229
2023-12-30 07:00:00,38457.79,38457.79,38358.37,38381.02,9090
2023-12-30 08:00:00,38384.24,38647.15,38124.39,38339.61,5991
2023-12-30 09:00:00,38404.88,38423.0,38016.83,38346.3,7984
2023-12-30 10:00:00,38312.09,38369.1,38302.08,38360.78,14445
2023-12-30 11:00:00,38384.73,38752.16,37957.43,38379.53,5393
2023-12-30 12:00:00,38336.06,38431.33,38305.5,38354.62,10840
2023-12-30 13:00:00,38384.87,38426.92,37965.51,38307.71,11048
2023-12-30 14:00:00,38388.15,38715.15,38388.15,38593.97,6964
2023-12-30 15:00:00,38641.68,38740.77,38592.12,38663.44,8690
2023-12-30 16:00:00,38682.66,38864.68,38597.47,38684.98,8128
2023-12-30 17:00:00,38739.39,38739.39,38522.97,38644.22,7267
2023-12-30 18:00:00,38658.55,38660.52,38506.19,38583.36,11903
2023-12-30 19:00:00,38624.98,38759.13,38545.81,38554.33,12738
2023-12-30 20:00:00,38603.94,38837.8,38473.17,38565.63,17727
2023-12-30 21:00:00,38513.44,38513.44,38322.57,38371.27,9693
2023-12-30 22:00:00,38374.49,38374.49,38043.14,38211.31,11313
2023-12-30 23:00:00,38230.58,38465.61,37909.35,38142.38,8438
2023-12-31 00:00:00,38219.16,38373.89,38077.9,38154.21,8875
2023-12-31 01:00:00,38184.37,38258.6,38120.23,38124.25,4778
2023-12-31 02:00:00,38219.28,38275.62,38219.28,38255.53,12816
2023-12-31 03:00:00,38283.11,38365.04,37964.15,38107.76,15832
2023-12-31 04:00:00,38099.29,38285.51,37812.35,38031.96,10171
2023-12-31 05:00:00,38093.76,38246.44,38093.76,38170.1,9797
2023-12-31 06:00:00,38154.69,38438.37,38000.02,38176.53,11099
2023-12-31 07:00:00,38176.69,38311.64,38176.69,38253.2,5073
2023-12-31 08:00:00,38273.54,38670.31,38273.54,38438.34,11462
2023-12-31 09:00:00,38493.09,38535.36,38142.05,38362.35,13170
2023-12-31 10:00:00,38369.55,38731.44,38165.5,38343.85,10760
2023-12-31 11:00:00,38365.86,38379.48,38250.33,38309.65,11629
2023-12-31 12:00:00,38188.37,38188.37,37975.74,38118.82,8055
2023-12-31 13:00:00,38192.04,38192.04,38010.37,38086.55,15036
2023-12-31 14:00:00,38108.39,38217.64,38108.39,38166.88,9618
2023-12-31 15:00:00,38178.8,38275.61,38138.0,38214.43,10200
2023-12-31 16:00:00,38238.8,38374.08,38113.83,38268.7,8229
2023-12-31 17:00:00,38273.88,38418.78,38151.97,38228.42,9154
2023-12-31 18:00:00,38234.81,38266.87,38086.4,38162.73,8407
2023-12-31 19:00:00,38152.04,38504.83,38065.79,38278.56,10889
2023-12-31 20:00:00,38230.73,38230.73,37866.59,38227.11,5183
2023-12-31 21:00:00,38246.34,38327.69,38243.6,38251.19,9543
2023-12-31 22:00:00,38277.65,38339.23,38088.54,38262.7,9629
2023-12-31 23:00:00,38242.74,38472.59,38158.98,38395.8,11387
2024-01-01 00:00:00,38457.86,38610.84,38192.79,38480.91,8026
