time,open,high,low,close,volume
2023-01-01 00:00:00,4500.0,4509.0,4491.0,4500.0,5411
2023-01-01 01:00:00,4506.77,4540.99,4483.63,4498.04,11261
2023-01-01 02:00:00,4504.68,4527.5,4504.68,4506.96,9083
2023-01-01 03:00:00,4506.92,4562.66,4492.31,4527.99,13150
2023-01-01 04:00:00,4525.32,4558.59,4520.56,4524.75,13094
2023-01-01 05:00:00,4524.18,4530.63,4512.55,4521.59,6318
2023-01-01 06:00:00,4530.84,4552.66,4530.84,4543.57,18309
2023-01-01 07:00:00,4541.53,4563.49,4541.53,4554.38,8748
2023-01-01 08:00:00,4558.39,4596.13,4511.12,4548.02,11379
2023-01-01 09:00:00,4552.75,4568.94,4552.75,4555.77,16490
2023-01-01 10:00:00,4572.33,4602.66,4536.92,4549.6,9092
2023-01-01 11:00:00,4546.47,4565.22,4534.32,4543.41,6629
2023-01-01 12:00:00,4539.8,4556.22,4538.03,4547.13,9534
2023-01-01 13:00:00,4529.98,4529.98,4511.89,4520.94,8715
2023-01-01 14:00:00,4517.05,4517.05,4462.47,4497.5,15559
2023-01-01 15:00:00,4498.94,4512.35,4479.39,4490.22,8984
2023-01-01 16:00:00,4491.64,4530.5,4447.06,4476.85,10521
2023-01-01 17:00:00,4476.64,4515.6,4472.84,4481.81,10974
2023-01-01 18:00:00,4471.12,4490.03,4410.9,4470.01,8350
2023-01-01 19:00:00,4453.45,4453.45,4413.97,4451.35,10030
2023-01-01 20:00:00,4451.05,4481.17,4433.38,4472.08,4654
2023-01-01 21:00:00,4473.7,4479.94,4457.67,4469.8,6282
2023-01-01 22:00:00,4464.36,4489.46,4437.15,4471.52,12502
2023-01-01 23:00:00,4466.04,4506.5,4440.46,4452.79,10739
2023-01-02 00:00:00,4471.11,4478.31,4445.27,4446.19,8293
2023-01-02 01:00:00,4456.1,4466.97,4439.68,4448.58,5617
2023-01-02 02:00:00,4447.03,4447.03,4424.93,4433.8,12534
2023-01-02 03:00:00,4445.83,4445.83,4406.38,4439.86,12527
2023-01-02 04:00:00,4441.52,4441.52,4415.3,4432.65,11889
2023-01-02 05:00:00,4421.66,4438.45,4404.06,4429.59,13783
2023-01-02 06:00:00,4428.8,4428.8,4418.35,4422.34,10759
2023-01-02 07:00:00,4438.9,4459.44,4438.9,4448.36,14688
2023-01-02 08:00:00,4455.35,4468.68,4424.87,4449.11,14566
2023-01-02 09:00:00,4444.49,4444.49,4426.75,4435.62,10995
2023-01-02 10:00:00,4441.97,4481.15,4422.97,4447.66,8988
2023-01-02 11:00:00,4440.77,4440.77,4398.71,4431.9,7605
2023-01-02 12:00:00,4440.77,4481.13,4426.81,4435.69,10440
2023-01-02 13:00:00,4428.45,4428.45,4373.18,4410.1,11439
2023-01-02 14:00:00,4406.09,4417.69,4384.5,4393.29,9768
2023-01-02 15:00:00,4392.05,4416.72,4365.37,4397.07,11659
2023-01-02 16:00:00,4399.3,4414.89,4399.3,4408.12,14145
2023-01-02 17:00:00,4402.0,4437.94,4387.05,4411.58,5415
2023-01-02 18:00:00,4411.2,4420.03,4402.39,4411.21,14175
2023-01-02 19:00:00,4406.46,4409.32,4399.57,4408.39,7501
2023-01-02 20:00:00,4398.19,4400.67,4363.31,4389.62,9559
2023-01-02 21:00:00,4395.79,4396.37,4372.37,4381.13,14659
2023-01-02 22:00:00,4373.05,4403.49,4369.59,4376.17,10497
2023-01-02 23:00:00,4382.83,4416.58,4382.83,4391.61,14653
2023-01-03 00:00:00,4394.44,4406.35,4377.9,4397.55,14216
2023-01-03 01:00:00,4385.43,4385.43,4360.42,4375.17,7217
2023-01-03 02:00:00,4362.57,4425.75,4350.44,4380.92,10241
2023-01-03 03:00:00,4385.85,4423.77,4375.61,4377.19,10224
2023-01-03 04:00:00,4362.35,4379.72,4326.12,4369.61,10694
2023-01-03 05:00:00,4373.7,4418.34,4372.98,4379.34,16185
2023-01-03 06:00:00,4379.12,4414.41,4379.12,4394.73,18669
2023-01-03 07:00:00,4387.01,4432.5,4376.88,4408.83,14925
2023-01-03 08:00:00,4390.6,4407.9,4390.3,4399.1,15471
2023-01-03 09:00:00,4397.94,4419.41,4385.74,4396.58,17660
2023-01-03 10:00:00,4385.25,4429.95,4371.63,4402.73,10756
2023-01-03 11:00:00,4402.37,4430.85,4374.15,4417.61,8564
2023-01-03 12:00:00,4426.36,4426.36,4404.12,4412.94,13333
2023-01-03 13:00:00,4413.36,4421.11,4406.37,4412.28,6713
2023-01-03 14:00:00,4412.5,4420.27,4390.39,4399.19,6292
2023-01-03 15:00:00,4398.75,4398.75,4347.9,4385.0,11888
2023-01-03 16:00:00,4383.6,4407.62,4378.06,4397.81,10187
2023-01-03 17:00:00,4405.32,4426.78,4377.1,4417.94,9035
2023-01-03 18:00:00,4420.08,4435.45,4411.29,4418.87,7041
2023-01-03 19:00:00,4421.49,4443.27,4409.35,4434.4,8155
2023-01-03 20:00:00,4432.35,4447.46,4432.35,4441.23,8053
2023-01-03 21:00:00,4436.53,4485.53,4420.19,4434.38,14233
2023-01-03 22:00:00,4435.66,4455.65,4420.93,4441.22,8259
2023-01-03 23:00:00,4448.39,4472.99,4448.39,4464.06,10208
2023-01-04 00:00:00,4471.62,4486.08,4456.63,4465.56,8913
2023-01-04 01:00:00,4485.49,4512.56,4485.49,4489.0,8694
2023-01-04 02:00:00,4463.97,4463.97,4451.76,4455.06,9320
2023-01-04 03:00:00,4449.2,4477.29,4428.08,4468.35,14195
2023-01-04 04:00:00,4473.24,4498.85,4447.03,4471.59,13075
2023-01-04 05:00:00,4470.19,4479.81,4428.37,4469.63,9716
2023-01-04 06:00:00,4471.5,4482.02,4467.04,4473.07,11448
2023-01-04 07:00:00,4466.96,4466.96,4439.14,4448.04,10849
2023-01-04 08:00:00,4452.68,4452.68,4422.26,4447.3,5449
2023-01-04 09:00:00,4442.3,4485.38,4428.64,4454.44,10964
2023-01-04 10:00:00,4448.77,4485.85,4447.02,4476.89,9653
2023-01-04 11:00:00,4481.06,4481.06,4463.17,4472.12,5506
2023-01-04 12:00:00,4475.76,4487.7,4454.45,4463.37,8321
2023-01-04 13:00:00,4460.56,4467.34,4430.47,4458.86,6969
2023-01-04 14:00:00,4457.52,4484.85,4430.06,4473.74,7000
2023-01-04 15:00:00,4475.69,4498.23,4453.48,4480.62,13909
2023-01-04 16:00:00,4475.01,4521.22,4411.44,4475.78,9138
2023-01-04 17:00:00,4469.19,4508.11,4438.59,4485.36,10586
2023-01-04 18:00:00,4488.35,4504.41,4483.39,4489.23,11080
2023-01-04 19:00:00,4493.71,4522.47,4492.65,4505.03,5172
2023-01-04 20:00:00,4497.74,4542.52,4439.65,4497.77,9342
2023-01-04 21:00:00,4497.58,4522.79,4421.61,4495.7,12710
2023-01-04 22:00:00,4493.67,4526.33,4465.17,4492.74,8320
2023-01-04 23:00:00,4480.61,4480.61,4440.89,4475.09,11461
2023-01-05 00:00:00,4478.14,4497.77,4478.14,4481.67,12401
2023-01-05 01:00:00,4475.93,4518.93,4439.09,4487.73,9452
2023-01-05 02:00:00,4493.87,4503.23,4463.21,4490.22,18185
2023-01-05 03:00:00,4495.94,4506.69,4477.69,4489.46,5754
2023-01-05 04:00:00,4485.13,4486.49,4463.55,4472.5,7018
2023-01-05 05:00:00,4466.4,4478.92,4454.62,4469.25,18814
2023-01-05 06:00:00,4468.62,4470.8,4430.43,4467.02,13154
2023-01-05 07:00:00,4461.18,4472.29,4454.93,4458.57,15671
2023-01-05 08:00:00,4461.01,4483.62,4450.05,4458.97,12837
2023-01-05 09:00:00,4467.98,4476.06,4443.85,4467.13,15981
2023-01-05 10:00:00,4487.13,4504.55,4487.13,4495.56,8189
2023-01-05 11:00:00,4498.61,4519.88,4491.61,4500.61,9106
2023-01-05 12:00:00,4503.4,4530.74,4485.96,4506.78,15260
2023-01-05 13:00:00,4499.42,4517.45,4499.42,4508.44,14600
2023-01-05 14:00:00,4485.27,4485.27,4446.64,4484.67,11161
2023-01-05 15:00:00,4483.41,4495.96,4448.22,4486.98,6995
2023-01-05 16:00:00,4480.48,4499.48,4479.37,4490.5,11492
2023-01-05 17:00:00,4510.5,4571.05,4510.5,4527.11,18657
2023-01-05 18:00:00,4534.38,4536.23,4518.12,4527.18,13023
2023-01-05 19:00:00,4526.23,4574.07,4526.23,4534.11,14007
2023-01-05 20:00:00,4534.41,4573.09,4527.28,4536.35,8083
2023-01-05 21:00:00,4540.36,4540.36,4513.85,4522.89,8959
2023-01-05 22:00:00,4529.58,4561.57,4501.13,4541.5,8009
2023-01-05 23:00:00,4548.53,4584.42,4517.44,4554.66,11087
2023-01-06 00:00:00,4559.26,4577.54,4559.26,4568.4,12647
2023-01-06 01:00:00,4561.67,4566.51,4509.48,4558.46,8819
2023-01-06 02:00:00,4571.67,4622.77,4571.67,4580.83,16587
2023-01-06 03:00:00,4566.77,4566.77,4546.49,4564.06,8199
2023-01-06 04:00:00,4561.17,4584.35,4561.17,4575.2,10050
2023-01-06 05:00:00,4584.48,4666.58,4584.48,4608.87,13474
2023-01-06 06:00:00,4606.37,4617.49,4590.15,4597.89,9413
2023-01-06 07:00:00,4585.88,4602.13,4583.76,4592.95,13485
2023-01-06 08:00:00,4590.51,4606.59,4588.2,4597.39,6962
2023-01-06 09:00:00,4594.37,4619.12,4584.17,4593.36,12426
2023-01-06 10:00:00,4583.81,4583.81,4533.75,4574.66,9444
2023-01-06 11:00:00,4568.33,4587.89,4550.59,4578.73,9622
2023-01-06 12:00:00,4573.0,4573.0,4556.89,4566.92,15136
2023-01-06 13:00:00,4574.9,4599.08,4572.3,4576.6,8915
2023-01-06 14:00:00,4576.03,4576.03,4557.77,4566.9,10530
2023-01-06 15:00:00,4572.7,4592.5,4565.29,4591.81,13717
2023-01-06 16:00:00,4595.73,4613.99,4574.9,4584.07,10534
2023-01-06 17:00:00,4581.5,4592.94,4573.64,4582.81,11189
2023-01-06 18:00:00,4581.18,4606.73,4570.1,4597.53,7997
2023-01-06 19:00:00,4598.22,4613.75,4541.98,4583.54,10571
2023-01-06 20:00:00,4585.3,4599.29,4567.23,4590.11,11432
2023-01-06 21:00:00,4602.61,4621.43,4602.61,4611.83,10141
2023-01-06 22:00:00,4607.16,4611.5,4583.34,4592.52,8778
2023-01-06 23:00:00,4602.35,4607.71,4577.85,4598.52,11923
2023-01-07 00:00:00,4601.09,4614.78,4579.31,4605.57,7656
2023-01-07 01:00:00,4610.81,4629.29,4610.81,4620.05,13449
2023-01-07 02:00:00,4613.88,4645.79,4576.94,4605.96,9284
2023-01-07 03:00:00,4599.98,4599.98,4579.53,4590.8,11253
2023-01-07 04:00:00,4594.17,4644.4,4592.47,4601.67,5589
2023-01-07 05:00:00,4600.15,4632.39,4600.15,4609.37,12420
2023-01-07 06:00:00,4614.91,4626.95,4584.91,4616.41,16728
2023-01-07 07:00:00,4609.88,4654.84,4603.23,4624.83,10612
2023-01-07 08:00:00,4622.81,4650.76,4596.86,4618.76,23419
2023-01-07 09:00:00,4616.38,4661.96,4616.38,4625.63,8169
2023-01-07 10:00:00,4636.73,4648.87,4598.64,4633.41,15321
2023-01-07 11:00:00,4629.79,4629.79,4617.76,4627.02,21810
2023-01-07 12:00:00,4655.3,4674.2,4655.3,4657.2,14700
2023-01-07 13:00:00,4660.79,4692.37,4650.68,4667.64,7885
2023-01-07 14:00:00,4655.17,4671.52,4617.18,4654.37,10161
2023-01-07 15:00:00,4658.26,4708.11,4658.26,4667.59,17058
2023-01-07 16:00:00,4652.32,4659.62,4603.41,4657.58,7055
2023-01-07 17:00:00,4660.8,4703.88,4645.32,4672.69,16595
2023-01-07 18:00:00,4689.2,4702.56,4689.2,4693.18,7756
2023-01-07 19:00:00,4690.48,4727.88,4665.15,4685.27,18946
2023-01-07 20:00:00,4694.79,4728.21,4693.63,4703.03,8299
2023-01-07 21:00:00,4699.19,4753.53,4688.1,4712.88,9350
2023-01-07 22:00:00,4719.21,4729.62,4719.21,4728.67,8716
2023-01-07 23:00:00,4739.85,4788.76,4739.85,4760.03,10363
2023-01-08 00:00:00,4757.43,4784.59,4754.45,4760.38,12933
2023-01-08 01:00:00,4749.9,4762.83,4725.06,4753.33,13479
2023-01-08 02:00:00,4758.86,4758.86,4734.63,4744.36,8797
2023-01-08 03:00:00,4746.0,4746.0,4723.8,4736.53,9333
2023-01-08 04:00:00,4744.48,4785.05,4672.16,4739.4,12746
2023-01-08 05:00:00,4748.53,4772.42,4662.88,4748.41,7350
2023-01-08 06:00:00,4751.31,4759.92,4738.59,4756.51,12180
2023-01-08 07:00:00,4763.08,4806.11,4763.08,4772.62,11442
2023-01-08 08:00:00,4779.03,4786.56,4746.53,4777.01,12882
2023-01-08 09:00:00,4783.53,4832.56,4776.99,4802.51,7198
2023-01-08 10:00:00,4814.65,4840.58,4782.84,4802.89,6412
2023-01-08 11:00:00,4824.83,4900.26,4824.83,4847.25,10848
2023-01-08 12:00:00,4844.85,4870.74,4844.85,4861.01,8238
2023-01-08 13:00:00,4855.41,4877.94,4818.51,4852.75,6642
2023-01-08 14:00:00,4844.93,4844.93,4831.7,4841.38,8058
2023-01-08 15:00:00,4857.57,4871.86,4830.41,4853.07,9568
2023-01-08 16:00:00,4859.8,4876.18,4844.59,4854.3,10785
2023-01-08 17:00:00,4859.74,4880.56,4859.74,4869.48,8846
2023-01-08 18:00:00,4875.48,4881.6,4828.57,4881.14,4972
2023-01-08 19:00:00,4897.54,4899.24,4865.55,4884.71,5848
2023-01-08 20:00:00,4883.26,4886.51,4859.14,4876.75,8536
2023-01-08 21:00:00,4871.69,4871.69,4816.77,4858.89,5049
2023-01-08 22:00:00,4866.29,4870.98,4829.28,4856.97,17093
2023-01-08 23:00:00,4864.67,4881.78,4864.67,4874.42,7558
2023-01-09 00:00:00,4879.12,4935.33,4879.12,4882.33,12329
2023-01-09 01:00:00,4872.61,4889.05,4852.31,4868.43,9259
2023-01-09 02:00:00,4875.02,4904.13,4858.51,4875.83,11229
2023-01-09 03:00:00,4874.68,4896.14,4842.7,4886.37,8647
2023-01-09 04:00:00,4881.86,4899.96,4847.54,4877.94,13770
2023-01-09 05:00:00,4878.07,4903.03,4855.01,4885.11,15232
2023-01-09 06:00:00,4889.25,4912.01,4889.25,4890.87,13628
2023-01-09 07:00:00,4882.2,4944.23,4846.69,4878.7,10578
2023-01-09 08:00:00,4872.34,4922.94,4872.34,4889.01,9845
2023-01-09 09:00:00,4893.47,4930.32,4878.73,4902.42,14312
2023-01-09 10:00:00,4908.52,4943.8,4908.32,4923.71,7854
2023-01-09 11:00:00,4923.92,4954.57,4923.92,4944.68,8024
2023-01-09 12:00:00,4942.06,4984.26,4919.01,4928.87,10416
2023-01-09 13:00:00,4930.38,4930.38,4909.94,4919.78,5930
2023-01-09 14:00:00,4932.75,4958.0,4888.83,4932.64,11413
2023-01-09 15:00:00,4930.5,4955.45,4925.35,4945.56,11884
2023-01-09 16:00:00,4959.2,4996.75,4918.13,4958.62,16197
2023-01-09 17:00:00,5008.97,5032.44,5008.97,5022.39,14669
2023-01-09 18:00:00,5044.03,5044.03,5026.48,5036.55,10397
2023-01-09 19:00:00,5048.19,5060.21,5048.19,5059.44,8639
2023-01-09 20:00:00,5054.39,5105.03,5035.78,5079.69,12868
2023-01-09 21:00:00,5085.18,5105.56,5085.18,5095.37,6008
2023-01-09 22:00:00,5099.83,5099.83,5087.27,5095.98,10212
2023-01-09 23:00:00,5111.4,5123.07,5111.4,5113.4,10447
2023-01-10 00:00:00,5112.4,5117.12,5093.48,5106.91,7898
2023-01-10 01:00:00,5115.91,5128.0,5097.19,5108.87,6219
2023-01-10 02:00:00,5115.54,5120.55,5074.18,5106.97,12642
2023-01-10 03:00:00,5113.76,5140.99,5082.42,5113.96,6320
2023-01-10 04:00:00,5113.7,5166.33,5110.94,5156.01,12751
2023-01-10 05:00:00,5142.64,5142.64,5122.11,5132.37,6310
2023-01-10 06:00:00,5138.77,5166.85,5138.77,5149.07,14045
2023-01-10 07:00:00,5139.83,5139.83,5104.63,5129.57,16908
2023-01-10 08:00:00,5125.97,5158.35,5117.95,5128.21,8063
2023-01-10 09:00:00,5141.05,5163.5,5141.05,5151.35,10484
2023-01-10 10:00:00,5146.31,5176.13,5143.86,5158.41,9709
2023-01-10 11:00:00,5158.82,5158.82,5131.93,5147.55,17143
2023-01-10 12:00:00,5141.18,5152.73,5117.95,5142.44,10590
2023-01-10 13:00:00,5150.96,5162.4,5149.51,5159.43,4725
2023-01-10 14:00:00,5162.99,5181.12,5128.11,5154.25,7706
2023-01-10 15:00:00,5158.64,5207.34,5153.72,5164.05,12753
2023-01-10 16:00:00,5169.88,5181.44,5141.16,5171.09,7952
2023-01-10 17:00:00,5174.99,5216.25,5144.11,5167.13,18914
2023-01-10 18:00:00,5193.43,5217.86,5193.43,5207.45,13482
2023-01-10 19:00:00,5205.62,5232.01,5196.22,5224.04,15712
2023-01-10 20:00:00,5207.32,5207.32,5184.49,5198.26,12464
2023-01-10 21:00:00,5190.7,5227.09,5168.69,5207.83,5580
2023-01-10 22:00:00,5214.36,5214.36,5193.54,5203.95,12406
2023-01-10 23:00:00,5210.0,5252.99,5205.63,5224.28,11046
2023-01-11 00:00:00,5234.8,5276.47,5200.48,5218.44,13201
2023-01-11 01:00:00,5225.72,5256.46,5160.55,5223.51,9645
2023-01-11 02:00:00,5223.46,5243.66,5187.74,5238.41,10245
2023-01-11 03:00:00,5242.24,5269.67,5208.51,5259.15,13198
2023-01-11 04:00:00,5258.47,5266.89,5236.16,5246.66,9948
2023-01-11 05:00:00,5258.63,5258.63,5195.54,5248.14,14181
2023-01-11 06:00:00,5247.35,5257.93,5235.37,5247.44,9211
2023-01-11 07:00:00,5250.01,5250.01,5237.19,5243.93,11348
2023-01-11 08:00:00,5259.78,5292.33,5259.78,5279.35,11705
2023-01-11 09:00:00,5282.08,5310.64,5276.3,5293.03,8779
2023-01-11 10:00:00,5289.76,5315.06,5238.3,5279.7,12126
2023-01-11 11:00:00,5280.2,5312.14,5248.1,5301.53,6132
2023-01-11 12:00:00,5332.34,5353.71,5332.34,5343.03,14852
2023-01-11 13:00:00,5348.62,5377.72,5348.62,5366.99,7159
2023-01-11 14:00:00,5354.03,5389.96,5345.32,5349.07,9933
2023-01-11 15:00:00,5337.2,5373.47,5317.89,5348.14,10982
2023-01-11 16:00:00,5360.73,5445.5,5350.39,5375.87,8092
2023-01-11 17:00:00,5375.81,5392.57,5360.5,5371.24,9184
2023-01-11 18:00:00,5374.85,5419.38,5374.85,5385.63,8651
2023-01-11 19:00:00,5394.72,5417.13,5394.72,5405.53,8450
2023-01-11 20:00:00,5408.24,5408.24,5336.9,5397.44,12291
2023-01-11 21:00:00,5387.96,5410.25,5387.11,5403.69,10558
2023-01-11 22:00:00,5385.05,5385.05,5328.4,5357.37,7979
2023-01-11 23:00:00,5356.75,5370.77,5337.21,5347.91,9528
2023-01-12 00:00:00,5346.55,5361.88,5340.48,5351.18,11800
2023-01-12 01:00:00,5349.6,5370.33,5307.05,5338.16,15082
2023-01-12 02:00:00,5361.6,5383.09,5361.6,5372.35,7090
2023-01-12 03:00:00,5356.95,5375.65,5345.67,5356.39,9590
2023-01-12 04:00:00,5359.46,5384.28,5341.47,5356.73,8082
2023-01-12 05:00:00,5347.65,5368.08,5346.78,5366.46,10040
2023-01-12 06:00:00,5370.15,5404.51,5370.15,5397.76,5940
2023-01-12 07:00:00,5388.97,5392.31,5370.95,5381.71,14804
2023-01-12 08:00:00,5377.62,5426.08,5377.62,5408.53,10727
2023-01-12 09:00:00,5407.87,5468.05,5390.64,5416.38,13647
2023-01-12 10:00:00,5417.18,5432.36,5353.36,5407.85,15876
2023-01-12 11:00:00,5410.99,5438.64,5340.1,5423.27,9528
2023-01-12 12:00:00,5431.21,5445.34,5377.1,5434.47,8051
2023-01-12 13:00:00,5429.21,5443.31,5415.28,5432.44,10335
2023-01-12 14:00:00,5428.28,5452.97,5395.9,5441.6,11560
2023-01-12 15:00:00,5457.42,5460.59,5424.89,5443.23,12614
2023-01-12 16:00:00,5445.03,5490.5,5432.79,5453.22,8852
2023-01-12 17:00:00,5455.04,5508.0,5453.3,5472.43,10660
2023-01-12 18:00:00,5496.09,5523.18,5496.09,5507.1,8246
2023-01-12 19:00:00,5504.7,5528.0,5463.16,5494.35,7286
2023-01-12 20:00:00,5534.26,5567.18,5534.26,5538.31,12437
2023-01-12 21:00:00,5524.42,5524.42,5479.32,5513.4,7105
2023-01-12 22:00:00,5519.14,5530.09,5494.84,5519.05,14691
2023-01-12 23:00:00,5526.15,5540.2,5526.15,5537.23,14557
2023-01-13 00:00:00,5537.81,5558.22,5488.75,5550.32,7460
2023-01-13 01:00:00,5547.5,5559.22,5523.96,5548.12,10439
2023-01-13 02:00:00,5551.42,5587.18,5527.1,5552.95,10058
2023-01-13 03:00:00,5552.29,5593.0,5531.59,5552.96,8942
2023-01-13 04:00:00,5545.61,5563.95,5515.12,5551.35,12685
2023-01-13 05:00:00,5559.8,5585.28,5549.41,5574.14,9111
2023-01-13 06:00:00,5565.35,5626.18,5556.95,5588.58,6326
2023-01-13 07:00:00,5594.84,5634.84,5539.77,5585.1,7472
2023-01-13 08:00:00,5597.67,5658.96,5597.67,5608.89,7294
2023-01-13 09:00:00,5618.64,5658.95,5618.64,5622.52,8447
2023-01-13 10:00:00,5631.05,5712.41,5631.05,5644.98,9383
2023-01-13 11:00:00,5653.04,5675.7,5653.04,5664.37,11708
2023-01-13 12:00:00,5648.14,5663.52,5625.89,5658.53,12075
2023-01-13 13:00:00,5645.42,5707.47,5617.14,5657.43,12860
2023-01-13 14:00:00,5667.6,5690.32,5667.6,5678.96,7254
2023-01-13 15:00:00,5672.94,5721.7,5654.52,5698.23,11368
2023-01-13 16:00:00,5698.61,5717.96,5695.13,5706.54,6832
2023-01-13 17:00:00,5711.69,5728.69,5705.82,5717.26,15233
2023-01-13 18:00:00,5738.79,5759.86,5738.79,5748.36,12422
2023-01-13 19:00:00,5747.37,5793.2,5711.02,5746.81,8331
2023-01-13 20:00:00,5753.85,5781.31,5753.85,5765.38,14088
2023-01-13 21:00:00,5776.14,5782.39,5745.55,5770.84,11084
2023-01-13 22:00:00,5761.81,5802.19,5728.03,5776.04,13426
2023-01-13 23:00:00,5784.39,5806.49,5774.12,5804.46,7424
2023-01-14 00:00:00,5811.89,5852.8,5811.89,5828.25,8680
2023-01-14 01:00:00,5832.47,5854.34,5806.09,5852.05,8321
2023-01-14 02:00:00,5861.25,5928.16,5861.25,5884.86,9498
2023-01-14 03:00:00,5882.89,5901.46,5882.89,5894.68,9297
2023-01-14 04:00:00,5912.18,5971.73,5912.18,5916.4,14641
2023-01-14 05:00:00,5929.94,5932.01,5908.33,5920.17,15968
2023-01-14 06:00:00,5923.51,5979.58,5923.51,5935.38,7856
2023-01-14 07:00:00,5947.34,5950.79,5880.04,5942.38,9223
2023-01-14 08:00:00,5952.03,6006.11,5902.79,5953.65,8632
2023-01-14 09:00:00,5963.54,5985.98,5962.08,5974.03,10749
2023-01-14 10:00:00,5975.77,5987.48,5962.56,5968.66,7931
2023-01-14 11:00:00,6004.58,6023.5,6004.58,6016.61,16140
2023-01-14 12:00:00,6009.41,6038.77,5980.66,6007.82,8038
2023-01-14 13:00:00,5998.44,5998.44,5983.39,5995.38,12541
2023-01-14 14:00:00,6014.63,6038.74,6014.63,6026.69,5294
2023-01-14 15:00:00,6019.38,6077.36,6010.3,6051.38,9522
2023-01-14 16:00:00,6053.89,6077.65,6053.89,6073.05,5786
2023-01-14 17:00:00,6064.37,6154.9,6049.66,6094.92,9289
2023-01-14 18:00:00,6097.38,6120.24,6092.69,6104.9,11925
2023-01-14 19:00:00,6107.74,6124.14,6086.37,6098.32,5643
2023-01-14 20:00:00,6121.49,6121.49,6097.81,6110.03,7032
2023-01-14 21:00:00,6128.79,6137.72,6073.75,6107.77,6776
2023-01-14 22:00:00,6104.85,6172.14,6079.2,6136.47,10153
2023-01-14 23:00:00,6142.57,6192.14,6095.92,6144.14,10069
2023-01-15 00:00:00,6132.32,6164.96,6126.73,6139.0,12822
2023-01-15 01:00:00,6142.08,6146.1,6131.12,6143.4,9400
2023-01-15 02:00:00,6155.02,6163.74,6149.3,6161.62,8568
2023-01-15 03:00:00,6149.13,6173.78,6149.13,6161.46,6827
2023-01-15 04:00:00,6149.11,6168.83,6126.54,6156.52,5623
2023-01-15 05:00:00,6171.1,6184.11,6171.1,6171.77,9034
2023-01-15 06:00:00,6174.94,6259.94,6167.25,6187.18,7603
2023-01-15 07:00:00,6185.06,6267.16,6154.71,6188.35,14884
2023-01-15 08:00:00,6185.73,6203.71,6172.97,6190.21,9241
2023-01-15 09:00:00,6202.3,6234.44,6202.3,6205.48,7967
2023-01-15 10:00:00,6190.51,6190.51,6131.32,6188.91,10946
2023-01-15 11:00:00,6166.79,6217.9,6160.96,6173.31,9340
2023-01-15 12:00:00,6169.44,6183.2,6156.34,6170.86,11956
2023-01-15 13:00:00,6161.91,6196.11,6106.86,6178.11,10149
2023-01-15 14:00:00,6163.87,6216.44,6137.57,6195.34,10429
2023-01-15 15:00:00,6191.21,6247.27,6169.28,6234.8,8941
2023-01-15 16:00:00,6234.93,6275.2,6224.06,6262.68,8236
2023-01-15 17:00:00,6264.25,6291.98,6241.62,6271.17,13086
2023-01-15 18:00:00,6279.06,6325.04,6269.9,6282.47,10771
2023-01-15 19:00:00,6274.19,6281.57,6245.21,6274.99,10019
2023-01-15 20:00:00,6274.63,6325.1,6247.13,6286.52,8238
2023-01-15 21:00:00,6279.54,6317.69,6258.45,6292.89,8241
2023-01-15 22:00:00,6289.48,6344.39,6289.48,6311.16,11002
2023-01-15 23:00:00,6301.94,6314.3,6294.53,6307.14,9493
2023-01-16 00:00:00,6300.22,6341.74,6300.22,6329.08,12795
2023-01-16 01:00:00,6358.05,6411.88,6358.05,6370.79,7756
2023-01-16 02:00:00,6384.51,6393.5,6367.98,6380.74,10405
2023-01-16 03:00:00,6387.94,6405.09,6387.94,6400.74,10817
2023-01-16 04:00:00,6408.7,6484.84,6383.0,6426.47,11852
2023-01-16 05:00:00,6419.48,6449.01,6382.82,6430.87,11003
2023-01-16 06:00:00,6436.08,6460.46,6432.01,6447.56,13558
2023-01-16 07:00:00,6463.96,6473.1,6447.26,6460.18,11342
2023-01-16 08:00:00,6459.72,6487.54,6445.61,6474.59,10970
2023-01-16 09:00:00,6473.71,6491.93,6460.65,6471.87,10843
2023-01-16 10:00:00,6466.28,6491.15,6455.81,6485.13,18033
2023-01-16 11:00:00,6504.6,6570.26,6504.6,6507.86,12738
2023-01-16 12:00:00,6505.3,6574.68,6485.66,6549.69,9352
2023-01-16 13:00:00,6554.53,6594.96,6518.03,6581.8,11251
2023-01-16 14:00:00,6595.89,6651.36,6595.89,6638.08,7930
2023-01-16 15:00:00,6643.12,6660.44,6609.86,6635.44,7779
2023-01-16 16:00:00,6651.28,6688.92,6651.28,6666.22,10355
2023-01-16 17:00:00,6691.83,6713.45,6669.67,6683.04,8309
2023-01-16 18:00:00,6738.87,6754.51,6738.87,6741.03,13770
2023-01-16 19:00:00,6752.44,6766.45,6719.16,6737.59,14793
2023-01-16 20:00:00,6736.53,6747.02,6688.61,6733.55,10322
2023-01-16 21:00:00,6743.61,6747.88,6727.48,6734.53,16879
2023-01-16 22:00:00,6733.04,6741.66,6658.26,6704.08,9986
2023-01-16 23:00:00,6724.7,6742.29,6698.23,6706.64,8823
2023-01-17 00:00:00,6700.75,6736.05,6690.92,6704.33,10472
2023-01-17 01:00:00,6703.04,6734.16,6703.04,6720.72,13869
2023-01-17 02:00:00,6729.19,6765.76,6692.47,6741.07,10646
2023-01-17 03:00:00,6744.8,6842.64,6737.67,6793.13,13063
2023-01-17 04:00:00,6792.71,6833.81,6767.18,6826.33,14812
2023-01-17 05:00:00,6813.2,6882.89,6794.16,6827.81,8880
2023-01-17 06:00:00,6826.74,6828.71,6815.86,6822.62,8001
2023-01-17 07:00:00,6830.39,6901.16,6830.39,6846.6,6030
2023-01-17 08:00:00,6841.67,6846.39,6768.02,6832.72,11965
2023-01-17 09:00:00,6871.08,6898.62,6871.08,6884.85,15190
2023-01-17 10:00:00,6918.49,6937.41,6918.49,6923.56,12826
2023-01-17 11:00:00,6935.01,6941.04,6921.52,6927.55,8269
2023-01-17 12:00:00,6933.47,6933.47,6825.85,6905.23,18341
2023-01-17 13:00:00,6924.3,6961.89,6924.3,6948.0,10267
2023-01-17 14:00:00,6943.53,6985.9,6926.73,6959.85,9857
2023-01-17 15:00:00,6959.16,7022.85,6942.32,7000.54,16484
2023-01-17 16:00:00,6988.5,6988.5,6920.92,6980.72,8115
2023-01-17 17:00:00,6973.29,6996.32,6965.78,6982.36,8344
2023-01-17 18:00:00,6964.11,7022.85,6927.76,6997.03,12518
2023-01-17 19:00:00,6978.14,7026.74,6960.86,7012.72,8857
2023-01-17 20:00:00,7037.88,7052.35,7000.27,7017.78,14053
2023-01-17 21:00:00,7046.27,7059.94,6986.76,7045.85,13758
2023-01-17 22:00:00,7048.74,7077.27,7018.75,7037.49,6461
2023-01-17 23:00:00,7030.27,7075.28,7030.27,7049.15,8622
2023-01-18 00:00:00,7071.05,7135.94,7041.38,7066.56,5950
2023-01-18 01:00:00,7053.74,7097.08,7021.81,7092.47,8014
2023-01-18 02:00:00,7109.95,7154.24,7109.95,7122.77,5171
2023-01-18 03:00:00,7110.84,7181.83,7082.7,7113.19,10877
2023-01-18 04:00:00,7114.78,7122.5,7063.1,7094.68,7171
2023-01-18 05:00:00,7088.24,7183.28,7084.03,7137.46,12570
2023-01-18 06:00:00,7148.76,7220.05,7145.46,7159.78,9143
2023-01-18 07:00:00,7172.9,7172.9,7144.26,7158.58,8255
2023-01-18 08:00:00,7175.39,7259.29,7175.39,7207.79,8762
2023-01-18 09:00:00,7227.22,7311.56,7211.1,7225.55,8711
2023-01-18 10:00:00,7234.7,7301.92,7213.37,7266.87,13387
2023-01-18 11:00:00,7277.61,7384.08,7277.61,7283.66,8718
2023-01-18 12:00:00,7310.34,7384.86,7310.34,7344.94,10786
2023-01-18 13:00:00,7379.68,7410.25,7379.68,7399.78,9044
2023-01-18 14:00:00,7403.64,7467.74,7393.23,7409.61,6484
2023-01-18 15:00:00,7442.6,7483.69,7442.6,7447.16,18749
2023-01-18 16:00:00,7462.49,7492.4,7462.49,7477.44,11882
2023-01-18 17:00:00,7520.35,7552.81,7520.35,7524.27,8064
2023-01-18 18:00:00,7511.93,7550.31,7488.88,7517.63,12447
2023-01-18 19:00:00,7511.56,7552.53,7475.52,7549.06,8065
2023-01-18 20:00:00,7571.79,7647.22,7571.79,7589.33,8282
2023-01-18 21:00:00,7593.38,7616.71,7549.14,7564.27,13198
2023-01-18 22:00:00,7570.91,7598.79,7481.58,7552.56,11095
2023-01-18 23:00:00,7534.97,7534.97,7468.72,7521.2,7538
2023-01-19 00:00:00,7512.13,7625.75,7512.13,7530.85,8677
2023-01-19 01:00:00,7548.1,7576.45,7548.1,7563.22,9754
2023-01-19 02:00:00,7608.05,7618.2,7608.05,7613.79,7132
2023-01-19 03:00:00,7607.02,7647.66,7598.3,7631.47,8644
2023-01-19 04:00:00,7651.53,7749.68,7651.53,7685.65,8899
2023-01-19 05:00:00,7694.05,7694.05,7600.05,7669.17,13182
2023-01-19 06:00:00,7645.09,7717.32,7635.73,7645.18,15851
2023-01-19 07:00:00,7646.97,7675.37,7610.11,7660.05,15249
2023-01-19 08:00:00,7669.88,7744.73,7669.88,7685.25,9154
2023-01-19 09:00:00,7695.5,7735.78,7673.08,7700.69,12871
2023-01-19 10:00:00,7702.17,7711.59,7558.01,7668.18,9892
2023-01-19 11:00:00,7652.94,7711.14,7633.16,7682.28,11710
2023-01-19 12:00:00,7674.55,7678.42,7664.54,7667.71,15360
2023-01-19 13:00:00,7686.86,7757.45,7686.86,7699.67,13021
2023-01-19 14:00:00,7711.71,7761.29,7709.59,7724.47,15468
2023-01-19 15:00:00,7715.43,7733.91,7658.83,7718.47,6384
2023-01-19 16:00:00,7720.36,7743.66,7720.36,7722.67,8532
2023-01-19 17:00:00,7726.65,7776.16,7695.65,7713.91,14254
2023-01-19 18:00:00,7713.23,7747.59,7713.23,7728.69,18392
2023-01-19 19:00:00,7762.49,7783.24,7762.49,7767.7,14038
2023-01-19 20:00:00,7760.12,7767.35,7747.64,7760.77,13252
2023-01-19 21:00:00,7773.68,7789.64,7773.68,7789.26,6745
2023-01-19 22:00:00,7789.17,7850.02,7749.14,7793.27,9102
2023-01-19 23:00:00,7806.74,7806.74,7765.09,7791.16,13646
2023-01-20 00:00:00,7789.87,7837.04,7789.87,7805.48,9160
2023-01-20 01:00:00,7802.59,7834.88,7769.63,7797.6,6997
2023-01-20 02:00:00,7800.45,7816.86,7785.66,7801.26,13114
2023-01-20 03:00:00,7797.63,7797.63,7741.24,7789.59,12987
2023-01-20 04:00:00,7837.72,7868.81,7837.72,7853.43,9622
2023-01-20 05:00:00,7855.87,7892.53,7855.66,7871.4,17051
2023-01-20 06:00:00,7873.52,7887.34,7852.59,7871.6,12059
2023-01-20 07:00:00,7877.97,7909.54,7877.97,7893.75,7289
2023-01-20 08:00:00,7926.71,7931.26,7873.24,7908.1,13863
2023-01-20 09:00:00,7919.39,7945.37,7892.09,7919.84,13497
2023-01-20 10:00:00,7950.97,7967.72,7950.97,7951.82,6751
2023-01-20 11:00:00,7971.3,8042.87,7971.3,7987.27,14050
2023-01-20 12:00:00,7965.02,8080.22,7937.54,7991.37,12379
2023-01-20 13:00:00,7990.43,8009.48,7920.98,7994.4,12470
2023-01-20 14:00:00,7991.72,8023.54,7952.54,8004.89,10023
2023-01-20 15:00:00,7981.69,7981.69,7936.74,7965.76,12307
2023-01-20 16:00:00,7960.87,7962.0,7930.22,7946.11,8575
2023-01-20 17:00:00,7949.43,8031.4,7941.66,7996.81,8267
2023-01-20 18:00:00,8045.03,8058.48,8045.03,8054.5,6883
2023-01-20 19:00:00,8056.54,8099.09,8040.71,8065.88,11096
2023-01-20 20:00:00,8095.43,8123.95,8095.43,8097.56,5483
2023-01-20 21:00:00,8106.48,8138.97,8106.48,8122.72,13431
2023-01-20 22:00:00,8189.9,8228.56,8189.9,8216.7,21297
2023-01-20 23:00:00,8217.73,8296.61,8217.73,8262.41,18569
2023-01-21 00:00:00,8273.02,8295.53,8260.22,8276.78,8723
2023-01-21 01:00:00,8264.48,8320.06,8222.93,8270.22,14230
2023-01-21 02:00:00,8266.03,8266.03,8241.66,8247.16,12247
2023-01-21 03:00:00,8243.15,8286.48,8223.35,8269.94,7918
2023-01-21 04:00:00,8286.63,8309.19,8251.88,8268.42,9131
2023-01-21 05:00:00,8276.13,8285.72,8241.93,8250.13,7804
2023-01-21 06:00:00,8261.92,8343.83,8234.98,8251.48,14438
2023-01-21 07:00:00,8249.76,8286.53,8179.17,8242.0,6122
2023-01-21 08:00:00,8271.1,8342.74,8271.1,8302.33,14621
2023-01-21 09:00:00,8308.0,8350.37,8308.0,8342.49,5877
2023-01-21 10:00:00,8335.17,8375.32,8241.65,8360.25,13119
2023-01-21 11:00:00,8368.34,8458.3,8368.34,8416.12,7450
2023-01-21 12:00:00,8439.42,8461.27,8419.18,8436.05,10179
2023-01-21 13:00:00,8425.9,8463.19,8369.35,8431.82,11186
2023-01-21 14:00:00,8472.19,8494.58,8472.19,8489.17,11160
2023-01-21 15:00:00,8498.69,8550.66,8431.18,8521.2,7189
2023-01-21 16:00:00,8521.65,8521.65,8495.1,8512.13,8742
2023-01-21 17:00:00,8496.83,8535.33,8473.04,8525.44,8405
2023-01-21 18:00:00,8530.49,8537.94,8503.86,8520.9,11897
2023-01-21 19:00:00,8520.03,8520.03,8431.78,8503.02,10295
2023-01-21 20:00:00,8524.84,8565.48,8508.74,8545.51,11501
2023-01-21 21:00:00,8596.74,8716.2,8596.74,8613.96,7317
2023-01-21 22:00:00,8592.47,8644.31,8553.09,8595.58,15692
2023-01-21 23:00:00,8590.23,8643.34,8562.0,8628.86,8052
2023-01-22 00:00:00,8647.52,8647.52,8595.76,8630.26,8269
2023-01-22 01:00:00,8635.39,8726.39,8618.73,8636.0,12520
2023-01-22 02:00:00,8643.35,8665.3,8621.57,8638.85,6084
2023-01-22 03:00:00,8635.1,8672.13,8617.44,8634.71,10388
2023-01-22 04:00:00,8614.63,8656.82,8575.11,8654.73,6452
2023-01-22 05:00:00,8646.08,8703.63,8528.72,8651.63,7973
2023-01-22 06:00:00,8656.87,8692.9,8579.35,8677.88,6908
2023-01-22 07:00:00,8676.64,8766.0,8645.19,8695.61,10120
2023-01-22 08:00:00,8690.04,8744.15,8683.78,8708.45,11201
2023-01-22 09:00:00,8714.02,8747.83,8647.39,8703.46,14384
2023-01-22 10:00:00,8705.71,8760.98,8689.78,8707.2,7557
2023-01-22 11:00:00,8732.81,8763.95,8732.81,8746.45,23246
2023-01-22 12:00:00,8736.39,8844.21,8706.51,8779.09,20293
2023-01-22 13:00:00,8766.44,8789.9,8747.61,8772.05,16043
2023-01-22 14:00:00,8758.97,8840.17,8736.95,8793.99,11184
2023-01-22 15:00:00,8815.98,8861.9,8815.98,8833.65,9329
2023-01-22 16:00:00,8812.87,8812.87,8775.23,8808.0,9643
2023-01-22 17:00:00,8816.33,8869.31,8779.87,8842.13,9079
2023-01-22 18:00:00,8845.34,8861.48,8803.27,8843.79,10261
2023-01-22 19:00:00,8861.16,8922.42,8861.16,8878.92,11003
2023-01-22 20:00:00,8865.54,8895.44,8840.3,8877.68,16751
2023-01-22 21:00:00,8889.11,8953.91,8847.58,8848.23,11029
2023-01-22 22:00:00,8847.25,8864.84,8733.93,8823.83,7778
2023-01-22 23:00:00,8849.6,8882.61,8815.96,8844.87,13200
2023-01-23 00:00:00,8867.11,8909.76,8834.52,8871.79,9936
2023-01-23 01:00:00,8866.41,8906.95,8842.19,8867.11,10114
2023-01-23 02:00:00,8871.76,8922.23,8815.69,8904.42,16301
2023-01-23 03:00:00,8885.15,8919.56,8823.59,8879.01,12697
2023-01-23 04:00:00,8896.26,8901.18,8896.26,8897.2,11549
2023-01-23 05:00:00,8895.6,8912.42,8873.11,8884.42,8316
2023-01-23 06:00:00,8882.01,8904.64,8764.83,8886.87,15817
2023-01-23 07:00:00,8890.73,8964.32,8890.73,8908.33,13621
2023-01-23 08:00:00,8895.22,8926.96,8887.21,8905.02,8029
2023-01-23 09:00:00,8892.51,8932.6,8828.57,8914.77,10443
2023-01-23 10:00:00,8929.14,8980.36,8780.02,8962.44,6146
2023-01-23 11:00:00,8990.9,9017.58,8941.27,8966.91,13666
2023-01-23 12:00:00,8987.12,9016.86,8954.79,9010.29,6505
2023-01-23 13:00:00,9005.65,9034.4,8967.37,8999.67,11155
2023-01-23 14:00:00,9026.21,9069.53,9026.21,9034.72,11388
2023-01-23 15:00:00,9040.93,9126.31,9040.93,9095.2,8313
2023-01-23 16:00:00,9065.22,9065.22,9006.3,9047.13,10207
2023-01-23 17:00:00,9049.8,9110.38,8998.51,9045.93,10382
2023-01-23 18:00:00,9059.54,9085.26,9058.65,9082.89,10711
2023-01-23 19:00:00,9109.71,9134.87,9042.12,9098.3,8283
2023-01-23 20:00:00,9111.59,9148.11,9111.59,9129.85,9222
2023-01-23 21:00:00,9134.7,9139.4,9116.15,9134.42,11794
2023-01-23 22:00:00,9153.58,9192.44,9141.92,9158.27,9298
2023-01-23 23:00:00,9165.09,9193.84,9157.14,9175.49,10387
2023-01-24 00:00:00,9186.85,9277.18,9186.85,9229.94,9838
2023-01-24 01:00:00,9240.32,9261.97,9240.32,9258.84,20508
2023-01-24 02:00:00,9255.72,9354.59,9187.84,9290.04,9683
2023-01-24 03:00:00,9290.49,9344.29,9230.69,9299.99,9692
2023-01-24 04:00:00,9312.81,9326.36,9243.1,9307.75,6027
2023-01-24 05:00:00,9304.7,9365.06,9298.44,9317.08,10225
2023-01-24 06:00:00,9308.67,9426.95,9292.24,9349.94,8809
2023-01-24 07:00:00,9340.81,9436.69,9340.81,9359.53,13659
2023-01-24 08:00:00,9370.72,9452.26,9370.72,9389.49,9966
2023-01-24 09:00:00,9451.96,9548.12,9451.96,9470.9,13465
2023-01-24 10:00:00,9462.64,9552.95,9438.98,9517.82,6689
2023-01-24 11:00:00,9517.77,9549.27,9510.85,9529.91,13673
2023-01-24 12:00:00,9540.49,9629.96,9540.49,9586.64,11800
2023-01-24 13:00:00,9575.58,9631.14,9574.06,9596.34,8877
2023-01-24 14:00:00,9575.12,9684.11,9539.18,9558.29,4959
2023-01-24 15:00:00,9550.84,9582.64,9531.61,9550.71,13587
2023-01-24 16:00:00,9549.14,9549.14,9482.5,9518.03,8664
2023-01-24 17:00:00,9517.59,9546.3,9510.95,9530.01,17845
2023-01-24 18:00:00,9551.17,9611.28,9551.17,9552.8,13011
2023-01-24 19:00:00,9607.45,9639.0,9607.45,9624.1,13777
2023-01-24 20:00:00,9658.63,9697.75,9636.84,9656.15,12589
2023-01-24 21:00:00,9669.26,9704.2,9602.02,9672.21,10667
2023-01-24 22:00:00,9699.92,9772.04,9699.92,9719.35,7654
2023-01-24 23:00:00,9695.07,9695.07,9656.98,9676.34,7717
2023-01-25 00:00:00,9664.18,9768.3,9624.55,9706.14,9869
2023-01-25 01:00:00,9732.43,9756.9,9732.43,9751.93,17153
2023-01-25 02:00:00,9749.11,9749.11,9696.2,9730.74,9822
2023-01-25 03:00:00,9782.2,9882.91,9782.2,9787.74,14277
2023-01-25 04:00:00,9801.25,9890.69,9801.25,9820.89,8278
2023-01-25 05:00:00,9835.06,9835.06,9764.9,9831.61,9982
2023-01-25 06:00:00,9868.88,9901.97,9868.88,9873.97,3686
2023-01-25 07:00:00,9879.9,9966.92,9872.75,9966.01,9569
2023-01-25 08:00:00,9961.38,10025.68,9871.53,9995.01,14208
2023-01-25 09:00:00,10006.1,10119.82,10006.1,10026.15,14737
2023-01-25 10:00:00,10000.34,10098.54,10000.34,10035.74,13547
2023-01-25 11:00:00,10036.76,10036.8,10018.96,10033.43,15891
2023-01-25 12:00:00,10057.19,10107.35,10051.85,10082.79,8312
2023-01-25 13:00:00,10067.62,10147.48,10041.05,10080.3,10066
2023-01-25 14:00:00,10102.6,10168.35,10086.35,10106.57,9171
2023-01-25 15:00:00,10088.66,10136.04,10070.95,10115.81,9494
2023-01-25 16:00:00,10134.44,10169.6,10134.44,10154.75,8104
2023-01-25 17:00:00,10168.69,10209.45,10168.69,10189.07,10810
2023-01-25 18:00:00,10225.02,10270.34,10225.02,10245.51,10474
2023-01-25 19:00:00,10249.3,10258.88,10137.48,10253.71,11750
2023-01-25 20:00:00,10257.59,10290.12,10181.76,10269.58,11135
2023-01-25 21:00:00,10241.29,10283.71,10205.88,10263.18,15277
2023-01-25 22:00:00,10267.93,10294.23,10267.93,10273.68,14765
2023-01-25 23:00:00,10282.14,10330.85,10282.14,10310.23,5666
2023-01-26 00:00:00,10306.7,10417.89,10244.73,10359.02,13888
2023-01-26 01:00:00,10334.34,10420.58,10292.7,10354.73,11766
2023-01-26 02:00:00,10345.1,10501.42,10345.1,10407.34,8799
2023-01-26 03:00:00,10454.81,10534.13,10454.81,10475.76,6443
2023-01-26 04:00:00,10479.73,10656.41,10474.23,10514.16,8258
2023-01-26 05:00:00,10578.55,10654.92,10578.55,10599.75,17027
2023-01-26 06:00:00,10603.43,10616.24,10555.68,10600.02,11515
2023-01-26 07:00:00,10604.99,10627.79,10492.24,10585.18,9021
2023-01-26 08:00:00,10557.26,10557.26,10523.07,10553.19,7127
2023-01-26 09:00:00,10605.84,10648.34,10605.84,10627.09,9752
2023-01-26 10:00:00,10615.48,10695.36,10503.84,10674.01,12737
2023-01-26 11:00:00,10696.65,10775.28,10696.65,10697.83,14795
2023-01-26 12:00:00,10711.27,10749.07,10711.27,10732.73,7754
2023-01-26 13:00:00,10742.91,10742.91,10637.94,10721.47,8082
2023-01-26 14:00:00,10805.77,10849.08,10805.77,10827.43,13481
2023-01-26 15:00:00,10828.66,10914.85,10787.86,10857.23,10519
2023-01-26 16:00:00,10846.14,10908.36,10799.81,10886.58,18765
2023-01-26 17:00:00,10914.64,10949.01,10914.64,10936.51,13186
2023-01-26 18:00:00,10956.49,11055.96,10956.49,10978.44,15268
2023-01-26 19:00:00,10989.83,11063.64,10989.83,11011.85,11212
2023-01-26 20:00:00,11021.43,11058.11,10931.6,11011.04,6425
2023-01-26 21:00:00,11036.78,11053.32,10920.11,11052.7,9396
2023-01-26 22:00:00,11119.82,11284.18,11119.82,11142.11,8471
2023-01-26 23:00:00,11206.45,11236.13,11206.45,11213.7,6712
2023-01-27 00:00:00,11244.33,11316.78,11211.59,11294.19,19855
2023-01-27 01:00:00,11288.5,11346.6,11275.94,11302.27,7601
2023-01-27 02:00:00,11287.12,11397.82,11271.46,11294.05,9784
2023-01-27 03:00:00,11314.14,11326.95,11260.56,11315.91,6751
2023-01-27 04:00:00,11321.52,11402.05,11321.52,11344.2,13203
2023-01-27 05:00:00,11385.81,11450.44,11385.81,11408.63,9096
2023-01-27 06:00:00,11390.05,11406.61,11205.23,11376.16,7882
2023-01-27 07:00:00,11385.33,11539.39,11385.33,11456.14,13176
2023-01-27 08:00:00,11449.93,11500.31,11335.95,11477.35,6554
2023-01-27 09:00:00,11492.43,11512.17,11484.37,11489.19,12687
2023-01-27 10:00:00,11457.62,11572.31,11457.62,11480.58,11561
2023-01-27 11:00:00,11456.61,11456.61,11376.69,11449.55,5968
2023-01-27 12:00:00,11503.85,11528.58,11503.85,11505.57,10426
2023-01-27 13:00:00,11517.31,11558.38,11512.24,11535.31,10339
2023-01-27 14:00:00,11540.09,11540.09,11460.46,11517.05,15039
2023-01-27 15:00:00,11514.26,11516.44,11451.43,11498.84,10932
2023-01-27 16:00:00,11518.95,11518.95,11330.0,11514.51,17165
2023-01-27 17:00:00,11512.14,11603.56,11510.24,11600.73,9816
2023-01-27 18:00:00,11586.94,11705.82,11586.91,11618.91,6826
2023-01-27 19:00:00,11637.4,11672.93,11589.48,11592.99,7621
2023-01-27 20:00:00,11605.33,11743.0,11486.15,11612.1,5655
2023-01-27 21:00:00,11626.58,11653.43,11606.91,11630.17,8501
2023-01-27 22:00:00,11569.61,11569.61,11532.47,11561.92,14605
2023-01-27 23:00:00,11564.64,11598.79,11469.01,11587.82,8805
2023-01-28 00:00:00,11588.4,11630.89,11588.4,11607.67,11054
2023-01-28 01:00:00,11651.09,11683.85,11651.09,11660.53,7832
2023-01-28 02:00:00,11731.11,11777.03,11731.11,11754.62,13953
2023-01-28 03:00:00,11799.71,11934.22,11799.71,11823.36,15466
2023-01-28 04:00:00,11854.82,11931.31,11818.14,11841.83,8866
2023-01-28 05:00:00,11838.58,11838.78,11811.37,11829.83,11043
2023-01-28 06:00:00,11889.57,12071.04,11889.57,11951.14,10809
2023-01-28 07:00:00,11940.74,12005.29,11842.51,11981.66,12500
2023-01-28 08:00:00,11960.82,12124.35,11912.19,12010.63,10301
2023-01-28 09:00:00,11979.35,12062.35,11978.06,12038.28,15449
2023-01-28 10:00:00,12058.38,12098.3,12050.0,12074.15,8291
2023-01-28 11:00:00,12072.26,12121.69,12050.66,12097.49,11210
2023-01-28 12:00:00,12102.31,12129.23,12080.81,12105.02,9039
2023-01-28 13:00:00,12090.19,12137.86,12067.22,12113.64,10275
2023-01-28 14:00:00,12145.73,12182.49,12119.27,12141.39,9627
2023-01-28 15:00:00,12137.05,12241.72,12126.44,12150.34,9701
2023-01-28 16:00:00,12132.85,12186.28,12131.88,12153.04,6496
2023-01-28 17:00:00,12166.63,12258.62,12161.8,12186.18,10560
2023-01-28 18:00:00,12200.57,12284.59,12181.42,12205.83,7743
2023-01-28 19:00:00,12232.67,12315.62,12232.67,12291.04,9521
2023-01-28 20:00:00,12245.01,12245.01,12196.12,12220.57,10636
2023-01-28 21:00:00,12211.19,12396.61,12124.33,12290.91,9194
2023-01-28 22:00:00,12320.49,12385.64,12320.49,12367.25,12471
2023-01-28 23:00:00,12341.29,12408.27,12283.86,12318.2,5408
2023-01-29 00:00:00,12318.79,12359.43,12317.73,12334.76,9449
2023-01-29 01:00:00,12325.78,12367.04,12325.78,12350.48,13341
2023-01-29 02:00:00,12363.98,12363.98,12286.53,12326.89,15740
2023-01-29 03:00:00,12333.62,12350.97,12302.62,12327.28,10048
2023-01-29 04:00:00,12321.62,12363.43,12240.09,12315.16,8423
2023-01-29 05:00:00,12368.67,12498.8,12368.67,12411.22,8187
2023-01-29 06:00:00,12411.92,12501.75,12411.6,12476.8,9850
2023-01-29 07:00:00,12550.04,12704.77,12550.04,12555.23,6120
2023-01-29 08:00:00,12547.38,12629.98,12547.38,12612.84,8071
2023-01-29 09:00:00,12624.24,12624.24,12488.91,12599.04,9675
2023-01-29 10:00:00,12617.8,12617.8,12570.57,12608.71,10048
2023-01-29 11:00:00,12597.01,12726.5,12571.56,12657.75,11388
2023-01-29 12:00:00,12668.82,12785.96,12615.1,12640.38,10582
2023-01-29 13:00:00,12672.55,12816.1,12672.55,12697.95,7362
2023-01-29 14:00:00,12680.85,12776.07,12578.14,12718.57,8226
2023-01-29 15:00:00,12713.05,12757.47,12679.28,12733.95,12914
2023-01-29 16:00:00,12731.3,12814.93,12731.3,12791.82,13920
2023-01-29 17:00:00,12795.91,12865.08,12738.07,12839.4,8079
2023-01-29 18:00:00,12833.11,12863.63,12831.88,12855.49,20181
2023-01-29 19:00:00,12928.57,12965.85,12928.57,12931.41,7732
2023-01-29 20:00:00,12939.47,12944.79,12824.72,12918.96,13751
2023-01-29 21:00:00,12921.7,13032.9,12921.7,12973.86,14248
2023-01-29 22:00:00,12996.75,13188.43,12996.75,13027.92,11217
2023-01-29 23:00:00,13018.38,13129.71,12938.71,13046.22,11380
2023-01-30 00:00:00,13006.43,13200.67,13002.51,13089.97,8888
2023-01-30 01:00:00,13066.87,13169.38,12938.38,13070.75,10494
2023-01-30 02:00:00,13134.45,13171.28,13134.45,13138.72,9085
2023-01-30 03:00:00,13167.83,13272.65,13052.23,13162.37,7274
2023-01-30 04:00:00,13139.76,13262.31,13110.82,13172.45,8722
2023-01-30 05:00:00,13205.82,13318.19,13205.82,13245.97,15617
2023-01-30 06:00:00,13220.05,13275.19,13134.05,13248.69,7718
2023-01-30 07:00:00,13237.86,13328.37,13216.67,13222.99,10022
2023-01-30 08:00:00,13228.14,13314.28,13164.96,13191.34,4565
2023-01-30 09:00:00,13220.98,13304.94,13220.98,13247.48,12559
2023-01-30 10:00:00,13229.87,13287.94,13113.84,13227.01,9091
2023-01-30 11:00:00,13243.62,13433.44,13243.62,13329.55,11309
2023-01-30 12:00:00,13294.46,13410.65,13233.74,13276.06,12225
2023-01-30 13:00:00,13349.91,13545.5,13349.91,13376.67,7300
2023-01-30 14:00:00,13390.36,13444.03,13390.36,13417.19,8279
2023-01-30 15:00:00,13448.74,13475.66,13385.41,13444.92,7386
2023-01-30 16:00:00,13469.26,13566.02,13421.21,13454.18,16166
2023-01-30 17:00:00,13455.51,13547.76,13442.46,13502.1,9887
2023-01-30 18:00:00,13507.08,13559.16,13505.03,13532.09,7119
2023-01-30 19:00:00,13547.73,13636.67,13426.07,13609.45,8494
2023-01-30 20:00:00,13635.14,13659.11,13635.14,13646.1,11828
2023-01-30 21:00:00,13638.12,13731.27,13638.12,13684.35,7952
2023-01-30 22:00:00,13709.09,13779.54,13618.13,13701.29,20274
2023-01-30 23:00:00,13716.1,13812.97,13703.76,13731.22,8566
2023-01-31 00:00:00,13748.94,13830.23,13748.94,13776.49,7394
2023-01-31 01:00:00,13755.76,13764.02,13681.89,13736.55,16639
2023-01-31 02:00:00,13730.39,13766.67,13684.76,13712.18,7150
2023-01-31 03:00:00,13719.33,13803.18,13678.02,13775.63,11927
2023-01-31 04:00:00,13775.62,13894.24,13681.3,13815.3,7456
2023-01-31 05:00:00,13828.33,13906.53,13828.33,13840.01,13426
2023-01-31 06:00:00,13845.77,14061.15,13845.77,13873.52,9185
2023-01-31 07:00:00,13878.77,13949.68,13831.59,13921.01,7214
2023-01-31 08:00:00,13921.45,13958.68,13902.79,13930.82,8453
2023-01-31 09:00:00,13910.13,13958.4,13906.91,13930.54,9662
2023-01-31 10:00:00,13970.93,14124.79,13970.93,13971.9,6824
2023-01-31 11:00:00,13929.95,14014.48,13834.74,13963.05,11871
2023-01-31 12:00:00,14000.03,14075.93,14000.03,14013.65,9853
2023-01-31 13:00:00,13973.95,13973.95,13964.2,13973.67,8604
2023-01-31 14:00:00,13955.5,14078.82,13936.8,14050.72,10989
2023-01-31 15:00:00,14089.83,14132.48,14089.83,14104.27,5860
2023-01-31 16:00:00,14111.33,14177.0,14111.33,14148.7,11841
2023-01-31 17:00:00,14196.26,14258.35,14196.26,14224.71,7520
2023-01-31 18:00:00,14302.28,14359.61,14302.28,14330.95,12215
2023-01-31 19:00:00,14306.44,14492.1,14234.92,14409.12,7626
2023-01-31 20:00:00,14390.51,14390.51,14291.53,14361.78,14469
2023-01-31 21:00:00,14346.59,14363.67,14280.31,14339.55,10296
2023-01-31 22:00:00,14356.72,14402.22,14317.42,14346.11,5031
2023-01-31 23:00:00,14352.84,14414.87,14352.84,14381.6,14215
2023-02-01 00:00:00,14406.99,14462.35,14406.99,14438.94,7270
2023-02-01 01:00:00,14439.51,14531.9,14412.55,14441.43,6923
2023-02-01 02:00:00,14479.18,14530.76,14455.49,14484.46,9110
2023-02-01 03:00:00,14478.46,14514.69,14456.75,14485.72,13303
2023-02-01 04:00:00,14486.99,14555.38,14392.47,14493.57,14840
2023-02-01 05:00:00,14459.03,14499.55,14355.1,14465.86,7950
2023-02-01 06:00:00,14441.54,14476.34,14430.72,14459.64,16037
2023-02-01 07:00:00,14463.58,14463.58,14405.85,14434.71,10536
2023-02-01 08:00:00,14426.34,14455.43,14379.69,14426.57,6823
2023-02-01 09:00:00,14411.1,14570.75,14410.93,14508.23,9724
2023-02-01 10:00:00,14496.57,14506.99,14472.0,14501.0,11431
2023-02-01 11:00:00,14632.49,14706.74,14632.49,14653.19,13118
2023-02-01 12:00:00,14681.53,14772.54,14681.53,14710.77,9688
2023-02-01 13:00:00,14716.1,14784.07,14706.26,14754.56,11429
2023-02-01 14:00:00,14753.3,14807.47,14691.53,14751.24,8475
2023-02-01 15:00:00,14759.38,14883.92,14759.38,14818.58,13772
2023-02-01 16:00:00,14823.83,14858.15,14823.83,14828.5,18366
2023-02-01 17:00:00,14840.55,14900.43,14840.55,14870.3,6659
2023-02-01 18:00:00,14993.45,15033.37,14993.45,15023.5,5188
2023-02-01 19:00:00,15026.47,15098.58,14936.37,15055.54,16079
2023-02-01 20:00:00,15114.63,15242.79,15114.63,15144.92,9675
2023-02-01 21:00:00,15123.86,15178.84,15056.47,15148.54,6812
2023-02-01 22:00:00,15179.68,15322.18,14994.83,15183.31,14550
2023-02-01 23:00:00,15179.46,15382.43,15179.46,15302.11,8825
2023-02-02 00:00:00,15278.16,15398.16,15263.45,15309.17,14255
2023-02-02 01:00:00,15368.74,15594.02,15368.74,15430.77,6487
2023-02-02 02:00:00,15490.12,15518.61,15490.12,15501.01,8617
2023-02-02 03:00:00,15494.54,15538.3,15433.16,15510.91,11413
2023-02-02 04:00:00,15525.58,15608.68,15525.58,15577.53,8567
2023-02-02 05:00:00,15581.93,15673.85,15581.93,15660.65,10270
2023-02-02 06:00:00,15675.99,15783.44,15531.29,15727.13,9316
2023-02-02 07:00:00,15706.67,15871.61,15556.89,15688.08,9465
2023-02-02 08:00:00,15668.57,15766.27,15505.22,15690.02,12022
2023-02-02 09:00:00,15683.46,15746.32,15683.46,15714.89,7711
2023-02-02 10:00:00,15724.71,15838.58,15716.59,15748.09,14704
2023-02-02 11:00:00,15770.26,15981.68,15701.86,15814.91,6421
2023-02-02 12:00:00,15844.4,15938.25,15807.67,15860.34,14285
2023-02-02 13:00:00,15872.44,15920.58,15806.25,15832.49,10315
2023-02-02 14:00:00,15869.6,15931.24,15856.18,15887.95,9639
2023-02-02 15:00:00,15912.94,16019.87,15912.94,15954.95,9159
2023-02-02 16:00:00,16005.55,16182.96,15917.48,16019.58,14276
2023-02-02 17:00:00,16102.34,16187.45,16102.34,16110.02,9257
2023-02-02 18:00:00,16135.66,16342.25,16095.34,16188.68,6724
2023-02-02 19:00:00,16216.37,16281.36,16216.37,16248.87,8593
2023-02-02 20:00:00,16271.31,16431.19,16249.93,16282.49,8457
2023-02-02 21:00:00,16264.67,16264.67,16210.98,16236.92,8658
2023-02-02 22:00:00,16268.26,16357.09,16266.4,16295.68,12645
2023-02-02 23:00:00,16278.83,16376.26,16278.83,16343.57,12093
2023-02-03 00:00:00,16352.99,16511.97,16352.99,16394.68,10339
2023-02-03 01:00:00,16364.71,16432.57,16271.83,16368.08,5411
2023-02-03 02:00:00,16376.98,16494.15,16339.32,16351.85,14728
2023-02-03 03:00:00,16361.28,16475.3,16264.67,16442.41,11190
2023-02-03 04:00:00,16455.59,16511.32,16455.59,16478.36,7903
2023-02-03 05:00:00,16463.74,16575.46,16319.15,16550.64,8309
2023-02-03 06:00:00,16566.5,16681.28,16528.34,16589.92,4686
2023-02-03 07:00:00,16621.0,16662.54,16621.0,16629.28,12919
2023-02-03 08:00:00,16681.38,16748.24,16681.38,16714.81,8098
2023-02-03 09:00:00,16740.75,16851.0,16692.78,16726.23,18513
2023-02-03 10:00:00,16729.78,16915.21,16658.97,16769.31,9081
2023-02-03 11:00:00,16764.56,16987.45,16750.28,16783.85,13087
2023-02-03 12:00:00,16768.41,16833.49,16768.41,16799.89,6082
2023-02-03 13:00:00,16811.42,16932.14,16788.64,16822.28,9496
2023-02-03 14:00:00,16797.82,16905.92,16733.38,16872.18,9529
2023-02-03 15:00:00,16852.52,17018.73,16852.52,16886.29,8203
2023-02-03 16:00:00,16900.63,17024.07,16745.56,16990.09,9533
2023-02-03 17:00:00,16992.34,17024.61,16948.34,16982.31,8813
2023-02-03 18:00:00,16989.86,17106.2,16977.35,17011.37,12374
2023-02-03 19:00:00,17014.25,17067.15,16969.87,17027.23,8008
2023-02-03 20:00:00,17106.76,17148.64,17106.76,17141.04,16284
2023-02-03 21:00:00,17110.42,17224.11,17028.33,17189.73,10652
2023-02-03 22:00:00,17226.01,17316.86,17184.66,17282.3,13647
2023-02-03 23:00:00,17253.85,17253.85,17156.28,17241.63,13285
2023-02-04 00:00:00,17226.99,17304.36,17223.85,17293.97,6837
2023-02-04 01:00:00,17303.88,17414.11,17303.88,17379.16,12402
2023-02-04 02:00:00,17386.68,17511.68,17386.68,17421.52,5570
2023-02-04 03:00:00,17411.74,17606.03,17411.74,17516.64,7064
2023-02-04 04:00:00,17503.36,17557.74,17491.83,17526.88,7259
2023-02-04 05:00:00,17601.11,17744.99,17601.11,17640.32,12334
2023-02-04 06:00:00,17607.62,18026.17,17540.51,17802.25,4489
2023-02-04 07:00:00,17805.07,17867.68,17784.62,17820.26,15247
2023-02-04 08:00:00,17851.27,17953.69,17797.87,17833.53,8905
2023-02-04 09:00:00,17827.36,18009.88,17826.61,17950.64,10539
2023-02-04 10:00:00,18039.04,18122.51,18039.04,18075.19,7636
2023-02-04 11:00:00,18082.56,18119.67,18082.56,18083.5,9416
2023-02-04 12:00:00,18081.48,18260.12,18067.25,18097.72,9937
2023-02-04 13:00:00,18092.42,18156.07,17995.58,18119.83,10930
2023-02-04 14:00:00,18156.6,18214.38,18036.26,18082.98,16514
2023-02-04 15:00:00,18056.11,18189.15,18034.13,18070.27,7111
2023-02-04 16:00:00,18062.4,18149.45,17890.09,18053.21,12635
2023-02-04 17:00:00,18035.61,18218.37,17974.63,18049.42,11051
2023-02-04 18:00:00,18049.21,18122.38,18017.84,18086.2,10018
2023-02-04 19:00:00,18066.48,18199.38,18015.21,18137.74,8149
2023-02-04 20:00:00,18235.73,18298.95,18235.73,18262.42,12791
2023-02-04 21:00:00,18278.33,18278.33,18123.82,18245.15,12222
2023-02-04 22:00:00,18302.1,18411.73,18302.1,18338.77,9351
2023-02-04 23:00:00,18356.97,18386.98,18180.84,18364.93,9709
2023-02-05 00:00:00,18363.81,18498.03,18363.81,18400.61,5008
2023-02-05 01:00:00,18435.61,18572.6,18435.61,18477.17,11392
2023-02-05 02:00:00,18468.82,18572.71,18318.13,18452.09,15644
2023-02-05 03:00:00,18462.47,18549.47,18462.47,18512.45,6497
2023-02-05 04:00:00,18523.8,18629.76,18523.8,18560.92,10328
2023-02-05 05:00:00,18590.18,18651.82,18590.18,18627.44,11491
2023-02-05 06:00:00,18645.22,18683.61,18645.22,18682.52,9365
2023-02-05 07:00:00,18808.42,18958.44,18808.42,18861.3,9112
2023-02-05 08:00:00,18833.32,18925.8,18824.89,18862.63,9074
2023-02-05 09:00:00,18845.87,18908.0,18810.26,18870.26,12683
2023-02-05 10:00:00,18870.19,18986.52,18737.79,18872.77,12119
2023-02-05 11:00:00,18841.85,18920.95,18760.7,18879.21,13049
2023-02-05 12:00:00,18900.9,19013.99,18806.34,18880.65,4130
2023-02-05 13:00:00,18917.33,19158.1,18917.33,18987.7,9252
2023-02-05 14:00:00,19029.7,19285.91,18960.03,19108.57,11495
2023-02-05 15:00:00,19071.07,19224.39,19027.84,19113.5,13367
2023-02-05 16:00:00,19107.94,19187.07,19064.78,19102.99,8829
2023-02-05 17:00:00,19130.77,19346.35,19130.77,19169.11,8058
2023-02-05 18:00:00,19186.34,19302.55,19095.65,19175.09,9278
2023-02-05 19:00:00,19188.91,19444.06,19132.47,19250.82,8775
2023-02-05 20:00:00,19272.15,19334.65,19207.51,19301.2,13271
2023-02-05 21:00:00,19305.26,19356.15,19182.98,19250.08,13277
2023-02-05 22:00:00,19242.22,19519.35,19087.4,19380.16,9684
2023-02-05 23:00:00,19460.74,19642.56,19460.74,19525.18,7355
2023-02-06 00:00:00,19487.6,19608.08,19487.6,19526.65,21469
2023-02-06 01:00:00,19502.39,19705.08,19483.22,19541.73,9584
2023-02-06 02:00:00,19585.72,19663.83,19577.71,19597.64,8695
2023-02-06 03:00:00,19585.49,19765.09,19483.06,19656.35,11399
2023-02-06 04:00:00,19643.35,19855.59,19608.9,19735.0,15860
2023-02-06 05:00:00,19854.79,20059.53,19854.79,19895.81,21460
2023-02-06 06:00:00,19880.22,19982.08,19836.3,19924.09,11318
2023-02-06 07:00:00,19896.42,20008.84,19874.62,19914.45,9146
2023-02-06 08:00:00,19909.29,20110.57,19829.88,19869.41,7614
2023-02-06 09:00:00,19895.48,19969.05,19824.5,19864.23,9325
2023-02-06 10:00:00,19896.14,19993.42,19861.56,19901.36,7914
2023-02-06 11:00:00,20016.5,20089.98,20016.5,20049.88,7272
2023-02-06 12:00:00,20053.01,20116.7,19973.35,20057.32,8501
2023-02-06 13:00:00,20063.33,20287.38,20063.33,20110.27,13322
2023-02-06 14:00:00,20140.16,20188.7,20108.11,20148.4,15204
2023-02-06 15:00:00,20154.54,20306.9,20154.54,20260.55,10006
2023-02-06 16:00:00,20343.73,20457.34,20343.73,20456.06,7234
2023-02-06 17:00:00,20446.59,20585.03,20395.02,20461.22,7192
2023-02-06 18:00:00,20441.97,20510.04,20428.16,20469.1,12089
2023-02-06 19:00:00,20524.14,20649.92,20254.5,20573.15,12424
2023-02-06 20:00:00,20589.89,20695.8,20589.89,20654.49,17566
2023-02-06 21:00:00,20698.27,20851.31,20698.27,20809.69,10519
2023-02-06 22:00:00,20843.22,21076.43,20843.22,20884.99,11313
2023-02-06 23:00:00,20960.89,20970.5,20745.08,20900.1,15268
2023-02-07 00:00:00,20938.1,21056.9,20934.16,20976.12,10341
2023-02-07 01:00:00,21043.52,21179.88,21043.52,21085.69,16687
2023-02-07 02:00:00,21134.64,21219.07,21134.64,21177.0,11176
2023-02-07 03:00:00,21168.42,21308.59,21133.53,21248.13,15409
2023-02-07 04:00:00,21225.0,21398.72,21172.88,21356.01,7459
2023-02-07 05:00:00,21427.92,21681.17,21427.92,21470.87,8341
2023-02-07 06:00:00,21539.85,21794.77,21381.03,21600.2,8257
2023-02-07 07:00:00,21574.51,21720.92,21574.51,21681.44,18257
2023-02-07 08:00:00,21664.77,21850.37,21664.77,21708.18,10663
2023-02-07 09:00:00,21717.34,21872.38,21717.34,21756.11,13931
2023-02-07 10:00:00,21715.04,21952.25,21715.04,21874.66,12437
2023-02-07 11:00:00,21880.26,22164.49,21692.46,21857.89,14024
2023-02-07 12:00:00,21829.69,21964.6,21807.66,21920.76,13716
2023-02-07 13:00:00,21893.09,22129.04,21882.32,21932.42,8834
2023-02-07 14:00:00,21929.07,21976.14,21810.02,21972.56,11999
2023-02-07 15:00:00,22029.56,22211.7,22029.56,22096.67,9906
2023-02-07 16:00:00,22097.23,22192.01,22097.23,22147.71,6751
2023-02-07 17:00:00,22155.28,22292.51,22061.28,22188.93,12993
2023-02-07 18:00:00,22128.67,22178.8,22077.3,22134.53,15857
2023-02-07 19:00:00,22178.97,22267.65,22105.05,22223.2,9413
2023-02-07 20:00:00,22260.52,22349.74,22260.52,22305.13,8352
2023-02-07 21:00:00,22379.26,22505.15,22379.26,22490.8,5808
2023-02-07 22:00:00,22462.13,22556.29,22462.13,22507.15,8478
2023-02-07 23:00:00,22554.11,22604.76,22554.11,22559.64,14266
2023-02-08 00:00:00,22608.16,22659.1,22596.89,22613.87,11666
2023-02-08 01:00:00,22643.61,22877.47,22643.61,22760.19,14863
2023-02-08 02:00:00,22744.62,22892.66,22594.24,22790.63,14518
2023-02-08 03:00:00,22790.69,22948.91,22790.69,22846.99,14460
2023-02-08 04:00:00,22896.42,23167.0,22880.85,22926.71,9039
2023-02-08 05:00:00,22928.03,22994.15,22891.83,22976.93,15525
2023-02-08 06:00:00,22969.36,23172.14,22969.36,22982.62,6043
2023-02-08 07:00:00,22987.33,23127.42,22987.33,23033.4,17939
2023-02-08 08:00:00,23010.45,23192.18,22950.6,23145.89,8338
2023-02-08 09:00:00,23092.15,23233.95,22996.7,23109.89,13116
2023-02-08 10:00:00,23053.64,23202.45,22975.05,23156.14,10877
2023-02-08 11:00:00,23187.88,23231.94,23096.85,23143.14,15559
2023-02-08 12:00:00,23147.59,23364.89,23092.81,23264.88,12247
2023-02-08 13:00:00,23281.94,23335.74,23073.83,23192.71,7703
2023-02-08 14:00:00,23193.57,23235.78,23003.4,23189.41,7029
2023-02-08 15:00:00,23206.22,23278.04,23206.22,23252.73,8682
2023-02-08 16:00:00,23356.5,23478.45,23356.5,23400.71,12782
2023-02-08 17:00:00,23397.84,23564.8,23385.38,23432.24,8637
2023-02-08 18:00:00,23418.99,23475.47,23390.7,23428.61,8447
2023-02-08 19:00:00,23457.11,23623.71,23457.11,23600.52,6745
2023-02-08 20:00:00,23579.95,23634.99,23485.24,23532.3,17979
2023-02-08 21:00:00,23482.73,23482.73,23175.92,23410.64,10346
2023-02-08 22:00:00,23381.71,23597.22,23381.71,23479.35,7350
2023-02-08 23:00:00,23439.38,23481.73,23350.97,23480.35,8096
2023-02-09 00:00:00,23506.96,23584.22,23397.42,23444.31,14992
2023-02-09 01:00:00,23486.04,23706.86,23486.04,23533.1,10536
2023-02-09 02:00:00,23535.51,23614.2,23494.06,23588.09,12525
2023-02-09 03:00:00,23590.05,23700.33,23496.72,23584.65,11401
2023-02-09 04:00:00,23546.54,23671.02,23298.34,23529.77,13989
2023-02-09 05:00:00,23520.47,23695.1,23514.69,23630.68,9455
2023-02-09 06:00:00,23631.56,23846.25,23526.17,23715.56,10957
2023-02-09 07:00:00,23733.92,23859.75,23698.74,23746.17,8443
2023-02-09 08:00:00,23870.24,23965.91,23870.24,23918.08,9556
2023-02-09 09:00:00,23898.54,24021.7,23829.49,23877.24,7443
2023-02-09 10:00:00,23840.06,23851.39,23756.17,23803.78,9993
2023-02-09 11:00:00,23793.34,23839.1,23565.08,23791.52,7550
2023-02-09 12:00:00,23806.68,23873.95,23778.65,23826.3,13278
2023-02-09 13:00:00,23810.59,24042.2,23799.45,23881.93,10936
2023-02-09 14:00:00,23886.58,23992.1,23769.38,23902.27,8117
2023-02-09 15:00:00,23857.73,24019.19,23857.73,23965.78,5051
2023-02-09 16:00:00,23954.65,23959.35,23863.7,23911.53,12734
2023-02-09 17:00:00,23873.96,24103.38,23873.96,24055.27,9768
2023-02-09 18:00:00,24116.45,24421.64,24064.48,24086.86,9321
2023-02-09 19:00:00,24158.57,24428.29,24158.57,24206.99,8591
2023-02-09 20:00:00,24209.96,24318.09,24162.99,24269.55,18617
2023-02-09 21:00:00,24274.23,24389.4,24274.23,24340.72,8918
2023-02-09 22:00:00,24403.19,24527.6,24403.19,24420.13,11305
2023-02-09 23:00:00,24421.88,24627.75,24421.88,24490.31,5818
2023-02-10 00:00:00,24536.37,24588.42,24486.54,24575.15,9779
2023-02-10 01:00:00,24680.39,24763.93,24680.39,24711.65,12833
2023-02-10 02:00:00,24715.25,25057.47,24713.09,24762.62,11169
2023-02-10 03:00:00,24787.85,25103.37,24760.91,24852.24,7206
2023-02-10 04:00:00,24831.23,24920.83,24831.23,24880.99,9719
2023-02-10 05:00:00,24976.26,25076.37,24976.26,25026.32,10686
2023-02-10 06:00:00,25078.28,25141.46,24978.84,25009.32,8676
2023-02-10 07:00:00,25131.8,25340.69,25131.8,25182.16,5128
2023-02-10 08:00:00,25187.81,25221.18,25022.26,25213.54,5489
2023-02-10 09:00:00,25187.53,25187.53,25086.98,25137.25,10473
2023-02-10 10:00:00,25174.86,25298.81,25123.09,25182.06,8283
2023-02-10 11:00:00,25142.51,25261.4,25115.04,25164.78,14733
2023-02-10 12:00:00,25214.17,25289.82,25214.17,25264.7,16487
2023-02-10 13:00:00,25230.37,25299.94,25050.44,25249.44,10447
2023-02-10 14:00:00,25199.86,25501.26,25199.86,25250.36,10885
2023-02-10 15:00:00,25190.23,25190.23,25089.67,25139.95,9978
2023-02-10 16:00:00,25110.36,25226.22,25074.2,25141.3,11452
2023-02-10 17:00:00,25040.21,25040.21,24941.27,24991.26,7799
2023-02-10 18:00:00,24957.29,24957.29,24623.83,24907.48,8803
2023-02-10 19:00:00,24953.18,25116.29,24953.18,25003.19,8367
2023-02-10 20:00:00,25073.98,25160.91,25028.56,25100.53,16080
2023-02-10 21:00:00,25119.48,25315.65,25119.48,25169.82,11048
2023-02-10 22:00:00,25173.09,25173.09,24910.47,25131.8,11825
2023-02-10 23:00:00,25089.31,25242.63,25089.31,25165.09,7571
2023-02-11 00:00:00,25156.87,25315.68,25066.34,25201.95,9777
2023-02-11 01:00:00,25141.0,25199.99,24964.7,25149.69,9586
2023-02-11 02:00:00,25148.78,25449.0,25039.6,25302.66,11212
2023-02-11 03:00:00,25356.37,25458.0,25356.37,25407.18,9797
2023-02-11 04:00:00,25445.63,25484.39,25147.67,25426.56,7535
2023-02-11 05:00:00,25482.28,25514.46,25457.26,25465.17,7256
2023-02-11 06:00:00,25482.88,25543.25,25466.94,25517.97,12314
2023-02-11 07:00:00,25445.45,25445.45,25275.14,25394.66,7807
2023-02-11 08:00:00,25446.25,25463.24,25277.8,25412.42,10246
2023-02-11 09:00:00,25383.27,25629.55,25340.57,25396.3,14708
2023-02-11 10:00:00,25355.6,25456.15,25305.14,25355.85,13657
2023-02-11 11:00:00,25328.96,25570.15,25328.96,25371.99,9946
2023-02-11 12:00:00,25499.89,25696.5,25499.89,25549.57,13680
2023-02-11 13:00:00,25548.13,25639.12,25426.85,25637.02,9215
2023-02-11 14:00:00,25676.26,25796.66,25428.33,25629.14,15146
2023-02-11 15:00:00,25640.76,25788.03,25640.76,25710.86,8613
2023-02-11 16:00:00,25805.69,25887.47,25805.69,25857.41,6793
2023-02-11 17:00:00,25914.64,26074.31,25914.64,25966.57,15694
2023-02-11 18:00:00,25945.09,26176.05,25806.24,26007.04,10830
2023-02-11 19:00:00,25952.64,26043.26,25952.64,25991.28,13694
2023-02-11 20:00:00,26063.74,26267.48,26063.74,26082.75,10562
2023-02-11 21:00:00,26069.49,26168.11,25950.32,26150.08,12520
2023-02-11 22:00:00,26205.03,26341.49,26205.03,26257.54,12306
2023-02-11 23:00:00,26231.43,26396.95,26231.43,26344.26,9669
2023-02-12 00:00:00,26386.2,26516.82,26339.53,26463.89,11702
2023-02-12 01:00:00,26466.19,26653.32,26184.15,26454.07,13395
2023-02-12 02:00:00,26440.12,26854.66,26329.55,26594.61,14036
2023-02-12 03:00:00,26532.77,26700.54,26454.58,26643.67,7680
2023-02-12 04:00:00,26772.34,26899.5,26772.34,26845.81,6944
2023-02-12 05:00:00,26845.7,26932.71,26767.5,26821.14,6196
2023-02-12 06:00:00,26908.77,27124.3,26908.77,26996.4,8625
2023-02-12 07:00:00,27093.2,27136.58,27025.79,27044.88,10434
2023-02-12 08:00:00,27040.85,27287.88,26985.49,27023.05,10490
2023-02-12 09:00:00,26971.76,27069.66,26971.76,27015.62,7782
2023-02-12 10:00:00,27073.6,27116.46,26968.0,27022.04,9403
2023-02-12 11:00:00,27035.88,27190.32,27035.88,27090.06,11404
2023-02-12 12:00:00,27071.41,27220.82,27063.99,27166.49,11595
2023-02-12 13:00:00,27180.68,27300.02,27097.03,27151.33,10585
2023-02-12 14:00:00,27220.39,27490.53,26914.19,27182.2,9231
2023-02-12 15:00:00,27270.67,27545.54,27270.67,27392.99,11824
2023-02-12 16:00:00,27545.55,27781.57,27545.55,27569.57,29676
2023-02-12 17:00:00,27582.17,27869.42,27582.17,27637.44,8372
2023-02-12 18:00:00,27616.65,27720.16,27616.65,27671.99,7330
2023-02-12 19:00:00,27669.73,27863.48,27669.73,27713.06,7264
2023-02-12 20:00:00,27757.08,28059.06,27757.08,27795.82,6830
2023-02-12 21:00:00,27777.54,27777.54,27683.97,27739.45,14138
2023-02-12 22:00:00,27798.78,27804.32,27693.53,27748.82,15049
2023-02-12 23:00:00,27766.02,27766.02,27583.19,27638.46,13986
2023-02-13 00:00:00,27602.18,27792.77,27523.64,27704.12,10754
2023-02-13 01:00:00,27661.49,27847.49,27486.02,27790.57,9301
2023-02-13 02:00:00,27787.57,27955.35,27695.74,27781.09,7445
2023-02-13 03:00:00,27890.93,28033.57,27890.93,27946.82,6426
2023-02-13 04:00:00,27928.96,27928.96,27863.45,27873.21,9876
2023-02-13 05:00:00,27786.78,27786.78,27759.63,27780.04,9467
2023-02-13 06:00:00,27775.58,27886.9,27775.58,27831.24,12120
2023-02-13 07:00:00,27896.85,28008.66,27896.85,27952.76,5695
2023-02-13 08:00:00,28104.94,28185.13,28104.94,28128.87,9653
2023-02-13 09:00:00,28151.61,28259.62,28013.53,28121.27,8165
2023-02-13 10:00:00,28189.5,28302.48,28189.5,28245.99,21405
2023-02-13 11:00:00,28217.72,28330.82,28217.72,28274.27,17107
2023-02-13 12:00:00,28307.36,28437.58,28084.54,28290.6,8496
2023-02-13 13:00:00,28364.61,28522.14,28339.67,28398.55,17340
2023-02-13 14:00:00,28429.6,28495.47,28429.6,28486.57,6611
2023-02-13 15:00:00,28436.26,28436.26,28322.75,28379.5,13632
2023-02-13 16:00:00,28383.96,28597.3,28383.96,28538.92,9484
2023-02-13 17:00:00,28569.22,28747.18,28474.2,28689.8,9108
2023-02-13 18:00:00,28703.27,28753.63,28608.63,28664.32,14201
2023-02-13 19:00:00,28716.48,28786.41,28716.48,28728.95,13470
2023-02-13 20:00:00,28802.9,28860.06,28749.07,28802.45,9707
2023-02-13 21:00:00,28797.53,29004.59,28797.53,28855.24,17508
2023-02-13 22:00:00,28817.28,28987.7,28817.28,28836.37,12733
2023-02-13 23:00:00,28822.91,28959.21,28749.53,28807.14,7456
2023-02-14 00:00:00,28758.79,28892.96,28683.26,28835.29,14922
2023-02-14 01:00:00,28856.52,29228.94,28856.52,28968.95,5913
2023-02-14 02:00:00,28988.97,29225.18,28988.97,29047.07,9752
2023-02-14 03:00:00,29055.77,29187.74,28985.76,29043.85,10625
2023-02-14 04:00:00,28980.82,29253.48,28868.23,29142.54,8066
2023-02-14 05:00:00,29119.38,29136.39,28787.43,28917.83,8779
2023-02-14 06:00:00,28992.17,29119.43,28992.17,29050.28,7977
2023-02-14 07:00:00,29015.74,29015.74,28867.83,28925.68,7125
2023-02-14 08:00:00,28945.7,28945.7,28854.13,28924.14,13576
2023-02-14 09:00:00,28910.11,28912.95,28645.21,28855.24,12396
2023-02-14 10:00:00,28829.03,28829.03,28606.54,28771.49,13397
2023-02-14 11:00:00,28847.35,29060.59,28847.35,28905.16,9215
2023-02-14 12:00:00,28825.47,28952.25,28654.22,28894.46,8818
2023-02-14 13:00:00,28897.84,28992.55,28897.84,28955.75,8718
2023-02-14 14:00:00,29000.29,29053.66,28759.4,28981.84,7924
2023-02-14 15:00:00,29006.8,29112.44,28996.22,29054.33,6011
2023-02-14 16:00:00,29038.03,29290.21,28906.66,29091.01,10673
2023-02-14 17:00:00,29088.84,29170.79,28978.32,29007.19,8927
2023-02-14 18:00:00,29085.74,29268.48,29024.17,29127.07,12008
2023-02-14 19:00:00,29129.18,29172.5,28964.36,29114.27,14805
2023-02-14 20:00:00,29073.5,29278.55,28868.6,29007.33,7355
2023-02-14 21:00:00,29030.79,29121.55,28943.59,29001.6,6230
2023-02-14 22:00:00,28997.62,29225.34,28997.62,29167.01,9161
2023-02-14 23:00:00,29215.5,29410.54,29215.5,29274.05,11820
2023-02-15 00:00:00,29267.11,29332.46,29046.8,29273.91,10463
2023-02-15 01:00:00,29276.13,29475.03,29191.6,29273.73,10743
2023-02-15 02:00:00,29323.17,29330.08,29199.47,29275.85,9830
2023-02-15 03:00:00,29400.07,29577.47,29400.07,29493.0,7285
2023-02-15 04:00:00,29464.06,29882.28,29312.27,29557.41,12701
2023-02-15 05:00:00,29508.96,29852.38,29350.16,29626.15,11085
2023-02-15 06:00:00,29689.8,30152.4,29689.8,29749.3,4888
2023-02-15 07:00:00,29759.18,29900.34,29759.18,29800.0,7800
2023-02-15 08:00:00,29883.69,29916.17,29589.61,29805.41,15968
2023-02-15 09:00:00,29775.89,29994.23,29739.09,29816.5,10005
2023-02-15 10:00:00,29825.61,30148.69,29779.38,29839.06,13223
2023-02-15 11:00:00,29882.95,30027.94,29828.68,29865.01,11712
2023-02-15 12:00:00,29892.63,30166.39,29892.63,29960.75,8580
2023-02-15 13:00:00,29919.77,30054.18,29687.56,29994.2,7634
2023-02-15 14:00:00,30030.15,30111.9,30030.15,30090.33,10859
2023-02-15 15:00:00,30064.35,30238.49,30050.9,30111.12,9426
2023-02-15 16:00:00,30171.83,30222.59,30086.26,30146.56,11578
2023-02-15 17:00:00,30138.75,30246.81,29924.45,29990.45,14592
2023-02-15 18:00:00,30035.32,30261.0,29914.67,30104.62,9502
2023-02-15 19:00:00,30105.98,30211.91,30105.98,30166.32,11350
2023-02-15 20:00:00,30183.73,30469.31,30090.65,30288.23,15250
2023-02-15 21:00:00,30109.11,30109.11,30019.7,30049.01,13721
2023-02-15 22:00:00,30148.61,30500.43,30132.69,30271.77,14222
2023-02-15 23:00:00,30316.45,30475.61,30286.21,30288.39,7452
2023-02-16 00:00:00,30382.01,30538.72,30382.01,30420.82,11569
2023-02-16 01:00:00,30418.33,30612.42,30204.46,30353.13,7901
2023-02-16 02:00:00,30378.98,30500.74,30378.98,30439.86,10245
2023-02-16 03:00:00,30432.02,30432.02,30254.81,30371.27,10102
2023-02-16 04:00:00,30314.95,30438.37,30280.66,30343.35,12118
2023-02-16 05:00:00,30330.8,30612.73,30330.8,30551.63,9833
2023-02-16 06:00:00,30510.14,30606.07,30471.0,30562.86,13637
2023-02-16 07:00:00,30540.93,30819.02,30496.51,30612.29,8502
2023-02-16 08:00:00,30568.23,30772.55,30437.5,30723.26,13272
2023-02-16 09:00:00,30737.35,30933.18,30737.35,30798.95,9062
2023-02-16 10:00:00,30768.46,30877.84,30705.11,30841.93,10976
2023-02-16 11:00:00,30899.81,31002.48,30742.08,30905.71,17681
2023-02-16 12:00:00,31146.64,31418.94,31146.64,31161.86,17495
2023-02-16 13:00:00,31180.2,31383.64,31007.73,31183.39,12072
2023-02-16 14:00:00,31234.86,31292.68,31096.49,31230.22,5790
2023-02-16 15:00:00,31246.79,31420.96,31239.27,31358.24,6773
2023-02-16 16:00:00,31428.3,31567.79,31428.3,31491.28,13386
2023-02-16 17:00:00,31531.38,31642.24,31421.45,31631.63,11349
2023-02-16 18:00:00,31705.87,31782.29,31509.39,31718.86,7593
2023-02-16 19:00:00,31718.71,31860.94,31470.07,31633.04,11071
2023-02-16 20:00:00,31637.14,31880.46,31511.95,31816.82,8275
2023-02-16 21:00:00,31843.8,31967.21,31405.21,31729.73,6736
2023-02-16 22:00:00,31820.27,31829.34,31536.76,31784.35,6728
2023-02-16 23:00:00,31813.88,31813.88,31394.28,31736.1,11417
2023-02-17 00:00:00,31743.12,31870.01,31691.66,31755.17,10701
2023-02-17 01:00:00,31798.16,31927.21,31798.16,31812.91,9399
2023-02-17 02:00:00,31814.29,32081.95,31814.29,31870.12,6627
2023-02-17 03:00:00,31917.32,32248.03,31746.05,31936.92,10573
2023-02-17 04:00:00,32055.83,32184.31,32055.83,32120.07,15076
2023-02-17 05:00:00,32124.63,32259.15,32124.63,32189.01,8692
2023-02-17 06:00:00,32211.79,32253.17,32037.94,32188.79,8371
2023-02-17 07:00:00,32231.53,32530.23,32086.25,32307.71,14988
2023-02-17 08:00:00,32301.03,32693.97,32301.03,32448.63,12180
2023-02-17 09:00:00,32421.56,32428.55,32110.26,32349.73,15547
2023-02-17 10:00:00,32404.17,32497.99,32404.17,32433.12,9023
2023-02-17 11:00:00,32461.88,32718.86,32461.88,32526.94,9389
2023-02-17 12:00:00,32520.71,32709.8,32456.16,32521.2,9125
2023-02-17 13:00:00,32469.5,32747.33,32469.5,32681.96,12681
2023-02-17 14:00:00,32681.52,32752.06,32550.16,32689.86,7712
2023-02-17 15:00:00,32769.21,33052.74,32660.37,32725.82,12356
2023-02-17 16:00:00,32692.39,32825.27,32665.96,32731.42,7745
2023-02-17 17:00:00,32735.11,32765.91,32735.11,32756.3,9575
2023-02-17 18:00:00,32681.76,32735.81,32643.19,32670.47,7573
2023-02-17 19:00:00,32688.82,32827.6,32486.55,32551.65,11090
2023-02-17 20:00:00,32533.97,32757.23,32525.17,32737.24,6548
2023-02-17 21:00:00,32691.4,32813.24,32587.23,32678.09,16042
2023-02-17 22:00:00,32654.2,32792.4,32540.33,32605.54,10070
2023-02-17 23:00:00,32606.41,32606.41,32342.67,32417.64,9679
2023-02-18 00:00:00,32378.23,32406.58,32378.23,32382.96,13205
2023-02-18 01:00:00,32345.7,32345.7,32277.06,32281.14,11652
2023-02-18 02:00:00,32398.74,32703.76,32398.74,32473.75,7729
2023-02-18 03:00:00,32528.67,32669.09,32228.04,32603.88,10455
2023-02-18 04:00:00,32569.58,32629.24,32498.99,32564.11,10789
2023-02-18 05:00:00,32497.47,32883.66,32421.51,32818.02,9172
2023-02-18 06:00:00,32897.16,33176.62,32897.16,32944.62,5511
2023-02-18 07:00:00,32938.72,33225.91,32873.18,32938.84,14045
2023-02-18 08:00:00,32926.63,32995.86,32648.64,32714.07,7639
2023-02-18 09:00:00,32809.62,33217.59,32670.49,32971.94,10333
2023-02-18 10:00:00,32908.75,32924.66,32578.21,32858.94,10509
2023-02-18 11:00:00,32818.85,32818.85,32441.48,32721.63,6732
2023-02-18 12:00:00,32746.6,33038.91,32746.6,32853.23,6905
2023-02-18 13:00:00,32965.68,33181.52,32965.68,33126.89,10770
2023-02-18 14:00:00,33121.4,33512.43,33121.4,33293.88,13813
2023-02-18 15:00:00,33291.73,33444.04,33110.9,33377.29,11089
2023-02-18 16:00:00,33357.71,33484.28,33282.32,33463.83,15538
2023-02-18 17:00:00,33415.75,33676.75,33329.44,33576.43,9497
2023-02-18 18:00:00,33651.09,33815.86,33651.09,33678.78,7800
2023-02-18 19:00:00,33664.38,33768.68,33664.38,33731.84,8783
2023-02-18 20:00:00,33722.08,33958.36,33698.74,33766.27,8897
2023-02-18 21:00:00,33833.07,33851.04,33762.03,33783.47,21746
2023-02-18 22:00:00,33736.86,33889.13,33620.38,33729.29,5697
2023-02-18 23:00:00,33793.59,33852.82,33657.35,33724.79,14121
2023-02-19 00:00:00,33602.18,33712.83,33528.59,33575.0,12621
2023-02-19 01:00:00,33558.72,33603.9,33383.86,33590.7,9027
2023-02-19 02:00:00,33562.58,33581.33,33415.85,33514.3,10379
2023-02-19 03:00:00,33459.19,33493.72,33294.39,33426.87,8289
2023-02-19 04:00:00,33385.63,33594.49,33130.46,33472.48,12015
2023-02-19 05:00:00,33575.64,33710.21,33575.64,33642.93,8707
2023-02-19 06:00:00,33694.39,33832.53,33694.39,33765.0,5542
2023-02-19 07:00:00,33660.82,33660.82,33508.27,33629.44,8354
2023-02-19 08:00:00,33572.02,33847.89,33228.44,33554.87,11601
2023-02-19 09:00:00,33561.08,33746.12,33395.81,33678.76,7418
2023-02-19 10:00:00,33635.23,33684.56,33397.23,33603.87,5347
2023-02-19 11:00:00,33595.39,33729.75,33318.38,33607.82,8591
2023-02-19 12:00:00,33617.58,33761.87,33568.34,33692.11,8127
2023-02-19 13:00:00,33680.66,33908.71,33239.49,33619.84,12967
2023-02-19 14:00:00,33579.08,33832.27,33410.45,33659.08,7481
2023-02-19 15:00:00,33671.96,33740.76,33337.28,33549.64,11021
2023-02-19 16:00:00,33508.82,33974.28,33463.22,33516.52,6460
2023-02-19 17:00:00,33459.78,33637.56,33459.78,33578.51,8215
2023-02-19 18:00:00,33589.01,33589.01,33263.48,33443.93,6400
2023-02-19 19:00:00,33491.91,33722.12,33452.42,33519.46,6277
2023-02-19 20:00:00,33448.76,33695.37,33345.65,33547.24,8962
2023-02-19 21:00:00,33573.06,33701.3,33566.77,33634.04,7141
2023-02-19 22:00:00,33630.38,33754.29,33528.15,33686.92,13638
2023-02-19 23:00:00,33763.21,34063.76,33763.21,33856.95,5955
2023-02-20 00:00:00,33935.91,34196.85,33728.17,33898.07,10665
2023-02-20 01:00:00,33872.61,34292.25,33872.61,33881.81,8327
2023-02-20 02:00:00,33862.65,33999.0,33687.89,33923.05,6695
2023-02-20 03:00:00,33942.81,34111.41,33942.81,34008.51,18070
2023-02-20 04:00:00,33925.38,34154.29,33815.19,34042.43,10357
2023-02-20 05:00:00,34035.11,34137.6,34007.17,34075.32,7031
2023-02-20 06:00:00,34062.33,34388.66,33995.34,34030.72,10555
2023-02-20 07:00:00,34038.77,34165.3,33670.29,33990.82,8798
2023-02-20 08:00:00,33959.99,34053.21,33659.8,33874.26,16676
2023-02-20 09:00:00,33933.03,34376.87,33478.06,34085.81,10001
2023-02-20 10:00:00,34037.28,34053.09,33729.13,33985.12,8217
2023-02-20 11:00:00,33932.08,34011.2,33634.58,33943.31,11037
2023-02-20 12:00:00,33939.94,34008.99,33882.74,33899.65,6797
2023-02-20 13:00:00,33932.53,34202.32,33768.64,34024.55,7144
2023-02-20 14:00:00,34058.97,34093.08,33867.62,34025.03,10594
2023-02-20 15:00:00,34118.64,34292.65,34118.64,34187.01,7396
2023-02-20 16:00:00,34150.11,34215.63,33772.81,34147.33,12296
2023-02-20 17:00:00,34059.1,34219.0,34053.57,34207.45,8045
2023-02-20 18:00:00,34146.39,34181.62,34146.39,34150.12,8728
2023-02-20 19:00:00,34232.91,34676.51,34232.91,34405.03,15046
2023-02-20 20:00:00,34315.04,34525.24,34240.23,34308.85,15756
2023-02-20 21:00:00,34272.69,34440.12,34189.46,34371.37,13476
2023-02-20 22:00:00,34439.24,34543.44,34439.24,34467.92,9759
2023-02-20 23:00:00,34471.51,34609.67,34471.51,34540.59,11429
2023-02-21 00:00:00,34612.51,34711.79,34480.48,34549.58,9683
2023-02-21 01:00:00,34546.2,34750.65,34495.33,34564.46,7281
2023-02-21 02:00:00,34583.73,34641.14,34290.29,34597.2,13788
2023-02-21 03:00:00,34650.22,34694.37,34253.11,34609.39,5903
2023-02-21 04:00:00,34622.46,34808.64,34607.06,34739.16,11541
2023-02-21 05:00:00,34931.72,35096.31,34931.72,35001.73,13776
2023-02-21 06:00:00,34992.82,35196.61,34659.53,34967.87,18975
2023-02-21 07:00:00,34873.25,34873.25,34637.46,34847.8,8720
2023-02-21 08:00:00,34922.65,34935.22,34685.07,34865.49,9676
2023-02-21 09:00:00,34980.91,35238.85,34823.76,35168.51,9602
2023-02-21 10:00:00,35185.45,35282.13,34880.96,35108.15,15663
2023-02-21 11:00:00,35277.41,35312.76,35277.41,35310.47,18432
2023-02-21 12:00:00,35343.99,35665.98,35343.99,35516.51,8790
2023-02-21 13:00:00,35511.29,35513.05,34982.68,35479.88,9631
2023-02-21 14:00:00,35438.85,35750.88,35375.55,35565.98,10155
2023-02-21 15:00:00,35682.74,35838.49,35682.74,35766.95,14162
2023-02-21 16:00:00,35802.42,35965.05,35491.49,35747.73,10419
2023-02-21 17:00:00,35764.7,35819.39,35315.24,35747.89,7898
2023-02-21 18:00:00,35710.38,35989.99,35602.07,35706.93,17157
2023-02-21 19:00:00,35680.88,35818.9,34926.92,35619.65,6658
2023-02-21 20:00:00,35638.56,35644.22,35443.19,35573.07,10915
2023-02-21 21:00:00,35603.74,35743.33,35460.12,35464.92,10830
2023-02-21 22:00:00,35449.47,35806.51,35337.49,35494.49,5681
2023-02-21 23:00:00,35650.68,35711.12,35317.82,35436.39,9120
2023-02-22 00:00:00,35469.08,35608.88,35469.08,35488.27,11165
2023-02-22 01:00:00,35457.45,35457.45,35191.55,35345.9,7745
2023-02-22 02:00:00,35339.11,35559.96,35339.11,35409.93,9239
2023-02-22 03:00:00,35497.08,36009.36,35497.08,35527.82,12777
2023-02-22 04:00:00,35353.36,35353.36,34982.82,35337.68,7198
2023-02-22 05:00:00,35450.76,35903.61,35222.57,35406.76,6673
2023-02-22 06:00:00,35541.49,35839.05,35541.49,35568.21,13419
2023-02-22 07:00:00,35490.47,35490.47,35148.25,35463.52,10732
2023-02-22 08:00:00,35610.84,35704.58,35610.84,35673.31,7677
2023-02-22 09:00:00,35635.85,35916.49,35595.5,35745.72,12859
2023-02-22 10:00:00,35749.58,35766.94,35515.11,35695.55,15216
2023-02-22 11:00:00,35695.34,35855.72,35695.34,35717.58,9797
2023-02-22 12:00:00,35746.89,35906.59,35746.89,35807.05,15073
2023-02-22 13:00:00,35891.2,35891.2,35460.95,35843.86,9124
2023-02-22 14:00:00,35894.68,36251.57,35859.58,35931.45,9471
2023-02-22 15:00:00,36012.32,36012.32,35545.25,35858.49,7910
2023-02-22 16:00:00,35852.71,35973.38,35814.96,35906.69,8273
2023-02-22 17:00:00,35924.03,36112.69,35709.28,35780.84,9047
2023-02-22 18:00:00,35865.12,36078.11,35617.04,35799.26,10434
2023-02-22 19:00:00,35803.1,36035.19,35604.78,35730.27,14589
2023-02-22 20:00:00,35777.28,36139.88,35609.21,35680.57,12095
2023-02-22 21:00:00,35787.34,35873.02,35787.34,35847.25,11287
2023-02-22 22:00:00,35849.34,36177.34,35572.42,35998.06,11560
2023-02-22 23:00:00,36045.42,36190.24,36045.42,36095.55,7978
2023-02-23 00:00:00,36113.95,36280.21,35896.59,36004.51,8616
2023-02-23 01:00:00,36050.2,36110.64,35518.56,35999.48,17321
2023-02-23 02:00:00,36023.29,36235.45,35901.61,36163.13,15862
2023-02-23 03:00:00,36151.81,36315.97,35898.77,36207.69,7398
2023-02-23 04:00:00,36334.07,36566.47,36334.07,36493.48,8092
2023-02-23 05:00:00,36490.14,36686.41,36490.14,36564.45,11377
2023-02-23 06:00:00,36607.26,36660.32,36540.18,36613.4,8499
2023-02-23 07:00:00,36686.1,36817.1,36358.43,36606.12,7954
2023-02-23 08:00:00,36550.28,36816.77,36507.77,36648.65,13279
2023-02-23 09:00:00,36490.22,36667.6,36268.5,36658.93,7868
2023-02-23 10:00:00,36692.47,37103.94,36692.47,36766.0,9026
2023-02-23 11:00:00,36713.67,36933.92,36568.3,36900.42,13763
2023-02-23 12:00:00,36826.52,37031.64,36772.36,36837.6,10322
2023-02-23 13:00:00,36787.73,36787.73,36640.88,36714.3,6745
2023-02-23 14:00:00,36743.51,36911.33,36131.05,36535.97,12145
2023-02-23 15:00:00,36506.47,36695.82,36506.47,36622.58,4325
2023-02-23 16:00:00,36601.45,36601.45,36317.45,36528.39,10306
2023-02-23 17:00:00,36441.65,36441.65,36042.67,36317.41,7694
2023-02-23 18:00:00,36321.47,36465.2,36186.01,36392.42,8503
2023-02-23 19:00:00,36628.04,36758.12,36628.04,36701.45,6769
2023-02-23 20:00:00,36719.54,36932.89,36663.33,36729.57,12081
2023-02-23 21:00:00,36861.33,37038.58,36746.51,36852.3,6809
2023-02-23 22:00:00,36860.18,36902.76,36815.66,36889.44,12602
2023-02-23 23:00:00,36833.69,37044.96,36832.24,36906.05,15106
2023-02-24 00:00:00,36940.96,37343.45,36724.35,37037.17,10000
2023-02-24 01:00:00,36981.02,37040.96,36605.14,37030.95,12450
2023-02-24 02:00:00,37076.33,37334.79,36941.27,37087.7,13299
2023-02-24 03:00:00,37112.24,37287.83,36918.32,37150.53,11632
2023-02-24 04:00:00,37074.62,37324.49,37026.47,37100.67,8611
2023-02-24 05:00:00,37165.96,37314.92,37165.96,37240.44,11493
2023-02-24 06:00:00,37173.72,37321.9,37172.91,37247.41,12740
2023-02-24 07:00:00,37232.31,37319.11,37044.54,37187.81,8307
2023-02-24 08:00:00,37166.44,37605.24,37166.44,37276.15,9043
2023-02-24 09:00:00,37242.34,37333.4,37125.92,37200.32,8558
2023-02-24 10:00:00,37156.75,37346.83,37156.75,37231.21,11753
2023-02-24 11:00:00,37291.9,37291.9,37091.77,37257.93,9470
2023-02-24 12:00:00,37334.66,37648.75,37334.66,37409.47,5806
2023-02-24 13:00:00,37316.09,37741.41,37195.16,37490.43,13922
2023-02-24 14:00:00,37588.37,37588.37,37270.39,37513.34,6138
2023-02-24 15:00:00,37499.82,37708.75,37442.73,37633.48,7784
2023-02-24 16:00:00,37743.74,37895.01,37743.74,37819.38,12038
2023-02-24 17:00:00,37872.3,37999.13,37844.47,37908.82,7452
2023-02-24 18:00:00,37996.66,38093.3,37858.42,37934.29,18085
2023-02-24 19:00:00,37782.35,37931.29,37730.37,37805.98,15980
2023-02-24 20:00:00,37782.99,37782.99,37553.54,37707.58,9645
2023-02-24 21:00:00,37685.85,37844.78,37622.96,37698.36,7229
2023-02-24 22:00:00,37807.05,38074.17,37630.23,37653.93,13219
2023-02-24 23:00:00,37655.98,37734.9,37655.98,37659.58,10027
2023-02-25 00:00:00,37613.67,37793.26,37305.56,37693.02,19582
2023-02-25 01:00:00,37795.52,37935.01,37637.94,37781.14,8896
2023-02-25 02:00:00,37758.43,37897.97,37724.52,37800.12,8037
2023-02-25 03:00:00,37746.48,37959.66,37610.58,37883.89,10678
2023-02-25 04:00:00,37842.64,37928.07,37842.64,37918.48,15375
2023-02-25 05:00:00,37866.29,37866.29,37640.41,37715.84,5242
2023-02-25 06:00:00,37651.75,37746.31,37478.04,37635.36,11503
2023-02-25 07:00:00,37605.19,38051.63,37082.09,37647.88,6920
2023-02-25 08:00:00,37613.68,37663.01,37370.65,37538.27,12421
2023-02-25 09:00:00,37562.68,38027.99,37562.68,37637.95,5849
2023-02-25 10:00:00,37768.46,38052.91,37768.46,37844.15,16353
2023-02-25 11:00:00,37850.7,38088.36,37794.58,38012.89,9249
2023-02-25 12:00:00,38072.65,38241.6,37938.1,38014.13,11744
2023-02-25 13:00:00,38137.48,38370.82,38137.48,38213.91,10758
2023-02-25 14:00:00,38208.89,38380.67,38178.78,38256.86,11454
2023-02-25 15:00:00,38258.94,38258.94,38166.61,38243.1,10484
2023-02-25 16:00:00,38254.95,38273.85,38121.06,38197.45,8031
2023-02-25 17:00:00,38229.06,38293.53,38182.24,38188.7,11634
2023-02-25 18:00:00,38259.61,38300.43,38093.68,38170.02,12621
2023-02-25 19:00:00,38138.88,38231.19,37920.95,38217.57,18154
2023-02-25 20:00:00,38210.68,38427.23,38187.41,38263.93,9317
2023-02-25 21:00:00,38219.53,38393.05,38160.19,38290.94,7150
2023-02-25 22:00:00,38431.37,38570.25,38291.85,38368.59,8851
2023-02-25 23:00:00,38433.38,38588.64,38284.85,38534.19,12937
2023-02-26 00:00:00,38589.24,38748.01,38397.66,38670.67,11336
2023-02-26 01:00:00,38561.75,38765.68,38250.1,38518.67,7734
2023-02-26 02:00:00,38475.77,38475.77,38166.2,38242.68,20392
2023-02-26 03:00:00,38254.96,38638.14,38023.96,38379.69,13170
2023-02-26 04:00:00,38322.83,38322.83,38242.51,38246.33,11383
2023-02-26 05:00:00,38233.06,38352.42,38103.79,38248.3,7041
2023-02-26 06:00:00,38216.77,38216.77,37954.56,38140.49,8546
2023-02-26 07:00:00,38036.01,38036.01,37884.17,37960.09,8591
2023-02-26 08:00:00,37963.68,38255.57,37862.94,38054.71,13558
2023-02-26 09:00:00,38046.42,38185.07,37858.33,38174.26,6754
2023-02-26 10:00:00,38033.18,38204.13,37974.76,38137.34,11886
2023-02-26 11:00:00,37948.4,37948.4,37790.2,37865.94,12604
2023-02-26 12:00:00,37865.89,38152.35,37700.29,37836.22,6261
2023-02-26 13:00:00,37779.14,38240.64,37776.8,37915.41,12709
2023-02-26 14:00:00,37852.28,37852.28,37590.42,37776.73,8856
2023-02-26 15:00:00,37662.84,37908.84,37648.82,37833.17,12674
2023-02-26 16:00:00,37817.92,37958.92,37706.26,37866.26,10106
2023-02-26 17:00:00,37845.75,38194.1,37845.75,37968.55,12077
2023-02-26 18:00:00,38029.79,38215.77,37937.54,38016.43,10109
2023-02-26 19:00:00,38049.63,38240.45,37861.03,37936.91,8108
2023-02-26 20:00:00,38034.22,38202.34,38034.22,38110.44,8979
2023-02-26 21:00:00,38160.33,38181.12,37862.76,38125.58,11247
2023-02-26 22:00:00,38144.62,38231.43,38144.62,38155.12,7666
2023-02-26 23:00:00,38155.06,38155.06,38039.38,38078.9,8727
2023-02-27 00:00:00,38006.99,38267.83,37984.28,38060.4,11204
2023-02-27 01:00:00,38131.09,38246.96,37860.74,37990.98,19696
2023-02-27 02:00:00,38046.65,38177.65,37850.95,38004.91,12944
2023-02-27 03:00:00,38122.77,38314.44,38122.77,38237.96,11433
2023-02-27 04:00:00,38188.45,38190.68,37980.63,38109.56,12593
2023-02-27 05:00:00,38029.7,38350.86,37695.68,37954.32,10159
2023-02-27 06:00:00,38083.24,38269.12,38083.24,38159.56,8594
2023-02-27 07:00:00,38173.9,38243.94,38091.27,38167.6,8709
2023-02-27 08:00:00,38191.32,38197.63,37795.94,38121.39,7238
2023-02-27 09:00:00,38199.17,38408.47,38199.17,38275.73,7569
2023-02-27 10:00:00,38374.48,38416.71,37910.65,38236.27,15510
2023-02-27 11:00:00,38211.85,38569.06,38211.21,38482.04,9474
2023-02-27 12:00:00,38515.36,38774.94,38515.36,38592.55,13678
2023-02-27 13:00:00,38529.64,38787.56,38360.85,38564.67,10401
2023-02-27 14:00:00,38771.62,38927.01,38771.62,38849.31,11903
2023-02-27 15:00:00,38843.32,38907.61,38590.96,38805.27,13894
2023-02-27 16:00:00,38761.51,39000.32,38733.52,38922.47,10090
2023-02-27 17:00:00,38860.87,39064.01,38558.89,38986.03,16608
2023-02-27 18:00:00,39088.92,39329.99,39088.92,39169.0,9947
2023-02-27 19:00:00,39357.18,39423.92,39357.18,39381.94,7059
2023-02-27 20:00:00,39406.39,39573.07,38855.57,39409.85,6554
2023-02-27 21:00:00,39410.01,39444.03,39013.48,39343.01,11995
2023-02-27 22:00:00,39400.58,39807.82,39031.24,39422.95,10430
2023-02-27 23:00:00,39403.35,39403.35,39286.36,39365.09,12462
2023-02-28 00:00:00,39420.8,39711.13,39400.08,39631.87,16032
2023-02-28 01:00:00,39620.03,39783.39,39054.04,39670.64,10162
2023-02-28 02:00:00,39642.26,39726.22,39589.87,39648.81,12872
2023-02-28 03:00:00,39741.0,39773.15,39614.38,39693.77,7649
2023-02-28 04:00:00,39623.08,39631.31,39506.65,39552.21,8703
2023-02-28 05:00:00,39669.69,39772.47,39379.41,39458.32,10806
2023-02-28 06:00:00,39518.88,39638.58,39518.88,39628.62,9731
2023-02-28 07:00:00,39645.4,39686.93,39287.81,39572.45,6613
2023-02-28 08:00:00,39438.33,39548.72,39330.26,39469.78,12645
2023-02-28 09:00:00,39480.89,39639.13,39480.89,39560.01,8944
2023-02-28 10:00:00,39649.02,39940.47,39649.02,39728.48,5572
2023-02-28 11:00:00,39732.64,40129.15,39677.57,39838.66,11979
2023-02-28 12:00:00,39863.66,40062.39,39863.66,39982.43,14642
2023-02-28 13:00:00,40058.15,40162.03,39499.76,39911.7,11652
2023-02-28 14:00:00,39840.28,39840.28,39651.46,39760.76,7016
2023-02-28 15:00:00,39713.57,40335.1,39575.48,39967.43,7777
2023-02-28 16:00:00,39897.72,40317.56,39742.05,39950.17,11504
2023-02-28 17:00:00,39933.91,40181.49,39862.94,39942.82,10805
2023-02-28 18:00:00,40049.0,40132.23,40049.0,40129.26,13977
2023-02-28 19:00:00,40193.97,40484.96,40193.97,40220.57,12132
2023-02-28 20:00:00,40269.28,40440.92,40218.7,40299.3,11839
2023-02-28 21:00:00,40450.34,40669.53,40450.34,40588.36,10970
2023-02-28 22:00:00,40573.82,40573.82,40356.11,40528.02,8833
2023-02-28 23:00:00,40477.42,40807.77,40263.51,40663.53,12455
2023-03-01 00:00:00,40722.97,40771.71,40608.95,40690.33,9263
2023-03-01 01:00:00,40662.64,41416.17,40662.64,40744.12,12634
2023-03-01 02:00:00,40689.38,41090.39,40689.38,40955.39,13918
2023-03-01 03:00:00,40898.81,41050.21,40895.59,41037.52,8125
2023-03-01 04:00:00,41071.7,41223.11,41071.7,41123.23,10113
2023-03-01 05:00:00,41304.76,41358.72,41193.62,41276.17,9009
2023-03-01 06:00:00,41263.45,41329.61,41145.07,41247.12,18101
2023-03-01 07:00:00,41210.82,41590.6,41076.14,41158.45,12332
2023-03-01 08:00:00,41062.25,41218.43,40967.78,41046.34,13777
2023-03-01 09:00:00,40961.73,40961.73,40678.49,40819.47,8018
2023-03-01 10:00:00,40867.81,41280.44,40651.68,41098.47,7494
2023-03-01 11:00:00,41045.57,41061.58,40897.66,40979.62,8116
2023-03-01 12:00:00,40892.03,41306.09,40892.03,40973.97,7581
2023-03-01 13:00:00,41043.25,41043.25,40879.4,40961.33,7304
2023-03-01 14:00:00,40981.98,41406.44,40768.26,41022.22,6862
2023-03-01 15:00:00,41003.17,41248.05,41003.17,41147.19,11421
2023-03-01 16:00:00,41174.21,41359.84,40989.3,41277.28,15144
2023-03-01 17:00:00,41324.22,41343.71,41194.04,41224.27,12984
2023-03-01 18:00:00,41181.6,41307.26,40956.99,41224.81,17928
2023-03-01 19:00:00,41247.46,41500.73,41244.7,41282.48,6757
2023-03-01 20:00:00,41327.26,41757.02,41238.41,41273.23,5926
2023-03-01 21:00:00,41308.38,41769.5,41308.38,41499.4,7685
2023-03-01 22:00:00,41503.17,41666.44,41218.67,41583.27,8990
2023-03-01 23:00:00,41614.57,41885.75,41614.57,41697.97,5150
2023-03-02 00:00:00,41719.47,41882.97,41719.47,41803.08,15980
2023-03-02 01:00:00,41809.95,42184.76,41500.16,41973.29,11145
2023-03-02 02:00:00,42030.44,42345.66,41931.32,42015.35,11433
2023-03-02 03:00:00,41923.16,42120.2,41709.95,41867.21,10192
2023-03-02 04:00:00,41950.52,42133.96,41586.22,41939.2,13538
2023-03-02 05:00:00,41919.81,41960.34,41792.83,41876.58,7958
2023-03-02 06:00:00,41995.88,42158.66,41694.91,41830.01,7895
2023-03-02 07:00:00,41879.53,42010.84,41748.3,41926.99,7614
2023-03-02 08:00:00,42024.01,42191.17,42024.01,42106.95,11071
2023-03-02 09:00:00,42096.59,42191.04,42096.59,42129.23,14818
2023-03-02 10:00:00,42189.89,42280.66,42104.47,42188.84,7067
2023-03-02 11:00:00,42102.14,42724.25,42029.15,42428.52,18724
2023-03-02 12:00:00,42404.96,42817.61,42392.7,42477.65,10400
2023-03-02 13:00:00,42702.05,43063.04,42702.05,42832.9,7759
2023-03-02 14:00:00,42762.55,43090.61,42585.73,42920.54,11461
2023-03-02 15:00:00,42812.3,42812.3,42617.07,42702.48,8507
2023-03-02 16:00:00,42660.32,43025.45,42530.5,42815.4,8457
2023-03-02 17:00:00,42793.77,42967.71,42793.77,42879.53,14897
2023-03-02 18:00:00,43081.28,43335.09,42976.81,43062.93,15396
2023-03-02 19:00:00,42986.31,43474.2,42780.46,43164.9,11372
2023-03-02 20:00:00,43149.1,43245.36,43149.1,43159.05,14145
2023-03-02 21:00:00,43075.9,43075.9,42904.61,43009.14,5701
2023-03-02 22:00:00,42986.46,43363.21,42909.34,42995.34,12209
2023-03-02 23:00:00,42951.27,42951.27,42825.03,42898.04,11885
2023-03-03 00:00:00,42899.84,43225.03,42809.53,42838.01,8015
2023-03-03 01:00:00,42846.11,42968.33,42846.11,42931.97,14073
2023-03-03 02:00:00,42879.17,43242.58,42879.17,43167.69,12654
2023-03-03 03:00:00,43147.46,43360.78,43147.46,43233.93,8491
2023-03-03 04:00:00,43200.39,43200.39,42813.95,43089.0,11147
2023-03-03 05:00:00,43076.73,43386.65,43076.73,43163.06,11177
2023-03-03 06:00:00,43289.52,43339.52,43289.52,43335.67,7476
2023-03-03 07:00:00,43337.19,43354.04,43237.32,43267.51,9437
2023-03-03 08:00:00,43233.13,43520.81,43176.4,43262.93,7771
2023-03-03 09:00:00,43170.57,43364.27,43154.4,43277.72,10430
2023-03-03 10:00:00,43242.91,43552.79,42988.5,43186.75,18327
2023-03-03 11:00:00,43195.75,43711.07,43008.33,43287.13,11153
2023-03-03 12:00:00,43292.79,43454.54,43198.44,43285.01,10747
2023-03-03 13:00:00,43345.84,43618.59,43267.46,43354.17,11763
2023-03-03 14:00:00,43336.4,43336.4,43025.15,43249.9,10887
2023-03-03 15:00:00,43173.55,43497.74,43121.07,43207.49,14124
2023-03-03 16:00:00,43232.31,43384.51,43232.31,43318.95,19118
2023-03-03 17:00:00,43346.23,43439.62,43029.81,43284.43,11099
2023-03-03 18:00:00,43486.22,43882.56,43486.22,43529.04,9718
2023-03-03 19:00:00,43534.64,43601.2,43241.57,43490.22,10772
2023-03-03 20:00:00,43450.44,43720.69,43417.55,43534.99,7750
2023-03-03 21:00:00,43623.6,43730.72,43586.08,43673.43,9827
2023-03-03 22:00:00,43584.13,43584.13,43350.76,43497.14,13629
2023-03-03 23:00:00,43515.37,43515.37,43191.72,43278.27,7268
2023-03-04 00:00:00,43147.31,43147.31,42862.24,43094.05,10556
2023-03-04 01:00:00,43182.73,43557.45,43051.74,43280.31,9904
2023-03-04 02:00:00,43352.7,43490.61,43139.38,43225.83,11306
2023-03-04 03:00:00,43496.89,43875.51,43496.89,43584.06,8114
2023-03-04 04:00:00,43430.56,43769.82,43387.17,43525.05,11611
2023-03-04 05:00:00,43479.64,43720.34,43479.64,43566.77,6429
2023-03-04 06:00:00,43732.45,43953.51,43732.45,43788.9,10127
2023-03-04 07:00:00,43913.02,44160.93,43913.02,44072.79,14047
2023-03-04 08:00:00,44186.75,44572.19,44174.78,44363.37,9409
2023-03-04 09:00:00,44471.92,44782.6,44370.14,44537.2,10339
2023-03-04 10:00:00,44550.33,44842.59,44522.95,44685.13,14548
2023-03-04 11:00:00,44799.16,45078.07,44644.67,44773.33,13031
2023-03-04 12:00:00,44745.46,44933.14,44473.5,44886.98,11499
2023-03-04 13:00:00,44813.29,45072.5,44727.97,44817.61,8769
2023-03-04 14:00:00,44775.4,44802.03,44309.09,44712.6,11240
2023-03-04 15:00:00,44658.32,45010.46,44396.04,44721.06,5904
2023-03-04 16:00:00,44832.62,44884.29,44425.63,44707.05,11466
2023-03-04 17:00:00,44606.81,44754.04,44391.73,44654.52,6669
2023-03-04 18:00:00,44587.6,44768.96,44484.94,44759.99,11414
2023-03-04 19:00:00,44889.92,45138.96,44672.99,44900.36,5928
2023-03-04 20:00:00,44863.27,45067.61,44742.14,44921.09,8163
2023-03-04 21:00:00,44951.6,45266.78,44951.6,45132.8,6909
2023-03-04 22:00:00,45071.5,45071.5,44788.2,44981.54,9520
2023-03-04 23:00:00,44967.21,45076.95,44723.42,44964.04,7743
2023-03-05 00:00:00,44939.02,45317.77,44579.27,44875.4,8105
2023-03-05 01:00:00,44719.04,44719.04,44500.84,44629.78,8799
2023-03-05 02:00:00,44656.67,44709.2,44353.77,44632.24,18576
2023-03-05 03:00:00,44635.25,44718.92,44574.9,44629.67,12228
2023-03-05 04:00:00,44757.93,45126.21,44757.93,44851.02,8869
2023-03-05 05:00:00,44795.96,45040.3,44795.96,44950.4,8512
2023-03-05 06:00:00,45010.59,45179.76,44707.45,44822.05,15866
2023-03-05 07:00:00,44997.58,45190.13,44997.58,45090.78,7917
2023-03-05 08:00:00,45180.74,45361.83,45180.74,45271.29,17576
2023-03-05 09:00:00,45328.35,45697.4,45077.53,45362.89,9160
2023-03-05 10:00:00,45291.28,45726.14,45106.58,45341.83,7920
2023-03-05 11:00:00,45302.89,45310.02,44912.94,45219.58,13049
2023-03-05 12:00:00,45305.28,45681.32,44774.63,45180.62,8784
2023-03-05 13:00:00,45216.13,45551.44,44870.86,45344.43,5557
2023-03-05 14:00:00,45533.91,45819.25,45533.91,45617.96,8095
2023-03-05 15:00:00,45785.85,46093.59,45785.85,45842.7,12308
2023-03-05 16:00:00,45834.05,45898.62,45752.57,45780.98,10733
2023-03-05 17:00:00,45696.25,45886.28,45412.77,45631.37,10940
2023-03-05 18:00:00,45653.15,46040.9,45584.03,45659.54,9881
2023-03-05 19:00:00,45628.45,45707.72,45246.13,45420.39,14249
2023-03-05 20:00:00,45495.74,45503.85,45385.04,45476.0,11879
2023-03-05 21:00:00,45462.22,45556.82,45335.04,45465.89,8620
2023-03-05 22:00:00,45434.61,45577.12,45320.89,45411.71,9522
2023-03-05 23:00:00,45287.0,45287.0,45110.03,45200.43,6971
2023-03-06 00:00:00,45223.1,45375.6,45223.1,45285.03,12305
2023-03-06 01:00:00,45194.65,45315.09,44979.29,45224.64,11430
2023-03-06 02:00:00,45150.97,45344.03,45010.64,45077.18,8060
2023-03-06 03:00:00,44879.09,44879.09,44224.3,44697.86,16081
2023-03-06 04:00:00,44657.14,44812.61,44281.02,44714.68,8329
2023-03-06 05:00:00,44888.9,45547.01,44888.9,44978.86,9112
2023-03-06 06:00:00,45051.5,45606.56,44860.17,45226.53,13466
2023-03-06 07:00:00,45196.19,45284.88,45089.75,45180.11,6854
2023-03-06 08:00:00,45220.89,45447.72,44961.2,45113.84,17472
2023-03-06 09:00:00,45220.06,45286.96,45031.81,45196.56,12253
2023-03-06 10:00:00,45160.76,45166.18,44747.08,45076.03,8088
2023-03-06 11:00:00,45094.91,45320.3,45017.2,45136.68,7806
2023-03-06 12:00:00,45146.49,45382.93,44707.09,45261.57,14409
2023-03-06 13:00:00,45412.27,45540.65,45412.27,45449.75,12774
2023-03-06 14:00:00,45454.17,45620.98,45398.59,45452.18,14899
2023-03-06 15:00:00,45458.91,45647.56,45159.63,45440.2,8970
2023-03-06 16:00:00,45394.07,45504.32,45113.54,45335.18,10684
2023-03-06 17:00:00,45306.96,45385.62,45148.07,45238.54,5561
2023-03-06 18:00:00,45266.75,45288.57,44760.25,45226.94,6078
2023-03-06 19:00:00,45331.69,45389.13,45088.78,45298.54,7274
2023-03-06 20:00:00,45427.08,45583.68,45427.08,45444.81,12652
2023-03-06 21:00:00,45362.38,45711.3,45261.29,45351.99,11152
2023-03-06 22:00:00,45312.55,45891.14,45247.4,45580.33,8090
2023-03-06 23:00:00,45558.39,45856.83,45410.85,45561.74,6810
2023-03-07 00:00:00,45578.37,45701.66,45325.6,45578.75,7097
2023-03-07 01:00:00,45493.34,45667.96,45268.7,45495.05,6716
2023-03-07 02:00:00,45269.26,45269.26,45001.41,45178.91,10951
2023-03-07 03:00:00,45250.63,45524.84,45035.44,45326.14,8830
2023-03-07 04:00:00,45351.67,45680.05,45281.69,45451.62,9480
2023-03-07 05:00:00,45507.11,45651.62,45297.02,45434.84,7884
2023-03-07 06:00:00,45507.69,45558.13,45131.64,45467.2,9589
2023-03-07 07:00:00,45471.67,45717.83,45209.56,45562.27,7430
2023-03-07 08:00:00,45458.13,45458.13,45149.12,45367.39,11918
2023-03-07 09:00:00,45366.94,45572.85,44858.98,45318.8,9476
2023-03-07 10:00:00,45321.33,45545.33,45321.33,45454.42,11829
2023-03-07 11:00:00,45457.59,45457.59,45057.21,45305.11,5221
2023-03-07 12:00:00,45243.12,45495.73,44876.6,45372.73,11872
2023-03-07 13:00:00,45301.31,45301.31,44785.61,45210.89,6717
2023-03-07 14:00:00,45175.3,45776.27,45132.85,45303.87,12022
2023-03-07 15:00:00,45269.2,45734.97,44956.63,45326.37,12973
2023-03-07 16:00:00,45324.34,45324.34,45040.2,45130.46,17570
2023-03-07 17:00:00,45230.82,45493.93,45230.82,45321.55,9677
2023-03-07 18:00:00,45375.13,45556.15,45160.24,45247.72,13462
2023-03-07 19:00:00,45179.15,45386.92,45130.83,45164.35,8491
2023-03-07 20:00:00,45130.69,45528.42,45130.69,45221.14,8518
2023-03-07 21:00:00,45165.34,45549.73,45092.78,45408.68,11841
2023-03-07 22:00:00,45397.07,45752.22,44744.0,45294.02,11621
2023-03-07 23:00:00,45413.69,45625.94,45259.9,45330.79,10179
2023-03-08 00:00:00,45334.74,45822.57,45149.8,45418.16,7014
2023-03-08 01:00:00,45442.54,45863.51,45380.95,45542.26,9202
2023-03-08 02:00:00,45539.08,45851.42,45539.08,45594.32,7595
2023-03-08 03:00:00,45701.7,45701.7,45569.22,45570.68,11108
2023-03-08 04:00:00,45708.28,45825.88,45016.65,45483.21,12287
2023-03-08 05:00:00,45407.67,45650.81,45354.08,45524.4,7916
2023-03-08 06:00:00,45455.55,45929.88,45065.06,45403.34,8146
2023-03-08 07:00:00,45117.03,45117.03,44895.0,45026.98,8409
2023-03-08 08:00:00,45044.23,45210.57,45044.23,45120.33,13623
2023-03-08 09:00:00,45110.21,45321.34,45089.27,45278.11,10461
2023-03-08 10:00:00,45038.89,45038.89,44736.18,44983.4,8491
2023-03-08 11:00:00,44951.61,45159.53,44790.68,44880.44,14884
2023-03-08 12:00:00,44769.2,45131.16,44596.03,45001.96,14786
2023-03-08 13:00:00,44937.35,45380.8,44937.35,45320.91,9259
2023-03-08 14:00:00,45249.31,45575.3,45078.15,45356.62,8581
2023-03-08 15:00:00,45312.96,45677.55,44868.58,45288.33,14418
2023-03-08 16:00:00,45244.28,45532.99,45196.99,45296.37,10150
2023-03-08 17:00:00,45222.99,45547.17,45208.17,45520.77,13068
2023-03-08 18:00:00,45531.13,45586.11,45390.03,45462.08,11500
2023-03-08 19:00:00,45406.48,45466.7,45148.06,45382.58,6560
2023-03-08 20:00:00,45273.45,45439.26,45137.95,45348.56,6660
2023-03-08 21:00:00,45317.83,45597.35,45159.3,45249.4,19917
2023-03-08 22:00:00,45241.83,45391.66,45210.45,45301.05,12738
2023-03-08 23:00:00,45307.54,45719.27,45039.72,45560.25,11367
2023-03-09 00:00:00,45581.52,45729.09,45546.54,45637.82,12309
2023-03-09 01:00:00,45712.4,45725.52,45542.98,45634.25,10882
2023-03-09 02:00:00,45619.45,45760.35,45305.05,45625.4,8581
2023-03-09 03:00:00,45664.04,45692.74,45129.36,45439.46,7966
2023-03-09 04:00:00,45586.15,45679.49,45586.15,45596.53,12168
2023-03-09 05:00:00,45675.99,45869.13,45426.27,45618.75,10300
2023-03-09 06:00:00,45602.24,45990.17,45535.71,45626.97,12167
2023-03-09 07:00:00,45754.51,46113.16,45754.51,46107.12,6900
2023-03-09 08:00:00,46163.83,46271.82,46163.83,46179.46,12396
2023-03-09 09:00:00,46215.78,46303.27,46010.63,46102.84,14139
2023-03-09 10:00:00,46183.39,46294.83,45999.63,46073.29,12367
2023-03-09 11:00:00,46171.6,46450.12,46171.6,46267.59,8260
2023-03-09 12:00:00,46396.98,46407.41,46222.16,46314.79,7634
2023-03-09 13:00:00,46233.67,46233.67,46049.1,46141.39,12372
2023-03-09 14:00:00,46164.22,46629.55,46114.74,46303.81,10949
2023-03-09 15:00:00,46332.7,46332.7,46167.07,46240.22,9136
2023-03-09 16:00:00,46441.1,46708.98,46441.1,46537.42,12378
2023-03-09 17:00:00,46626.7,46813.58,46626.7,46720.14,7625
2023-03-09 18:00:00,46669.48,47180.05,46578.56,46683.3,13949
2023-03-09 19:00:00,46646.49,47140.11,46380.42,46895.04,11163
2023-03-09 20:00:00,46906.15,47025.77,46809.08,46931.91,7030
2023-03-09 21:00:00,46940.68,47278.92,46940.68,47080.34,13372
2023-03-09 22:00:00,47066.32,47494.9,46972.47,47175.5,12578
2023-03-09 23:00:00,47177.12,47177.12,46528.09,47078.4,7917
2023-03-10 00:00:00,47068.93,47070.43,46917.84,47011.86,10065
2023-03-10 01:00:00,47153.39,47437.43,47153.39,47187.65,9856
2023-03-10 02:00:00,47208.12,47314.12,47081.19,47164.95,21832
2023-03-10 03:00:00,47226.9,47226.9,47038.37,47132.63,11708
2023-03-10 04:00:00,46977.66,47025.55,46928.04,47022.09,8185
2023-03-10 05:00:00,47134.69,47501.36,46891.83,47111.63,6369
2023-03-10 06:00:00,47180.43,47531.1,47180.43,47436.23,9609
2023-03-10 07:00:00,47342.81,47342.81,47210.68,47305.29,8866
2023-03-10 08:00:00,47322.27,47429.15,46732.92,47334.48,12190
2023-03-10 09:00:00,47407.53,47721.59,47407.53,47565.4,12373
2023-03-10 10:00:00,47559.88,48080.09,46960.68,47578.05,7488
2023-03-10 11:00:00,47605.15,47763.5,47282.77,47668.16,11366
2023-03-10 12:00:00,47542.45,47992.2,47396.47,47537.21,9315
2023-03-10 13:00:00,47578.6,47720.57,47223.81,47625.32,10651
2023-03-10 14:00:00,47681.79,47891.64,47403.38,47622.86,8888
2023-03-10 15:00:00,47723.04,48175.83,47723.04,47792.29,10734
2023-03-10 16:00:00,47894.45,48130.55,47894.45,47990.43,10095
2023-03-10 17:00:00,48296.83,48486.86,48296.83,48393.62,9303
2023-03-10 18:00:00,48380.25,48595.42,48156.08,48498.42,15171
2023-03-10 19:00:00,48370.33,48655.43,48288.88,48564.41,16062
2023-03-10 20:00:00,48634.47,48880.59,48513.07,48610.29,9541
2023-03-10 21:00:00,48623.38,48738.74,48477.37,48574.52,11987
2023-03-10 22:00:00,48637.05,48978.73,48637.05,48642.24,9904
2023-03-10 23:00:00,48727.48,48931.82,48518.61,48615.84,11932
2023-03-11 00:00:00,48573.46,48935.81,48415.51,48659.2,12750
2023-03-11 01:00:00,48759.85,48894.39,48722.88,48874.05,14590
2023-03-11 02:00:00,48865.01,48952.45,48528.86,48740.04,13139
2023-03-11 03:00:00,48828.92,49067.73,48659.27,48928.98,10668
2023-03-11 04:00:00,49102.14,49163.42,49102.14,49143.65,7422
2023-03-11 05:00:00,49176.99,49244.38,48939.31,49141.28,12131
2023-03-11 06:00:00,48863.06,48863.06,48363.17,48837.74,7164
2023-03-11 07:00:00,48849.64,48971.42,48590.35,48765.61,16552
2023-03-11 08:00:00,48837.58,49795.93,48472.37,48979.33,9680
2023-03-11 09:00:00,49082.9,49372.02,48896.03,48994.01,10991
2023-03-11 10:00:00,48959.85,48959.85,48764.4,48862.12,9415
2023-03-11 11:00:00,48848.68,48848.68,48709.24,48806.85,7016
2023-03-11 12:00:00,48724.1,49236.86,48724.1,48952.99,10698
2023-03-11 13:00:00,48895.59,49152.14,48558.59,49054.03,7465
2023-03-11 14:00:00,49024.96,49041.39,48597.3,49036.99,8083
2023-03-11 15:00:00,49056.12,49231.22,48985.26,49001.39,9370
2023-03-11 16:00:00,48941.63,49051.81,48631.42,48962.75,12376
2023-03-11 17:00:00,48938.98,48943.12,48681.15,48845.43,12083
2023-03-11 18:00:00,48965.04,49207.83,48965.04,49109.61,5730
2023-03-11 19:00:00,49147.48,49178.69,48913.01,49080.53,10634
2023-03-11 20:00:00,48963.56,49555.41,48896.04,49283.27,10591
2023-03-11 21:00:00,49352.19,49630.69,49190.16,49531.62,10776
2023-03-11 22:00:00,49577.76,49721.2,49393.96,49699.17,10787
2023-03-11 23:00:00,49747.27,49747.27,49063.86,49647.98,6999
2023-03-12 00:00:00,49658.97,49991.69,49624.99,49724.44,8406
2023-03-12 01:00:00,49752.53,49834.76,49263.79,49735.29,15480
2023-03-12 02:00:00,49672.65,49672.65,49339.2,49612.1,8189
2023-03-12 03:00:00,49581.63,49888.08,49538.0,49677.68,10049
2023-03-12 04:00:00,49759.09,50055.76,49500.52,49514.36,7777
2023-03-12 05:00:00,49706.69,50107.18,49706.69,49712.87,11765
2023-03-12 06:00:00,49692.55,49692.55,49163.87,49658.27,11795
2023-03-12 07:00:00,49633.65,49888.73,49532.18,49705.71,21111
2023-03-12 08:00:00,49706.86,49864.89,49665.83,49765.36,7784
2023-03-12 09:00:00,49720.91,49880.74,49281.32,49742.34,9881
2023-03-12 10:00:00,49812.34,49948.0,49812.34,49848.3,6492
2023-03-12 11:00:00,49700.39,49891.63,49692.46,49792.04,11502
2023-03-12 12:00:00,49837.15,50042.5,49714.1,49942.61,11935
2023-03-12 13:00:00,49852.23,49852.23,49299.47,49752.73,11920
2023-03-12 14:00:00,49739.67,49875.54,49739.67,49790.02,7842
2023-03-12 15:00:00,50070.01,50254.5,50070.01,50103.3,11689
2023-03-12 16:00:00,50065.71,50065.71,49865.85,49965.78,9745
2023-03-12 17:00:00,49979.38,49979.38,49686.47,49879.62,12695
2023-03-12 18:00:00,49944.77,50478.92,49944.77,49977.7,8775
2023-03-12 19:00:00,50024.52,50024.52,49923.36,50023.41,7239
2023-03-12 20:00:00,50091.0,50407.96,50091.0,50094.67,11764
2023-03-12 21:00:00,50082.64,50286.83,49487.27,50186.46,10916
2023-03-12 22:00:00,50214.97,50424.49,50199.04,50299.64,10539
2023-03-12 23:00:00,50369.77,50734.2,50233.43,50485.14,11271
2023-03-13 00:00:00,50366.68,50784.42,50267.34,50561.02,8769
2023-03-13 01:00:00,50583.15,50751.15,50282.54,50535.27,9370
2023-03-13 02:00:00,50549.89,50902.22,50277.52,50652.12,8334
2023-03-13 03:00:00,50768.85,51061.13,50768.46,50959.21,6577
2023-03-13 04:00:00,51128.57,51128.57,50846.45,50948.35,8777
2023-03-13 05:00:00,50814.79,50814.79,50387.7,50806.86,7714
2023-03-13 06:00:00,50874.23,51059.49,50414.32,50991.56,14318
2023-03-13 07:00:00,51038.0,51330.24,50462.0,50983.25,6086
2023-03-13 08:00:00,50819.7,50819.7,50549.29,50654.51,11930
2023-03-13 09:00:00,50695.17,50951.05,50199.47,50800.49,10404
2023-03-13 10:00:00,50831.35,50831.35,50219.43,50729.89,14612
2023-03-13 11:00:00,50538.36,51042.42,50422.51,50729.08,12815
2023-03-13 12:00:00,50814.67,51031.01,50556.79,50794.81,12922
2023-03-13 13:00:00,50798.69,51031.97,50694.67,50839.16,12311
2023-03-13 14:00:00,50909.16,51066.28,50909.16,50964.35,15013
2023-03-13 15:00:00,50970.52,51185.3,50600.25,50910.66,7785
2023-03-13 16:00:00,50963.82,51503.93,50903.67,51005.68,16017
2023-03-13 17:00:00,51099.38,51166.53,50876.82,50978.78,10100
2023-03-13 18:00:00,51028.21,51278.33,51006.44,51108.65,8034
2023-03-13 19:00:00,51024.57,51321.12,51024.57,51218.68,7569
2023-03-13 20:00:00,51187.01,51187.01,50800.87,51084.85,13788
2023-03-13 21:00:00,51261.37,51540.43,51261.37,51269.25,4731
2023-03-13 22:00:00,51308.41,51354.37,50630.94,51198.43,5394
2023-03-13 23:00:00,51311.55,51451.35,51311.55,51339.02,13380
2023-03-14 00:00:00,51392.77,51680.45,51342.89,51409.02,8992
2023-03-14 01:00:00,51556.87,51900.14,51556.87,51709.66,8295
2023-03-14 02:00:00,51679.25,51785.91,51449.15,51682.54,8019
2023-03-14 03:00:00,51669.25,51988.49,51208.32,51635.6,14235
2023-03-14 04:00:00,51589.85,52007.57,51538.09,51641.37,12715
2023-03-14 05:00:00,51627.29,51705.37,51383.3,51602.16,8433
2023-03-14 06:00:00,51526.12,51808.89,51467.83,51737.92,13195
2023-03-14 07:00:00,51601.44,51601.44,51381.45,51489.25,10276
2023-03-14 08:00:00,51509.13,51509.13,51109.14,51333.69,12777
2023-03-14 09:00:00,51324.54,51336.89,50922.62,51179.12,11495
2023-03-14 10:00:00,51229.77,51843.98,50872.13,51343.4,14177
2023-03-14 11:00:00,51430.01,51730.23,51430.01,51626.97,11596
2023-03-14 12:00:00,51595.14,51694.58,51437.85,51622.95,12445
2023-03-14 13:00:00,51635.39,51817.55,51508.34,51609.53,11903
2023-03-14 14:00:00,51531.11,51728.41,51531.11,51634.38,6018
2023-03-14 15:00:00,51686.51,51935.56,51191.35,51831.9,11964
2023-03-14 16:00:00,51889.85,52133.12,51296.15,51697.05,10360
2023-03-14 17:00:00,51739.19,51942.79,51739.19,51748.75,21751
2023-03-14 18:00:00,51664.08,52382.9,51636.03,51916.0,9977
2023-03-14 19:00:00,51903.07,52205.75,51903.07,52007.08,11003
2023-03-14 20:00:00,51998.69,52151.49,51993.46,52047.4,17962
2023-03-14 21:00:00,52111.99,52320.86,52111.99,52216.42,6782
2023-03-14 22:00:00,51895.71,51895.71,51695.09,51792.12,6739
2023-03-14 23:00:00,51862.41,52115.71,51862.41,51912.61,9571
2023-03-15 00:00:00,51975.34,52401.8,51698.41,51819.86,10594
2023-03-15 01:00:00,51645.16,51645.16,51514.99,51542.08,9827
2023-03-15 02:00:00,51417.64,51865.25,51033.3,51639.36,13420
2023-03-15 03:00:00,51652.25,51872.5,51572.34,51871.82,9096
2023-03-15 04:00:00,51887.27,52116.67,51696.1,51863.62,8119
2023-03-15 05:00:00,51924.13,52229.59,51924.13,52028.18,13291
2023-03-15 06:00:00,52193.24,52442.59,52193.24,52297.84,9999
2023-03-15 07:00:00,52413.21,52758.45,52413.21,52518.25,11659
2023-03-15 08:00:00,52684.11,52860.52,52684.11,52789.69,10338
2023-03-15 09:00:00,52807.73,53043.09,52807.73,52913.56,5916
2023-03-15 10:00:00,53039.86,53104.57,52822.69,52928.54,9784
2023-03-15 11:00:00,52840.32,52840.32,52637.1,52671.97,11861
2023-03-15 12:00:00,52729.09,52776.29,52533.33,52638.6,12860
2023-03-15 13:00:00,52618.44,52618.44,52404.41,52509.43,10881
2023-03-15 14:00:00,52684.83,52972.25,52684.83,52866.52,8031
2023-03-15 15:00:00,52870.96,52931.91,52644.94,52842.89,5908
2023-03-15 16:00:00,52841.24,52994.72,52619.92,52868.29,13677
2023-03-15 17:00:00,52857.95,53611.93,52857.95,52963.88,9105
2023-03-15 18:00:00,53042.32,53277.21,52932.49,52976.2,9772
2023-03-15 19:00:00,53149.85,53329.02,53149.85,53256.36,7445
2023-03-15 20:00:00,52977.16,53669.86,52640.17,53157.52,12810
2023-03-15 21:00:00,53132.04,53570.08,53132.04,53192.51,9880
2023-03-15 22:00:00,53166.97,53166.97,52786.64,53074.19,7368
2023-03-15 23:00:00,53098.37,53098.37,52758.85,52864.57,14830
2023-03-16 00:00:00,52893.66,53064.79,52716.25,52772.61,12158
2023-03-16 01:00:00,52840.87,52840.87,52306.62,52774.11,14259
2023-03-16 02:00:00,52650.8,52931.44,52425.31,52713.53,10321
2023-03-16 03:00:00,52711.89,52716.08,52100.51,52610.86,8028
2023-03-16 04:00:00,52562.98,52633.61,52200.27,52395.01,6091
2023-03-16 05:00:00,52298.71,52499.99,52045.59,52395.2,9143
2023-03-16 06:00:00,52270.51,52270.51,51971.24,52166.18,7882
2023-03-16 07:00:00,52079.15,52559.78,51825.43,52302.75,9873
2023-03-16 08:00:00,52429.25,52648.91,52225.47,52330.13,9016
2023-03-16 09:00:00,52231.71,52237.4,51712.47,52110.97,10833
2023-03-16 10:00:00,51996.66,52183.44,51975.13,52079.29,11662
2023-03-16 11:00:00,52081.44,52081.44,51629.65,51977.48,8246
2023-03-16 12:00:00,52083.59,52083.59,51701.88,52048.25,8337
2023-03-16 13:00:00,52076.67,52449.98,52076.67,52281.01,8479
2023-03-16 14:00:00,52105.96,52105.96,51933.14,51996.96,14010
2023-03-16 15:00:00,52020.14,52467.92,52020.14,52034.23,4082
2023-03-16 16:00:00,52015.01,52282.24,51779.12,52026.82,5666
2023-03-16 17:00:00,52036.07,52425.11,51656.39,52152.81,13265
2023-03-16 18:00:00,52099.61,52250.37,52099.61,52204.02,12093
2023-03-16 19:00:00,52205.08,52205.08,51996.67,52100.87,11623
2023-03-16 20:00:00,52070.35,52132.44,51583.68,52068.38,13955
2023-03-16 21:00:00,51980.54,52146.78,51441.5,51960.51,14591
2023-03-16 22:00:00,51822.88,52423.95,51706.91,52152.98,8554
2023-03-16 23:00:00,52279.96,52279.96,51982.49,52175.61,6255
2023-03-17 00:00:00,52393.95,52612.49,52393.95,52498.95,9659
2023-03-17 01:00:00,52477.87,52628.44,52074.88,52505.51,10785
2023-03-17 02:00:00,52490.56,52825.96,52104.62,52408.11,7580
2023-03-17 03:00:00,52393.79,52393.79,52079.96,52184.33,7180
2023-03-17 04:00:00,52107.5,52107.5,51603.44,51917.43,9701
2023-03-17 05:00:00,51794.17,51794.17,51484.59,51690.79,10866
2023-03-17 06:00:00,51614.22,51797.47,51469.78,51761.39,9009
2023-03-17 07:00:00,51765.91,51973.39,51765.91,51869.65,10477
2023-03-17 08:00:00,51813.7,51813.7,51542.85,51646.14,12521
2023-03-17 09:00:00,51563.34,52054.85,51417.13,51817.11,7950
2023-03-17 10:00:00,51884.62,52098.54,51629.85,51768.07,13661
2023-03-17 11:00:00,51767.06,51922.82,51671.21,51819.19,9109
2023-03-17 12:00:00,51998.6,52133.71,51998.6,52102.81,10140
2023-03-17 13:00:00,52165.78,52374.86,52165.78,52270.32,11577
2023-03-17 14:00:00,52295.22,52520.6,51996.72,52250.46,10618
2023-03-17 15:00:00,52255.3,52278.62,51978.1,52131.46,10520
2023-03-17 16:00:00,51982.44,51982.44,51400.14,51812.96,11003
2023-03-17 17:00:00,51861.15,51905.71,51624.42,51727.88,7800
2023-03-17 18:00:00,51727.54,51840.96,51496.93,51724.57,9993
2023-03-17 19:00:00,51820.04,51894.93,51484.53,51598.15,10979
2023-03-17 20:00:00,51644.88,51713.7,51347.12,51610.48,6182
2023-03-17 21:00:00,51684.1,51758.94,51503.15,51655.63,14841
2023-03-17 22:00:00,51661.23,51756.25,51548.46,51651.76,6322
2023-03-17 23:00:00,51722.9,51733.45,51282.19,51580.58,10059
2023-03-18 00:00:00,51578.96,51742.56,51135.87,51639.28,4866
2023-03-18 01:00:00,51639.91,51775.91,51639.91,51741.34,13606
2023-03-18 02:00:00,51718.21,52031.5,51209.27,51600.15,13630
2023-03-18 03:00:00,51589.05,52011.95,51375.7,51856.68,7943
2023-03-18 04:00:00,51857.81,52286.28,51857.81,51871.99,10449
2023-03-18 05:00:00,51992.85,52009.77,51574.17,51905.96,10246
2023-03-18 06:00:00,52008.28,52423.24,51947.44,52049.24,5511
2023-03-18 07:00:00,52123.9,52228.06,52011.62,52115.85,14894
2023-03-18 08:00:00,52035.56,52452.72,52014.13,52297.42,7376
2023-03-18 09:00:00,52335.2,52718.68,52335.2,52371.36,11687
2023-03-18 10:00:00,52446.2,52491.32,52196.29,52300.89,7363
2023-03-18 11:00:00,52311.33,52609.56,51837.29,52387.88,12075
2023-03-18 12:00:00,52337.82,52337.82,51978.77,52233.36,10834
2023-03-18 13:00:00,52229.12,52373.13,51849.19,52281.83,6122
2023-03-18 14:00:00,52271.31,52409.77,52046.8,52307.61,8484
2023-03-18 15:00:00,52380.64,52410.65,52062.89,52306.04,14703
2023-03-18 16:00:00,52212.58,53048.45,52212.58,52317.21,8935
2023-03-18 17:00:00,52198.08,52198.08,51871.09,52047.27,20888
2023-03-18 18:00:00,52098.0,52098.0,51671.08,51994.01,8395
2023-03-18 19:00:00,52031.95,52292.28,51939.88,52043.97,10604
2023-03-18 20:00:00,52005.22,52479.82,51737.74,52103.44,11854
2023-03-18 21:00:00,52077.35,52077.35,51869.46,51973.41,10574
2023-03-18 22:00:00,51942.33,52314.85,51751.51,52210.43,13069
2023-03-18 23:00:00,52182.23,52210.1,52001.68,52105.89,9420
2023-03-19 00:00:00,52202.1,52512.17,52202.1,52295.61,12170
2023-03-19 01:00:00,52307.66,52502.0,52133.81,52397.2,9094
2023-03-19 02:00:00,52299.08,52431.17,52221.86,52326.51,9825
2023-03-19 03:00:00,52492.53,52839.96,52492.53,52645.77,9985
2023-03-19 04:00:00,52694.17,52743.04,52313.97,52484.62,15491
2023-03-19 05:00:00,52599.2,52856.4,52560.48,52665.81,15120
2023-03-19 06:00:00,52753.39,52926.04,52753.39,52859.11,14121
2023-03-19 07:00:00,52893.52,53074.3,52688.03,52780.9,10910
2023-03-19 08:00:00,52840.3,53266.68,52840.3,53037.32,17287
2023-03-19 09:00:00,53015.25,53299.27,52730.37,53026.25,13742
2023-03-19 10:00:00,52914.22,53208.31,52588.65,53102.11,6058
2023-03-19 11:00:00,53212.44,53279.02,52730.6,53172.67,9899
2023-03-19 12:00:00,53161.26,53251.43,52673.87,53178.82,5947
2023-03-19 13:00:00,53232.68,53410.71,53232.68,53339.36,9484
2023-03-19 14:00:00,53275.3,53825.26,53210.67,53496.71,17020
2023-03-19 15:00:00,53343.72,53343.72,52992.7,53237.25,7626
2023-03-19 16:00:00,53290.26,53796.94,53245.7,53479.93,12134
2023-03-19 17:00:00,53337.54,53337.54,53129.57,53236.04,15130
2023-03-19 18:00:00,53328.54,53878.24,53328.54,53435.41,7972
2023-03-19 19:00:00,53407.63,54311.72,53407.63,53649.38,9660
2023-03-19 20:00:00,53600.64,53605.68,53464.86,53498.69,9260
2023-03-19 21:00:00,53499.94,53855.82,53452.26,53462.6,10562
2023-03-19 22:00:00,53462.4,53476.48,53050.22,53313.6,11747
2023-03-19 23:00:00,53253.13,53442.03,53253.13,53312.36,8389
2023-03-20 00:00:00,53402.04,53402.04,53000.02,53295.44,12557
2023-03-20 01:00:00,53401.6,53563.64,53401.6,53456.73,8190
2023-03-20 02:00:00,53595.77,53810.59,53595.77,53703.18,9943
2023-03-20 03:00:00,53853.85,54069.7,53853.85,53961.77,9700
2023-03-20 04:00:00,53962.83,54031.98,53806.42,53894.72,9933
2023-03-20 05:00:00,53804.3,53922.84,53343.37,53886.89,12500
2023-03-20 06:00:00,53723.33,53723.33,53315.06,53636.24,6018
2023-03-20 07:00:00,53591.42,53641.41,53427.27,53534.34,11336
2023-03-20 08:00:00,53717.39,53739.48,53717.39,53724.11,6914
2023-03-20 09:00:00,53912.19,54116.91,53912.19,54020.23,11687
2023-03-20 10:00:00,53971.6,53971.6,53755.38,53843.28,9998
2023-03-20 11:00:00,53817.76,54042.78,53663.82,53774.75,7014
2023-03-20 12:00:00,53772.22,53850.82,53693.2,53800.8,10971
2023-03-20 13:00:00,53781.54,53971.45,53459.9,53878.43,7424
2023-03-20 14:00:00,53844.48,53883.54,53668.44,53775.99,8056
2023-03-20 15:00:00,53770.48,54432.15,53770.48,53878.24,11482
2023-03-20 16:00:00,53916.6,53935.22,53501.56,53830.85,9145
2023-03-20 17:00:00,53904.43,54039.88,53752.28,53860.0,8513
2023-03-20 18:00:00,53896.39,54261.77,53545.83,53981.75,10538
2023-03-20 19:00:00,54150.51,54267.37,53778.88,54013.22,7727
2023-03-20 20:00:00,54054.08,54368.4,53558.06,53970.53,11977
2023-03-20 21:00:00,53981.96,54157.57,53700.0,53982.27,10834
2023-03-20 22:00:00,53937.26,54595.44,53624.53,53998.5,10953
2023-03-20 23:00:00,54068.81,54068.81,53782.89,53969.09,4330
2023-03-21 00:00:00,53872.28,53974.97,53373.34,53958.28,20737
2023-03-21 01:00:00,54146.67,54563.99,54146.67,54255.18,12681
2023-03-21 02:00:00,54268.69,54486.2,54268.69,54377.45,8612
2023-03-21 03:00:00,54384.35,54643.66,54271.36,54357.02,6660
2023-03-21 04:00:00,54393.5,54690.49,54393.5,54502.5,14984
2023-03-21 05:00:00,54584.4,54584.4,54313.63,54475.45,8232
2023-03-21 06:00:00,54590.1,55123.04,54590.1,54699.5,8623
2023-03-21 07:00:00,54804.26,54897.47,54678.32,54787.9,15469
2023-03-21 08:00:00,54783.88,54951.97,54686.09,54795.68,7680
2023-03-21 09:00:00,54787.51,55339.71,54787.51,54897.31,7394
2023-03-21 10:00:00,54803.94,54833.23,54550.1,54659.42,10845
2023-03-21 11:00:00,54518.86,54518.86,54391.16,54500.16,12627
2023-03-21 12:00:00,54456.41,54456.41,53939.98,54332.1,5655
2023-03-21 13:00:00,54309.16,54416.07,54309.16,54389.75,4658
2023-03-21 14:00:00,54602.36,54821.21,54602.36,54711.78,8609
2023-03-21 15:00:00,54849.57,55514.99,54849.57,55115.23,10321
2023-03-21 16:00:00,55179.16,55296.33,55155.07,55247.68,9519
2023-03-21 17:00:00,55103.76,55406.48,55103.76,55355.14,11134
2023-03-21 18:00:00,55181.55,55181.55,55062.25,55071.41,10423
2023-03-21 19:00:00,55101.91,55344.1,54611.38,55005.74,10930
2023-03-21 20:00:00,55019.16,55019.16,54506.1,54900.11,12483
2023-03-21 21:00:00,54856.67,55016.59,54395.56,54824.09,9849
2023-03-21 22:00:00,54777.72,55160.21,54270.72,54825.87,8901
2023-03-21 23:00:00,54807.98,54920.32,54291.4,54776.5,9136
2023-03-22 00:00:00,54584.33,54584.33,54283.04,54475.38,11718
2023-03-22 01:00:00,54492.88,54743.96,54492.88,54634.69,8462
2023-03-22 02:00:00,54600.52,54725.1,54382.83,54488.74,9317
2023-03-22 03:00:00,54544.93,54672.44,54454.18,54563.31,12178
2023-03-22 04:00:00,54631.43,55053.38,54631.43,54943.5,5762
2023-03-22 05:00:00,55113.43,55201.53,54707.91,54817.54,7503
2023-03-22 06:00:00,54615.23,54615.23,54314.38,54423.23,8584
2023-03-22 07:00:00,54421.66,54520.33,54302.68,54411.5,8042
2023-03-22 08:00:00,54504.77,54864.73,54504.77,54631.05,9477
2023-03-22 09:00:00,54794.25,55558.76,54794.25,54992.3,12058
2023-03-22 10:00:00,55066.65,55066.65,54623.19,54815.58,10580
2023-03-22 11:00:00,54850.32,55042.1,54528.77,54932.23,7673
2023-03-22 12:00:00,54957.28,55035.49,54776.43,54886.2,8104
2023-03-22 13:00:00,54969.99,55414.93,54872.53,54901.88,5096
2023-03-22 14:00:00,55268.69,55628.04,55268.69,55379.45,6510
2023-03-22 15:00:00,55211.88,55617.98,55042.87,55153.17,11605
2023-03-22 16:00:00,55112.63,55547.96,54981.82,55228.78,12347
2023-03-22 17:00:00,55296.09,55353.25,55120.26,55340.38,16992
2023-03-22 18:00:00,55421.46,55855.91,55421.46,55554.75,7473
2023-03-22 19:00:00,55650.64,56043.73,55394.13,55599.32,9100
2023-03-22 20:00:00,55618.22,55684.18,55618.22,55679.83,7003
2023-03-22 21:00:00,55757.3,56262.23,55316.37,55640.28,13008
2023-03-22 22:00:00,55615.12,55826.3,55296.41,55714.87,7782
2023-03-22 23:00:00,55789.23,56284.54,55467.65,55684.87,11775
2023-03-23 00:00:00,55788.2,56053.47,55662.36,55819.69,7829
2023-03-23 01:00:00,55885.13,56384.84,55293.65,55784.13,6619
2023-03-23 02:00:00,55743.41,55964.67,55732.26,55876.43,9582
2023-03-23 03:00:00,55918.19,56010.25,55482.37,55898.45,10107
2023-03-23 04:00:00,56005.75,56230.22,56005.75,56117.99,9061
2023-03-23 05:00:00,56122.04,56175.02,56121.3,56134.34,9691
2023-03-23 06:00:00,55967.84,55967.84,55744.42,55856.13,10456
2023-03-23 07:00:00,55981.75,56213.55,55704.36,56101.35,5937
2023-03-23 08:00:00,56083.45,56083.45,55859.57,55971.51,9160
2023-03-23 09:00:00,55991.04,56368.15,55831.7,55886.98,10799
2023-03-23 10:00:00,56071.07,56097.36,55772.64,55813.07,9649
2023-03-23 11:00:00,55808.73,56204.06,55596.87,56077.23,17907
2023-03-23 12:00:00,56079.76,56151.56,55433.85,55737.42,6984
2023-03-23 13:00:00,56173.98,56417.64,56173.98,56305.03,7394
2023-03-23 14:00:00,56322.45,56807.01,56322.45,56512.9,5456
2023-03-23 15:00:00,56354.48,56599.68,56000.99,56575.07,14305
2023-03-23 16:00:00,56559.08,56732.46,56350.22,56587.58,7126
2023-03-23 17:00:00,56523.29,56934.05,56455.98,56659.29,8433
2023-03-23 18:00:00,56638.92,56884.99,56497.35,56771.44,8886
2023-03-23 19:00:00,56791.1,57089.54,56713.88,56904.7,13402
2023-03-23 20:00:00,56906.88,57344.15,56906.88,57020.92,8670
2023-03-23 21:00:00,56962.88,57393.62,56940.54,57054.65,12110
2023-03-23 22:00:00,57052.4,57151.44,56989.72,57037.36,6609
2023-03-23 23:00:00,57054.71,57087.08,56913.34,57027.39,19987
2023-03-24 00:00:00,56895.64,57123.68,56895.64,57009.66,10099
2023-03-24 01:00:00,57109.1,57557.76,57109.1,57223.54,13794
2023-03-24 02:00:00,57186.35,57375.72,57127.04,57341.41,7207
2023-03-24 03:00:00,57409.62,57409.62,56679.39,56837.62,14362
2023-03-24 04:00:00,56880.54,57084.47,56856.58,56970.52,7375
2023-03-24 05:00:00,57107.81,57307.65,56587.86,57021.41,12861
2023-03-24 06:00:00,56918.88,57185.78,56918.88,57032.94,8066
2023-03-24 07:00:00,56941.36,57087.19,56867.01,56980.97,6012
2023-03-24 08:00:00,57079.01,57307.78,57079.01,57193.4,9629
2023-03-24 09:00:00,57210.91,57742.18,57160.18,57373.11,11908
2023-03-24 10:00:00,57309.2,57309.2,57033.81,57248.4,13044
2023-03-24 11:00:00,57306.76,57447.96,56381.98,57333.29,13239
2023-03-24 12:00:00,57284.76,57398.63,57073.14,57175.64,11729
2023-03-24 13:00:00,57338.37,57338.37,56792.52,56948.89,6467
2023-03-24 14:00:00,57024.05,57069.59,56386.28,56857.32,6313
2023-03-24 15:00:00,56879.99,57141.66,56694.03,57027.61,8472
2023-03-24 16:00:00,57006.88,57233.31,56994.19,57212.4,15905
2023-03-24 17:00:00,57392.36,57667.49,57062.94,57318.61,11663
2023-03-24 18:00:00,57364.66,57575.62,57354.64,57460.7,8204
2023-03-24 19:00:00,57429.65,57678.96,57413.54,57563.83,15767
2023-03-24 20:00:00,57600.61,57826.1,57123.98,57462.06,14800
2023-03-24 21:00:00,57461.1,57666.28,57113.64,57551.17,10186
2023-03-24 22:00:00,57523.02,57864.77,57451.39,57705.21,11399
2023-03-24 23:00:00,57916.27,58317.32,57549.85,57848.59,18112
2023-03-25 00:00:00,58055.64,58588.72,58055.64,58067.18,9175
2023-03-25 01:00:00,57979.83,58314.75,57886.01,58198.36,10567
2023-03-25 02:00:00,58197.27,58518.31,58142.77,58264.9,10468
2023-03-25 03:00:00,58446.89,59091.3,58446.89,58459.16,10600
2023-03-25 04:00:00,58572.44,58572.44,57803.03,58455.53,8610
2023-03-25 05:00:00,58312.56,58312.56,58189.02,58299.47,12265
2023-03-25 06:00:00,58228.55,58914.12,58157.44,58273.99,13424
2023-03-25 07:00:00,58178.36,58219.88,57935.52,58145.94,6034
2023-03-25 08:00:00,58198.72,58198.72,57609.11,58032.86,9322
2023-03-25 09:00:00,57903.57,58270.54,57899.9,58015.93,8124
2023-03-25 10:00:00,58106.19,58106.19,57793.17,57885.42,13217
2023-03-25 11:00:00,57914.17,58042.77,57749.45,57844.01,6473
2023-03-25 12:00:00,57655.32,57655.32,57414.98,57523.23,7665
2023-03-25 13:00:00,57692.98,57693.19,57344.53,57578.03,7898
2023-03-25 14:00:00,57581.96,58073.12,57480.88,57596.07,8164
2023-03-25 15:00:00,57521.85,57775.42,57348.41,57470.39,8243
2023-03-25 16:00:00,57492.67,57898.29,57492.67,57607.89,9892
2023-03-25 17:00:00,57582.02,58141.4,57575.88,57794.12,8119
2023-03-25 18:00:00,57644.51,57644.51,57414.4,57529.46,15211
2023-03-25 19:00:00,57561.25,58026.44,57199.37,57419.07,10439
2023-03-25 20:00:00,57423.27,57424.92,56738.12,57310.3,8889
2023-03-25 21:00:00,57478.02,57832.87,56942.28,57174.67,8896
2023-03-25 22:00:00,57309.95,58016.86,57309.95,57351.31,8607
2023-03-25 23:00:00,57338.85,57666.92,57231.31,57346.01,9037
2023-03-26 00:00:00,57419.58,57436.87,57213.88,57328.54,15561
2023-03-26 01:00:00,57258.05,57258.05,56845.64,57006.57,14088
2023-03-26 02:00:00,57037.86,57259.47,57037.27,57151.57,4906
2023-03-26 03:00:00,57225.23,57364.07,56469.63,56966.69,13401
2023-03-26 04:00:00,57060.59,57266.45,56979.23,57010.78,8655
2023-03-26 05:00:00,57161.3,57467.36,56978.06,57092.24,7220
2023-03-26 06:00:00,57006.27,57640.51,56942.69,57362.97,11485
2023-03-26 07:00:00,57333.18,57355.35,57049.61,57163.94,9747
2023-03-26 08:00:00,56893.53,56893.53,56279.8,56669.58,14252
2023-03-26 09:00:00,56721.21,56772.57,56629.03,56742.51,6297
2023-03-26 10:00:00,57058.75,57403.36,57058.75,57095.8,9614
2023-03-26 11:00:00,57233.3,57462.69,57233.3,57347.99,7748
2023-03-26 12:00:00,57266.35,57707.9,57053.28,57417.45,9052
2023-03-26 13:00:00,57363.36,57363.36,56955.46,57363.03,9664
2023-03-26 14:00:00,57214.38,58034.38,57143.67,57537.53,10751
2023-03-26 15:00:00,57815.04,58048.59,57361.98,57397.02,11446
2023-03-26 16:00:00,57433.87,57747.58,56783.69,57514.07,10592
2023-03-26 17:00:00,57508.2,57703.08,57427.46,57635.84,9579
2023-03-26 18:00:00,57650.48,58572.01,57584.29,57854.4,9015
2023-03-26 19:00:00,58242.6,58752.19,58242.6,58371.29,5673
2023-03-26 20:00:00,58365.97,58702.48,58206.25,58463.08,7071
2023-03-26 21:00:00,58588.55,58944.67,58276.08,58392.87,14342
2023-03-26 22:00:00,58554.33,58742.08,57935.67,58411.16,7663
2023-03-26 23:00:00,58221.58,58221.58,58001.19,58117.43,11979
2023-03-27 00:00:00,58090.36,58090.36,57688.28,58020.81,9941
2023-03-27 01:00:00,58042.1,58108.56,57616.74,57976.83,10671
2023-03-27 02:00:00,58082.98,58082.98,57839.21,57913.46,8487
2023-03-27 03:00:00,57939.07,58156.99,57628.91,57971.83,8455
2023-03-27 04:00:00,57893.23,57893.23,57302.9,57856.46,11412
2023-03-27 05:00:00,58035.58,58747.69,58035.58,58087.11,6679
2023-03-27 06:00:00,58232.95,58232.95,57603.53,58116.72,11010
2023-03-27 07:00:00,58042.09,58166.15,57718.68,58144.25,8402
2023-03-27 08:00:00,58018.01,58633.96,57933.21,58115.39,20167
2023-03-27 09:00:00,58229.6,58289.17,57843.63,58172.82,11381
2023-03-27 10:00:00,58088.47,58401.04,57851.01,58349.38,7790
2023-03-27 11:00:00,58336.37,58398.68,58097.56,58222.17,9979
2023-03-27 12:00:00,58250.89,58250.89,58036.91,58134.63,9618
2023-03-27 13:00:00,58232.13,58238.19,57958.89,58111.52,7725
2023-03-27 14:00:00,58114.02,58455.22,57839.51,57903.47,14651
2023-03-27 15:00:00,57908.2,57908.2,57755.0,57792.61,7628
2023-03-27 16:00:00,57777.12,58037.51,57644.96,57744.58,12990
2023-03-27 17:00:00,57833.02,57961.1,57833.02,57936.35,8390
2023-03-27 18:00:00,57808.34,58324.46,57790.82,58019.11,5931
2023-03-27 19:00:00,58043.42,58468.98,57595.13,58088.45,10205
2023-03-27 20:00:00,58157.67,58352.4,58157.67,58274.22,12670
2023-03-27 21:00:00,58272.55,58530.83,58045.72,58281.29,15500
2023-03-27 22:00:00,58300.66,58844.06,58266.27,58383.04,7741
2023-03-27 23:00:00,58450.21,58454.53,57907.8,58395.1,8427
2023-03-28 00:00:00,58356.18,58590.07,58356.18,58473.12,8495
2023-03-28 01:00:00,58572.81,59013.02,57905.82,58398.54,8508
2023-03-28 02:00:00,58109.65,58109.65,57877.67,57993.66,13310
2023-03-28 03:00:00,57988.43,58276.05,57988.43,58006.07,10356
2023-03-28 04:00:00,58041.82,58411.46,57755.63,58294.87,14463
2023-03-28 05:00:00,58262.66,58568.52,58262.66,58493.95,10220
2023-03-28 06:00:00,58581.27,59075.53,58581.27,58698.67,8389
2023-03-28 07:00:00,58832.23,58954.51,58832.23,58950.13,9592
2023-03-28 08:00:00,58918.3,59056.32,58874.49,58992.47,12586
2023-03-28 09:00:00,59135.15,59196.06,58599.72,59055.26,10436
2023-03-28 10:00:00,58940.99,59088.1,58424.18,58970.16,8963
2023-03-28 11:00:00,59098.2,59628.15,58608.82,58940.72,9743
2023-03-28 12:00:00,58827.46,59197.96,58776.76,59079.8,7901
2023-03-28 13:00:00,59213.87,59442.47,58637.62,59323.82,10752
2023-03-28 14:00:00,59249.48,59440.29,59202.88,59321.65,4514
2023-03-28 15:00:00,59269.23,60228.95,59135.44,59262.67,5601
2023-03-28 16:00:00,59396.18,59404.59,59167.44,59286.01,12651
2023-03-28 17:00:00,59326.01,59536.82,59299.14,59417.98,12265
2023-03-28 18:00:00,59311.19,59473.51,58598.33,59177.16,8677
2023-03-28 19:00:00,59132.82,59132.82,58244.66,58786.2,9761
2023-03-28 20:00:00,58697.12,59102.99,58599.94,58717.38,15460
2023-03-28 21:00:00,58647.22,58647.22,58413.1,58530.16,10608
2023-03-28 22:00:00,58589.38,58709.69,58351.4,58474.8,11356
2023-03-28 23:00:00,58431.75,58866.63,58431.75,58484.93,10892
2023-03-29 00:00:00,58459.5,58467.26,57973.19,58440.23,10582
2023-03-29 01:00:00,58619.52,58979.2,58619.52,58737.0,11172
2023-03-29 02:00:00,58804.6,59143.11,58678.47,58829.72,11597
2023-03-29 03:00:00,58799.06,59079.2,58799.06,58916.9,15625
2023-03-29 04:00:00,59043.85,59179.36,58943.12,59061.24,5651
2023-03-29 05:00:00,59083.56,59098.94,58767.7,58885.47,11389
2023-03-29 06:00:00,59094.63,59318.66,58636.76,59105.11,8605
2023-03-29 07:00:00,58903.34,59414.36,58772.04,59121.49,7718
2023-03-29 08:00:00,59153.79,59390.88,59153.79,59272.34,8656
2023-03-29 09:00:00,59208.64,59224.55,58954.03,59106.34,13584
2023-03-29 10:00:00,59112.39,59112.39,58527.81,58855.82,10241
2023-03-29 11:00:00,58849.55,59220.14,58471.63,59037.32,11188
2023-03-29 12:00:00,59239.06,59669.06,58759.27,59136.77,11920
2023-03-29 13:00:00,59121.96,59121.96,58602.52,59003.95,14665
2023-03-29 14:00:00,58900.88,59060.63,58742.28,58879.2,14892
2023-03-29 15:00:00,58998.61,59234.59,58998.13,59116.36,10246
2023-03-29 16:00:00,59140.12,59367.01,58815.73,58933.6,9653
2023-03-29 17:00:00,58889.36,59425.27,58889.36,59265.31,11783
2023-03-29 18:00:00,59132.86,59266.68,59042.67,59132.9,9726
2023-03-29 19:00:00,59134.37,59733.78,58804.8,59281.13,5803
2023-03-29 20:00:00,59253.63,59371.49,59134.47,59252.98,17275
2023-03-29 21:00:00,59359.04,59689.17,59359.04,59395.41,8936
2023-03-29 22:00:00,59446.84,59446.84,58865.75,59328.18,13090
2023-03-29 23:00:00,59357.61,59616.48,58932.88,59331.97,5645
2023-03-30 00:00:00,59232.25,59905.05,58848.49,59373.45,10475
2023-03-30 01:00:00,59274.58,59458.08,59028.92,59225.99,14107
2023-03-30 02:00:00,59216.49,59514.93,58821.5,59396.14,6947
2023-03-30 03:00:00,59534.86,59841.71,58844.62,59337.23,13867
2023-03-30 04:00:00,59344.46,59839.57,59213.16,59331.83,7387
2023-03-30 05:00:00,59268.71,59337.08,58858.47,59186.96,10535
2023-03-30 06:00:00,58853.9,58853.9,58384.86,58760.04,11884
2023-03-30 07:00:00,58733.32,59197.51,58168.07,58768.28,9613
2023-03-30 08:00:00,59035.2,59363.34,59035.2,59244.85,11891
2023-03-30 09:00:00,59423.65,59622.68,59009.93,59423.77,12824
2023-03-30 10:00:00,59445.58,59781.38,59336.22,59455.13,14721
2023-03-30 11:00:00,59511.78,59636.17,59264.77,59442.63,16139
2023-03-30 12:00:00,59488.69,60066.43,59463.48,59483.24,12327
2023-03-30 13:00:00,59499.53,60062.05,59499.53,59618.77,14998
2023-03-30 14:00:00,59707.31,59707.31,59433.05,59437.26,12795
2023-03-30 15:00:00,59570.84,60102.57,59393.93,59677.54,12431
2023-03-30 16:00:00,59909.2,60056.95,59723.79,59843.47,7080
2023-03-30 17:00:00,59888.58,60128.61,59888.58,60008.6,10695
2023-03-30 18:00:00,60243.64,60270.38,60000.99,60121.24,8274
2023-03-30 19:00:00,60187.33,60310.08,59880.43,60155.84,14467
2023-03-30 20:00:00,60383.17,60931.86,60190.39,60311.01,8466
2023-03-30 21:00:00,60328.81,60570.61,60328.81,60449.71,6684
2023-03-30 22:00:00,60391.11,60507.65,60300.6,60412.34,7388
2023-03-30 23:00:00,60458.97,60458.97,59864.31,60334.34,5638
2023-03-31 00:00:00,60342.25,60587.95,60342.25,60382.23,13927
2023-03-31 01:00:00,60352.34,60818.44,60323.46,60697.05,12737
2023-03-31 02:00:00,60623.68,60732.2,60370.26,60491.24,6652
2023-03-31 03:00:00,60553.22,60912.19,59677.76,60246.42,7644
2023-03-31 04:00:00,60327.7,60427.63,60024.38,60307.02,6943
2023-03-31 05:00:00,60224.61,60682.78,60224.61,60345.3,9433
2023-03-31 06:00:00,60402.06,61016.34,60402.06,60406.43,11330
2023-03-31 07:00:00,60507.3,60601.15,60359.23,60480.19,10392
2023-03-31 08:00:00,60357.53,60710.05,60012.71,60465.88,9011
2023-03-31 09:00:00,60647.26,60927.2,60647.26,60768.8,10676
2023-03-31 10:00:00,60867.0,61000.22,60056.31,60494.64,8130
2023-03-31 11:00:00,60313.31,60886.4,60183.79,60368.52,12505
2023-03-31 12:00:00,60334.91,60779.47,60073.19,60378.37,9566
2023-03-31 13:00:00,60223.95,60223.95,59283.85,60103.74,7887
2023-03-31 14:00:00,60245.03,60786.74,59984.42,60104.63,8323
2023-03-31 15:00:00,60064.38,60564.04,59966.2,60443.16,5061
2023-03-31 16:00:00,60325.8,60528.17,60239.82,60476.13,7409
2023-03-31 17:00:00,60462.85,60668.96,60462.85,60547.42,10992
2023-03-31 18:00:00,60488.21,60560.0,60173.52,60341.82,6784
2023-03-31 19:00:00,60432.85,60899.77,60249.11,60258.97,9892
2023-03-31 20:00:00,60174.21,60358.12,60174.21,60221.91,7186
2023-03-31 21:00:00,60142.44,60316.11,59892.0,60195.72,11098
2023-03-31 22:00:00,60419.08,60668.43,60343.95,60464.87,6872
2023-03-31 23:00:00,60463.59,60820.92,60456.84,60598.95,7302
2023-04-01 00:00:00,60513.02,60542.21,60305.47,60421.37,10568
2023-04-01 01:00:00,60356.38,60613.85,60356.38,60499.32,10607
2023-04-01 02:00:00,60620.86,60744.41,60485.13,60623.17,10816
2023-04-01 03:00:00,60743.42,61135.91,60743.42,60865.15,16915
2023-04-01 04:00:00,61064.25,61309.0,61064.25,61186.63,7705
2023-04-01 05:00:00,61360.09,61479.14,60972.69,61019.06,10891
2023-04-01 06:00:00,60859.49,61045.39,60568.72,60892.45,9114
2023-04-01 07:00:00,60762.47,60790.99,60573.79,60684.28,9367
2023-04-01 08:00:00,60548.72,61009.4,60548.72,60670.06,12484
2023-04-01 09:00:00,60553.31,60901.19,60553.31,60786.27,15954
2023-04-01 10:00:00,60820.49,61231.14,60396.23,60999.61,11252
2023-04-01 11:00:00,61000.71,61530.57,60743.82,61011.88,8253
2023-04-01 12:00:00,60930.15,61325.88,60580.94,60978.87,9837
2023-04-01 13:00:00,61155.15,61156.97,60912.83,61034.9,8813
2023-04-01 14:00:00,60990.77,61027.34,60815.06,60905.53,14324
2023-04-01 15:00:00,61290.68,61447.03,61290.68,61324.38,8186
2023-04-01 16:00:00,61295.42,61295.42,60924.25,61046.34,10505
2023-04-01 17:00:00,61141.99,61229.43,60985.0,61107.22,8866
2023-04-01 18:00:00,61389.14,61662.3,61389.14,61512.17,12107
2023-04-01 19:00:00,61518.02,61564.04,61411.05,61534.12,14614
2023-04-01 20:00:00,61512.49,61641.46,60988.24,61518.42,10825
2023-04-01 21:00:00,61499.05,61515.36,61349.28,61472.23,5367
2023-04-01 22:00:00,61438.88,61797.46,61031.73,61460.19,15962
2023-04-01 23:00:00,61513.46,62419.34,61396.44,61741.56,8630
2023-04-02 00:00:00,61448.67,61448.67,60992.57,61343.83,10377
2023-04-02 01:00:00,61443.92,61922.45,61286.38,61657.53,8926
2023-04-02 02:00:00,61419.23,61419.23,61372.36,61411.09,13134
2023-04-02 03:00:00,61459.6,61459.6,61263.76,61386.54,12189
2023-04-02 04:00:00,61254.49,61456.18,60804.29,61333.52,14011
2023-04-02 05:00:00,61321.37,61619.49,61122.19,61472.36,13999
2023-04-02 06:00:00,61531.18,61597.12,61136.23,61199.07,10840
2023-04-02 07:00:00,61199.06,61584.98,61194.7,61317.66,12657
2023-04-02 08:00:00,61366.31,62014.28,61298.91,61728.74,11087
2023-04-02 09:00:00,61803.9,61850.34,61283.32,61496.65,10061
2023-04-02 10:00:00,61460.93,61946.51,61250.16,61561.3,12077
2023-04-02 11:00:00,61556.28,61556.28,61340.72,61463.65,10150
2023-04-02 12:00:00,61548.75,61984.63,61254.84,61572.74,13106
2023-04-02 13:00:00,61459.81,62136.77,61297.44,61604.45,8425
2023-04-02 14:00:00,61618.18,61618.18,61388.58,61511.6,11185
2023-04-02 15:00:00,61587.69,61818.92,61349.48,61631.42,19350
2023-04-02 16:00:00,61873.87,62682.09,61873.87,61997.86,12964
2023-04-02 17:00:00,61995.93,62155.36,61591.22,61982.6,11362
2023-04-02 18:00:00,61911.76,62265.24,61911.76,62140.95,13805
2023-04-02 19:00:00,61947.66,61947.66,61820.78,61915.08,16192
2023-04-02 20:00:00,61796.46,61880.78,61704.23,61757.27,8610
2023-04-02 21:00:00,61778.51,62116.01,61758.47,61872.99,10545
2023-04-02 22:00:00,61946.31,62185.69,61946.31,62178.75,10802
2023-04-02 23:00:00,62187.46,62436.11,62143.18,62267.71,10691
2023-04-03 00:00:00,62282.1,62308.31,61747.38,62228.78,14426
2023-04-03 01:00:00,62304.83,62561.63,61834.79,62250.54,9082
2023-04-03 02:00:00,62283.53,62419.69,61745.04,62034.09,8730
2023-04-03 03:00:00,62081.74,62223.8,61550.48,62175.22,11258
2023-04-03 04:00:00,62258.48,62675.1,62258.48,62368.31,13479
2023-04-03 05:00:00,62418.1,62769.54,61896.38,62304.29,13120
2023-04-03 06:00:00,62293.38,62293.38,61968.7,62238.33,6384
2023-04-03 07:00:00,62070.63,62439.08,61849.96,62314.45,14118
2023-04-03 08:00:00,62380.1,62380.1,62164.94,62255.59,9248
2023-04-03 09:00:00,62255.76,62393.83,62147.73,62269.3,13527
2023-04-03 10:00:00,62321.75,62821.78,62249.1,62696.39,10457
2023-04-03 11:00:00,62683.72,63068.97,62554.77,62668.88,9143
2023-04-03 12:00:00,62715.46,63464.04,62495.75,62620.99,10315
2023-04-03 13:00:00,62660.33,62857.44,62393.45,62518.49,8072
2023-04-03 14:00:00,62707.35,63376.15,62566.11,62684.72,10596
2023-04-03 15:00:00,62713.04,62791.17,62547.09,62672.44,10442
2023-04-03 16:00:00,62626.06,62696.15,62569.19,62571.01,8781
2023-04-03 17:00:00,62785.76,62899.95,62785.76,62850.14,9435
2023-04-03 18:00:00,62866.44,63613.8,62602.41,63145.81,8458
2023-04-03 19:00:00,62989.48,63123.57,62922.86,63048.96,12641
2023-04-03 20:00:00,62763.35,62763.35,62373.06,62710.09,12591
2023-04-03 21:00:00,62720.42,63064.53,62651.19,62929.94,9660
2023-04-03 22:00:00,62947.97,62947.97,62495.11,62822.33,6427
2023-04-03 23:00:00,62753.95,63126.19,62690.19,63000.19,10111
2023-04-04 00:00:00,62768.94,62768.94,62346.39,62643.65,12270
2023-04-04 01:00:00,62821.06,63383.3,62580.26,62842.75,9479
2023-04-04 02:00:00,62855.88,63056.98,62510.17,62635.45,6738
2023-04-04 03:00:00,62609.66,63018.84,62443.46,62804.73,18421
2023-04-04 04:00:00,62731.92,62961.14,62731.92,62835.47,9193
2023-04-04 05:00:00,62814.26,63078.53,62582.1,62680.4,8316
2023-04-04 06:00:00,62595.65,62910.03,62507.78,62633.05,17797
2023-04-04 07:00:00,62670.13,63323.06,62670.13,62795.72,14352
2023-04-04 08:00:00,62867.86,62971.3,62468.15,62845.61,10947
2023-04-04 09:00:00,62804.56,63134.92,62089.7,62988.02,7133
2023-04-04 10:00:00,63153.35,63729.08,63153.35,63398.09,22525
2023-04-04 11:00:00,63603.06,63603.06,62992.59,63118.83,13205
2023-04-04 12:00:00,63210.18,63586.75,63015.9,63459.83,5497
2023-04-04 13:00:00,63469.24,63672.3,62693.06,63504.01,12955
2023-04-04 14:00:00,63622.19,63622.19,63225.77,63352.48,9781
2023-04-04 15:00:00,63442.67,64106.94,62991.14,63120.09,8536
2023-04-04 16:00:00,63259.41,63761.95,62986.49,63112.71,10282
2023-04-04 17:00:00,63261.84,63447.25,63261.84,63320.61,9082
2023-04-04 18:00:00,63350.87,63567.59,63196.52,63323.17,10450
2023-04-04 19:00:00,63331.32,63816.6,63068.42,63643.72,10567
2023-04-04 20:00:00,63510.77,63510.77,62855.36,63384.01,10298
2023-04-04 21:00:00,63411.51,63468.96,62919.2,63409.29,11756
2023-04-04 22:00:00,63417.94,63417.94,62844.18,63193.86,9611
2023-04-04 23:00:00,63227.37,63421.76,63168.58,63295.17,9700
2023-04-05 00:00:00,63486.81,63623.53,63093.21,63496.54,6365
2023-04-05 01:00:00,63527.06,63559.59,63246.04,63441.03,6424
2023-04-05 02:00:00,63201.68,63201.68,62296.82,62963.44,8377
2023-04-05 03:00:00,62941.19,63163.37,62911.22,63037.29,11615
2023-04-05 04:00:00,63029.14,63488.96,63029.14,63155.46,13306
2023-04-05 05:00:00,63046.58,63461.27,62969.33,63266.79,12205
2023-04-05 06:00:00,63496.24,63665.88,63496.24,63538.8,13462
2023-04-05 07:00:00,63611.49,63946.63,62964.75,63359.83,7234
2023-04-05 08:00:00,63397.98,63648.87,63397.98,63525.03,14097
2023-04-05 09:00:00,63660.94,64271.42,63660.94,63788.52,11823
2023-04-05 10:00:00,63614.24,63614.24,63341.63,63468.56,11294
2023-04-05 11:00:00,63384.27,63818.55,62803.18,63563.11,5856
2023-04-05 12:00:00,63581.74,63623.67,63463.12,63496.68,10591
2023-04-05 13:00:00,63494.89,63640.47,63386.42,63513.44,10116
2023-04-05 14:00:00,63535.22,64074.25,63139.57,63614.2,11425
2023-04-05 15:00:00,63585.04,63585.04,63546.32,63550.41,9727
2023-04-05 16:00:00,63604.56,63604.56,63411.07,63451.94,10312
2023-04-05 17:00:00,63490.43,64003.29,63490.43,63492.75,6562
2023-04-05 18:00:00,63508.39,63841.57,63054.53,63314.79,14289
2023-04-05 19:00:00,63232.28,63328.02,62961.59,63140.42,11255
2023-04-05 20:00:00,63053.1,63667.95,62956.34,63310.92,22436
2023-04-05 21:00:00,63288.56,63288.56,62741.99,63125.58,9975
2023-04-05 22:00:00,63241.84,63420.73,63241.84,63294.14,16113
2023-04-05 23:00:00,63304.52,63752.76,63152.09,63421.37,13233
2023-04-06 00:00:00,63363.97,63363.97,62995.54,63121.78,11796
2023-04-06 01:00:00,63156.72,63156.72,62799.91,63030.66,7890
2023-04-06 02:00:00,62970.42,63861.6,62835.82,63303.24,8670
2023-04-06 03:00:00,63132.32,63552.76,62733.72,63151.92,13881
2023-04-06 04:00:00,63080.42,63167.07,62611.22,63103.95,16768
2023-04-06 05:00:00,63061.65,63239.75,63012.2,63237.02,7004
2023-04-06 06:00:00,63327.69,63557.59,62869.05,63430.73,10391
2023-04-06 07:00:00,63349.01,64320.39,63028.99,63421.58,15933
2023-04-06 08:00:00,63315.63,63838.78,63266.79,63347.15,16921
2023-04-06 09:00:00,63455.76,63837.29,63352.56,63666.95,10098
2023-04-06 10:00:00,63864.35,64172.96,63864.35,64044.87,4111
2023-04-06 11:00:00,63933.85,64399.81,63925.82,64271.27,12197
2023-04-06 12:00:00,64265.3,64448.43,64265.3,64319.79,13191
2023-04-06 13:00:00,64320.99,64320.99,63323.64,64192.61,7812
2023-04-06 14:00:00,64268.7,64761.74,64033.63,64063.06,13902
2023-04-06 15:00:00,64186.19,64426.01,64044.1,64200.86,10351
2023-04-06 16:00:00,64293.08,64445.13,64293.08,64316.49,14883
2023-04-06 17:00:00,64495.09,65208.02,64495.09,64624.34,9848
2023-04-06 18:00:00,64793.78,64944.78,64228.73,64781.53,8654
2023-04-06 19:00:00,64651.28,64801.52,64389.55,64509.33,5990
2023-04-06 20:00:00,64500.68,64942.71,64420.39,64746.84,14028
2023-04-06 21:00:00,64790.09,64833.74,64445.5,64574.65,9245
2023-04-06 22:00:00,64582.78,64656.91,64411.14,64527.86,13215
2023-04-06 23:00:00,64505.65,64758.25,64328.02,64608.29,7651
2023-04-07 00:00:00,64903.09,65651.69,64903.09,65033.16,12855
2023-04-07 01:00:00,65545.4,65808.11,65545.4,65676.76,11251
2023-04-07 02:00:00,65722.93,65946.3,65262.21,65814.67,8160
2023-04-07 03:00:00,65924.64,65924.64,65661.47,65793.05,13378
2023-04-07 04:00:00,65785.19,66048.85,65785.19,65917.02,9218
2023-04-07 05:00:00,66007.26,66325.26,65978.41,66110.63,8769
2023-04-07 06:00:00,66057.74,66188.84,65924.61,66056.72,10672
2023-04-07 07:00:00,66402.16,66564.14,66402.16,66431.28,6905
2023-04-07 08:00:00,66505.02,66992.63,66451.05,66484.53,8939
2023-04-07 09:00:00,66469.76,66844.91,66410.73,66591.51,10621
2023-04-07 10:00:00,66598.45,67309.42,66598.45,66731.92,13574
2023-04-07 11:00:00,66782.81,67379.29,66574.74,66820.66,11630
2023-04-07 12:00:00,66895.92,67127.29,66677.18,66993.31,8680
2023-04-07 13:00:00,67108.23,67358.87,66731.03,66864.76,18439
2023-04-07 14:00:00,66896.92,66924.9,66604.87,66751.89,9926
2023-04-07 15:00:00,66772.41,66893.08,65819.25,66531.16,6734
2023-04-07 16:00:00,66511.29,66762.89,66496.37,66629.63,12437
2023-04-07 17:00:00,66663.22,66930.84,66663.22,66796.81,5618
2023-04-07 18:00:00,66651.26,67164.92,66042.79,66896.38,7814
2023-04-07 19:00:00,66878.46,67379.62,66878.46,67245.13,6738
2023-04-07 20:00:00,67020.12,67913.26,66838.02,67244.97,9124
2023-04-07 21:00:00,67316.62,67518.98,66913.72,67384.22,8785
2023-04-07 22:00:00,67293.16,67293.16,67092.23,67158.84,11864
2023-04-07 23:00:00,67163.62,67215.08,66543.1,67080.92,9350
2023-04-08 00:00:00,66939.49,67330.78,66729.11,67228.11,18657
2023-04-08 01:00:00,67398.33,67616.22,67398.33,67405.78,10145
2023-04-08 02:00:00,67252.65,67529.21,66804.39,67345.99,11306
2023-04-08 03:00:00,67420.27,67592.3,67198.71,67333.38,7896
2023-04-08 04:00:00,67403.15,67565.98,66889.27,67023.32,20189
2023-04-08 05:00:00,67080.14,67774.28,66823.63,66957.55,13959
2023-04-08 06:00:00,67025.18,67174.38,66775.75,67149.39,7805
2023-04-08 07:00:00,67119.31,67654.93,67119.31,67273.66,10193
2023-04-08 08:00:00,67282.39,67979.36,67204.32,67381.49,11118
2023-04-08 09:00:00,67416.89,67737.1,67093.13,67395.65,7311
2023-04-08 10:00:00,67443.14,67535.89,66995.32,67401.08,10525
2023-04-08 11:00:00,67430.51,67430.51,67134.84,67269.37,9276
2023-04-08 12:00:00,67121.37,67554.43,66968.64,67419.59,10662
2023-04-08 13:00:00,67406.68,67645.32,67157.29,67510.3,13783
2023-04-08 14:00:00,67638.45,68100.48,67395.55,67615.04,5477
2023-04-08 15:00:00,67625.47,68281.29,67373.47,67508.48,7719
2023-04-08 16:00:00,67135.47,67135.47,67049.18,67066.48,12283
2023-04-08 17:00:00,67086.12,67436.82,66818.7,67302.22,12800
2023-04-08 18:00:00,67305.56,67413.14,67076.12,67210.54,10068
2023-04-08 19:00:00,67074.52,67445.07,66907.56,67041.65,7168
2023-04-08 20:00:00,67060.28,67301.53,67060.28,67194.67,9737
2023-04-08 21:00:00,67211.78,67510.41,66988.02,67122.27,14275
2023-04-08 22:00:00,67239.31,67485.2,66916.26,67350.5,10115
2023-04-08 23:00:00,67268.57,67620.16,66881.1,67485.19,10167
2023-04-09 00:00:00,67524.16,67977.19,67329.01,67632.05,8841
2023-04-09 01:00:00,67592.22,67925.97,67218.25,67352.95,11753
2023-04-09 02:00:00,67450.93,67935.62,67450.93,67611.56,11682
2023-04-09 03:00:00,67632.02,67730.76,67535.85,67671.19,8935
2023-04-09 04:00:00,67697.07,68545.72,67361.55,67599.7,10616
2023-04-09 05:00:00,67570.28,67800.01,67570.28,67636.63,12018
2023-04-09 06:00:00,67411.12,67411.12,66681.75,67276.57,6928
2023-04-09 07:00:00,67452.17,67509.32,66799.1,67374.57,5875
2023-04-09 08:00:00,67309.4,67309.4,66532.73,67175.05,8861
2023-04-09 09:00:00,66969.45,66969.45,66779.64,66913.47,9738
2023-04-09 10:00:00,66924.04,66924.04,66128.92,66622.66,9069
2023-04-09 11:00:00,66642.93,67189.33,66642.93,66876.06,15055
2023-04-09 12:00:00,66785.98,67593.41,66517.56,66770.99,15729
2023-04-09 13:00:00,66857.28,67881.8,66857.28,67109.59,9947
2023-04-09 14:00:00,67153.33,67153.33,66730.44,67019.3,9601
2023-04-09 15:00:00,66823.39,66823.39,66639.0,66690.01,9900
2023-04-09 16:00:00,66621.92,66621.92,65979.32,66488.94,10457
2023-04-09 17:00:00,66605.31,66903.24,66605.31,66769.7,8002
2023-04-09 18:00:00,66767.57,67313.65,66630.12,66763.64,10445
2023-04-09 19:00:00,66683.58,66875.64,66624.22,66678.12,12958
2023-04-09 20:00:00,66629.34,67046.18,66460.55,66739.78,12976
2023-04-09 21:00:00,66701.28,67026.28,66460.03,66870.95,12755
2023-04-09 22:00:00,66978.34,67260.25,66817.26,67126.0,9612
2023-04-09 23:00:00,67311.15,67731.18,67311.15,67446.04,8851
2023-04-10 00:00:00,67541.09,67551.64,67254.24,67389.01,9848
2023-04-10 01:00:00,67318.79,67318.79,67013.03,67133.57,13964
2023-04-10 02:00:00,67105.89,67481.27,66544.01,67070.78,9379
2023-04-10 03:00:00,67196.89,67777.04,66873.37,67146.99,8457
2023-04-10 04:00:00,67024.88,67024.88,66916.08,66971.9,9421
2023-04-10 05:00:00,66934.36,66934.36,66130.15,66800.76,6488
2023-04-10 06:00:00,66703.01,67033.79,66703.01,66899.99,9055
2023-04-10 07:00:00,66819.5,67052.57,66266.52,66918.73,7309
2023-04-10 08:00:00,66882.15,67297.22,66820.99,66954.9,8407
2023-04-10 09:00:00,66825.47,66904.21,66294.54,66828.28,6105
2023-04-10 10:00:00,66759.07,66946.12,66678.87,66812.49,4154
2023-04-10 11:00:00,66678.45,66678.45,65977.57,66654.57,9873
2023-04-10 12:00:00,66657.81,67088.11,66657.81,66870.68,6564
2023-04-10 13:00:00,67052.6,67293.14,66980.12,67114.35,9353
2023-04-10 14:00:00,66924.64,66924.64,66713.35,66763.29,8746
2023-04-10 15:00:00,66796.33,67013.7,66159.83,66606.27,13570
2023-04-10 16:00:00,66467.74,66467.74,65979.31,66335.07,12150
2023-04-10 17:00:00,66301.13,66748.15,66108.15,66240.64,19431
2023-04-10 18:00:00,66212.58,66503.4,65153.82,66263.79,8720
2023-04-10 19:00:00,66373.02,66443.81,65677.51,66009.56,12146
2023-04-10 20:00:00,65932.77,65998.75,65627.81,65867.02,10622
2023-04-10 21:00:00,65840.11,65842.57,65536.03,65711.15,9647
2023-04-10 22:00:00,65520.48,66607.94,65499.07,65803.22,13855
2023-04-10 23:00:00,65734.04,66363.94,65083.4,65867.57,11512
2023-04-11 00:00:00,65869.33,66123.73,65572.56,65771.27,7602
2023-04-11 01:00:00,65724.89,65988.32,65724.89,65856.6,10649
2023-04-11 02:00:00,65867.95,65947.23,65665.28,65796.87,10527
2023-04-11 03:00:00,65870.37,65926.97,65351.26,65795.38,12239
2023-04-11 04:00:00,65807.88,66318.68,65517.75,66186.31,4301
2023-04-11 05:00:00,66372.88,66638.9,66372.88,66505.89,11689
2023-04-11 06:00:00,66432.0,66576.29,65505.19,66285.76,9253
2023-04-11 07:00:00,66414.94,66635.1,66197.78,66502.1,8555
2023-04-11 08:00:00,66579.13,66810.34,66579.13,66712.55,7849
2023-04-11 09:00:00,66654.32,66654.32,66338.36,66521.28,9193
2023-04-11 10:00:00,66582.06,66735.21,66212.88,66734.66,9139
2023-04-11 11:00:00,66668.07,67480.31,66555.25,67092.14,9655
2023-04-11 12:00:00,67048.81,67062.08,66766.07,66899.87,12649
2023-04-11 13:00:00,66804.41,67066.76,66521.51,66753.87,12596
2023-04-11 14:00:00,66799.21,67140.66,66799.21,67006.65,9543
2023-04-11 15:00:00,66844.13,67187.87,66654.57,67104.12,15533
2023-04-11 16:00:00,67090.61,67311.8,67018.3,67258.85,14065
2023-04-11 17:00:00,67243.01,68156.55,67214.73,67368.38,7205
2023-04-11 18:00:00,67287.96,67622.29,66746.11,67487.32,5419
2023-04-11 19:00:00,67461.85,67776.22,67174.29,67248.0,14169
2023-04-11 20:00:00,67052.94,67637.0,67050.42,67502.0,13037
2023-04-11 21:00:00,67603.51,67914.91,67580.8,67779.35,15283
2023-04-11 22:00:00,67687.46,67957.9,67677.37,67763.5,16663
2023-04-11 23:00:00,67722.14,67939.24,67607.7,67786.57,14398
2023-04-12 00:00:00,67763.38,67763.38,67365.25,67500.25,9541
2023-04-12 01:00:00,67545.45,68129.12,67545.45,67643.27,7486
2023-04-12 02:00:00,67809.61,68046.0,67661.6,67797.2,5872
2023-04-12 03:00:00,67827.27,68029.77,67764.46,67818.49,13545
2023-04-12 04:00:00,67715.25,68490.2,67578.91,68085.1,11282
2023-04-12 05:00:00,67923.95,68552.44,67884.79,68045.01,7369
2023-04-12 06:00:00,68057.05,68609.8,67881.45,68193.02,13903
2023-04-12 07:00:00,68139.54,68144.57,67677.75,68008.55,11232
2023-04-12 08:00:00,68007.99,68475.53,67377.5,68034.8,13005
2023-04-12 09:00:00,67910.73,68165.49,67805.63,68029.44,8321
2023-04-12 10:00:00,67993.13,68244.62,67972.19,68108.41,7915
2023-04-12 11:00:00,67992.22,68366.07,67537.93,68061.35,15811
2023-04-12 12:00:00,68170.32,68824.47,67680.73,68066.28,11212
2023-04-12 13:00:00,68224.65,68407.99,67781.49,68271.45,6540
2023-04-12 14:00:00,68433.34,69115.32,67830.54,68210.55,9272
2023-04-12 15:00:00,68352.76,68355.51,67771.53,67907.35,8665
2023-04-12 16:00:00,68077.45,68443.95,68077.45,68307.33,10925
2023-04-12 17:00:00,68489.33,68763.84,68489.33,68626.58,5988
2023-04-12 18:00:00,68629.58,69017.21,68232.27,68380.99,14137
2023-04-12 19:00:00,68334.85,69030.89,68115.63,68556.34,7277
2023-04-12 20:00:00,68596.67,68616.46,68452.36,68479.5,12671
2023-04-12 21:00:00,68568.2,69166.5,68428.24,68565.37,5362
2023-04-12 22:00:00,68519.2,68767.64,68519.2,68656.51,10381
2023-04-12 23:00:00,68694.49,69002.37,68566.89,68636.02,12019
2023-04-13 00:00:00,68688.21,68763.2,67845.51,68501.98,11039
2023-04-13 01:00:00,68527.69,68527.69,68254.12,68390.9,6675
2023-04-13 02:00:00,68332.97,68371.29,67856.92,68234.82,10997
2023-04-13 03:00:00,68236.16,68236.16,67963.77,68099.97,12161
2023-04-13 04:00:00,68071.78,68345.62,67991.42,68127.68,8079
2023-04-13 05:00:00,68057.77,68588.81,67913.6,68020.46,8846
2023-04-13 06:00:00,68070.92,68343.75,68070.92,68207.34,10589
2023-04-13 07:00:00,68319.53,68989.43,67980.58,68561.23,8480
2023-04-13 08:00:00,68667.94,69247.29,68176.15,68477.93,4793
2023-04-13 09:00:00,68272.39,68705.82,68272.39,68568.69,12235
2023-04-13 10:00:00,68567.05,69015.9,68200.48,68712.99,12872
2023-04-13 11:00:00,68678.45,68987.06,68248.26,68849.36,10196
2023-04-13 12:00:00,68898.65,69089.21,68762.87,68900.68,12326
2023-04-13 13:00:00,68930.03,69230.46,68930.03,69092.28,15688
2023-04-13 14:00:00,69180.63,69487.66,68809.56,69225.65,11879
2023-04-13 15:00:00,69131.7,69131.7,68678.54,68993.72,14596
2023-04-13 16:00:00,69071.28,69480.62,69071.28,69209.7,11167
2023-04-13 17:00:00,69221.65,70044.68,69108.09,69429.19,6742
2023-04-13 18:00:00,69318.71,69435.17,68984.4,69296.58,14891
2023-04-13 19:00:00,69316.0,69475.19,69197.85,69336.52,10107
2023-04-13 20:00:00,69316.11,70186.75,68597.64,69513.32,7334
2023-04-13 21:00:00,69515.12,69637.5,68916.36,69498.5,8054
2023-04-13 22:00:00,69480.4,70247.52,69480.4,69756.8,9264
2023-04-13 23:00:00,69945.11,70468.05,69945.11,70288.34,13784
2023-04-14 00:00:00,70151.52,70151.52,69806.62,70138.08,11013
2023-04-14 01:00:00,70002.79,70002.79,69723.34,69863.06,10653
2023-04-14 02:00:00,69841.92,70028.46,69616.47,69954.37,6966
2023-04-14 03:00:00,70046.33,70331.38,69993.1,70133.37,8975
2023-04-14 04:00:00,70100.1,70651.99,69965.77,70105.98,12310
2023-04-14 05:00:00,70115.56,70581.97,69830.95,70441.09,7564
2023-04-14 06:00:00,70543.14,71025.36,70149.21,70170.93,10174
2023-04-14 07:00:00,70197.7,70483.47,69967.53,70342.79,8343
2023-04-14 08:00:00,70343.31,70656.72,70093.42,70233.89,5827
2023-04-14 09:00:00,70519.31,71383.96,70347.61,70627.09,12255
2023-04-14 10:00:00,71005.98,71222.05,71005.98,71075.98,13671
2023-04-14 11:00:00,71045.34,71953.53,70042.0,70921.54,9773
2023-04-14 12:00:00,70962.27,71308.76,70675.76,70817.4,19207
2023-04-14 13:00:00,70952.4,71288.72,70952.4,71021.19,14490
2023-04-14 14:00:00,70890.07,71029.64,70809.72,70951.62,9221
2023-04-14 15:00:00,70917.98,70968.33,70773.99,70958.78,14084
2023-04-14 16:00:00,70814.31,71123.43,70215.51,70981.46,13634
2023-04-14 17:00:00,70723.59,70723.59,70497.04,70582.42,12933
2023-04-14 18:00:00,70742.62,70742.62,70462.92,70604.13,9186
2023-04-14 19:00:00,70489.87,70547.26,70338.26,70479.22,9843
2023-04-14 20:00:00,70295.41,70618.15,70187.9,70399.84,11692
2023-04-14 21:00:00,70598.01,70880.96,70598.01,70739.49,10282
2023-04-14 22:00:00,70632.46,70632.46,69596.61,70491.48,8191
2023-04-14 23:00:00,70628.14,71371.82,70468.47,70693.46,8964
2023-04-15 00:00:00,70609.32,71061.57,70214.25,70656.89,5810
2023-04-15 01:00:00,70739.28,70939.42,70492.29,70620.86,10755
2023-04-15 02:00:00,70725.93,71674.64,70660.14,70816.5,9131
2023-04-15 03:00:00,70807.03,71053.83,70770.18,70912.01,12930
2023-04-15 04:00:00,71026.28,71382.26,70589.5,71056.23,7716
2023-04-15 05:00:00,71142.82,71699.84,71142.82,71285.39,14287
2023-04-15 06:00:00,71195.91,71568.61,71085.03,71227.48,10687
2023-04-15 07:00:00,71012.31,71252.17,70967.73,71109.95,9052
2023-04-15 08:00:00,71034.7,71034.7,70751.13,70892.91,12292
2023-04-15 09:00:00,70754.54,71891.82,70086.15,70736.98,7659
2023-04-15 10:00:00,70858.2,71655.53,70858.2,71402.36,12508
2023-04-15 11:00:00,71359.68,71835.44,71111.39,71692.05,9339
2023-04-15 12:00:00,71614.59,71948.63,70906.19,71409.84,12076
2023-04-15 13:00:00,71460.09,71611.23,70998.97,71141.25,10630
2023-04-15 14:00:00,71111.93,71669.27,70971.46,71271.03,5938
2023-04-15 15:00:00,71354.1,71914.55,71266.92,71413.21,4314
2023-04-15 16:00:00,71574.03,71754.26,71064.51,71554.76,12039
2023-04-15 17:00:00,71597.4,71809.14,71165.62,71519.19,7610
2023-04-15 18:00:00,71696.01,71696.01,71112.9,71513.56,15740
2023-04-15 19:00:00,71606.26,72166.47,70914.02,71609.09,10581
2023-04-15 20:00:00,71608.37,72260.05,71539.61,71650.62,10758
2023-04-15 21:00:00,71328.91,71328.91,70727.15,71186.54,14215
2023-04-15 22:00:00,71015.59,71203.4,70939.63,71166.19,15657
2023-04-15 23:00:00,71209.62,71581.63,71008.04,71012.69,16152
2023-04-16 00:00:00,71125.76,71227.54,70580.0,71085.37,13513
2023-04-16 01:00:00,71381.9,71912.35,71381.9,71768.81,11621
2023-04-16 02:00:00,71839.5,72343.09,71282.39,71872.88,6547
2023-04-16 03:00:00,71969.2,71969.2,71681.9,71825.55,9359
2023-04-16 04:00:00,71906.51,72089.56,71906.51,72050.61,9902
2023-04-16 05:00:00,71979.93,72942.69,71844.61,72175.98,12945
2023-04-16 06:00:00,72033.16,72429.75,72021.29,72285.18,10756
2023-04-16 07:00:00,72378.13,72673.51,72289.14,72434.01,11844
2023-04-16 08:00:00,72661.39,73252.19,72661.39,72904.14,7282
2023-04-16 09:00:00,72804.5,72804.5,72513.86,72659.18,9722
2023-04-16 10:00:00,72582.29,73347.34,72319.2,72777.09,7866
2023-04-16 11:00:00,72693.37,72985.78,71847.85,72582.63,10991
2023-04-16 12:00:00,72341.85,72868.39,72288.68,72722.94,12308
2023-04-16 13:00:00,72581.68,72677.23,71955.77,72532.17,8850
2023-04-16 14:00:00,72310.95,72600.78,72310.95,72455.87,8823
2023-04-16 15:00:00,72478.92,72659.93,71938.0,72407.87,7905
2023-04-16 16:00:00,72152.5,73360.66,72058.87,72642.55,7003
2023-04-16 17:00:00,72724.51,73206.99,72604.44,72861.69,11734
2023-04-16 18:00:00,72605.18,72605.18,72217.69,72595.25,17611
2023-04-16 19:00:00,72686.81,73067.44,72478.56,72623.81,9853
2023-04-16 20:00:00,72617.18,72627.36,72330.68,72482.39,9813
2023-04-16 21:00:00,72370.34,72370.34,71337.93,72221.64,9950
2023-04-16 22:00:00,72135.12,72339.58,72135.12,72195.19,11886
2023-04-16 23:00:00,72177.76,72651.39,72004.4,72148.69,8850
2023-04-17 00:00:00,72252.73,72720.71,72252.73,72707.26,9686
2023-04-17 01:00:00,72695.4,72963.18,72224.3,72817.55,8852
2023-04-17 02:00:00,72667.22,72667.22,72377.13,72522.17,13481
2023-04-17 03:00:00,72558.17,72558.17,72179.74,72413.34,7102
2023-04-17 04:00:00,72596.26,73131.6,71966.31,72657.75,8826
2023-04-17 05:00:00,72990.51,74089.8,72990.51,73136.78,8139
2023-04-17 06:00:00,73070.19,73070.19,72510.65,72788.03,6198
2023-04-17 07:00:00,72430.45,72430.45,71802.06,72380.9,13508
2023-04-17 08:00:00,72707.13,73274.52,72707.13,72813.38,10713
2023-04-17 09:00:00,72826.38,73390.38,72500.45,72911.53,9628
2023-04-17 10:00:00,72978.16,73489.46,72581.78,72727.23,6077
2023-04-17 11:00:00,72709.38,73135.14,72590.48,72859.89,6320
2023-04-17 12:00:00,72428.69,72428.69,72045.14,72284.12,8460
2023-04-17 13:00:00,72251.94,72393.44,72162.04,72306.66,9657
2023-04-17 14:00:00,72368.67,72580.2,71744.97,72400.54,8239
2023-04-17 15:00:00,72611.5,72834.04,72553.34,72625.99,6741
2023-04-17 16:00:00,72556.46,72917.6,72273.62,72418.46,12084
2023-04-17 17:00:00,72444.69,73212.48,71992.43,72459.24,11302
2023-04-17 18:00:00,72477.31,72667.24,72132.12,72276.67,11826
2023-04-17 19:00:00,72225.03,72504.31,72195.92,72359.6,6979
2023-04-17 20:00:00,72238.62,72238.62,72058.41,72187.45,6859
2023-04-17 21:00:00,72242.47,72270.96,71982.45,72126.71,13153
2023-04-17 22:00:00,72081.83,72596.75,71896.45,71938.14,10453
2023-04-17 23:00:00,71988.11,72870.74,71971.49,72115.72,11847
2023-04-18 00:00:00,72241.62,72790.04,72127.53,72336.8,13620
2023-04-18 01:00:00,72171.79,72645.86,71993.17,72313.6,12579
2023-04-18 02:00:00,72191.04,72638.25,71894.63,72351.89,12330
2023-04-18 03:00:00,72205.16,72205.16,71942.02,72061.04,11911
2023-04-18 04:00:00,72120.18,72120.18,71409.68,72030.74,14424
2023-04-18 05:00:00,72085.85,72085.85,72003.59,72055.39,11093
2023-04-18 06:00:00,72523.35,72756.91,72523.35,72668.69,6842
2023-04-18 07:00:00,72634.19,72929.55,72097.63,72447.38,8392
2023-04-18 08:00:00,72656.08,72865.19,72656.08,72801.69,17305
2023-04-18 09:00:00,72984.86,73628.24,72984.86,73050.74,9495
2023-04-18 10:00:00,73216.65,74066.47,72774.45,73137.23,10221
2023-04-18 11:00:00,73545.13,73700.91,73545.13,73553.8,9859
2023-04-18 12:00:00,73400.93,74283.4,72880.0,73653.75,10817
2023-04-18 13:00:00,73724.34,74135.78,73608.64,73756.15,7005
2023-04-18 14:00:00,73735.74,74049.61,73735.74,73757.62,9884
2023-04-18 15:00:00,73812.8,74158.26,73607.63,74047.93,7195
2023-04-18 16:00:00,74270.08,74668.23,74270.08,74305.92,7156
2023-04-18 17:00:00,74274.01,74317.33,74039.57,74168.99,24056
2023-04-18 18:00:00,74149.76,74252.59,73676.22,73878.52,7065
2023-04-18 19:00:00,73869.85,74256.89,73600.11,73847.96,10302
2023-04-18 20:00:00,73940.67,73977.95,72885.8,73683.55,7892
2023-04-18 21:00:00,73863.13,73863.13,73540.46,73687.83,6075
2023-04-18 22:00:00,73855.34,74218.46,73855.34,73986.43,12835
2023-04-18 23:00:00,73884.6,74159.39,73741.9,73899.03,11329
2023-04-19 00:00:00,73842.06,74408.92,73729.03,73908.41,8813
2023-04-19 01:00:00,74008.72,74236.63,73735.89,73941.48,8697
2023-04-19 02:00:00,74051.93,74302.78,74051.93,74154.47,12737
2023-04-19 03:00:00,73885.76,73885.76,73658.35,73662.28,10597
2023-04-19 04:00:00,73567.13,73699.37,72927.68,73552.26,8501
2023-04-19 05:00:00,73411.98,74261.67,73218.33,73628.39,10555
2023-04-19 06:00:00,73610.58,74158.42,73541.46,73926.93,13690
2023-04-19 07:00:00,73812.85,74284.63,73812.85,73840.25,23817
2023-04-19 08:00:00,73711.29,74009.81,73392.6,73442.05,13531
2023-04-19 09:00:00,73328.47,73668.5,73328.47,73613.67,7024
2023-04-19 10:00:00,73689.29,73866.07,73353.52,73500.52,12311
2023-04-19 11:00:00,73463.38,73463.38,72911.06,73264.94,12967
2023-04-19 12:00:00,73241.3,73382.79,73015.38,73161.7,7492
2023-04-19 13:00:00,73152.7,73375.0,72974.35,73158.94,14690
2023-04-19 14:00:00,73327.32,73547.77,72374.14,73063.8,4472
2023-04-19 15:00:00,73043.03,73532.42,72300.02,72611.73,10111
2023-04-19 16:00:00,72642.24,73205.79,72642.24,72860.91,15032
2023-04-19 17:00:00,72941.86,73596.96,72655.73,73191.1,11902
2023-04-19 18:00:00,73230.1,73416.94,73230.1,73376.86,9450
2023-04-19 19:00:00,73296.24,73296.24,72139.87,73158.71,12501
2023-04-19 20:00:00,73264.57,73366.83,72512.2,73154.74,9211
2023-04-19 21:00:00,73047.77,73340.54,73047.77,73194.16,13149
2023-04-19 22:00:00,73192.57,73514.57,73192.57,73367.83,6977
2023-04-19 23:00:00,73493.8,73948.68,73468.65,73555.16,9938
2023-04-20 00:00:00,73617.7,74379.13,73293.61,73425.22,6739
2023-04-20 01:00:00,73433.4,73499.4,73433.4,73482.01,10614
2023-04-20 02:00:00,73495.07,73770.09,73442.38,73622.85,7078
2023-04-20 03:00:00,73643.19,74423.45,73199.57,73987.56,17380
2023-04-20 04:00:00,74029.96,74628.03,74029.96,74178.32,17171
2023-04-20 05:00:00,74125.49,75069.02,73879.5,74385.04,14825
2023-04-20 06:00:00,74273.04,75252.55,73780.84,74427.7,9677
2023-04-20 07:00:00,74560.08,74921.86,74554.41,74772.31,6587
2023-04-20 08:00:00,74956.25,75151.53,74463.35,74884.05,8469
2023-04-20 09:00:00,74970.67,75438.55,74278.85,74703.8,10977
2023-04-20 10:00:00,74740.01,75224.42,74553.87,75045.98,8941
2023-04-20 11:00:00,75107.61,75373.28,75072.38,75222.83,12222
2023-04-20 12:00:00,75194.78,75227.62,74846.33,75134.62,11108
2023-04-20 13:00:00,75045.29,75480.87,74803.7,75039.03,12568
2023-04-20 14:00:00,74798.69,75360.91,74411.79,75124.25,11172
2023-04-20 15:00:00,75167.54,75397.82,75167.54,75247.32,10462
2023-04-20 16:00:00,75354.59,75403.64,75155.34,75305.95,15029
2023-04-20 17:00:00,75316.31,75624.11,75239.0,75389.78,15616
2023-04-20 18:00:00,75163.77,75995.43,75088.78,75792.8,17185
2023-04-20 19:00:00,76004.02,76437.79,76004.02,76045.91,6109
2023-04-20 20:00:00,76130.58,76195.82,75781.23,76090.33,8145
2023-04-20 21:00:00,76221.52,76461.99,75664.82,76309.38,8049
2023-04-20 22:00:00,76103.71,76103.71,76053.46,76064.47,6011
2023-04-20 23:00:00,76121.21,76310.3,75910.04,76157.99,9434
2023-04-21 00:00:00,75981.46,76957.15,75793.55,76579.08,20436
2023-04-21 01:00:00,76503.3,77174.02,76366.93,76519.97,9321
2023-04-21 02:00:00,76542.41,76542.41,76161.42,76314.05,11883
2023-04-21 03:00:00,76329.65,76329.65,76006.31,76158.63,10246
2023-04-21 04:00:00,76035.31,76056.85,75638.53,75905.04,9964
2023-04-21 05:00:00,75878.82,75984.8,74680.74,75727.32,7097
2023-04-21 06:00:00,75678.89,76047.38,75640.64,75650.68,11812
2023-04-21 07:00:00,75762.28,75762.28,75032.01,75335.89,8271
2023-04-21 08:00:00,75240.59,76082.15,75054.69,75357.13,9068
2023-04-21 09:00:00,75431.42,75733.75,75431.42,75582.58,15324
2023-04-21 10:00:00,75535.75,75535.75,75234.21,75384.98,10954
2023-04-21 11:00:00,75645.2,75778.31,75645.2,75752.19,6502
2023-04-21 12:00:00,75666.4,76033.51,75469.4,75881.75,14769
2023-04-21 13:00:00,75825.89,76361.41,75635.46,76130.62,8768
2023-04-21 14:00:00,76037.67,76111.96,75386.88,75982.5,12631
2023-04-21 15:00:00,75982.8,76481.59,75908.68,76189.48,9998
2023-04-21 16:00:00,76095.87,76095.87,75888.41,75939.52,6304
2023-04-21 17:00:00,76011.92,76339.12,75411.23,76155.74,12708
2023-04-21 18:00:00,75933.87,76221.68,75933.87,76202.51,13625
2023-04-21 19:00:00,76372.43,76810.94,76185.46,76338.13,6942
2023-04-21 20:00:00,76166.99,76600.73,75916.4,76068.54,9560
2023-04-21 21:00:00,75795.39,75973.63,75718.35,75870.09,17327
2023-04-21 22:00:00,75870.35,76211.96,75870.35,76022.39,11707
2023-04-21 23:00:00,75963.88,75963.88,75453.52,75812.26,11013
2023-04-22 00:00:00,75727.28,76085.96,75727.28,75934.1,7725
2023-04-22 01:00:00,75777.73,75777.73,75610.15,75626.47,19078
2023-04-22 02:00:00,75720.99,75989.94,75686.59,75838.27,8466
2023-04-22 03:00:00,75715.47,75715.47,74968.45,75564.34,10732
2023-04-22 04:00:00,75558.44,76400.37,75558.44,75709.86,7971
2023-04-22 05:00:00,75703.39,76541.8,75393.25,75870.47,6061
2023-04-22 06:00:00,75683.51,76342.32,74843.32,75722.26,13741
2023-04-22 07:00:00,75716.94,76755.31,75545.3,75872.14,13266
2023-04-22 08:00:00,75816.89,76272.27,75590.13,75945.52,6302
2023-04-22 09:00:00,75895.64,76138.05,75572.21,75831.06,7435
2023-04-22 10:00:00,75760.43,75760.43,75592.78,75609.21,9155
2023-04-22 11:00:00,75250.41,75250.41,74656.91,75171.19,10146
2023-04-22 12:00:00,75172.26,75627.11,75172.26,75276.66,7098
2023-04-22 13:00:00,75089.88,75089.88,74790.12,74940.0,8929
2023-04-22 14:00:00,74853.54,75141.85,74356.52,74991.87,16748
2023-04-22 15:00:00,75113.68,75407.84,74558.4,74960.98,9650
2023-04-22 16:00:00,75076.59,75830.32,74996.6,75146.9,10335
2023-04-22 17:00:00,74939.94,75566.13,74884.25,75104.47,8307
2023-04-22 18:00:00,75207.38,75207.38,74603.5,75057.26,14142
2023-04-22 19:00:00,75103.7,75629.27,75103.7,75254.21,12566
2023-04-22 20:00:00,75340.59,75902.57,74372.26,75357.86,6530
2023-04-22 21:00:00,75304.82,75606.65,75304.82,75455.74,8147
2023-04-22 22:00:00,75435.34,76151.95,75257.98,75588.57,9507
2023-04-22 23:00:00,75600.08,75600.08,74954.18,75256.6,8793
2023-04-23 00:00:00,75470.84,75804.91,75339.26,75459.06,8926
2023-04-23 01:00:00,75568.23,75789.57,75479.77,75625.37,7234
2023-04-23 02:00:00,75594.57,75673.22,74334.56,75411.84,13963
2023-04-23 03:00:00,75352.01,75530.74,75213.83,75379.98,7741
2023-04-23 04:00:00,75413.11,75951.42,74814.81,75395.63,10981
2023-04-23 05:00:00,75289.89,75542.14,75218.0,75391.36,11773
2023-04-23 06:00:00,75362.77,75647.19,75154.34,75496.2,14087
2023-04-23 07:00:00,75703.34,76130.42,75703.34,75855.05,11906
2023-04-23 08:00:00,75977.2,76244.13,75977.2,76129.46,6011
2023-04-23 09:00:00,75945.99,75996.32,75769.34,75842.1,7720
2023-04-23 10:00:00,76032.41,76162.05,75858.01,76010.03,9404
2023-04-23 11:00:00,76285.56,76752.54,76285.56,76340.92,8251
2023-04-23 12:00:00,76349.55,76601.94,76101.66,76448.24,21334
2023-04-23 13:00:00,76315.85,76959.54,76193.52,76718.75,14945
2023-04-23 14:00:00,77200.27,77355.74,77200.27,77201.34,6839
2023-04-23 15:00:00,77250.6,77891.29,76995.86,77448.03,11764
2023-04-23 16:00:00,77527.74,77931.05,77181.94,77508.0,7591
2023-04-23 17:00:00,77600.55,77911.58,77600.55,77756.06,8410
2023-04-23 18:00:00,77762.1,77942.47,76840.65,77786.9,16425
2023-04-23 19:00:00,77784.05,77973.55,77428.84,77788.69,19233
2023-04-23 20:00:00,77791.97,78197.65,77142.1,77701.64,11112
2023-04-23 21:00:00,77917.09,78229.38,77917.09,78073.24,6419
2023-04-23 22:00:00,78073.12,78131.47,77608.77,77871.18,8052
2023-04-23 23:00:00,78076.75,78247.85,78076.75,78233.22,7580
2023-04-24 00:00:00,78251.68,78500.38,77786.28,78343.69,8321
2023-04-24 01:00:00,78152.94,78152.94,77556.17,77996.95,12780
2023-04-24 02:00:00,77970.64,78315.42,77868.85,78081.33,8669
2023-04-24 03:00:00,78120.68,78120.68,77420.63,77575.78,12429
2023-04-24 04:00:00,77686.67,77789.02,77180.55,77730.17,7852
2023-04-24 05:00:00,77770.88,78461.36,77443.15,77943.51,7357
2023-04-24 06:00:00,77975.43,78307.09,77135.33,77800.65,9529
2023-04-24 07:00:00,77751.72,78100.7,77459.42,77831.55,10529
2023-04-24 08:00:00,77789.69,78455.52,77708.86,78298.93,9166
2023-04-24 09:00:00,78259.64,78327.78,78015.09,78171.44,9395
2023-04-24 10:00:00,78069.91,78069.91,77758.26,77914.08,7991
2023-04-24 11:00:00,78101.52,78934.78,78001.0,78268.14,11179
2023-04-24 12:00:00,78164.99,79004.92,77611.68,78733.38,10427
2023-04-24 13:00:00,78647.31,79026.15,78053.12,78719.62,11860
2023-04-24 14:00:00,78865.79,79106.53,78759.29,78948.63,11284
2023-04-24 15:00:00,78851.3,79611.47,78295.83,79254.06,18992
2023-04-24 16:00:00,79075.06,79075.06,78892.94,79051.05,9214
2023-04-24 17:00:00,79096.28,79334.05,78713.23,78914.21,7913
2023-04-24 18:00:00,78851.2,79353.72,78642.03,79195.33,9538
2023-04-24 19:00:00,79375.82,80193.51,79375.82,79583.29,10570
2023-04-24 20:00:00,79598.9,79853.77,79461.5,79694.39,12635
2023-04-24 21:00:00,79612.05,79612.05,78485.25,79453.14,11230
2023-04-24 22:00:00,79685.1,80090.01,79685.1,79914.77,8839
2023-04-24 23:00:00,79768.55,79894.14,79543.98,79754.87,9562
2023-04-25 00:00:00,79719.21,79862.01,79486.63,79645.92,10667
2023-04-25 01:00:00,79810.28,80273.16,79165.07,79704.57,17087
2023-04-25 02:00:00,79899.1,80287.87,79623.6,80058.1,12822
2023-04-25 03:00:00,80216.74,80506.54,80075.76,80236.23,9051
2023-04-25 04:00:00,80272.06,80635.34,80272.06,80304.54,6601
2023-04-25 05:00:00,80363.92,80545.34,79652.09,80384.57,7018
2023-04-25 06:00:00,80556.73,80672.12,80200.73,80361.45,5832
2023-04-25 07:00:00,80220.53,80628.31,79944.79,80467.37,6182
2023-04-25 08:00:00,80046.94,80046.94,79651.78,79811.4,8800
2023-04-25 09:00:00,79798.41,79861.07,79607.89,79719.45,12816
2023-04-25 10:00:00,79497.44,80154.51,79386.41,79760.76,15938
2023-04-25 11:00:00,79531.46,79621.7,79352.24,79462.77,10009
2023-04-25 12:00:00,79821.07,79821.07,79361.09,79546.54,8417
2023-04-25 13:00:00,79465.56,80018.32,79435.01,79486.32,12750
2023-04-25 14:00:00,79744.97,80085.41,79744.97,79904.78,10567
2023-04-25 15:00:00,80112.8,80412.61,80112.8,80273.35,7749
2023-04-25 16:00:00,80212.37,80212.37,79975.03,80135.3,7546
2023-04-25 17:00:00,80095.11,80512.78,79917.55,80077.7,10196
2023-04-25 18:00:00,80018.0,80074.2,79407.14,80041.75,10239
2023-04-25 19:00:00,80052.3,80073.97,79521.92,79914.14,14433
2023-04-25 20:00:00,79889.01,80075.75,79260.28,79948.36,8468
2023-04-25 21:00:00,79623.3,80187.21,79389.29,79749.8,30507
2023-04-25 22:00:00,79565.41,79753.91,79258.11,79464.61,6485
2023-04-25 23:00:00,79548.3,79819.51,79495.21,79613.61,10782
2023-04-26 00:00:00,79601.65,79919.63,78621.92,79760.11,8604
2023-04-26 01:00:00,79571.61,79712.74,79394.53,79553.63,12046
2023-04-26 02:00:00,79665.08,79924.65,79573.96,79765.12,9092
2023-04-26 03:00:00,79793.5,80444.48,79441.14,79600.34,11905
2023-04-26 04:00:00,79652.55,80274.4,79611.41,79655.22,8546
2023-04-26 05:00:00,79939.87,80007.92,79109.2,79848.23,11078
2023-04-26 06:00:00,79758.46,79981.54,79670.65,79830.31,11965
2023-04-26 07:00:00,79858.73,80200.62,79858.73,79933.05,7521
2023-04-26 08:00:00,79932.7,79955.75,79275.29,79796.16,6323
2023-04-26 09:00:00,79780.88,79899.11,79549.04,79739.63,10614
2023-04-26 10:00:00,79754.79,79905.56,79523.3,79682.66,8965
2023-04-26 11:00:00,79676.73,79769.48,79335.83,79494.82,12420
2023-04-26 12:00:00,79508.04,79828.61,79106.5,79448.67,16215
2023-04-26 13:00:00,79394.63,79394.63,78482.86,79070.92,5411
2023-04-26 14:00:00,78911.82,79244.92,78801.3,78959.22,10490
2023-04-26 15:00:00,79110.8,79487.81,78743.42,78901.23,5784
2023-04-26 16:00:00,78783.07,79267.59,78081.09,78851.87,12849
2023-04-26 17:00:00,78741.97,79100.41,78650.32,78807.93,15624
2023-04-26 18:00:00,78680.24,79290.28,78652.12,78809.74,14327
2023-04-26 19:00:00,78883.68,79066.6,78488.13,78942.09,11956
2023-04-26 20:00:00,79156.93,79327.55,79010.87,79169.21,11999
2023-04-26 21:00:00,78985.14,79414.33,78904.4,79024.2,10369
2023-04-26 22:00:00,78987.53,79020.84,78308.94,78749.32,4968
2023-04-26 23:00:00,78676.73,78676.73,78362.65,78519.69,7610
2023-04-27 00:00:00,78458.42,78729.47,78272.79,78429.65,12271
2023-04-27 01:00:00,78278.77,78597.63,78217.67,78374.42,7223
2023-04-27 02:00:00,78367.8,78552.26,78018.41,78219.2,11998
2023-04-27 03:00:00,78098.49,78098.49,77228.46,77942.61,8989
2023-04-27 04:00:00,78006.18,78006.18,77716.25,77872.0,11835
2023-04-27 05:00:00,77772.25,78267.89,77569.96,77956.15,7065
2023-04-27 06:00:00,77888.56,78294.35,77888.56,78138.07,10690
2023-04-27 07:00:00,78208.79,78208.79,77669.28,78042.94,4830
2023-04-27 08:00:00,78070.87,78084.76,76925.96,77985.47,12637
2023-04-27 09:00:00,77786.8,77962.8,77145.54,77807.19,10206
2023-04-27 10:00:00,77764.24,77960.72,77515.41,77846.57,7506
2023-04-27 11:00:00,77708.23,78320.15,77553.5,77691.36,8113
2023-04-27 12:00:00,77774.25,78031.98,77720.48,77876.23,9690
2023-04-27 13:00:00,77849.28,78324.28,77341.43,77496.42,9041
2023-04-27 14:00:00,77569.13,77569.13,76898.55,77463.05,7444
2023-04-27 15:00:00,77432.43,78123.53,77432.43,77587.6,17384
2023-04-27 16:00:00,77530.69,77837.31,77421.04,77681.94,13470
2023-04-27 17:00:00,77826.37,78730.95,77526.87,78371.15,11972
2023-04-27 18:00:00,78218.34,78650.92,78134.93,78493.93,9667
2023-04-27 19:00:00,78440.89,78578.47,77937.94,78290.71,6223
2023-04-27 20:00:00,78294.36,78663.61,77396.74,78309.84,5834
2023-04-27 21:00:00,78177.76,78177.76,77690.34,77926.27,13160
2023-04-27 22:00:00,77919.46,78557.45,77157.42,77956.09,18324
2023-04-27 23:00:00,77946.77,78081.86,77282.24,77806.74,8992
2023-04-28 00:00:00,77920.59,78232.9,77920.59,78076.75,6767
2023-04-28 01:00:00,77889.18,78195.32,77561.27,77994.07,6585
2023-04-28 02:00:00,77940.49,78172.59,77761.99,78016.55,7536
2023-04-28 03:00:00,78011.23,78011.23,77759.05,77914.88,13589
2023-04-28 04:00:00,78225.3,78536.68,78225.3,78382.06,8722
2023-04-28 05:00:00,78346.06,78617.34,77674.43,78349.52,11379
2023-04-28 06:00:00,78670.82,79288.49,78452.98,78834.99,9595
2023-04-28 07:00:00,78911.07,79227.35,78911.07,79069.21,10827
2023-04-28 08:00:00,79261.23,79292.4,79123.04,79220.48,10650
2023-04-28 09:00:00,79266.17,79502.02,77872.3,79343.34,7475
2023-04-28 10:00:00,79238.49,79672.99,78942.49,79470.24,8064
2023-04-28 11:00:00,79188.67,79188.67,78872.55,79030.61,7029
2023-04-28 12:00:00,79155.38,79158.98,78898.75,79000.98,13782
2023-04-28 13:00:00,79085.43,79402.41,79085.43,79243.92,9503
2023-04-28 14:00:00,79492.69,79678.79,78287.94,79267.26,15099
2023-04-28 15:00:00,79259.16,79428.74,78382.17,78961.96,12913
2023-04-28 16:00:00,79069.79,79149.58,78690.47,78991.6,6418
2023-04-28 17:00:00,78879.76,79802.76,78579.9,79445.58,8903
2023-04-28 18:00:00,79460.54,80206.41,79291.73,79782.68,8301
2023-04-28 19:00:00,79645.03,79844.6,79636.16,79795.75,12676
2023-04-28 20:00:00,79650.02,80295.71,79608.41,80055.92,7270
2023-04-28 21:00:00,80128.4,80150.19,79696.23,79990.21,9217
2023-04-28 22:00:00,79752.97,79752.97,79328.87,79597.75,12252
2023-04-28 23:00:00,79565.28,79565.28,79067.45,79406.46,6805
2023-04-29 00:00:00,79524.45,80091.46,79524.45,79825.29,16420
2023-04-29 01:00:00,79825.97,80043.05,79630.87,79790.45,11506
2023-04-29 02:00:00,79797.01,79797.01,79322.42,79764.91,11391
2023-04-29 03:00:00,79621.2,80178.95,79621.2,79725.23,7902
2023-04-29 04:00:00,79760.23,80774.33,79279.07,80226.8,9952
2023-04-29 05:00:00,80563.52,81204.59,80563.52,80654.27,8128
2023-04-29 06:00:00,81191.51,81275.76,81191.51,81223.17,10503
2023-04-29 07:00:00,81265.14,81355.84,81019.6,81193.46,6099
2023-04-29 08:00:00,81204.17,81439.09,81091.29,81278.23,9683
2023-04-29 09:00:00,81071.98,81071.98,80278.34,80910.16,11926
2023-04-29 10:00:00,81029.77,81494.18,81029.77,81292.58,10060
2023-04-29 11:00:00,81227.29,81485.7,80097.19,81011.67,6325
2023-04-29 12:00:00,81057.96,81169.76,80507.89,81079.87,10535
2023-04-29 13:00:00,81121.03,81532.69,80558.39,80820.52,8616
2023-04-29 14:00:00,80854.54,80854.54,80531.77,80693.16,12481
2023-04-29 15:00:00,80795.44,80795.44,79911.97,80506.38,12111
2023-04-29 16:00:00,80610.55,81353.38,79721.12,80379.83,11959
2023-04-29 17:00:00,80390.95,80390.95,80113.14,80273.68,7604
2023-04-29 18:00:00,80217.27,80367.74,79587.1,80169.92,12387
2023-04-29 19:00:00,80246.98,81007.34,80246.98,80408.16,11325
2023-04-29 20:00:00,80422.21,80666.9,79213.52,80165.44,9596
2023-04-29 21:00:00,80223.68,80838.49,80151.84,80253.31,8669
2023-04-29 22:00:00,80424.15,80827.68,80424.15,80585.32,10643
2023-04-29 23:00:00,80342.12,80646.81,80219.56,80485.84,8642
2023-04-30 00:00:00,80365.21,80603.02,80178.36,80339.04,11204
2023-04-30 01:00:00,80152.61,81087.39,79843.17,80315.7,11019
2023-04-30 02:00:00,80426.93,80802.09,80101.69,80640.81,17794
2023-04-30 03:00:00,80587.6,80879.74,80208.29,80718.3,8553
2023-04-30 04:00:00,80671.36,81560.0,80182.47,80616.79,16294
2023-04-30 05:00:00,80606.63,81220.06,80606.63,80768.16,8614
2023-04-30 06:00:00,80685.61,80685.61,80363.51,80524.56,8436
2023-04-30 07:00:00,80369.46,80837.94,80369.46,80728.07,8352
2023-04-30 08:00:00,80739.33,81384.01,80298.95,80860.06,6804
2023-04-30 09:00:00,80711.89,81002.51,80365.14,80812.44,12754
2023-04-30 10:00:00,80786.23,81183.46,80040.65,80634.35,10229
2023-04-30 11:00:00,80611.41,80611.41,79703.37,80450.51,7337
2023-04-30 12:00:00,80530.01,81320.82,79892.5,80622.48,9160
2023-04-30 13:00:00,80802.88,81145.48,80802.88,80964.81,12073
2023-04-30 14:00:00,80833.99,81283.87,80678.33,80840.01,8290
2023-04-30 15:00:00,80783.86,81531.66,80675.35,80991.31,13498
2023-04-30 16:00:00,80654.72,80654.72,79945.12,80509.76,11292
2023-04-30 17:00:00,80399.27,80539.37,80039.73,80411.34,12439
2023-04-30 18:00:00,80256.28,80562.72,79931.67,80451.73,11385
2023-04-30 19:00:00,80306.52,80332.56,79307.57,80275.45,9341
2023-04-30 20:00:00,80229.36,80262.62,79768.34,80096.41,6475
2023-04-30 21:00:00,80147.17,80147.17,79827.22,79987.19,12011
2023-04-30 22:00:00,79955.93,80532.98,79955.93,80116.16,10200
2023-04-30 23:00:00,80160.39,80286.45,79488.15,80126.2,13312
2023-05-01 00:00:00,79802.82,79802.82,79474.12,79633.38,8005
2023-05-01 01:00:00,79341.04,79341.04,79024.31,79182.67,12370
2023-05-01 02:00:00,79121.89,79265.83,78957.39,79107.62,6588
2023-05-01 03:00:00,79376.53,79508.21,79134.11,79292.7,10810
2023-05-01 04:00:00,78855.25,78855.25,78189.25,78697.85,7489
2023-05-01 05:00:00,78719.47,79117.2,78528.86,78660.89,6270
2023-05-01 06:00:00,78591.48,78728.22,77866.92,78618.65,13189
2023-05-01 07:00:00,78877.68,79713.67,78877.68,79038.7,16267
2023-05-01 08:00:00,79055.27,79055.27,78384.78,79025.73,11493
2023-05-01 09:00:00,79078.14,79244.72,78998.61,79200.49,10712
2023-05-01 10:00:00,79263.01,79715.95,78895.76,79314.2,10085
2023-05-01 11:00:00,78944.23,78944.23,78551.17,78875.07,6510
2023-05-01 12:00:00,78933.62,79158.63,78933.62,79147.95,8415
2023-05-01 13:00:00,79102.38,80370.43,78641.09,79281.81,7875
2023-05-01 14:00:00,79252.89,79681.25,78954.66,79484.59,8178
2023-05-01 15:00:00,80305.83,81141.66,80305.83,80517.81,13038
2023-05-01 16:00:00,80225.72,80225.72,79261.86,80065.59,17898
2023-05-01 17:00:00,80155.96,80719.72,79834.42,80558.6,8454
2023-05-01 18:00:00,80575.76,81013.12,80004.44,80549.65,16903
2023-05-01 19:00:00,80631.78,80843.78,80521.05,80682.42,6416
2023-05-01 20:00:00,80693.44,81176.06,80515.08,80730.82,11087
2023-05-01 21:00:00,80760.06,80801.37,80469.92,80686.53,12565
2023-05-01 22:00:00,80546.7,80768.29,80445.86,80607.08,12614
2023-05-01 23:00:00,80670.94,81022.81,80043.88,80751.68,7568
2023-05-02 00:00:00,80570.6,81065.43,79938.64,80437.25,15974
2023-05-02 01:00:00,80527.99,80997.27,80527.99,80689.37,5725
2023-05-02 02:00:00,80748.84,81499.48,80405.28,80649.56,12252
2023-05-02 03:00:00,80554.53,80554.53,80275.21,80434.62,9976
2023-05-02 04:00:00,80570.21,80972.72,79429.22,80390.74,6404
2023-05-02 05:00:00,80666.75,81376.25,80666.75,80767.08,9766
2023-05-02 06:00:00,80742.12,80845.97,80155.56,80695.66,19450
2023-05-02 07:00:00,80728.06,81562.17,80286.44,80845.85,10367
2023-05-02 08:00:00,80899.92,80916.65,80119.71,80726.16,13027
2023-05-02 09:00:00,80910.46,81137.6,80813.7,80975.65,11834
2023-05-02 10:00:00,81106.39,81365.72,81106.39,81203.32,11733
2023-05-02 11:00:00,81452.75,82547.24,81407.37,81717.23,11480
2023-05-02 12:00:00,81818.95,81857.15,81555.37,81718.81,8778
2023-05-02 13:00:00,81919.61,82208.04,81919.61,81931.2,10417
2023-05-02 14:00:00,81944.28,82160.86,81129.06,81996.87,10462
2023-05-02 15:00:00,81901.18,82804.27,81901.18,82361.82,7696
2023-05-02 16:00:00,82307.2,82851.11,81720.66,82213.92,9156
2023-05-02 17:00:00,82106.49,82457.18,81935.11,82439.59,15531
2023-05-02 18:00:00,82618.82,82924.67,82260.29,82425.14,4999
2023-05-02 19:00:00,82563.22,82820.13,81980.56,82445.38,8062
2023-05-02 20:00:00,82407.94,82670.56,81725.6,82505.55,13236
2023-05-02 21:00:00,82771.95,82949.68,81911.75,82606.63,12272
2023-05-02 22:00:00,82445.77,83147.83,82445.77,82611.0,7683
2023-05-02 23:00:00,82576.92,83253.63,82149.44,82699.25,9841
2023-05-03 00:00:00,82812.7,83299.08,82748.43,83132.81,12686
2023-05-03 01:00:00,83243.0,84077.81,83243.0,83409.82,11140
2023-05-03 02:00:00,83280.96,84001.24,83167.9,83654.91,8313
2023-05-03 03:00:00,83686.7,83686.7,83061.34,83558.62,10705
2023-05-03 04:00:00,83708.48,83719.48,83235.15,83353.4,10185
2023-05-03 05:00:00,83566.87,84253.67,83566.87,83623.34,16286
2023-05-03 06:00:00,83656.08,84337.76,83656.08,83868.53,8794
2023-05-03 07:00:00,84094.54,84324.83,84094.54,84263.06,16395
2023-05-03 08:00:00,84175.46,84310.7,83947.55,84115.78,10817
2023-05-03 09:00:00,84187.92,84187.92,83516.59,84068.83,7228
2023-05-03 10:00:00,83826.47,83826.47,83628.9,83659.15,6652
2023-05-03 11:00:00,83543.99,84049.05,83377.28,83579.54,7909
2023-05-03 12:00:00,83706.84,84025.72,83690.29,83858.0,6853
2023-05-03 13:00:00,83973.07,84308.05,83288.06,83755.67,8728
2023-05-03 14:00:00,83673.09,84055.65,83580.33,83941.08,15459
2023-05-03 15:00:00,84070.08,84501.83,83700.6,83910.81,6195
2023-05-03 16:00:00,84003.39,84182.51,83941.85,84014.48,10881
2023-05-03 17:00:00,83905.11,83905.11,83086.11,83737.63,20914
2023-05-03 18:00:00,83780.31,84494.54,83616.44,83784.0,11051
2023-05-03 19:00:00,83207.9,83207.9,82875.73,83041.81,12432
2023-05-03 20:00:00,83030.88,83293.91,82888.53,83033.34,10698
2023-05-03 21:00:00,82847.4,83280.18,81941.22,82660.2,11491
2023-05-03 22:00:00,82848.01,83801.22,82848.01,83014.04,8950
2023-05-03 23:00:00,83153.85,83421.9,82799.33,83255.39,10022
2023-05-04 00:00:00,83368.89,83524.43,83368.89,83414.53,16170
2023-05-04 01:00:00,83487.96,84095.59,83438.2,83841.31,13535
2023-05-04 02:00:00,83977.9,84478.88,83297.5,83627.4,10523
2023-05-04 03:00:00,83562.89,84130.16,83562.89,84109.23,8266
2023-05-04 04:00:00,84206.07,85051.56,84206.07,84374.82,5981
2023-05-04 05:00:00,84336.44,84502.8,83786.36,84334.13,14219
2023-05-04 06:00:00,84481.25,84695.86,84481.25,84650.55,9097
2023-05-04 07:00:00,84607.92,84932.91,84212.71,84381.48,13686
2023-05-04 08:00:00,84421.34,84751.06,83679.78,84190.78,12518
2023-05-04 09:00:00,84081.21,84081.21,83891.85,84059.97,10454
2023-05-04 10:00:00,83925.43,84119.64,83738.93,83951.73,9169
2023-05-04 11:00:00,83879.19,83879.19,83544.34,83711.77,13995
2023-05-04 12:00:00,83893.07,84181.81,83893.07,84061.19,10448
2023-05-04 13:00:00,84215.97,85076.52,83589.76,84025.1,11678
2023-05-04 14:00:00,83894.89,84184.52,83397.98,84148.64,14250
2023-05-04 15:00:00,84166.8,84940.34,83814.87,84032.38,12723
2023-05-04 16:00:00,83876.12,83876.12,83430.55,83597.75,10587
2023-05-04 17:00:00,83201.61,83875.65,83101.04,83708.23,14921
2023-05-04 18:00:00,83454.89,83454.89,82860.25,83260.04,8349
2023-05-04 19:00:00,83301.61,83460.43,82746.06,83293.84,10378
2023-05-04 20:00:00,83131.46,83161.92,82262.22,82995.93,17354
2023-05-04 21:00:00,82986.04,84369.12,82986.04,83557.18,10749
2023-05-04 22:00:00,83705.02,84106.19,83705.02,83836.97,11541
2023-05-04 23:00:00,83944.34,84073.74,83765.23,83905.92,8066
2023-05-05 00:00:00,84157.16,84639.87,83810.85,84273.3,6762
2023-05-05 01:00:00,84499.96,84780.14,83205.93,84090.44,7272
2023-05-05 02:00:00,83920.16,84594.61,83399.25,84269.88,13363
2023-05-05 03:00:00,84363.55,85001.55,84195.96,84358.17,13685
2023-05-05 04:00:00,84356.43,84630.83,83676.81,84461.91,8462
2023-05-05 05:00:00,84779.75,85227.85,84779.75,84825.03,12384
2023-05-05 06:00:00,84873.01,85548.56,84873.01,85043.09,12762
2023-05-05 07:00:00,85257.12,85597.98,85133.16,85143.31,11106
2023-05-05 08:00:00,84758.87,84758.87,84058.47,84736.11,11146
2023-05-05 09:00:00,84851.86,85408.42,83494.21,84519.68,9427
2023-05-05 10:00:00,84633.73,84641.64,83978.07,84522.53,12099
2023-05-05 11:00:00,84612.05,84751.19,84391.05,84582.03,10567
2023-05-05 12:00:00,84296.01,84996.04,83959.67,84322.7,10592
2023-05-05 13:00:00,84848.61,85308.58,84848.61,84984.55,5611
2023-05-05 14:00:00,84830.56,85572.49,84797.09,85407.92,10118
2023-05-05 15:00:00,85445.17,86113.08,85445.17,85586.02,9651
2023-05-05 16:00:00,85515.06,86237.67,85451.26,85622.51,8361
2023-05-05 17:00:00,85399.57,85754.98,85161.69,85583.82,18792
2023-05-05 18:00:00,85524.34,85524.34,85182.93,85353.63,10776
2023-05-05 19:00:00,85289.03,85615.83,84633.7,85398.07,16283
2023-05-05 20:00:00,85566.15,85882.44,85245.27,85490.84,12377
2023-05-05 21:00:00,85389.2,85389.2,85017.65,85190.32,8549
2023-05-05 22:00:00,85266.43,85485.08,85266.43,85308.35,10256
2023-05-05 23:00:00,85259.15,85403.31,84695.36,85297.06,4994
2023-05-06 00:00:00,84999.16,84999.16,84155.31,84829.5,5096
2023-05-06 01:00:00,84814.58,84971.08,84475.15,84644.44,11730
2023-05-06 02:00:00,84638.23,84638.23,83734.2,84579.64,12306
2023-05-06 03:00:00,84679.04,85282.78,84679.04,85112.56,24125
2023-05-06 04:00:00,84837.71,85634.62,84305.73,85293.0,12784
2023-05-06 05:00:00,85249.4,86181.86,84614.3,84976.67,11561
2023-05-06 06:00:00,85108.88,85311.35,83910.89,85141.06,8335
2023-05-06 07:00:00,85156.62,85428.05,84228.51,84773.13,13214
2023-05-06 08:00:00,84929.92,85761.15,84929.92,85095.99,12160
2023-05-06 09:00:00,84933.61,85440.6,84259.06,85008.01,5334
2023-05-06 10:00:00,85112.59,85569.51,84614.72,85021.19,11348
2023-05-06 11:00:00,85102.23,85575.46,85102.23,85404.65,8477
2023-05-06 12:00:00,85547.65,85706.03,84930.02,85100.22,10178
2023-05-06 13:00:00,84922.48,85510.44,84606.07,84775.62,14565
2023-05-06 14:00:00,84879.04,85216.78,84500.17,84669.51,9454
2023-05-06 15:00:00,84860.25,86017.73,84860.25,84985.33,11724
2023-05-06 16:00:00,85035.45,85255.51,84413.48,84631.29,10512
2023-05-06 17:00:00,83947.92,83947.92,83383.14,83945.43,15770
2023-05-06 18:00:00,83995.36,84057.05,82344.13,83889.72,11263
2023-05-06 19:00:00,83779.45,84261.33,83525.87,84093.15,8153
2023-05-06 20:00:00,84150.3,85174.59,84150.3,84460.26,14261
2023-05-06 21:00:00,84382.14,84832.18,83476.57,84390.9,11019
2023-05-06 22:00:00,84405.19,84505.08,84167.74,84336.41,8009
2023-05-06 23:00:00,84517.39,84856.13,84517.39,84686.76,11319
2023-05-07 00:00:00,84417.17,84417.17,84022.53,84248.67,9187
2023-05-07 01:00:00,84186.62,84371.52,84034.7,84203.11,9588
2023-05-07 02:00:00,84315.56,84525.99,84140.54,84309.15,12681
2023-05-07 03:00:00,84459.47,84651.0,83979.04,84482.03,7047
2023-05-07 04:00:00,84359.76,84690.17,83747.22,84405.05,16601
2023-05-07 05:00:00,84504.27,84996.26,84300.51,84469.45,9610
2023-05-07 06:00:00,84049.78,84049.78,83478.59,83882.01,17208
2023-05-07 07:00:00,83767.14,83949.05,83321.4,83781.49,13741
2023-05-07 08:00:00,83833.46,84921.07,83833.46,83968.69,10360
2023-05-07 09:00:00,84022.3,84201.61,83617.74,83785.31,11778
2023-05-07 10:00:00,83785.56,84417.22,82950.14,83872.94,11015
2023-05-07 11:00:00,83893.16,84467.17,83740.78,84057.59,8136
2023-05-07 12:00:00,83914.56,84203.98,83867.84,84035.91,9598
2023-05-07 13:00:00,84025.87,84316.92,83980.33,84148.62,9177
2023-05-07 14:00:00,84199.83,84501.16,83798.75,83966.68,9053
2023-05-07 15:00:00,83972.53,84498.66,83137.14,83983.44,18200
2023-05-07 16:00:00,83998.71,84522.91,83998.71,84210.5,8993
2023-05-07 17:00:00,84168.58,84689.42,84148.51,84317.14,4778
2023-05-07 18:00:00,84269.56,84659.31,84061.67,84230.13,6446
2023-05-07 19:00:00,84297.02,84864.72,84185.81,84354.52,16833
2023-05-07 20:00:00,84434.26,85159.44,84434.26,84603.47,11003
2023-05-07 21:00:00,84372.9,84372.9,83855.13,84131.66,10853
2023-05-07 22:00:00,84329.65,84667.65,84329.65,84498.65,9369
2023-05-07 23:00:00,84249.4,84853.99,83868.99,84474.91,9033
2023-05-08 00:00:00,84480.61,84819.21,84480.61,84649.91,15769
2023-05-08 01:00:00,84789.42,85274.7,84789.42,85021.85,10587
2023-05-08 02:00:00,84942.7,84942.7,83969.69,84719.11,8991
2023-05-08 03:00:00,84659.2,84766.48,84351.29,84595.22,10808
2023-05-08 04:00:00,84528.14,84805.52,84510.91,84584.72,7289
2023-05-08 05:00:00,84616.13,84616.13,84278.34,84447.23,14534
2023-05-08 06:00:00,84531.73,85710.25,84531.73,84964.92,10492
2023-05-08 07:00:00,84976.77,85309.16,84438.3,84803.06,10323
2023-05-08 08:00:00,84814.98,85180.76,84719.49,84723.66,10434
2023-05-08 09:00:00,84673.91,85184.38,84673.91,84843.6,7550
2023-05-08 10:00:00,84877.04,85107.4,84446.06,84597.15,12418
2023-05-08 11:00:00,84676.94,84900.14,84098.48,84565.01,10129
2023-05-08 12:00:00,84647.59,84800.99,84548.03,84717.47,10709
2023-05-08 13:00:00,84844.78,85608.36,84530.38,84699.78,21780
2023-05-08 14:00:00,84809.09,84944.5,84314.63,84746.12,9304
2023-05-08 15:00:00,84823.24,84936.65,84048.35,84678.07,6487
2023-05-08 16:00:00,84573.63,84573.63,84098.26,84357.16,5978
2023-05-08 17:00:00,84425.37,84688.71,83982.31,84519.67,10966
2023-05-08 18:00:00,84562.92,85299.76,84457.18,85050.89,5997
2023-05-08 19:00:00,84981.23,85293.28,84774.56,85123.04,13665
2023-05-08 20:00:00,85077.93,85564.78,85077.93,85248.43,11688
2023-05-08 21:00:00,85322.72,85653.13,85322.72,85493.7,13051
2023-05-08 22:00:00,85391.87,85391.87,84806.53,85221.43,14754
2023-05-08 23:00:00,85346.02,85903.01,85346.02,85731.54,5483
2023-05-09 00:00:00,85431.83,85918.63,84987.7,85840.35,9464
2023-05-09 01:00:00,85968.13,86466.18,85968.13,86322.25,7839
2023-05-09 02:00:00,86488.82,87126.08,85901.68,86173.11,6151
2023-05-09 03:00:00,86527.3,86874.11,86527.3,86700.71,7319
2023-05-09 04:00:00,86785.45,87119.24,86771.46,86945.35,10856
2023-05-09 05:00:00,86938.44,87195.96,86431.2,87129.01,6813
2023-05-09 06:00:00,87050.57,87399.47,87050.57,87225.02,12376
2023-05-09 07:00:00,87277.12,88039.31,87017.09,87191.47,8744
2023-05-09 08:00:00,87196.31,87553.32,86396.84,87545.13,9040
2023-05-09 09:00:00,87553.32,87785.61,87339.64,87610.39,8291
2023-05-09 10:00:00,87728.17,88002.83,86934.97,87109.19,10036
2023-05-09 11:00:00,87196.24,87308.18,86237.24,86847.84,9593
2023-05-09 12:00:00,86809.79,87014.11,86571.01,86840.43,20111
2023-05-09 13:00:00,86987.79,87397.73,86792.51,86966.44,10126
2023-05-09 14:00:00,86852.82,87079.26,86049.78,86991.99,12297
2023-05-09 15:00:00,87241.03,87498.66,87241.03,87355.36,11532
2023-05-09 16:00:00,87404.05,87554.87,85910.93,86865.66,15424
2023-05-09 17:00:00,86967.29,87864.42,86488.4,86946.24,15374
2023-05-09 18:00:00,86919.56,86919.56,86330.79,86503.8,11524
2023-05-09 19:00:00,86560.08,86774.05,86431.93,86756.46,8206
2023-05-09 20:00:00,86952.04,86952.04,86605.46,86779.02,5461
2023-05-09 21:00:00,86904.61,87971.87,86575.3,86937.78,14193
2023-05-09 22:00:00,86908.4,87621.63,86206.21,86750.64,9929
2023-05-09 23:00:00,86962.88,87258.41,86962.88,87137.15,6215
2023-05-10 00:00:00,87107.31,87469.16,86572.37,87455.92,12480
2023-05-10 01:00:00,87419.87,87651.97,87225.26,87647.17,10566
2023-05-10 02:00:00,87943.7,88110.8,87469.03,87644.32,10554
2023-05-10 03:00:00,87594.47,88387.13,86941.83,87832.81,9346
2023-05-10 04:00:00,87818.65,87846.98,87197.16,87671.64,8666
2023-05-10 05:00:00,87934.79,89227.78,87873.32,87934.42,15648
2023-05-10 06:00:00,88158.31,88419.5,88158.31,88408.59,9661
2023-05-10 07:00:00,88456.27,88897.16,88277.28,88719.72,11215
2023-05-10 08:00:00,88834.26,88902.9,88246.95,88536.33,9413
2023-05-10 09:00:00,88623.56,89474.29,87650.15,88653.18,11597
2023-05-10 10:00:00,88493.99,88493.99,87911.22,88317.35,13293
2023-05-10 11:00:00,88479.4,88671.69,88479.4,88494.7,14027
2023-05-10 12:00:00,88459.6,88814.15,88459.6,88636.88,15510
2023-05-10 13:00:00,88385.77,88385.77,87559.58,88148.77,13799
2023-05-10 14:00:00,88040.12,88040.12,87688.66,87864.39,12008
2023-05-10 15:00:00,87717.68,88091.57,87334.29,87823.77,12309
2023-05-10 16:00:00,87880.1,88305.9,87777.25,87778.98,13352
2023-05-10 17:00:00,87470.64,88307.18,86489.89,87491.13,16762
2023-05-10 18:00:00,87453.38,87812.5,86945.93,87637.22,6152
2023-05-10 19:00:00,87606.55,87856.77,87106.61,87744.2,10961
2023-05-10 20:00:00,87778.16,87857.32,87311.0,87729.75,13716
2023-05-10 21:00:00,87969.9,88459.9,87216.75,87565.56,13307
2023-05-10 22:00:00,87489.74,88064.46,87126.21,87888.69,15776
2023-05-10 23:00:00,87858.51,88436.31,87352.94,88370.58,5681
2023-05-11 00:00:00,88390.42,88443.68,87769.18,88267.15,13691
2023-05-11 01:00:00,88217.93,88671.05,87399.27,88131.37,10281
2023-05-11 02:00:00,87924.93,88457.53,87924.93,88296.83,7226
2023-05-11 03:00:00,88335.05,88335.05,86737.52,88230.34,6663
2023-05-11 04:00:00,88198.59,88762.85,88198.59,88225.49,13521
2023-05-11 05:00:00,88169.67,89019.86,88070.28,88458.64,14125
2023-05-11 06:00:00,88141.66,88326.35,87794.65,87970.59,10399
2023-05-11 07:00:00,88089.2,88541.28,88089.2,88364.55,17112
2023-05-11 08:00:00,88351.89,88592.27,87941.03,88415.44,7491
2023-05-11 09:00:00,88431.62,88988.51,88041.66,88334.52,12110
2023-05-11 10:00:00,88326.17,88581.3,87754.73,88344.77,7742
2023-05-11 11:00:00,88191.81,88676.59,88191.81,88368.54,6377
2023-05-11 12:00:00,88217.2,88217.2,87366.29,87933.91,11185
2023-05-11 13:00:00,88201.97,88555.49,88201.97,88378.73,10032
2023-05-11 14:00:00,88426.94,88426.94,87939.14,88424.04,11006
2023-05-11 15:00:00,88506.28,89203.84,88371.93,88577.5,11379
2023-05-11 16:00:00,88689.19,89235.29,88689.19,88866.93,20047
2023-05-11 17:00:00,88843.39,89262.71,87893.6,88613.85,11410
2023-05-11 18:00:00,88719.79,89057.57,88595.93,88773.48,6670
2023-05-11 19:00:00,88694.13,89507.62,88265.35,88729.92,8371
2023-05-11 20:00:00,88641.6,89580.21,88615.53,88989.45,8978
2023-05-11 21:00:00,88609.68,88609.68,87832.38,88432.81,9316
2023-05-11 22:00:00,88599.52,88969.09,88394.55,88439.44,13760
2023-05-11 23:00:00,88364.74,88364.74,88052.52,88309.87,5261
2023-05-12 00:00:00,88286.97,88642.67,88133.75,88465.74,11779
2023-05-12 01:00:00,88534.56,89080.9,87657.99,88630.09,10607
2023-05-12 02:00:00,88611.1,88984.47,88293.94,88470.88,14645
2023-05-12 03:00:00,88490.42,88490.42,87673.0,88313.79,9042
2023-05-12 04:00:00,88365.92,88692.17,88146.57,88323.22,10682
2023-05-12 05:00:00,88296.93,88296.93,87182.21,88120.68,13909
2023-05-12 06:00:00,88309.24,88527.8,88285.59,88391.08,15297
2023-05-12 07:00:00,88189.73,88765.06,88132.25,88329.62,8343
2023-05-12 08:00:00,87735.08,87735.08,86984.31,87582.99,17898
2023-05-12 09:00:00,87685.38,88396.29,87369.28,87535.82,8105
2023-05-12 10:00:00,87655.67,88149.66,86436.83,87312.47,11830
2023-05-12 11:00:00,87110.66,87110.66,86594.3,86936.79,7279
2023-05-12 12:00:00,86849.45,86849.45,86502.75,86676.1,5280
2023-05-12 13:00:00,86713.78,87757.9,86514.66,86779.68,6453
2023-05-12 14:00:00,87022.43,87985.41,87022.43,87205.47,14574
2023-05-12 15:00:00,87178.26,88141.92,86838.21,87355.12,8407
2023-05-12 16:00:00,87495.21,87870.18,87125.89,87256.94,14153
2023-05-12 17:00:00,87381.4,87620.18,87270.4,87445.29,8984
2023-05-12 18:00:00,87526.1,87785.12,87074.63,87385.41,9017
2023-05-12 19:00:00,87328.76,87713.7,87028.47,87263.83,10626
2023-05-12 20:00:00,87231.12,88343.48,86493.03,87022.55,8281
2023-05-12 21:00:00,86670.4,86670.4,86456.81,86630.07,10005
2023-05-12 22:00:00,86608.98,87268.78,86435.74,86608.96,6311
2023-05-12 23:00:00,86611.85,87317.66,86539.61,86733.59,8756
2023-05-13 00:00:00,86702.78,87339.37,86663.93,86788.19,6957
2023-05-13 01:00:00,86821.44,87434.22,86732.91,86757.02,4523
2023-05-13 02:00:00,86676.53,86833.17,86234.42,86588.17,12603
2023-05-13 03:00:00,86745.27,87374.92,86745.27,86835.08,7396
2023-05-13 04:00:00,86650.33,86650.33,86336.78,86567.35,12497
2023-05-13 05:00:00,86686.9,86917.09,86686.9,86860.62,19147
2023-05-13 06:00:00,87009.96,87728.61,86380.07,86677.06,9037
2023-05-13 07:00:00,86509.93,87219.35,86236.69,86564.94,3476
2023-05-13 08:00:00,86420.31,86420.31,86115.36,86265.83,10200
2023-05-13 09:00:00,86222.18,86876.3,85793.63,86228.46,13724
2023-05-13 10:00:00,86328.99,86756.85,86328.99,86583.68,15262
2023-05-13 11:00:00,86754.42,86867.13,86754.42,86813.05,6412
2023-05-13 12:00:00,86936.28,87369.68,86732.06,87162.85,12404
2023-05-13 13:00:00,87298.58,87557.2,86712.7,87386.75,9848
2023-05-13 14:00:00,87347.15,87347.15,86310.16,87172.8,6887
2023-05-13 15:00:00,87172.75,88163.13,86543.01,87172.12,10489
2023-05-13 16:00:00,87197.08,87226.19,85913.51,87052.08,8043
2023-05-13 17:00:00,87187.53,87806.57,87187.53,87498.19,16261
2023-05-13 18:00:00,87279.56,87307.39,86814.2,87260.08,9441
2023-05-13 19:00:00,87314.59,88009.9,87132.28,87585.6,9628
2023-05-13 20:00:00,87764.99,88081.11,87764.99,87905.3,10458
2023-05-13 21:00:00,87947.33,88513.39,87947.33,88473.69,9610
2023-05-13 22:00:00,88546.02,89377.66,88249.41,88426.26,9545
2023-05-13 23:00:00,88340.4,88861.14,88095.43,88683.77,9387
2023-05-14 00:00:00,89356.73,89615.65,89356.73,89360.99,14162
2023-05-14 01:00:00,89378.92,89378.92,89072.02,89236.46,10850
2023-05-14 02:00:00,89059.85,89643.24,88686.31,88864.04,9769
2023-05-14 03:00:00,88668.11,88668.11,88231.63,88408.45,7556
2023-05-14 04:00:00,88599.18,89107.78,88599.18,88666.88,9396
2023-05-14 05:00:00,88621.54,88857.39,87612.55,88216.06,8745
2023-05-14 06:00:00,88075.13,88884.59,88034.67,88185.94,7534
2023-05-14 07:00:00,88297.25,89385.76,88198.84,88375.59,10081
2023-05-14 08:00:00,88475.41,89360.49,87789.41,88494.29,8764
2023-05-14 09:00:00,88498.06,88842.12,88498.06,88675.41,8865
2023-05-14 10:00:00,88776.93,88866.38,87737.73,88797.85,7402
2023-05-14 11:00:00,88972.26,90218.75,88822.06,89205.13,5887
2023-05-14 12:00:00,89379.55,89557.33,88819.39,88997.39,6458
2023-05-14 13:00:00,89017.2,89047.63,88833.84,88869.89,11010
2023-05-14 14:00:00,88843.31,88843.31,88543.55,88720.99,10387
2023-05-14 15:00:00,88891.88,89460.25,88767.09,89011.59,12910
2023-05-14 16:00:00,88876.83,89493.31,88800.48,89314.68,22997
2023-05-14 17:00:00,89224.17,90015.05,88982.37,89490.73,12922
2023-05-14 18:00:00,89683.82,90499.07,89683.82,89863.55,11070
2023-05-14 19:00:00,89738.66,89893.84,88934.23,89580.39,11415
2023-05-14 20:00:00,90038.06,90433.88,90038.06,90083.99,15720
2023-05-14 21:00:00,90525.76,90721.68,90525.76,90540.6,9113
2023-05-14 22:00:00,90826.97,91093.4,90381.95,90771.31,10351
2023-05-14 23:00:00,90907.16,91748.82,90907.16,91289.47,6908
2023-05-15 00:00:00,91248.24,91560.38,90656.59,90838.27,7804
2023-05-15 01:00:00,90808.01,91059.77,90238.88,90714.19,6880
2023-05-15 02:00:00,90863.15,90896.86,90361.76,90536.81,9729
2023-05-15 03:00:00,90686.33,90902.61,89858.39,90766.55,13129
2023-05-15 04:00:00,90601.19,90783.39,89687.36,90500.19,8533
2023-05-15 05:00:00,90585.48,91405.48,90585.48,90739.14,11384
2023-05-15 06:00:00,90871.4,91326.81,90656.9,91144.52,12770
2023-05-15 07:00:00,91265.24,92079.63,91072.61,91356.19,8429
2023-05-15 08:00:00,91359.46,91618.55,91041.56,91450.19,6831
2023-05-15 09:00:00,91300.32,91368.19,91004.58,91186.96,6752
2023-05-15 10:00:00,91152.51,91152.51,90788.63,90970.57,9313
2023-05-15 11:00:00,91165.44,91648.02,91165.44,91345.9,8647
2023-05-15 12:00:00,91291.51,91795.54,91012.32,91585.77,11296
2023-05-15 13:00:00,91689.24,91775.18,91408.81,91591.99,6867
2023-05-15 14:00:00,91674.06,91674.06,90933.55,91491.07,11700
2023-05-15 15:00:00,91169.56,91169.56,90423.13,90942.09,8972
2023-05-15 16:00:00,90854.47,90854.47,90238.35,90673.12,8013
2023-05-15 17:00:00,91056.82,91763.83,91056.82,91239.3,7842
2023-05-15 18:00:00,91231.43,91615.33,90253.92,90905.34,18770
2023-05-15 19:00:00,91019.98,91663.15,90750.92,90988.99,9850
2023-05-15 20:00:00,90969.98,91992.48,90185.63,91300.24,5444
2023-05-15 21:00:00,91313.25,91313.25,90604.67,90974.28,12610
2023-05-15 22:00:00,91026.23,91114.39,90617.16,91056.78,8435
2023-05-15 23:00:00,91166.63,91610.07,91166.63,91349.33,8830
2023-05-16 00:00:00,91432.68,91524.61,91194.14,91376.9,14086
2023-05-16 01:00:00,92018.81,92798.54,92018.81,92203.22,11269
2023-05-16 02:00:00,91923.24,91923.24,91612.28,91739.76,11895
2023-05-16 03:00:00,91870.65,92301.57,91870.65,92054.76,4216
2023-05-16 04:00:00,92087.76,92114.41,90972.86,92018.02,9171
2023-05-16 05:00:00,92058.64,93088.94,92058.64,92249.36,13389
2023-05-16 06:00:00,92303.83,92528.56,91899.52,92383.7,16293
2023-05-16 07:00:00,92764.91,92814.12,92142.12,92183.49,8278
2023-05-16 08:00:00,92392.98,92444.11,92043.25,92259.59,7593
2023-05-16 09:00:00,92242.82,92744.3,90875.31,91744.69,10818
2023-05-16 10:00:00,91854.32,92119.69,91403.0,91935.82,15478
2023-05-16 11:00:00,91920.19,92221.61,91836.07,92037.53,10393
2023-05-16 12:00:00,92250.46,92379.82,91422.27,92234.59,14171
2023-05-16 13:00:00,92150.28,92781.42,92066.08,92547.09,4702
2023-05-16 14:00:00,92566.23,93084.15,92473.33,92658.65,9792
2023-05-16 15:00:00,92589.22,93040.68,92072.84,92706.91,9573
2023-05-16 16:00:00,92675.05,93029.24,92277.06,92461.98,7393
2023-05-16 17:00:00,92329.14,92563.32,92087.16,92271.7,13084
2023-05-16 18:00:00,92195.06,93457.69,92195.06,92622.99,12158
2023-05-16 19:00:00,92911.1,93466.19,92853.11,93039.19,10586
2023-05-16 20:00:00,93072.9,93158.67,92721.69,92972.73,14703
2023-05-16 21:00:00,92781.5,93186.29,92539.51,92989.66,11916
2023-05-16 22:00:00,93052.7,94412.71,92366.13,92737.23,8628
2023-05-16 23:00:00,92984.68,93268.2,92984.68,93082.04,4914
2023-05-17 00:00:00,93172.21,94233.08,93172.21,93277.44,8860
2023-05-17 01:00:00,93742.2,94285.73,93742.2,93833.1,13843
2023-05-17 02:00:00,93715.32,94399.44,93386.16,93573.31,8483
2023-05-17 03:00:00,93486.56,93894.54,92854.19,93462.25,11547
2023-05-17 04:00:00,93435.25,94189.25,93342.45,93529.51,11548
2023-05-17 05:00:00,93441.56,94098.79,93441.56,93715.26,7645
2023-05-17 06:00:00,93465.48,94211.52,93017.7,93649.62,10002
2023-05-17 07:00:00,93609.11,94289.19,91942.54,93397.37,12383
2023-05-17 08:00:00,93282.39,93840.56,93282.39,93653.25,7539
2023-05-17 09:00:00,93483.79,93971.97,93104.39,93860.36,10021
2023-05-17 10:00:00,94002.63,94811.73,93405.76,93592.95,12978
2023-05-17 11:00:00,93832.71,94171.17,93832.71,93983.2,12923
2023-05-17 12:00:00,94330.41,94677.53,94249.8,94312.02,12876
2023-05-17 13:00:00,94162.89,94487.41,94023.74,94338.19,20408
2023-05-17 14:00:00,94646.79,95311.58,94099.88,94347.59,12280
2023-05-17 15:00:00,94404.01,94595.03,94305.77,94494.76,12919
2023-05-17 16:00:00,94418.4,94418.4,93603.64,94229.94,16784
2023-05-17 17:00:00,94311.54,95111.92,94040.72,94229.18,11693
2023-05-17 18:00:00,93787.33,93787.33,93074.81,93600.13,9171
2023-05-17 19:00:00,93670.83,94046.27,93670.83,93858.55,5499
2023-05-17 20:00:00,93612.92,93612.92,93225.67,93412.5,7491
2023-05-17 21:00:00,93487.54,94043.34,92832.56,93855.63,8952
2023-05-17 22:00:00,93835.89,93898.8,93302.98,93765.61,6946
2023-05-17 23:00:00,93659.3,94127.54,92831.99,93713.1,13581
2023-05-18 00:00:00,93981.46,93981.46,93355.39,93542.47,10052
2023-05-18 01:00:00,93480.26,93764.05,93082.99,93474.59,7386
2023-05-18 02:00:00,93766.56,94215.44,93766.56,93898.23,10266
2023-05-18 03:00:00,93840.58,93861.45,92926.22,93193.46,7833
2023-05-18 04:00:00,93395.64,93769.97,93395.64,93582.8,7651
2023-05-18 05:00:00,93802.1,93802.1,93298.59,93697.06,9113
2023-05-18 06:00:00,93986.17,94753.15,93113.3,93366.64,13506
2023-05-18 07:00:00,93511.66,93511.66,92895.03,93081.19,12375
2023-05-18 08:00:00,93098.16,94845.65,93098.16,93588.82,8378
2023-05-18 09:00:00,93515.09,94353.93,93151.25,93337.92,4980
2023-05-18 10:00:00,93227.28,93227.28,92331.04,93034.35,7363
2023-05-18 11:00:00,93203.82,93577.38,93203.82,93390.6,15430
2023-05-18 12:00:00,93461.91,93699.14,92755.38,93511.76,8916
2023-05-18 13:00:00,93397.83,93457.97,93046.12,93265.09,6192
2023-05-18 14:00:00,93167.97,93613.21,93167.97,93354.68,10577
2023-05-18 15:00:00,93366.74,93998.51,92771.72,93088.59,10318
2023-05-18 16:00:00,92950.45,93622.48,92737.64,93435.61,11459
2023-05-18 17:00:00,93578.82,94367.43,93578.82,93766.35,14020
2023-05-18 18:00:00,93687.74,94351.4,93687.74,93939.65,7930
2023-05-18 19:00:00,94044.96,94249.84,94044.96,94061.72,7256
2023-05-18 20:00:00,93914.45,94999.75,93696.79,94586.44,8370
2023-05-18 21:00:00,94503.3,95107.88,94404.98,94594.17,14941
2023-05-18 22:00:00,94563.77,94563.77,94078.26,94260.88,9576
2023-05-18 23:00:00,94218.62,94877.28,94218.62,94407.43,9542
2023-05-19 00:00:00,94814.08,96022.24,94814.08,95023.38,14349
2023-05-19 01:00:00,94798.29,94798.29,94429.11,94727.77,14555
2023-05-19 02:00:00,94585.91,94819.07,94032.23,94629.81,9657
2023-05-19 03:00:00,94758.9,94949.51,94758.9,94759.99,13057
2023-05-19 04:00:00,94712.26,95442.75,94562.64,94752.15,10339
2023-05-19 05:00:00,94564.79,94564.79,93613.66,94477.3,9796
2023-05-19 06:00:00,94763.64,95008.62,94763.64,94818.99,5406
2023-05-19 07:00:00,94916.74,95695.36,94916.74,95504.35,13058
2023-05-19 08:00:00,95532.3,96170.55,95532.3,95559.74,16788
2023-05-19 09:00:00,95640.95,95877.89,95101.27,95291.9,9033
2023-05-19 10:00:00,95102.96,95102.96,93669.77,94842.86,17186
2023-05-19 11:00:00,94984.93,95278.13,94690.77,94929.96,11165
2023-05-19 12:00:00,94987.6,95453.77,94987.6,95263.24,10719
2023-05-19 13:00:00,95217.79,95599.43,95217.79,95408.61,7886
2023-05-19 14:00:00,95283.34,95650.49,95283.34,95412.69,8610
2023-05-19 15:00:00,95056.53,95577.83,95056.53,95247.02,12147
2023-05-19 16:00:00,95058.1,95058.1,94441.03,94937.15,9022
2023-05-19 17:00:00,95173.34,95747.64,94680.57,95196.11,12072
2023-05-19 18:00:00,95366.01,95844.14,95114.91,95472.67,15013
2023-05-19 19:00:00,95215.83,95215.83,94440.56,95025.78,13376
2023-05-19 20:00:00,95036.99,95660.47,94897.45,95503.04,15955
2023-05-19 21:00:00,95518.73,95981.46,94845.54,95676.76,12751
2023-05-19 22:00:00,95897.58,96334.19,95897.58,96089.76,9914
2023-05-19 23:00:00,95996.61,95996.61,94610.81,95690.96,9202
2023-05-20 00:00:00,95409.75,95409.75,94773.7,95295.38,7170
2023-05-20 01:00:00,95205.82,95456.67,94957.82,95266.13,11093
2023-05-20 02:00:00,95365.23,95461.35,95237.52,95428.38,12306
2023-05-20 03:00:00,95772.54,95991.11,95772.54,95964.47,8153
2023-05-20 04:00:00,95967.47,96765.86,95967.47,96171.49,19529
2023-05-20 05:00:00,96517.87,96805.79,95809.07,96095.62,13032
2023-05-20 06:00:00,96074.76,96074.76,95600.93,95792.51,12203
2023-05-20 07:00:00,95892.56,96280.96,95892.56,96159.66,15616
2023-05-20 08:00:00,96033.11,96065.41,95681.92,95873.66,9909
2023-05-20 09:00:00,95972.86,96517.37,95841.7,96356.31,10183
2023-05-20 10:00:00,96255.7,96461.78,96047.15,96269.24,8516
2023-05-20 11:00:00,96340.61,96930.98,96251.26,96737.5,10320
2023-05-20 12:00:00,96734.37,98010.7,96734.37,96928.23,7866
2023-05-20 13:00:00,97093.38,97657.3,96729.66,96874.16,11398
2023-05-20 14:00:00,96914.74,96914.74,96336.96,96709.2,9485
2023-05-20 15:00:00,96885.33,97421.01,95745.14,96601.08,5784
2023-05-20 16:00:00,96381.36,97077.34,96289.75,96724.01,5485
2023-05-20 17:00:00,96636.65,96934.23,96470.42,96740.75,7357
2023-05-20 18:00:00,96839.3,97436.96,95734.6,96559.69,7769
2023-05-20 19:00:00,96649.47,96703.22,95958.43,96510.2,6674
2023-05-20 20:00:00,96397.18,96949.52,95828.08,96535.04,11357
2023-05-20 21:00:00,96639.28,97132.55,95225.9,95906.79,9449
2023-05-20 22:00:00,95863.38,96138.45,95863.38,96055.49,7144
2023-05-20 23:00:00,96163.55,96265.53,95588.29,95779.85,6687
2023-05-21 00:00:00,95482.53,95482.53,95269.56,95460.48,10722
2023-05-21 01:00:00,95031.13,95031.13,94803.74,94993.73,8354
2023-05-21 02:00:00,94697.45,94697.45,93716.68,94508.43,15468
2023-05-21 03:00:00,94168.51,94168.51,93975.79,94164.12,11531
2023-05-21 04:00:00,94158.13,94202.69,93515.1,94014.66,5587
2023-05-21 05:00:00,94353.38,94711.97,94353.38,94635.38,8435
2023-05-21 06:00:00,94801.04,95159.18,93370.03,94530.12,7742
2023-05-21 07:00:00,94559.92,94971.92,94521.69,94632.55,9721
2023-05-21 08:00:00,94773.99,94987.16,94133.71,94797.57,8369
2023-05-21 09:00:00,94919.66,95124.2,93961.91,94883.65,6743
2023-05-21 10:00:00,95028.04,95584.23,94169.71,94908.31,10093
2023-05-21 11:00:00,94653.15,94653.15,94418.0,94607.21,8993
2023-05-21 12:00:00,94248.58,95755.11,94162.21,95080.89,14778
2023-05-21 13:00:00,95459.57,95842.17,95459.57,95650.87,7123
2023-05-21 14:00:00,95496.3,95736.81,94729.82,95191.1,7411
2023-05-21 15:00:00,95057.53,95125.65,94823.15,94935.78,9959
2023-05-21 16:00:00,94718.91,95110.63,94216.71,94903.52,21593
2023-05-21 17:00:00,94936.06,94936.06,94483.38,94672.72,9207
2023-05-21 18:00:00,94934.61,95237.01,94655.36,94875.13,12866
2023-05-21 19:00:00,94904.08,94904.08,94580.37,94714.65,7098
2023-05-21 20:00:00,95205.65,95894.76,95205.65,95396.44,8139
2023-05-21 21:00:00,95344.95,96572.55,95344.95,95784.99,13330
2023-05-21 22:00:00,95946.57,96418.71,95635.25,95882.17,14362
2023-05-21 23:00:00,96109.89,96469.51,96024.29,96216.72,5544
2023-05-22 00:00:00,96169.86,96762.96,95300.04,96569.82,7097
2023-05-22 01:00:00,96315.62,96617.37,96231.67,96424.52,10455
2023-05-22 02:00:00,96443.44,96551.64,95885.17,96209.47,5180
2023-05-22 03:00:00,96070.73,96455.78,96070.73,96263.26,16652
2023-05-22 04:00:00,96125.82,96739.5,95593.33,96546.4,14338
2023-05-22 05:00:00,96557.07,96661.59,96469.52,96609.18,9864
2023-05-22 06:00:00,96443.56,97003.23,95971.06,96163.38,9340
2023-05-22 07:00:00,95945.88,96999.57,95808.97,95958.85,6502
2023-05-22 08:00:00,95826.23,96645.13,95780.84,95972.78,12610
2023-05-22 09:00:00,96203.73,96966.0,95795.22,95987.19,11946
2023-05-22 10:00:00,96138.18,96815.53,96138.18,96602.95,7874
2023-05-22 11:00:00,96349.83,96349.83,96024.31,96216.74,6342
2023-05-22 12:00:00,95957.79,97048.36,95957.79,96398.89,10043
2023-05-22 13:00:00,96498.04,97069.36,96389.22,96867.74,6831
2023-05-22 14:00:00,97176.27,97859.97,97176.27,97561.58,6065
2023-05-22 15:00:00,97509.38,97509.38,97162.56,97446.23,17456
2023-05-22 16:00:00,97632.08,98248.88,97511.83,97602.09,9142
2023-05-22 17:00:00,97583.51,98756.15,97583.51,97779.07,17988
2023-05-22 18:00:00,97823.54,98331.44,97645.46,97841.14,8456
2023-05-22 19:00:00,97757.29,98011.49,97365.82,97815.86,14687
2023-05-22 20:00:00,97847.11,98233.66,96947.28,97952.57,10439
2023-05-22 21:00:00,97282.84,97282.84,97021.67,97196.22,12147
2023-05-22 22:00:00,97286.86,97963.47,97286.86,97419.15,19011
2023-05-22 23:00:00,97259.22,97667.43,97123.61,97472.48,11386
2023-05-23 00:00:00,97694.4,97774.27,97055.08,97421.33,14140
2023-05-23 01:00:00,97855.19,98201.12,97855.19,98051.3,14054
2023-05-23 02:00:00,98089.03,98089.03,96861.6,97855.45,12366
2023-05-23 03:00:00,97843.28,97939.82,97461.01,97744.33,15240
2023-05-23 04:00:00,98155.79,99468.02,98155.79,98352.49,14251
2023-05-23 05:00:00,98661.18,98680.26,97772.19,98099.55,8242
2023-05-23 06:00:00,98057.25,98497.72,97741.88,97937.76,11898
2023-05-23 07:00:00,98007.17,98609.52,97713.36,97899.29,10378
2023-05-23 08:00:00,97853.5,98804.26,97761.9,98157.51,10218
2023-05-23 09:00:00,98023.62,99037.51,97152.71,98219.69,19990
2023-05-23 10:00:00,98244.94,98244.94,97357.62,97830.3,8068
2023-05-23 11:00:00,97723.06,97874.68,97542.24,97679.33,10331
2023-05-23 12:00:00,97428.93,97947.35,97280.11,97510.28,10121
2023-05-23 13:00:00,97288.08,97991.56,96597.16,97503.98,7336
2023-05-23 14:00:00,97625.34,98268.32,96476.22,97647.25,11260
2023-05-23 15:00:00,97530.59,97966.49,96841.55,97786.44,12809
2023-05-23 16:00:00,97953.93,98110.22,96525.1,97268.34,12714
2023-05-23 17:00:00,97183.51,97900.82,96994.05,97610.99,17658
2023-05-23 18:00:00,97646.36,98076.68,97509.7,97705.11,8756
2023-05-23 19:00:00,97938.86,98687.47,97938.86,98135.13,13286
2023-05-23 20:00:00,97918.46,98653.91,97338.98,98274.84,8890
2023-05-23 21:00:00,98413.27,99060.51,98413.27,98610.49,12284
2023-05-23 22:00:00,98697.55,98993.58,98455.16,98749.94,16929
2023-05-23 23:00:00,98722.23,99586.33,98250.56,99153.39,13194
2023-05-24 00:00:00,99300.47,99994.24,99300.47,99300.85,6634
2023-05-24 01:00:00,99404.07,99819.13,98417.91,99258.04,12402
2023-05-24 02:00:00,99587.31,100027.19,99587.31,99937.7,8461
2023-05-24 03:00:00,99947.45,100383.95,99865.35,100183.58,15220
2023-05-24 04:00:00,100128.01,100529.33,100128.01,100328.67,6747
2023-05-24 05:00:00,100066.64,100066.64,99179.49,99902.19,18066
2023-05-24 06:00:00,99580.22,99580.22,99284.99,99483.96,6018
2023-05-24 07:00:00,99504.68,100436.47,98935.04,99559.27,6676
2023-05-24 08:00:00,99548.23,99872.09,98676.92,99590.39,8693
2023-05-24 09:00:00,99626.41,99789.67,99370.19,99388.52,11585
2023-05-24 10:00:00,99458.6,99671.88,98929.37,99422.4,9688
2023-05-24 11:00:00,99777.43,100165.06,99777.43,99898.32,15448
2023-05-24 12:00:00,99891.65,100282.09,99849.78,100094.13,12286
2023-05-24 13:00:00,100175.99,100175.99,99403.03,99724.61,3911
2023-05-24 14:00:00,99480.84,100536.66,99480.84,99680.2,13347
2023-05-24 15:00:00,99447.09,100198.93,99380.13,99427.07,12285
2023-05-24 16:00:00,99492.86,100054.75,98753.11,99306.74,9078
2023-05-24 17:00:00,99220.32,99873.27,98743.11,99180.57,9902
2023-05-24 18:00:00,99234.44,99236.6,98679.64,99038.52,13110
2023-05-24 19:00:00,99069.03,99069.03,97730.47,98662.51,15701
2023-05-24 20:00:00,98583.83,98984.48,98008.91,98638.6,9433
2023-05-24 21:00:00,98511.59,98905.24,98055.88,98486.28,13609
2023-05-24 22:00:00,98029.29,98029.29,96868.21,97623.39,10714
2023-05-24 23:00:00,98079.77,98472.88,98079.77,98276.33,9464
2023-05-25 00:00:00,98530.91,98888.61,98530.91,98629.77,9810
2023-05-25 01:00:00,98444.61,99303.23,97610.44,98534.97,12682
2023-05-25 02:00:00,98810.51,99929.48,98365.16,98562.29,8888
2023-05-25 03:00:00,98243.99,98243.99,98138.03,98230.92,6751
2023-05-25 04:00:00,98462.43,98972.3,98462.43,98770.75,8580
2023-05-25 05:00:00,99276.14,100039.28,99276.14,99364.22,11112
2023-05-25 06:00:00,99310.68,99618.49,99310.68,99419.65,9157
2023-05-25 07:00:00,99433.14,99937.25,99164.38,99737.78,8851
2023-05-25 08:00:00,99719.88,99992.37,99593.2,99792.79,8566
2023-05-25 09:00:00,99582.64,99582.64,98248.52,99383.88,6679
2023-05-25 10:00:00,99616.19,99883.52,98983.02,99267.65,10879
2023-05-25 11:00:00,99387.75,99519.62,98182.75,99320.98,6795
2023-05-25 12:00:00,99310.1,99310.1,98996.31,99194.7,11306
2023-05-25 13:00:00,99429.94,99862.69,98945.66,99143.95,8467
2023-05-25 14:00:00,99139.09,99263.49,98425.24,99134.12,9613
2023-05-25 15:00:00,99325.73,99325.73,98538.41,99127.48,10867
2023-05-25 16:00:00,98846.88,99778.65,98810.66,99161.94,9774
2023-05-25 17:00:00,99273.05,99618.21,98034.18,98858.22,6127
2023-05-25 18:00:00,98811.94,98971.15,98611.95,98666.19,21150
2023-05-25 19:00:00,98386.9,98386.9,97759.34,98310.16,8004
2023-05-25 20:00:00,98421.93,98841.35,97860.88,98644.06,9228
2023-05-25 21:00:00,98749.2,99087.12,97553.29,98042.08,12073
2023-05-25 22:00:00,97787.4,98528.76,97750.93,98435.51,12196
2023-05-25 23:00:00,98380.81,99721.53,97887.4,98891.61,8399
2023-05-26 00:00:00,99087.86,99370.95,98386.6,98829.25,9027
2023-05-26 01:00:00,98269.43,98269.43,97572.16,98073.28,11826
2023-05-26 02:00:00,97956.99,98143.57,97914.34,98014.27,9180
2023-05-26 03:00:00,98201.7,98244.0,97380.21,98047.9,8132
2023-05-26 04:00:00,97940.61,97940.61,97604.59,97800.19,16479
2023-05-26 05:00:00,98101.98,98213.09,97150.58,97707.69,12147
2023-05-26 06:00:00,97959.88,98455.47,97959.88,98229.16,9442
2023-05-26 07:00:00,98285.89,98679.82,98285.89,98482.85,10671
2023-05-26 08:00:00,98579.68,99466.29,97655.84,98252.7,8015
2023-05-26 09:00:00,98261.97,98261.97,97622.4,97827.17,14686
2023-05-26 10:00:00,97831.0,97831.0,97597.07,97792.65,9295
2023-05-26 11:00:00,97747.85,98086.32,97284.89,97795.83,6986
2023-05-26 12:00:00,97693.57,98649.86,96814.54,98012.88,10023
2023-05-26 13:00:00,98075.78,98781.55,97381.1,97915.09,9839
2023-05-26 14:00:00,98037.03,98845.05,98004.74,98133.28,8518
2023-05-26 15:00:00,98643.24,98973.93,98643.24,98776.38,10159
2023-05-26 16:00:00,98892.92,99511.4,98874.58,99072.73,8226
2023-05-26 17:00:00,98902.63,99299.04,98902.63,99100.83,8818
2023-05-26 18:00:00,99072.64,99673.65,98890.49,99088.67,10090
2023-05-26 19:00:00,98917.72,99220.87,98782.17,99022.82,8026
2023-05-26 20:00:00,99159.07,100065.15,98932.84,99425.1,9678
2023-05-26 21:00:00,99228.94,99470.01,99072.92,99271.46,8366
2023-05-26 22:00:00,99193.07,99534.67,99127.3,99325.95,7623
2023-05-26 23:00:00,99256.31,99751.09,98986.37,99380.2,10737
2023-05-27 00:00:00,99464.32,99464.32,98198.85,99265.79,10420
2023-05-27 01:00:00,99263.59,99263.59,98244.76,98889.41,8681
2023-05-27 02:00:00,98847.67,99235.41,98487.51,99037.33,9593
2023-05-27 03:00:00,98927.18,99274.0,98480.83,99065.53,9208
2023-05-27 04:00:00,99080.1,99461.72,98090.98,99263.2,10445
2023-05-27 05:00:00,99085.47,99831.06,98729.86,99141.3,5604
2023-05-27 06:00:00,99446.22,99754.71,99446.22,99555.6,10219
2023-05-27 07:00:00,99428.86,99522.17,98632.27,99323.52,8900
2023-05-27 08:00:00,99684.08,100687.31,99684.08,99883.85,10670
2023-05-27 09:00:00,99576.39,99576.39,98314.83,99377.64,5031
2023-05-27 10:00:00,99380.11,99749.98,99351.77,99550.88,7194
2023-05-27 11:00:00,99533.92,100338.99,99533.92,99733.39,8608
2023-05-27 12:00:00,99775.6,100215.97,98860.52,99524.96,15525
2023-05-27 13:00:00,99564.02,99893.61,99242.05,99694.23,5879
2023-05-27 14:00:00,99920.24,100182.23,99920.24,100120.48,6470
2023-05-27 15:00:00,100110.14,100274.53,99370.49,99469.94,10019
2023-05-27 16:00:00,99566.27,100426.62,99499.53,99666.44,8164
2023-05-27 17:00:00,99143.86,99143.86,98926.04,98945.97,9441
2023-05-27 18:00:00,98932.51,99401.2,98265.7,98710.73,17106
2023-05-27 19:00:00,98811.55,99433.53,98811.55,99265.95,12582
2023-05-27 20:00:00,99219.04,99339.56,98909.53,99141.28,8782
2023-05-27 21:00:00,99084.79,99084.79,98525.94,98840.63,15972
2023-05-27 22:00:00,98967.27,99428.03,98644.39,98842.08,11672
2023-05-27 23:00:00,98740.59,100479.84,98644.88,99529.51,8129
2023-05-28 00:00:00,99180.92,99180.92,98820.12,99018.16,11723
2023-05-28 01:00:00,98792.81,98792.81,98306.93,98757.44,16589
2023-05-28 02:00:00,98939.55,99471.69,98939.55,99273.14,8188
2023-05-28 03:00:00,99701.78,100091.2,99701.78,99891.42,12405
2023-05-28 04:00:00,99908.36,100102.02,99830.86,99902.22,9831
2023-05-28 05:00:00,99766.15,99766.15,99336.98,99567.01,10412
2023-05-28 06:00:00,100058.4,100740.18,100058.4,100258.91,9464
2023-05-28 07:00:00,100403.2,101322.85,100362.48,100786.57,10470
2023-05-28 08:00:00,100820.61,101224.7,100820.61,101022.65,5939
2023-05-28 09:00:00,100980.48,100980.48,99914.87,100792.54,9985
2023-05-28 10:00:00,100861.86,101006.57,100603.35,100804.96,9343
2023-05-28 11:00:00,100675.31,100985.18,100099.18,100783.61,12577
2023-05-28 12:00:00,100745.77,101116.7,100590.68,100914.87,13757
2023-05-28 13:00:00,101331.44,101801.78,101331.44,101391.41,6932
2023-05-28 14:00:00,101509.26,101839.18,101479.7,101683.06,8863
2023-05-28 15:00:00,101562.24,101562.24,100573.47,101359.52,10522
2023-05-28 16:00:00,101556.88,102786.12,101556.88,101805.79,8009
2023-05-28 17:00:00,101784.33,102238.66,101672.3,101913.8,9997
2023-05-28 18:00:00,102092.52,102502.28,102052.53,102137.85,5079
2023-05-28 19:00:00,102185.16,103424.32,101504.58,102602.29,20686
2023-05-28 20:00:00,102538.08,102538.08,102026.98,102250.9,12387
2023-05-28 21:00:00,102233.36,102721.21,101630.01,102247.81,7154
2023-05-28 22:00:00,102268.75,102342.34,101591.78,102090.71,8152
2023-05-28 23:00:00,101820.02,101820.02,101312.41,101613.24,10967
2023-05-29 00:00:00,101625.75,101969.24,101078.33,101743.75,9532
2023-05-29 01:00:00,102341.03,103326.6,102341.03,102546.13,12154
2023-05-29 02:00:00,102635.26,102652.78,101048.15,101971.63,13506
2023-05-29 03:00:00,102000.12,102184.26,101565.9,101980.3,11878
2023-05-29 04:00:00,101995.52,102404.32,101995.52,102199.92,15024
2023-05-29 05:00:00,102332.44,102814.91,101662.07,102254.94,7330
2023-05-29 06:00:00,102291.16,102594.76,102038.2,102235.18,7794
2023-05-29 07:00:00,101924.04,101924.04,101598.41,101845.86,10890
2023-05-29 08:00:00,101970.15,101970.15,101742.15,101946.04,9157
2023-05-29 09:00:00,101802.84,102460.29,101331.4,101733.79,8830
2023-05-29 10:00:00,101422.74,101422.74,99964.52,101080.58,10434
2023-05-29 11:00:00,101468.58,102256.78,101468.58,101495.31,8999
2023-05-29 12:00:00,101626.24,102833.22,101626.24,101829.9,13807
2023-05-29 13:00:00,101770.9,102078.48,101299.69,101874.73,12342
2023-05-29 14:00:00,102018.05,102176.01,101768.13,101972.07,12222
2023-05-29 15:00:00,102126.8,102503.16,102126.8,102331.47,11528
2023-05-29 16:00:00,102393.82,102799.25,101241.62,102418.2,11953
2023-05-29 17:00:00,102735.35,102921.34,101859.21,102715.91,9465
2023-05-29 18:00:00,102776.61,103389.08,102425.35,102630.61,13664
2023-05-29 19:00:00,102638.17,103260.35,102638.17,103054.24,6042
2023-05-29 20:00:00,103060.64,103214.5,102540.14,103158.49,9985
2023-05-29 21:00:00,103210.01,103590.43,102990.14,103218.65,7502
2023-05-29 22:00:00,103019.66,103019.66,102488.52,102814.03,7300
2023-05-29 23:00:00,102704.9,103720.32,102704.9,102910.72,9488
2023-05-30 00:00:00,102971.8,103890.21,102420.17,102653.96,8458
2023-05-30 01:00:00,102628.73,102628.73,102260.77,102465.71,9867
2023-05-30 02:00:00,102471.82,102537.85,102023.2,102227.65,7888
2023-05-30 03:00:00,101922.48,101922.48,101713.45,101917.29,11450
2023-05-30 04:00:00,101767.46,102816.19,101444.85,102610.97,10500
2023-05-30 05:00:00,102838.08,104000.24,102838.08,103044.17,13520
2023-05-30 06:00:00,103047.43,103801.1,102661.53,103656.56,6553
2023-05-30 07:00:00,103519.73,103938.08,103054.03,103260.55,10577
2023-05-30 08:00:00,103079.28,103658.94,103079.28,103285.85,12090
2023-05-30 09:00:00,103085.58,103085.58,102674.06,102879.82,8261
2023-05-30 10:00:00,103049.51,103544.88,101638.32,102673.59,15677
2023-05-30 11:00:00,102721.7,102869.08,102005.2,102402.51,8472
2023-05-30 12:00:00,102604.87,104336.87,102234.3,102814.11,8087
2023-05-30 13:00:00,102873.64,103749.07,102497.57,102702.97,10988
2023-05-30 14:00:00,102748.87,103261.47,102247.35,103055.36,15718
2023-05-30 15:00:00,103046.09,103307.64,103046.09,103252.6,10819
2023-05-30 16:00:00,103623.96,104403.94,103623.96,103983.42,8449
2023-05-30 17:00:00,103903.15,103903.15,103144.47,103499.67,12792
2023-05-30 18:00:00,103740.05,104097.87,103136.75,103898.43,6709
2023-05-30 19:00:00,104014.76,104287.24,103542.25,104253.76,15015
2023-05-30 20:00:00,104156.66,104156.66,103721.79,103926.11,17370
2023-05-30 21:00:00,104028.87,104445.82,104028.87,104237.34,9036
2023-05-30 22:00:00,104328.52,104795.1,104120.29,104328.95,19108
2023-05-30 23:00:00,104300.58,104613.25,103940.63,104240.73,11838
2023-05-31 00:00:00,104243.52,104262.82,103660.2,103965.92,9732
2023-05-31 01:00:00,103759.81,103759.81,103616.71,103732.74,12037
2023-05-31 02:00:00,103976.23,104750.24,103890.31,104385.05,9888
2023-05-31 03:00:00,104067.9,104978.48,103730.95,104372.84,8559
2023-05-31 04:00:00,104602.77,104818.75,104184.2,104609.53,7624
2023-05-31 05:00:00,104534.94,104546.48,104129.13,104337.81,10046
2023-05-31 06:00:00,104455.27,104759.31,104010.68,104077.88,13337
2023-05-31 07:00:00,104260.72,104628.19,103441.51,104419.35,7969
2023-05-31 08:00:00,104185.91,104185.91,103075.14,103977.96,9094
2023-05-31 09:00:00,104027.66,104054.75,103043.39,103847.05,7916
2023-05-31 10:00:00,103890.83,103890.83,102529.21,103862.62,13283
2023-05-31 11:00:00,103864.32,103984.0,103171.55,103903.64,9969
2023-05-31 12:00:00,103821.65,104058.68,102347.49,103850.98,6265
2023-05-31 13:00:00,103753.52,104374.28,103753.52,103982.14,8612
2023-05-31 14:00:00,103997.31,105345.07,103997.31,104205.72,20088
2023-05-31 15:00:00,104188.45,104647.65,103743.51,104438.77,6393
2023-05-31 16:00:00,104315.02,105266.66,103888.98,104115.52,11547
2023-05-31 17:00:00,103926.78,104405.99,103570.86,104025.54,6530
2023-05-31 18:00:00,104290.49,105750.93,103461.43,104410.24,7805
2023-05-31 19:00:00,104597.25,105378.33,104597.25,104692.05,12512
2023-05-31 20:00:00,104452.85,104452.85,103614.36,104244.36,10689
2023-05-31 21:00:00,104207.23,104567.99,103115.86,104359.27,5192
2023-05-31 22:00:00,104159.45,104159.45,102829.29,103727.5,5149
2023-05-31 23:00:00,103670.86,104839.26,102763.22,103757.54,5866
2023-06-01 00:00:00,104166.71,104584.21,104166.71,104375.46,8129
2023-06-01 01:00:00,104360.99,104369.83,103498.87,104073.62,12672
2023-06-01 02:00:00,103971.77,103971.77,103606.33,103815.0,9136
2023-06-01 03:00:00,103923.88,104279.28,103512.97,104071.14,12735
2023-06-01 04:00:00,103794.63,103794.63,103155.04,103587.46,12839
2023-06-01 05:00:00,103498.68,103498.68,103200.9,103407.72,14318
2023-06-01 06:00:00,103503.3,103831.78,103319.13,103624.54,7377
2023-06-01 07:00:00,103573.64,103768.17,103241.46,103448.35,7791
2023-06-01 08:00:00,103472.54,104551.68,102547.1,103402.53,8113
2023-06-01 09:00:00,103460.7,103875.37,103460.7,103668.03,11408
2023-06-01 10:00:00,103749.76,104033.82,103749.76,103826.17,5712
2023-06-01 11:00:00,103903.5,105127.51,103903.5,103934.21,14568
2023-06-01 12:00:00,103906.93,104274.75,103162.77,103847.52,8181
2023-06-01 13:00:00,103696.41,104065.49,103087.16,103987.66,13262
2023-06-01 14:00:00,103827.31,104434.93,103420.43,103967.67,8914
2023-06-01 15:00:00,104115.12,104342.97,103881.63,104134.7,20360
2023-06-01 16:00:00,104024.23,104203.08,103787.1,103995.09,7138
2023-06-01 17:00:00,103849.89,104167.35,103713.39,103959.43,8379
2023-06-01 18:00:00,103774.53,103774.53,103012.76,103668.97,4849
2023-06-01 19:00:00,103544.98,104039.06,103407.94,103687.43,11218
2023-06-01 20:00:00,103894.32,104420.59,103160.45,103459.85,19979
2023-06-01 21:00:00,103276.26,104627.52,102282.61,103143.55,8807
2023-06-01 22:00:00,103240.6,103638.39,103062.23,103268.77,6979
2023-06-01 23:00:00,103046.86,103402.12,103046.86,103376.53,10201
2023-06-02 00:00:00,103229.69,103868.42,102580.1,103661.1,11548
2023-06-02 01:00:00,103815.29,104055.87,103291.25,103556.88,13205
2023-06-02 02:00:00,103577.0,104127.71,103440.97,103721.15,9633
2023-06-02 03:00:00,103783.0,104135.98,103720.26,103928.12,6991
2023-06-02 04:00:00,103911.32,105079.41,103509.6,104098.27,13716
2023-06-02 05:00:00,104043.29,104276.52,103654.32,103862.05,16753
2023-06-02 06:00:00,103734.49,104150.26,103734.49,103942.38,7260
2023-06-02 07:00:00,103930.72,104541.19,103589.51,104089.35,10203
2023-06-02 08:00:00,104125.59,104328.44,103284.98,104120.2,8190
2023-06-02 09:00:00,104232.46,104419.82,103085.03,103484.87,11830
2023-06-02 10:00:00,103611.0,103611.0,102346.67,103580.47,7466
2023-06-02 11:00:00,103940.62,104447.84,103940.62,104324.41,13591
2023-06-02 12:00:00,104483.79,104549.18,103861.31,104233.75,12117
2023-06-02 13:00:00,104104.96,104235.24,103178.09,104027.18,9890
2023-06-02 14:00:00,104007.02,104386.53,103908.18,104178.17,4702
2023-06-02 15:00:00,104124.43,104515.37,102639.32,104306.76,13922
2023-06-02 16:00:00,104281.14,104923.13,103776.48,104713.7,7418
2023-06-02 17:00:00,104535.61,104535.61,104268.24,104326.96,6465
2023-06-02 18:00:00,104503.53,104795.96,104377.61,104586.78,8767
2023-06-02 19:00:00,104666.86,105152.3,104251.71,104796.48,7787
2023-06-02 20:00:00,104825.25,104825.25,104667.42,104767.02,12525
2023-06-02 21:00:00,104669.12,105791.7,104432.42,104894.57,5650
2023-06-02 22:00:00,105107.21,105593.35,105107.21,105243.43,7972
2023-06-02 23:00:00,105517.06,106440.71,105517.06,105533.61,7517
2023-06-03 00:00:00,105377.92,105377.92,104957.25,105167.58,8514
2023-06-03 01:00:00,105325.8,105522.69,105121.79,105443.38,9583
2023-06-03 02:00:00,105333.61,106119.49,105333.61,105428.15,7716
2023-06-03 03:00:00,105346.85,105561.38,104507.89,105458.68,15830
2023-06-03 04:00:00,105761.73,105790.6,104808.74,105489.04,7661
2023-06-03 05:00:00,105593.68,105658.32,105236.53,105447.43,9683
2023-06-03 06:00:00,105667.09,106555.2,105667.09,105841.45,4911
2023-06-03 07:00:00,105773.42,105862.61,105603.68,105815.31,11502
2023-06-03 08:00:00,105750.81,105858.09,104334.18,105454.18,11292
2023-06-03 09:00:00,105516.15,105547.83,104849.29,105337.16,10306
2023-06-03 10:00:00,105272.47,106219.5,105272.47,105406.7,8720
2023-06-03 11:00:00,105601.84,106140.57,105601.84,105813.47,6006
2023-06-03 12:00:00,105609.47,106540.33,105333.63,106012.12,10248
2023-06-03 13:00:00,106091.09,106514.55,105144.2,105734.46,12476
2023-06-03 14:00:00,105872.64,107242.61,105872.64,106543.36,7677
2023-06-03 15:00:00,106402.73,107315.3,106402.73,106615.96,19150
2023-06-03 16:00:00,106858.99,107231.38,106803.31,107017.35,10411
2023-06-03 17:00:00,106975.28,107157.42,106262.79,106943.54,13850
2023-06-03 18:00:00,107001.62,107312.23,105890.56,107098.03,11959
2023-06-03 19:00:00,107076.38,108623.45,106360.89,107350.71,14351
2023-06-03 20:00:00,107477.91,108104.3,107304.64,107722.54,8449
2023-06-03 21:00:00,107477.03,108771.95,107100.41,108033.93,9450
2023-06-03 22:00:00,107994.07,108494.18,107994.07,108277.63,11027
2023-06-03 23:00:00,108348.51,108538.62,107766.57,108124.01,10741
2023-06-04 00:00:00,108071.09,108071.09,107673.9,107889.68,12711
2023-06-04 01:00:00,108223.51,108804.15,107743.04,107958.96,10639
2023-06-04 02:00:00,107917.45,108547.03,107584.71,108225.74,8144
2023-06-04 03:00:00,108237.72,108756.52,107334.66,108102.77,11901
2023-06-04 04:00:00,108216.11,108810.79,107649.9,108412.22,9835
2023-06-04 05:00:00,108640.07,109061.02,108035.16,108843.33,15755
2023-06-04 06:00:00,108716.27,109059.01,108259.81,108476.76,9351
2023-06-04 07:00:00,108487.33,109073.24,108030.43,108147.59,9603
2023-06-04 08:00:00,108252.98,108953.62,107842.23,108058.34,10292
2023-06-04 09:00:00,107903.66,108270.68,107903.66,108119.89,7722
2023-06-04 10:00:00,108003.02,108121.45,107689.83,107905.64,11339
2023-06-04 11:00:00,108102.71,108583.1,108102.71,108319.34,5777
2023-06-04 12:00:00,108286.7,109317.09,107904.22,108418.36,8222
2023-06-04 13:00:00,108313.39,108810.26,108153.53,108389.68,8616
2023-06-04 14:00:00,108155.31,108244.39,106410.78,107871.61,16720
2023-06-04 15:00:00,107597.17,107889.79,106833.17,107409.11,9918
2023-06-04 16:00:00,107713.95,108284.61,107270.66,107485.63,7744
2023-06-04 17:00:00,106849.18,106849.18,105739.8,106767.09,9417
2023-06-04 18:00:00,106886.53,107245.09,106886.53,107100.73,9964
2023-06-04 19:00:00,106885.19,107258.06,106882.23,107043.98,14024
2023-06-04 20:00:00,107097.28,108286.34,107097.28,108103.61,7806
2023-06-04 21:00:00,108719.91,109283.75,108719.91,108839.98,13274
2023-06-04 22:00:00,108886.11,108950.19,106974.32,108732.72,14829
2023-06-04 23:00:00,108643.88,109614.84,107692.1,108653.59,12430
2023-06-05 00:00:00,108668.37,108962.93,108668.37,108943.54,7303
2023-06-05 01:00:00,109244.03,109681.88,109244.03,109462.96,14792
2023-06-05 02:00:00,109435.71,109435.71,108636.51,108854.22,12892
2023-06-05 03:00:00,108479.64,108479.64,107997.25,108213.67,5599
2023-06-05 04:00:00,108378.76,108432.79,107177.38,107978.62,12662
2023-06-05 05:00:00,108002.33,108380.26,107392.46,108149.02,8306
2023-06-05 06:00:00,108625.3,108998.07,108235.38,108289.3,8885
2023-06-05 07:00:00,108271.27,108794.55,108215.51,108617.01,13825
2023-06-05 08:00:00,108374.75,108374.75,107968.36,108184.73,8719
2023-06-05 09:00:00,107610.98,107610.98,107181.4,107396.19,10127
2023-06-05 10:00:00,107323.98,107709.82,107323.98,107676.78,15293
2023-06-05 11:00:00,107646.18,108063.68,106988.31,107394.96,10400
2023-06-05 12:00:00,107045.86,107045.86,105948.55,106728.33,7988
2023-06-05 13:00:00,106859.5,107048.07,106114.52,106789.46,9366
2023-06-05 14:00:00,106812.0,108284.99,106469.47,107061.17,9276
2023-06-05 15:00:00,107158.85,107561.64,106814.68,107028.74,5470
2023-06-05 16:00:00,106979.01,107449.62,106081.62,106888.52,12349
2023-06-05 17:00:00,106831.86,107063.67,106636.27,106849.97,19196
2023-06-05 18:00:00,107041.93,107095.9,106529.2,106742.68,8441
2023-06-05 19:00:00,106532.43,106532.43,106055.2,106319.79,16223
2023-06-05 20:00:00,106097.18,106314.8,105652.55,106114.34,11349
2023-06-05 21:00:00,106208.27,106528.18,106208.27,106315.55,8026
2023-06-05 22:00:00,106080.93,107224.6,105996.03,106447.04,16171
2023-06-05 23:00:00,106515.03,106739.09,106449.53,106526.04,11244
2023-06-06 00:00:00,106722.16,106722.16,105443.29,106225.73,13632
2023-06-06 01:00:00,106069.84,106744.27,105243.03,106198.65,12254
2023-06-06 02:00:00,105734.57,105734.57,105367.79,105523.53,7784
2023-06-06 03:00:00,105700.23,105839.9,105428.74,105628.65,11138
2023-06-06 04:00:00,105898.85,106674.12,105898.85,106137.04,11633
2023-06-06 05:00:00,105903.71,105903.71,105480.94,105692.33,9059
2023-06-06 06:00:00,105744.12,105759.24,105346.67,105548.14,8843
2023-06-06 07:00:00,105927.72,106109.45,105492.13,105703.54,10561
2023-06-06 08:00:00,105624.04,106634.0,105444.03,106156.02,9841
2023-06-06 09:00:00,106463.24,106927.53,105835.27,106047.36,6519
2023-06-06 10:00:00,106074.46,106074.46,105651.01,105862.74,10200
2023-06-06 11:00:00,105480.68,105480.68,104602.11,105270.14,7711
2023-06-06 12:00:00,105495.33,105769.43,105154.83,105365.56,12824
2023-06-06 13:00:00,105531.46,106373.36,105531.46,106085.87,10341
2023-06-06 14:00:00,105972.16,106568.67,105161.33,106221.47,12677
2023-06-06 15:00:00,106287.19,106469.77,106065.53,106257.25,11533
2023-06-06 16:00:00,106385.71,106991.83,106385.71,106404.35,6444
2023-06-06 17:00:00,106226.4,106652.16,106226.4,106439.28,7391
2023-06-06 18:00:00,106256.15,106424.55,105011.2,106212.12,13528
2023-06-06 19:00:00,106130.61,106735.84,105364.87,106522.79,11870
2023-06-06 20:00:00,106420.22,106846.76,106420.22,106633.49,8970
2023-06-06 21:00:00,106623.13,106797.29,106083.72,106673.25,12660
2023-06-06 22:00:00,106689.47,106689.47,105780.7,106389.84,10790
2023-06-06 23:00:00,106557.46,107071.41,106557.46,106857.69,7821
2023-06-07 00:00:00,107002.28,107817.89,107002.28,107108.18,12158
2023-06-07 01:00:00,107060.36,107168.55,106740.73,106954.64,13280
2023-06-07 02:00:00,107143.48,107575.71,107143.48,107314.19,12864
2023-06-07 03:00:00,107389.01,107389.01,106092.86,107174.66,11239
2023-06-07 04:00:00,106948.32,107161.03,106801.62,106947.14,26627
2023-06-07 05:00:00,106959.27,107682.86,106711.41,106732.72,8393
2023-06-07 06:00:00,106404.72,106404.72,105819.37,106192.34,7941
2023-06-07 07:00:00,106198.37,106610.82,106198.37,106398.03,11851
2023-06-07 08:00:00,106385.38,106385.38,105641.85,105850.1,13125
2023-06-07 09:00:00,105723.72,105723.72,105413.97,105512.7,6753
2023-06-07 10:00:00,105120.3,105120.3,104809.71,104910.48,7379
2023-06-07 11:00:00,105098.67,105737.72,104784.26,104964.58,13954
2023-06-07 12:00:00,104787.59,105236.81,104786.69,104996.68,20688
2023-06-07 13:00:00,104907.35,105181.6,104634.07,104971.66,8958
2023-06-07 14:00:00,105105.67,106409.33,104185.31,104717.51,9490
2023-06-07 15:00:00,104757.75,105181.69,103859.3,104428.3,12265
2023-06-07 16:00:00,104534.96,104879.09,104460.41,104669.75,9404
2023-06-07 17:00:00,104478.83,104790.46,104310.72,104581.29,17152
2023-06-07 18:00:00,104745.38,105291.04,104417.59,104773.39,8064
2023-06-07 19:00:00,104785.37,104785.37,104201.25,104576.22,11842
2023-06-07 20:00:00,104198.06,104936.75,104198.06,104727.29,7191
2023-06-07 21:00:00,105025.63,105890.54,105025.63,105236.11,9163
2023-06-07 22:00:00,105477.48,105832.08,105292.4,105503.41,10482
2023-06-07 23:00:00,105520.51,105636.43,104442.4,105443.76,18703
2023-06-08 00:00:00,105491.74,106532.95,105369.31,105603.02,8176
2023-06-08 01:00:00,105626.88,105745.1,105351.36,105598.01,13560
2023-06-08 02:00:00,105603.09,106447.08,105603.09,105672.56,7519
2023-06-08 03:00:00,105433.22,105849.46,105433.22,105638.18,10078
2023-06-08 04:00:00,105582.6,106644.15,105446.12,105657.43,8138
2023-06-08 05:00:00,105625.81,106498.47,105625.81,105797.49,8448
2023-06-08 06:00:00,105895.98,105895.98,105082.52,105543.07,14753
2023-06-08 07:00:00,105499.1,105499.1,104391.87,105288.53,10614
2023-06-08 08:00:00,105130.67,105130.67,104710.98,104920.82,19560
2023-06-08 09:00:00,104692.8,104698.02,104286.19,104495.18,15344
2023-06-08 10:00:00,104669.25,104959.59,103995.84,104204.24,9922
2023-06-08 11:00:00,103928.97,104568.34,103763.81,104359.62,7743
2023-06-08 12:00:00,104324.62,104687.77,103840.69,104175.6,7938
2023-06-08 13:00:00,104234.85,104654.86,104218.21,104445.97,7502
2023-06-08 14:00:00,104620.58,104620.58,104348.78,104557.9,6425
2023-06-08 15:00:00,104297.4,104297.4,103816.89,104024.94,9345
2023-06-08 16:00:00,104170.88,105168.9,104134.1,104342.78,9320
2023-06-08 17:00:00,104494.14,105329.98,104494.14,104703.54,8948
2023-06-08 18:00:00,105035.72,105371.31,104270.58,104479.54,9173
2023-06-08 19:00:00,104498.04,104899.57,103915.46,104714.56,7320
2023-06-08 20:00:00,104600.1,104600.1,104325.16,104534.22,5827
2023-06-08 21:00:00,104383.55,105718.83,103839.27,104665.23,6988
2023-06-08 22:00:00,104358.84,104358.84,103622.1,104356.32,4775
2023-06-08 23:00:00,104261.26,104261.26,103685.67,103888.85,11777
2023-06-09 00:00:00,103873.85,103962.98,103010.52,103883.47,11446
2023-06-09 01:00:00,104036.39,104036.39,103676.65,103959.98,8944
2023-06-09 02:00:00,104009.0,104154.94,103739.15,103947.05,6006
2023-06-09 03:00:00,104015.86,104195.73,102908.5,103685.15,18002
2023-06-09 04:00:00,103494.08,103907.59,103471.76,103679.12,6395
2023-06-09 05:00:00,103778.14,105140.97,103718.46,103886.22,14202
2023-06-09 06:00:00,103991.18,104056.31,103783.35,103991.34,6781
2023-06-09 07:00:00,103958.12,105188.17,103958.12,104166.46,10725
2023-06-09 08:00:00,103946.05,104270.58,103858.46,104066.6,29639
2023-06-09 09:00:00,104349.03,104789.72,104349.03,104558.15,9523
2023-06-09 10:00:00,104419.27,104548.8,103741.02,104289.87,10916
2023-06-09 11:00:00,104219.33,104808.78,104005.4,104558.75,12080
2023-06-09 12:00:00,104699.69,105255.62,104613.66,105045.53,10947
2023-06-09 13:00:00,105114.39,105507.79,104970.0,105297.2,13572
2023-06-09 14:00:00,105187.4,105536.03,104744.68,105325.37,8293
2023-06-09 15:00:00,105491.41,105755.19,105213.45,105247.63,9842
2023-06-09 16:00:00,105468.32,105891.04,105468.32,105679.68,10283
2023-06-09 17:00:00,105490.46,105520.48,104901.13,105309.86,11654
2023-06-09 18:00:00,105067.05,105207.82,104534.85,105095.84,13627
2023-06-09 19:00:00,104979.89,105265.13,104798.08,105072.17,6121
2023-06-09 20:00:00,105118.31,105640.74,105083.34,105576.58,9185
2023-06-09 21:00:00,105584.26,106007.34,104762.65,105795.75,7953
2023-06-09 22:00:00,105884.95,106518.97,105329.36,105574.75,9416
2023-06-09 23:00:00,105388.16,105986.34,104834.1,105573.99,10134
2023-06-10 00:00:00,105494.95,106062.66,104235.52,105475.51,17394
2023-06-10 01:00:00,105375.19,105892.1,105138.17,105348.87,8727
2023-06-10 02:00:00,105749.81,106547.79,105749.81,105770.34,6853
2023-06-10 03:00:00,105520.96,106288.99,105213.06,105423.9,15306
2023-06-10 04:00:00,105572.56,106144.52,105572.56,106049.85,7122
2023-06-10 05:00:00,106125.59,106713.74,105321.49,106412.29,19808
2023-06-10 06:00:00,106452.77,106867.52,106452.77,106854.47,13697
2023-06-10 07:00:00,106773.33,107293.32,106564.55,106778.11,11391
2023-06-10 08:00:00,106593.33,107020.55,106593.33,106806.94,9154
2023-06-10 09:00:00,106981.48,107092.48,105361.51,106416.35,9888
2023-06-10 10:00:00,106126.98,107349.21,105583.86,106334.88,10010
2023-06-10 11:00:00,106372.81,107187.33,106372.81,106585.99,6203
2023-06-10 12:00:00,107023.53,107266.7,107023.53,107095.93,16080
2023-06-10 13:00:00,106949.81,106949.81,105601.72,106808.88,10672
2023-06-10 14:00:00,107011.33,107229.05,106559.6,106773.15,10041
2023-06-10 15:00:00,106755.71,107696.7,106755.71,106810.76,9348
2023-06-10 16:00:00,106952.78,107056.5,105782.92,106441.76,10736
2023-06-10 17:00:00,106518.02,107234.97,106518.02,106731.49,10318
2023-06-10 18:00:00,106781.49,106866.35,106201.86,106586.21,15190
2023-06-10 19:00:00,106643.56,106643.56,105967.55,106617.22,8448
2023-06-10 20:00:00,106348.63,106987.72,105960.92,106564.4,10720
2023-06-10 21:00:00,106327.56,107255.83,106053.75,106402.67,10369
2023-06-10 22:00:00,106389.76,106713.49,104925.59,106500.49,11740
2023-06-10 23:00:00,106604.48,107410.39,106313.2,106526.25,13280
2023-06-11 00:00:00,106714.58,106714.58,106288.57,106501.57,9046
2023-06-11 01:00:00,106736.44,107007.08,106320.76,106361.73,9724
2023-06-11 02:00:00,106504.81,106780.11,106012.3,106566.98,5638
2023-06-11 03:00:00,106989.56,107418.38,106989.56,107203.97,10156
2023-06-11 04:00:00,107101.93,107546.51,106183.99,107331.85,11265
2023-06-11 05:00:00,107525.48,107780.19,107525.48,107740.96,8643
2023-06-11 06:00:00,107688.06,108016.96,106851.03,107355.18,8371
2023-06-11 07:00:00,107433.07,107704.31,107338.18,107489.33,10733
2023-06-11 08:00:00,107231.34,107231.34,106788.16,107206.99,6536
2023-06-11 09:00:00,107178.02,108035.07,106535.73,106808.22,13540
2023-06-11 10:00:00,106877.08,106877.08,106450.43,106663.75,13997
2023-06-11 11:00:00,106941.1,107369.72,106941.1,107155.41,16044
2023-06-11 12:00:00,107444.02,107774.97,107344.73,107559.85,10143
2023-06-11 13:00:00,107729.88,107940.02,107509.12,107724.57,9593
2023-06-11 14:00:00,107514.79,107514.79,107085.59,107300.19,11378
2023-06-11 15:00:00,107446.3,108400.3,106202.66,107325.78,9451
2023-06-11 16:00:00,107441.16,107750.01,107441.16,107514.87,7053
2023-06-11 17:00:00,107454.93,107873.97,107443.34,107658.66,11977
2023-06-11 18:00:00,107222.92,107222.92,106253.85,107135.35,11078
2023-06-11 19:00:00,106981.0,107147.65,106765.29,106940.83,13772
2023-06-11 20:00:00,106881.16,107967.71,106810.16,107024.21,10247
2023-06-11 21:00:00,107344.3,108383.82,107089.76,107304.37,7927
2023-06-11 22:00:00,106894.38,106894.38,106425.48,106681.01,9677
2023-06-11 23:00:00,106666.49,106872.25,106525.73,106739.2,6968
2023-06-12 00:00:00,107111.73,107111.73,106696.08,106897.93,7536
2023-06-12 01:00:00,107071.93,107456.35,107071.93,107286.5,11579
2023-06-12 02:00:00,107236.74,108846.23,106831.32,107614.94,8800
2023-06-12 03:00:00,107686.68,108118.29,107686.68,107902.48,7765
2023-06-12 04:00:00,107835.96,107835.96,107512.77,107728.23,7925
2023-06-12 05:00:00,107712.72,107712.72,106979.39,107193.78,9544
2023-06-12 06:00:00,107452.36,107985.81,106766.4,107174.34,8069
2023-06-12 07:00:00,107135.94,107830.38,106854.62,107615.15,10231
2023-06-12 08:00:00,107900.28,108394.06,107900.28,108177.71,6525
2023-06-12 09:00:00,108456.25,108575.72,108456.25,108504.68,9115
2023-06-12 10:00:00,108576.28,109591.32,108515.21,108732.67,9573
2023-06-12 11:00:00,108917.53,109020.36,108721.46,108939.34,7075
2023-06-12 12:00:00,108798.88,109602.24,108206.1,108829.88,9563
2023-06-12 13:00:00,108875.97,109677.23,108689.84,108864.86,11120
2023-06-12 14:00:00,109114.27,110057.95,109114.27,109499.01,8349
2023-06-12 15:00:00,109613.85,109893.89,109027.62,109246.12,12737
2023-06-12 16:00:00,109635.64,110414.72,109635.64,109855.35,13048
2023-06-12 17:00:00,109734.44,111107.98,109165.79,109802.48,14754
2023-06-12 18:00:00,109830.47,110525.74,109643.27,110305.13,8038
2023-06-12 19:00:00,110364.8,110638.49,109155.58,109876.21,11131
2023-06-12 20:00:00,109908.49,111283.72,109908.49,110128.75,6911
2023-06-12 21:00:00,110073.3,110674.56,109277.23,109930.24,7323
2023-06-12 22:00:00,109924.46,110172.54,108862.28,109509.4,10129
2023-06-12 23:00:00,109646.09,110068.08,109646.09,109648.57,8006
2023-06-13 00:00:00,109771.23,110270.66,109771.23,110050.56,8183
2023-06-13 01:00:00,110178.64,110178.64,109598.64,109818.28,6412
2023-06-13 02:00:00,109523.81,109523.81,109154.55,109373.3,7879
2023-06-13 03:00:00,109561.68,110420.44,108420.6,109413.57,9251
2023-06-13 04:00:00,109362.71,110553.72,108898.66,109455.58,9648
2023-06-13 05:00:00,109539.34,109930.9,108512.2,109711.47,13557
2023-06-13 06:00:00,109790.5,110728.74,109145.87,110097.43,7533
2023-06-13 07:00:00,110158.11,110668.82,109916.1,110136.37,15551
2023-06-13 08:00:00,110380.48,111078.65,110380.48,110820.99,6817
2023-06-13 09:00:00,110773.78,111072.59,110450.79,110940.94,10919
2023-06-13 10:00:00,111084.88,111084.88,109959.04,110863.16,5530
2023-06-13 11:00:00,110889.78,110994.77,109841.01,110357.6,16341
2023-06-13 12:00:00,110367.3,110590.83,110304.49,110324.98,9695
2023-06-13 13:00:00,110203.91,110481.34,110045.71,110266.25,7140
2023-06-13 14:00:00,110411.35,111016.33,110411.35,110647.3,10075
2023-06-13 15:00:00,110833.78,111075.35,110833.78,110853.64,17832
2023-06-13 16:00:00,110661.92,110661.92,109737.0,110498.6,11903
2023-06-13 17:00:00,110260.14,111386.01,110142.57,110610.95,7061
2023-06-13 18:00:00,110796.35,111366.16,110668.79,110890.57,10561
2023-06-13 19:00:00,111232.22,112274.64,111232.22,111455.13,13318
2023-06-13 20:00:00,111567.14,112014.3,111567.14,111790.72,12277
2023-06-13 21:00:00,111920.18,113047.82,111920.18,112075.57,7304
2023-06-13 22:00:00,112122.24,112302.26,111886.56,112115.52,10762
2023-06-13 23:00:00,112105.07,113091.02,112044.91,112269.45,7812
2023-06-14 00:00:00,112490.92,113248.95,112490.92,112716.35,9242
2023-06-14 01:00:00,112815.2,112869.25,112225.94,112261.77,15466
2023-06-14 02:00:00,112300.54,112689.83,111934.17,112158.49,15841
2023-06-14 03:00:00,112291.26,112856.52,111689.23,111913.06,20282
2023-06-14 04:00:00,111954.34,112949.35,111305.65,112070.18,9284
2023-06-14 05:00:00,112411.76,113898.05,112290.2,112515.23,7997
2023-06-14 06:00:00,112246.52,113215.07,111294.61,112321.27,8906
2023-06-14 07:00:00,112318.43,112610.51,110684.34,111517.01,14795
2023-06-14 08:00:00,111517.57,112174.22,111192.77,111415.6,8799
2023-06-14 09:00:00,111248.65,111992.59,111248.65,111769.05,5970
2023-06-14 10:00:00,112203.52,113310.8,111674.11,111985.42,7849
2023-06-14 11:00:00,111877.79,112283.74,111435.84,112163.69,13162
2023-06-14 12:00:00,112389.52,112718.12,111871.96,112096.16,14122
2023-06-14 13:00:00,111911.23,111911.23,111089.53,111687.86,30903
2023-06-14 14:00:00,111800.65,112631.14,111624.47,111906.46,8384
2023-06-14 15:00:00,111901.59,112125.03,111434.88,111658.19,8056
2023-06-14 16:00:00,111951.17,112748.18,111951.17,112450.23,8612
2023-06-14 17:00:00,112257.78,112898.76,111708.3,112673.41,13557
2023-06-14 18:00:00,112940.48,113586.45,111380.02,112495.11,7272
2023-06-14 19:00:00,112602.41,113025.95,112105.28,112311.54,7139
2023-06-14 20:00:00,112383.45,112534.83,111567.49,112310.21,18045
2023-06-14 21:00:00,112184.01,112485.91,111874.68,112261.39,9982
2023-06-14 22:00:00,112454.31,112905.03,112454.31,112679.67,13299
2023-06-14 23:00:00,112870.47,112987.67,112525.63,112767.2,10450
2023-06-15 00:00:00,112676.8,112958.63,111796.42,112536.09,7425
2023-06-15 01:00:00,112987.91,113440.77,112987.91,113214.34,6947
2023-06-15 02:00:00,113451.58,113783.15,112740.43,113242.04,10509
2023-06-15 03:00:00,112981.85,113856.77,112799.01,113520.03,12863
2023-06-15 04:00:00,113417.97,113834.81,113167.4,113314.88,9615
2023-06-15 05:00:00,113226.99,114198.14,113226.99,113453.9,8352
2023-06-15 06:00:00,113604.4,113799.04,113334.04,113571.89,9211
2023-06-15 07:00:00,112924.43,112924.43,112413.34,112922.5,14299
2023-06-15 08:00:00,113467.17,114359.18,113467.17,113644.42,7678
2023-06-15 09:00:00,113481.83,114327.49,113465.4,114099.29,8559
2023-06-15 10:00:00,113993.11,114245.77,113601.31,113956.15,11620
2023-06-15 11:00:00,113813.98,113813.98,113338.88,113569.86,12442
2023-06-15 12:00:00,113531.53,113769.26,113474.41,113701.81,9792
2023-06-15 13:00:00,113858.65,114385.05,113512.54,113740.02,17123
2023-06-15 14:00:00,113649.65,114552.22,113495.5,113871.44,9700
2023-06-15 15:00:00,113731.55,115045.05,112889.33,113942.31,9450
2023-06-15 16:00:00,114251.02,114349.45,113568.92,114121.21,9196
2023-06-15 17:00:00,113932.49,115184.21,113428.76,114627.98,13632
2023-06-15 18:00:00,114587.26,116023.6,114587.26,114817.32,11721
2023-06-15 19:00:00,114637.15,114661.21,114207.03,114432.34,12803
2023-06-15 20:00:00,114425.31,115135.88,114236.43,114906.07,8124
2023-06-15 21:00:00,115238.63,115620.88,115238.63,115469.57,7639
2023-06-15 22:00:00,116338.12,117399.06,116338.12,116556.15,7722
2023-06-15 23:00:00,116332.25,116332.25,115278.34,116100.05,8402
2023-06-16 00:00:00,116253.45,116376.21,115854.39,116143.92,13875
2023-06-16 01:00:00,116143.61,116143.61,114550.82,115362.9,16530
2023-06-16 02:00:00,115306.71,115768.86,115306.71,115537.78,11030
2023-06-16 03:00:00,115879.89,115879.89,115072.32,115319.72,9357
2023-06-16 04:00:00,115818.7,116212.57,115818.7,115980.61,11893
2023-06-16 05:00:00,116056.52,116475.34,115304.65,115669.19,10616
2023-06-16 06:00:00,115549.98,116318.77,114508.98,115045.96,13308
2023-06-16 07:00:00,115016.69,115100.14,114728.5,114870.4,9762
2023-06-16 08:00:00,115046.42,115766.23,113943.16,114171.5,12171
2023-06-16 09:00:00,114271.4,114675.35,114237.79,114446.46,10696
2023-06-16 10:00:00,114118.18,114118.18,113183.92,113728.51,8687
2023-06-16 11:00:00,113960.3,114464.8,112390.17,113763.41,6805
2023-06-16 12:00:00,113289.66,113289.66,112932.36,113063.54,18840
2023-06-16 13:00:00,113095.98,113484.99,112635.79,112995.35,16186
2023-06-16 14:00:00,113173.4,115188.98,113173.4,113608.7,9967
2023-06-16 15:00:00,113538.2,114058.76,113538.2,113765.73,5014
2023-06-16 16:00:00,113803.25,113997.46,113267.86,113494.85,11783
2023-06-16 17:00:00,113589.55,114245.63,113236.81,113520.71,11792
2023-06-16 18:00:00,113281.33,113790.96,113281.33,113563.84,10009
2023-06-16 19:00:00,113605.47,113852.62,113537.35,113764.88,11606
2023-06-16 20:00:00,113492.3,113564.2,113095.22,113321.87,7701
2023-06-16 21:00:00,113008.96,114570.44,113008.96,113572.33,15847
2023-06-16 22:00:00,113555.5,113555.5,112446.11,112671.45,17098
2023-06-16 23:00:00,112789.0,113491.2,112291.35,112516.38,10500
2023-06-17 00:00:00,112550.35,112550.35,111435.87,112415.02,11991
2023-06-17 01:00:00,112677.63,112865.22,112677.63,112704.5,12987
2023-06-17 02:00:00,112663.83,113003.73,111904.36,112778.17,12887
2023-06-17 03:00:00,112500.3,112583.08,112133.65,112358.36,9345
2023-06-17 04:00:00,112320.99,112320.99,110443.98,112096.8,9575
2023-06-17 05:00:00,112171.09,112473.66,111651.46,112249.16,8985
2023-06-17 06:00:00,112151.11,112540.02,111765.24,112303.52,8421
2023-06-17 07:00:00,112132.15,112205.28,111467.33,112184.09,8944
2023-06-17 08:00:00,112117.14,112117.14,111226.7,112103.65,14483
2023-06-17 09:00:00,112123.2,112764.08,112123.2,112426.85,13959
2023-06-17 10:00:00,112338.91,113541.23,111905.89,112325.66,11085
2023-06-17 11:00:00,112405.05,112779.15,111786.76,112376.82,13267
2023-06-17 12:00:00,112976.44,113429.25,112976.44,113202.85,7822
2023-06-17 13:00:00,113107.32,113226.77,112544.19,112769.73,7371
2023-06-17 14:00:00,112815.15,112815.15,111739.11,112201.23,10056
2023-06-17 15:00:00,112330.33,112780.56,112330.33,112555.44,17437
2023-06-17 16:00:00,112871.57,113209.0,111685.44,112399.76,6765
2023-06-17 17:00:00,112206.56,113220.03,110982.86,112373.13,7138
2023-06-17 18:00:00,112233.91,112410.69,111855.61,112186.32,5440
2023-06-17 19:00:00,112255.14,112753.68,111871.33,112183.17,10563
2023-06-17 20:00:00,112443.42,113643.12,112443.42,112820.21,8056
2023-06-17 21:00:00,113049.63,113397.33,112944.65,113170.99,11941
2023-06-17 22:00:00,113396.44,113764.63,112701.54,113537.56,14740
2023-06-17 23:00:00,113413.57,113413.57,112880.39,113106.61,7270
2023-06-18 00:00:00,112978.7,112978.7,112444.68,112780.24,14677
2023-06-18 01:00:00,112107.43,112107.43,110877.62,111883.66,8674
2023-06-18 02:00:00,111795.48,113265.99,111489.12,111712.54,14442
2023-06-18 03:00:00,112133.0,112854.71,112133.0,112149.64,11352
2023-06-18 04:00:00,112201.69,112651.39,112201.69,112426.54,8845
2023-06-18 05:00:00,112414.04,112666.05,111850.42,112441.17,6991
2023-06-18 06:00:00,112751.58,112751.58,112293.8,112526.53,9089
2023-06-18 07:00:00,112205.82,113204.95,112157.88,112382.65,8786
2023-06-18 08:00:00,112669.56,112774.71,111803.6,112549.61,10750
2023-06-18 09:00:00,112545.44,113645.96,112545.44,112906.46,12452
2023-06-18 10:00:00,112989.3,113403.95,112256.19,112432.91,7074
2023-06-18 11:00:00,112501.15,113328.41,112406.98,112632.24,5867
2023-06-18 12:00:00,112697.76,114215.06,112224.12,113043.89,13513
2023-06-18 13:00:00,113063.76,113868.58,111726.63,112980.75,10191
2023-06-18 14:00:00,113226.16,114379.2,113199.54,113305.56,11799
2023-06-18 15:00:00,114113.48,114661.69,114113.48,114356.79,6849
2023-06-18 16:00:00,114212.27,115179.32,113703.83,114369.95,13687
2023-06-18 17:00:00,114410.11,114788.51,114410.11,114559.4,4962
2023-06-18 18:00:00,114231.17,114936.72,114069.82,114347.86,8150
2023-06-18 19:00:00,114585.93,114693.79,114235.94,114464.86,12970
2023-06-18 20:00:00,114558.77,115532.83,114067.09,114678.35,10024
2023-06-18 21:00:00,114880.56,115235.06,114565.36,114794.95,8929
2023-06-18 22:00:00,114710.77,114710.77,114041.82,114481.81,10999
2023-06-18 23:00:00,114366.6,115381.51,113276.83,114608.08,7567
2023-06-19 00:00:00,114719.79,116167.14,114719.79,115173.31,11984
2023-06-19 01:00:00,115407.09,115407.09,115014.86,115368.85,17117
2023-06-19 02:00:00,115301.02,115878.28,115301.02,115743.23,5719
2023-06-19 03:00:00,115666.24,116573.15,115455.29,115686.66,7833
2023-06-19 04:00:00,115677.49,116186.59,115677.49,115981.05,8829
2023-06-19 05:00:00,116202.06,116980.96,115820.65,116102.41,11204
2023-06-19 06:00:00,116016.49,116016.49,115137.45,115784.92,7211
2023-06-19 07:00:00,115874.51,116158.46,114956.89,115926.6,8979
2023-06-19 08:00:00,115499.29,116562.94,114787.9,115601.03,9657
2023-06-19 09:00:00,115363.1,116614.55,115084.36,115412.64,6156
2023-06-19 10:00:00,115679.56,116488.24,114752.68,115518.97,12252
2023-06-19 11:00:00,115430.77,115893.42,115430.77,115662.1,6542
2023-06-19 12:00:00,115505.3,115505.3,115044.2,115274.75,8968
2023-06-19 13:00:00,115090.14,115923.56,114534.62,115692.17,6960
2023-06-19 14:00:00,115830.27,116415.85,115697.74,115929.6,7159
2023-06-19 15:00:00,115940.15,115940.15,115101.63,115708.73,16181
2023-06-19 16:00:00,115304.52,115304.52,114970.81,115201.22,9043
2023-06-19 17:00:00,115212.01,115352.32,114668.9,115201.45,8985
2023-06-19 18:00:00,115109.07,115898.19,113947.5,115094.97,11044
2023-06-19 19:00:00,114957.51,115984.45,114957.51,115187.88,8305
2023-06-19 20:00:00,114882.24,115340.77,114190.31,115110.55,8637
2023-06-19 21:00:00,114682.62,114682.62,114355.3,114456.87,11627
2023-06-19 22:00:00,114167.37,114793.98,113516.98,114392.08,12030
2023-06-19 23:00:00,114552.59,115548.07,114128.98,114357.69,15616
2023-06-20 00:00:00,114464.32,115234.5,114464.32,114652.46,9767
2023-06-20 01:00:00,114627.1,115130.11,113862.36,114473.96,7069
2023-06-20 02:00:00,114479.76,115725.36,114291.58,115133.9,11952
2023-06-20 03:00:00,115097.06,115163.76,114289.24,114518.28,11860
2023-06-20 04:00:00,114609.38,115145.64,113686.87,115052.42,11148
2023-06-20 05:00:00,114775.75,115906.97,114679.09,115037.29,9839
2023-06-20 06:00:00,115304.71,116210.33,115304.71,115403.71,6097
2023-06-20 07:00:00,115386.82,115716.23,115386.82,115485.26,9128
2023-06-20 08:00:00,115707.06,116306.8,115707.06,115938.93,13482
2023-06-20 09:00:00,115832.21,116347.65,115054.53,115842.77,7562
2023-06-20 10:00:00,115774.3,116153.19,114792.47,115499.63,10187
2023-06-20 11:00:00,116052.04,117262.37,116052.04,116057.02,10468
2023-06-20 12:00:00,116030.91,117268.39,116030.91,116057.8,7607
2023-06-20 13:00:00,116276.5,116409.35,115944.64,116176.99,8325
2023-06-20 14:00:00,116325.77,116662.81,116325.77,116652.26,7597
2023-06-20 15:00:00,116527.65,116527.65,115199.38,116309.11,5952
2023-06-20 16:00:00,116434.91,116789.52,116434.91,116556.4,8649
2023-06-20 17:00:00,116517.75,116757.72,116142.76,116375.51,17157
2023-06-20 18:00:00,116424.14,116710.63,116129.05,116361.78,19003
2023-06-20 19:00:00,116471.53,117327.63,116097.38,116423.88,9266
2023-06-20 20:00:00,116130.44,116130.44,114896.28,115923.99,18722
2023-06-20 21:00:00,115907.69,115927.91,115008.16,115696.52,9909
2023-06-20 22:00:00,115773.81,116778.28,115634.85,116228.9,14364
2023-06-20 23:00:00,116335.48,117599.31,116094.94,116585.04,7166
2023-06-21 00:00:00,116577.04,116828.6,115629.79,116595.41,7733
2023-06-21 01:00:00,116293.09,116949.22,116162.9,116715.78,15161
2023-06-21 02:00:00,116629.64,116699.32,116408.75,116642.03,6991
2023-06-21 03:00:00,116972.17,118132.37,116856.41,117161.12,8764
2023-06-21 04:00:00,117226.75,117226.75,116875.67,117109.89,10523
2023-06-21 05:00:00,116886.89,119326.87,116716.32,117215.96,7506
2023-06-21 06:00:00,117413.03,117855.82,117413.03,117648.32,16157
2023-06-21 07:00:00,117716.65,117960.74,117144.38,117379.13,11365
2023-06-21 08:00:00,117303.32,118711.43,117303.32,117958.01,11415
2023-06-21 09:00:00,117598.98,118785.84,116241.8,117408.06,9314
2023-06-21 10:00:00,117683.48,118911.68,117683.48,118010.22,10382
2023-06-21 11:00:00,117955.51,118110.06,117854.29,117874.31,9790
2023-06-21 12:00:00,117778.61,118370.53,117546.38,117790.72,13642
2023-06-21 13:00:00,117750.04,117888.33,115830.53,117116.98,7426
2023-06-21 14:00:00,117043.32,117214.97,116911.76,116981.0,9606
2023-06-21 15:00:00,116873.55,116873.55,116484.65,116640.27,19367
2023-06-21 16:00:00,116552.11,116716.49,115353.48,116461.95,12943
2023-06-21 17:00:00,116330.61,116688.67,115329.68,116455.76,8567
2023-06-21 18:00:00,116604.96,117074.82,116604.96,116841.14,12801
2023-06-21 19:00:00,116893.14,117066.5,116893.14,116950.29,7143
2023-06-21 20:00:00,117158.17,117158.17,115889.05,117093.02,10465
2023-06-21 21:00:00,116662.62,116963.76,116181.73,116730.29,15421
2023-06-21 22:00:00,116786.23,117505.39,116162.59,116455.6,6933
2023-06-21 23:00:00,116427.47,117379.25,115898.79,117144.96,14171
2023-06-22 00:00:00,117060.69,117060.69,116743.75,116911.56,6182
2023-06-22 01:00:00,117307.54,118871.45,117307.54,117542.62,13326
2023-06-22 02:00:00,117794.45,118343.07,117279.55,117477.28,8847
2023-06-22 03:00:00,117266.11,118097.8,117266.11,117501.11,11518
2023-06-22 04:00:00,117550.78,118646.6,116648.21,117908.41,8001
2023-06-22 05:00:00,117973.79,118946.06,117973.79,118379.54,14189
2023-06-22 06:00:00,118473.12,118473.12,118129.63,118340.89,7638
2023-06-22 07:00:00,118292.57,118562.32,117585.35,118203.43,19166
2023-06-22 08:00:00,118296.35,118788.05,118002.76,118190.54,11428
2023-06-22 09:00:00,118083.15,118556.43,118083.15,118319.79,16985
2023-06-22 10:00:00,118388.49,119333.83,118388.49,118647.92,22087
2023-06-22 11:00:00,118552.65,119324.69,118299.52,118646.01,8247
2023-06-22 12:00:00,118766.97,119251.74,118013.68,118868.07,8274
2023-06-22 13:00:00,119219.31,120356.82,119219.31,119458.22,12020
2023-06-22 14:00:00,119768.52,120275.14,118431.6,119577.21,9335
2023-06-22 15:00:00,119427.12,120400.02,119427.12,119666.46,8293
2023-06-22 16:00:00,119790.13,119888.87,118757.41,119081.3,10585
2023-06-22 17:00:00,119117.51,119117.51,117816.06,118109.78,7767
2023-06-22 18:00:00,118178.63,118549.66,117592.22,118262.8,9230
2023-06-22 19:00:00,118181.07,118471.14,117508.84,118238.54,9993
2023-06-22 20:00:00,118249.03,118299.8,116486.59,118063.67,4391
2023-06-22 21:00:00,118159.66,118420.51,117613.64,118168.71,8177
2023-06-22 22:00:00,117924.7,119350.05,117924.7,118161.02,9274
2023-06-22 23:00:00,118151.64,119756.93,117858.16,118586.2,15518
2023-06-23 00:00:00,118424.33,118694.9,118390.34,118627.6,4241
2023-06-23 01:00:00,118717.38,119375.22,118244.35,118365.75,7311
2023-06-23 02:00:00,118504.6,118979.57,118504.6,118742.09,9750
2023-06-23 03:00:00,118870.99,119145.6,118434.26,118671.61,8745
2023-06-23 04:00:00,118831.62,119111.42,118831.62,118873.67,7026
2023-06-23 05:00:00,118942.45,119764.04,118467.68,118705.09,6965
2023-06-23 06:00:00,118651.0,119787.36,118241.02,118477.98,8630
2023-06-23 07:00:00,118871.06,118920.38,117912.21,118522.95,9038
2023-06-23 08:00:00,118421.78,118779.16,118304.99,118542.08,12725
2023-06-23 09:00:00,118369.07,119447.37,118342.85,118730.33,10006
2023-06-23 10:00:00,118867.96,118876.78,118270.92,118639.5,16902
2023-06-23 11:00:00,118218.89,118218.89,117496.0,117982.93,10964
2023-06-23 12:00:00,117683.48,118090.64,117008.85,117854.93,6542
2023-06-23 13:00:00,117939.02,118178.68,117939.02,118175.37,10299
2023-06-23 14:00:00,118260.03,119164.67,117944.18,118094.61,8737
2023-06-23 15:00:00,117988.13,118049.04,116982.95,118033.46,9210
2023-06-23 16:00:00,118042.73,118956.52,118042.73,118417.57,7727
2023-06-23 17:00:00,118480.41,118743.71,117557.69,118176.93,5704
2023-06-23 18:00:00,118173.49,118173.49,117407.18,117642.46,9638
2023-06-23 19:00:00,117626.72,118461.46,116597.44,117624.1,9437
2023-06-23 20:00:00,117437.41,118390.84,116069.7,117490.42,16928
2023-06-23 21:00:00,117367.0,117423.4,116954.65,117189.03,10875
2023-06-23 22:00:00,117441.19,118276.25,116982.28,117179.21,8723
2023-06-23 23:00:00,117175.97,117572.72,117175.97,117410.79,12082
2023-06-24 00:00:00,117223.41,118436.41,117223.41,117458.32,9117
2023-06-24 01:00:00,117472.31,118118.77,117134.81,117616.75,10992
2023-06-24 02:00:00,117858.1,118390.63,117858.1,118316.04,8832
2023-06-24 03:00:00,118281.75,118457.24,117928.11,118220.8,7617
2023-06-24 04:00:00,118271.61,119660.09,117868.44,118354.21,8285
2023-06-24 05:00:00,118295.22,118332.78,118016.54,118198.58,10050
2023-06-24 06:00:00,117962.39,118709.41,117298.78,117927.47,6335
2023-06-24 07:00:00,118043.47,118873.35,117522.31,117757.83,8879
2023-06-24 08:00:00,117741.34,117868.13,117130.53,117632.86,7154
2023-06-24 09:00:00,117748.86,118050.54,116544.11,117814.91,6985
2023-06-24 10:00:00,118141.14,119231.18,118141.14,118709.77,11326
2023-06-24 11:00:00,118690.12,118708.6,118190.95,118476.83,8389
2023-06-24 12:00:00,118461.39,119237.21,117779.69,118360.11,6568
2023-06-24 13:00:00,118275.45,118877.31,117695.82,118376.2,7806
2023-06-24 14:00:00,118497.37,118846.66,117131.01,118557.14,9909
2023-06-24 15:00:00,118634.16,118795.33,117505.86,118688.84,8286
2023-06-24 16:00:00,119090.64,120245.44,119090.64,119187.37,10461
2023-06-24 17:00:00,119106.74,119251.52,118214.1,118322.67,10925
2023-06-24 18:00:00,117735.84,117735.84,117265.83,117500.84,10179
2023-06-24 19:00:00,117733.73,117944.69,116460.2,117386.52,7460
2023-06-24 20:00:00,117407.73,118085.29,117407.73,117849.59,16277
2023-06-24 21:00:00,117573.61,117573.61,115290.45,117343.4,11921
2023-06-24 22:00:00,116462.12,116462.12,115274.93,116333.74,8702
2023-06-24 23:00:00,116361.0,116868.9,115727.36,116635.63,13266
2023-06-25 00:00:00,116743.31,117408.53,115556.66,116815.46,12646
2023-06-25 01:00:00,116805.54,117593.72,115665.87,116513.45,12004
2023-06-25 02:00:00,116332.75,116332.75,116199.93,116259.97,7781
2023-06-25 03:00:00,116086.2,116250.28,115786.21,116018.24,7064
2023-06-25 04:00:00,115802.52,116695.53,115802.52,116167.0,8691
2023-06-25 05:00:00,116283.41,116283.41,115368.05,116051.31,9223
2023-06-25 06:00:00,116205.93,116569.22,116103.88,116336.55,12498
2023-06-25 07:00:00,115654.18,115654.18,115192.49,115423.33,10555
2023-06-25 08:00:00,115478.24,115478.24,114891.67,115247.74,10790
2023-06-25 09:00:00,115132.58,115132.58,114519.27,114982.42,7918
2023-06-25 10:00:00,115211.72,115356.11,114802.3,115032.36,8036
2023-06-25 11:00:00,115141.64,115987.4,114752.32,114982.28,11462
2023-06-25 12:00:00,115125.94,115635.61,114847.96,115404.8,7046
2023-06-25 13:00:00,115110.92,115110.92,114694.81,114881.16,12931
2023-06-25 14:00:00,114937.69,115275.0,114826.29,115044.91,8693
2023-06-25 15:00:00,115041.7,115608.71,114687.73,115386.98,7606
2023-06-25 16:00:00,115947.03,116411.07,115947.03,116179.39,8727
2023-06-25 17:00:00,116502.76,116745.48,114692.19,116126.28,13904
2023-06-25 18:00:00,116131.44,116593.66,114910.04,116360.93,7216
2023-06-25 19:00:00,116382.47,116679.61,115688.83,115830.95,8627
2023-06-25 20:00:00,115935.75,116283.21,114878.87,115109.09,14844
2023-06-25 21:00:00,115319.56,115781.76,115319.56,115550.66,11167
2023-06-25 22:00:00,115716.59,115948.96,114358.74,115683.36,5793
2023-06-25 23:00:00,115648.33,116466.35,115648.33,116233.88,7369
2023-06-26 00:00:00,116187.83,116338.34,115334.78,115863.11,7705
2023-06-26 01:00:00,115655.93,116547.16,115655.93,116174.49,9626
2023-06-26 02:00:00,116723.61,117191.44,116723.61,116957.53,21520
2023-06-26 03:00:00,117059.19,118068.33,116786.41,117206.74,5375
2023-06-26 04:00:00,117222.52,118260.52,116614.34,117399.9,8099
2023-06-26 05:00:00,117413.43,117516.41,117044.19,117492.44,9952
2023-06-26 06:00:00,117364.48,117364.48,115807.41,117014.48,10880
2023-06-26 07:00:00,117068.91,118186.01,117068.91,117601.64,10701
2023-06-26 08:00:00,117968.14,117971.67,117231.43,117466.36,15906
2023-06-26 09:00:00,117525.53,117973.58,117140.95,117738.1,8948
2023-06-26 10:00:00,117586.77,117586.77,115774.44,117258.12,5776
2023-06-26 11:00:00,117164.82,117164.82,116046.26,116930.96,6207
2023-06-26 12:00:00,117314.3,117784.5,117314.3,117549.4,11503
2023-06-26 13:00:00,117525.45,117751.03,117134.98,117515.99,7880
2023-06-26 14:00:00,117593.31,118457.87,116770.41,118130.63,9073
2023-06-26 15:00:00,118207.19,118396.91,117942.8,118179.16,9099
2023-06-26 16:00:00,117824.79,117824.79,117354.43,117589.61,12198
2023-06-26 17:00:00,117767.87,118237.6,117765.6,118001.6,5689
2023-06-26 18:00:00,118126.04,118460.38,117709.23,117868.44,11279
2023-06-26 19:00:00,118162.75,118440.93,117734.36,118204.53,7185
2023-06-26 20:00:00,118052.11,118815.41,118052.11,118288.68,6602
2023-06-26 21:00:00,118038.04,118038.04,117658.41,117802.44,9697
2023-06-26 22:00:00,117665.0,119028.76,117566.03,117947.1,10507
2023-06-26 23:00:00,118709.03,119143.21,118709.03,118823.46,11318
2023-06-27 00:00:00,118950.6,120510.72,118950.6,119063.85,19961
2023-06-27 01:00:00,119390.11,119390.11,118177.04,119099.71,8123
2023-06-27 02:00:00,119129.12,119786.39,118891.98,119547.3,13453
2023-06-27 03:00:00,119447.86,119906.76,119428.09,119667.42,8916
2023-06-27 04:00:00,119747.79,121071.04,119542.74,119787.12,9871
2023-06-27 05:00:00,119342.4,120195.15,119187.62,119426.47,13894
2023-06-27 06:00:00,119471.25,120751.37,119471.25,119560.35,7103
2023-06-27 07:00:00,119832.53,121618.1,119134.36,119982.93,11313
2023-06-27 08:00:00,119693.61,121171.46,119179.67,119710.24,10013
2023-06-27 09:00:00,120033.8,120514.89,120033.8,120274.35,12755
2023-06-27 10:00:00,120250.53,121050.39,119531.93,120268.11,10344
2023-06-27 11:00:00,120136.67,121378.8,118984.88,119969.46,9030
2023-06-27 12:00:00,119482.74,120614.79,119222.64,120374.04,5996
2023-06-27 13:00:00,120524.91,121252.13,119930.96,120296.3,8476
2023-06-27 14:00:00,120576.48,120918.1,120368.43,120609.65,13283
2023-06-27 15:00:00,120676.7,120999.47,120447.45,120528.1,9570
2023-06-27 16:00:00,120295.35,120678.7,120295.35,120536.42,15780
2023-06-27 17:00:00,120437.79,120963.06,119674.2,120750.48,7792
2023-06-27 18:00:00,120635.7,120934.45,120199.2,120884.96,9211
2023-06-27 19:00:00,120495.21,120495.21,119929.39,120169.73,11176
2023-06-27 20:00:00,120164.14,120164.14,119732.7,119800.68,8360
2023-06-27 21:00:00,120029.51,120436.54,119949.27,120196.15,9400
2023-06-27 22:00:00,120094.93,120432.13,119692.62,120191.75,8219
2023-06-27 23:00:00,120234.26,120284.4,119552.15,120044.31,7285
2023-06-28 00:00:00,119794.62,119835.56,118727.34,119596.36,7569
2023-06-28 01:00:00,119518.94,119518.94,118189.24,119267.32,8182
2023-06-28 02:00:00,118842.86,118842.86,118451.16,118605.65,8771
2023-06-28 03:00:00,118884.23,119714.61,117818.18,118665.49,9092
2023-06-28 04:00:00,118677.73,118780.22,117892.0,118543.13,14652
2023-06-28 05:00:00,118767.17,119072.18,117971.22,118292.07,5801
2023-06-28 06:00:00,118349.23,118863.89,118185.86,118375.89,6175
2023-06-28 07:00:00,118573.83,118851.08,118169.15,118613.85,17793
2023-06-28 08:00:00,118758.99,119475.4,118411.56,119474.2,22568
2023-06-28 09:00:00,119951.77,119951.77,118244.08,119001.99,12774
2023-06-28 10:00:00,119278.0,119756.07,119278.0,119517.03,8383
2023-06-28 11:00:00,119578.3,120703.67,119578.3,119951.6,10274
2023-06-28 12:00:00,120002.79,120694.91,118123.61,119735.22,9268
2023-06-28 13:00:00,119261.58,120127.07,119120.24,119887.29,8076
2023-06-28 14:00:00,119852.88,120849.22,119554.6,119794.19,6564
2023-06-28 15:00:00,119980.02,120743.7,119700.41,119940.29,7490
2023-06-28 16:00:00,120327.79,120810.06,120327.79,120568.93,11658
2023-06-28 17:00:00,120674.75,121093.26,120325.68,120851.56,9983
2023-06-28 18:00:00,120702.91,121742.8,120062.56,121094.03,11742
2023-06-28 19:00:00,121266.05,121725.74,120740.11,120983.39,6153
2023-06-28 20:00:00,120597.54,120597.54,120247.87,120488.85,12148
2023-06-28 21:00:00,120566.41,120757.05,120238.88,120479.84,6365
2023-06-28 22:00:00,120617.13,121898.96,120159.29,120993.81,6254
2023-06-28 23:00:00,120792.48,121712.09,119973.2,120483.69,8237
2023-06-29 00:00:00,120341.32,120341.32,119799.37,120162.98,10288
2023-06-29 01:00:00,120527.47,120527.47,119260.39,120286.89,10518
2023-06-29 02:00:00,120105.63,120873.15,119473.22,119999.72,8693
2023-06-29 03:00:00,120221.43,120221.43,119185.39,119792.87,8460
2023-06-29 04:00:00,119960.34,119970.01,119491.09,119730.55,10186
2023-06-29 05:00:00,119360.52,119360.52,117947.31,119325.88,12995
2023-06-29 06:00:00,119199.98,119199.98,118753.15,119078.46,16383
2023-06-29 07:00:00,118950.44,119689.46,118758.91,119450.56,11205
2023-06-29 08:00:00,119292.78,119468.59,118831.24,119081.27,15750
2023-06-29 09:00:00,118734.07,118734.07,118383.33,118620.57,7731
2023-06-29 10:00:00,118981.93,119064.89,118100.92,118526.69,9368
2023-06-29 11:00:00,118693.84,119419.09,118693.84,118929.21,12668
2023-06-29 12:00:00,118967.31,119391.25,118885.34,118984.29,8347
2023-06-29 13:00:00,119082.7,119154.38,118881.98,118941.52,14614
2023-06-29 14:00:00,118965.58,120440.13,118450.02,119086.52,9484
2023-06-29 15:00:00,118813.88,118813.88,118522.25,118576.73,7311
2023-06-29 16:00:00,118308.44,119053.58,118287.99,118897.26,10137
2023-06-29 17:00:00,118945.26,119408.78,118898.19,119170.44,11357
2023-06-29 18:00:00,119025.89,119741.79,118909.43,119147.73,8005
2023-06-29 19:00:00,119348.85,120354.81,119213.16,119643.15,11981
2023-06-29 20:00:00,119377.17,120737.09,118941.79,119348.88,11089
2023-06-29 21:00:00,119817.99,120210.3,119817.99,119889.3,8543
2023-06-29 22:00:00,119622.8,120301.96,119622.8,120061.84,10432
2023-06-29 23:00:00,119811.38,120191.53,119811.38,120051.49,10119
2023-06-30 00:00:00,120228.08,121370.88,119917.81,120158.12,11105
2023-06-30 01:00:00,120231.75,120470.46,119959.4,120230.0,7236
2023-06-30 02:00:00,120169.74,121082.13,118849.31,120788.55,8998
2023-06-30 03:00:00,120740.29,121607.54,119797.29,120485.81,9868
2023-06-30 04:00:00,120125.73,120349.4,120067.46,120308.07,14169
2023-06-30 05:00:00,120558.58,121156.12,120558.58,120800.18,4863
2023-06-30 06:00:00,120699.63,120881.17,120590.4,120677.7,11925
2023-06-30 07:00:00,121110.84,122009.36,121110.84,121111.21,10291
2023-06-30 08:00:00,121438.11,121862.41,121438.11,121833.97,8031
2023-06-30 09:00:00,121699.18,122404.95,121138.96,121757.85,11470
2023-06-30 10:00:00,121730.65,122663.57,121604.04,122088.59,11495
2023-06-30 11:00:00,121870.29,122622.53,121471.56,121726.59,9412
2023-06-30 12:00:00,121817.51,122228.7,121141.37,122086.12,12013
2023-06-30 13:00:00,122114.96,122997.79,121319.92,122231.65,10028
2023-06-30 14:00:00,122229.35,123014.21,122181.42,122477.35,9707
2023-06-30 15:00:00,122445.54,123276.09,121458.84,122300.04,13914
2023-06-30 16:00:00,121990.96,121990.96,120965.8,121747.47,6588
2023-06-30 17:00:00,121822.34,122748.83,121385.11,122020.03,6989
2023-06-30 18:00:00,122152.71,122338.7,120299.13,121327.69,7265
2023-06-30 19:00:00,121682.73,122658.72,120904.78,121307.67,7942
2023-06-30 20:00:00,121511.13,121877.38,121511.13,121754.64,8188
2023-06-30 21:00:00,121849.94,122550.06,120988.08,121912.73,10551
2023-06-30 22:00:00,122475.96,122966.85,122475.96,122721.41,12729
2023-06-30 23:00:00,122546.0,123608.4,122546.0,123167.69,11318
2023-07-01 00:00:00,123214.28,123214.28,122722.41,122968.34,16529
2023-07-01 01:00:00,122913.58,123554.34,122436.81,123029.74,8991
2023-07-01 02:00:00,123257.02,123569.66,122935.73,123063.13,10139
2023-07-01 03:00:00,122762.43,122762.43,121925.22,122517.39,6331
2023-07-01 04:00:00,122355.03,123002.49,121647.73,122229.24,11318
2023-07-01 05:00:00,122181.11,123317.9,121914.76,122093.99,6802
2023-07-01 06:00:00,121722.38,121722.38,120320.08,121412.15,9937
2023-07-01 07:00:00,121285.88,121771.99,121285.88,121528.94,9552
2023-07-01 08:00:00,121384.53,122189.44,121289.82,121532.89,4739
2023-07-01 09:00:00,121598.42,121961.34,119967.48,121010.92,11622
2023-07-01 10:00:00,120927.28,121517.42,120029.77,121274.87,4672
2023-07-01 11:00:00,121353.19,121894.18,121353.19,121650.88,11084
2023-07-01 12:00:00,121416.42,122448.29,120548.89,121836.49,12783
2023-07-01 13:00:00,121883.81,123011.51,120914.81,121810.52,12777
2023-07-01 14:00:00,121693.46,122625.0,121624.96,122128.06,18464
2023-07-01 15:00:00,122319.1,122892.6,122319.1,122472.16,7886
2023-07-01 16:00:00,122409.67,123063.59,122121.66,122667.54,11113
2023-07-01 17:00:00,122677.23,122677.23,121401.29,122432.36,8610
2023-07-01 18:00:00,122609.23,122795.06,121185.46,122617.58,11706
2023-07-01 19:00:00,122989.42,123906.02,122989.42,123144.21,10778
2023-07-01 20:00:00,123012.54,123012.54,122078.91,122980.71,16468
2023-07-01 21:00:00,123813.78,125042.3,123813.78,123838.59,9383
2023-07-01 22:00:00,123931.58,123931.58,123163.03,123684.21,17452
2023-07-01 23:00:00,123585.72,123992.21,122262.56,123744.72,13199
2023-07-02 00:00:00,123983.3,125061.11,123291.39,123538.47,7889
2023-07-02 01:00:00,123415.15,123925.14,122569.98,123677.78,13295
2023-07-02 02:00:00,123630.46,124340.3,122893.55,123071.41,7425
2023-07-02 03:00:00,122801.31,123243.21,122680.21,122936.65,13256
2023-07-02 04:00:00,122734.86,122734.86,122355.73,122600.93,10992
2023-07-02 05:00:00,122719.0,122982.1,122178.08,122736.63,9620
2023-07-02 06:00:00,122885.27,123439.38,122885.27,123192.99,15285
2023-07-02 07:00:00,123100.94,124518.48,123100.94,123507.39,9492
2023-07-02 08:00:00,122751.41,122751.41,122583.9,122672.51,14552
2023-07-02 09:00:00,122870.17,123666.81,122870.17,123525.37,5750
2023-07-02 10:00:00,123595.64,123948.08,123310.34,123700.67,11636
2023-07-02 11:00:00,123650.67,123713.22,122823.03,123466.28,8986
2023-07-02 12:00:00,123253.44,124347.27,122495.48,123593.83,9269
2023-07-02 13:00:00,123316.95,123973.3,122296.56,123725.85,9451
2023-07-02 14:00:00,124020.55,124256.93,123527.3,123535.81,10511
2023-07-02 15:00:00,123498.41,124180.89,123168.0,123678.4,18802
2023-07-02 16:00:00,123465.96,124029.35,123336.58,123513.55,11332
2023-07-02 17:00:00,123630.29,124167.42,123184.6,123431.47,9704
2023-07-02 18:00:00,123451.31,123522.8,122837.31,123247.02,14748
2023-07-02 19:00:00,123622.17,123747.34,122540.73,122786.3,4659
2023-07-02 20:00:00,122662.49,123047.83,122558.49,122933.53,7649
2023-07-02 21:00:00,123098.39,123490.56,122701.67,123244.07,12688
2023-07-02 22:00:00,123495.04,123768.44,123273.25,123521.4,6344
2023-07-02 23:00:00,123694.78,124189.91,123694.78,123906.76,13017
2023-07-03 00:00:00,124033.52,124345.28,123163.11,124097.08,6016
2023-07-03 01:00:00,124235.19,124780.14,123834.51,123955.47,8784
2023-07-03 02:00:00,123878.4,124998.82,123311.57,124340.53,10298
2023-07-03 03:00:00,124126.61,124126.61,123628.8,123878.85,10947
2023-07-03 04:00:00,123874.66,124947.69,122538.16,123607.99,6220
2023-07-03 05:00:00,123528.14,123566.62,123073.34,123319.98,12600
2023-07-03 06:00:00,123407.22,124384.34,123407.22,123814.61,12485
2023-07-03 07:00:00,123635.48,124789.04,123019.18,124246.26,4465
2023-07-03 08:00:00,124049.48,124743.52,123945.49,124494.53,7931
2023-07-03 09:00:00,124710.37,126117.12,124710.37,124960.29,12815
2023-07-03 10:00:00,125016.32,125725.45,124642.88,124669.88,14095
2023-07-03 11:00:00,124634.55,125663.47,123800.39,124856.54,8549
2023-07-03 12:00:00,124715.67,125879.05,124156.27,124856.95,13684
2023-07-03 13:00:00,124980.09,125752.58,124980.09,125230.55,8644
2023-07-03 14:00:00,125478.45,126232.52,124128.15,125224.61,7031
2023-07-03 15:00:00,125233.08,125834.38,123702.45,125115.47,6661
2023-07-03 16:00:00,124959.91,126831.55,124388.04,125368.72,11934
2023-07-03 17:00:00,125492.21,125780.88,125492.21,125743.7,7973
2023-07-03 18:00:00,125818.46,125877.88,124452.99,125516.89,13166
2023-07-03 19:00:00,125517.04,126219.22,125517.04,125530.25,8711
2023-07-03 20:00:00,125408.92,125408.92,124911.0,125161.33,5062
2023-07-03 21:00:00,124502.15,124502.15,123511.18,124253.64,13505
2023-07-03 22:00:00,124282.91,124655.24,124282.91,124406.43,15794
2023-07-03 23:00:00,124505.01,124930.45,124068.28,124711.29,7453
2023-07-04 00:00:00,124600.06,125577.34,124233.96,124879.27,9849
2023-07-04 01:00:00,124445.61,124445.61,123717.94,124197.22,5052
2023-07-04 02:00:00,123898.44,125128.84,123898.44,124146.73,5525
2023-07-04 03:00:00,124226.5,124226.5,123142.08,123388.86,6737
2023-07-04 04:00:00,123433.19,125403.86,123217.99,124011.35,11037
2023-07-04 05:00:00,124088.71,124945.46,123386.39,123687.78,9929
2023-07-04 06:00:00,123693.83,124510.19,122592.34,124261.67,6696
2023-07-04 07:00:00,124414.2,125275.47,124414.2,124704.84,7376
2023-07-04 08:00:00,124483.8,125389.84,124328.65,124436.11,18635
2023-07-04 09:00:00,124294.56,124341.2,122969.34,124086.65,6412
2023-07-04 10:00:00,124224.29,125446.97,124064.92,124313.55,11840
2023-07-04 11:00:00,124392.36,125150.98,123574.34,124081.7,7936
2023-07-04 12:00:00,124096.08,124504.03,124096.08,124217.15,8343
2023-07-04 13:00:00,124132.86,124590.63,123710.42,124126.1,11936
2023-07-04 14:00:00,123791.09,123791.09,122494.05,123544.0,13808
2023-07-04 15:00:00,122848.1,122848.1,122404.39,122810.79,10148
2023-07-04 16:00:00,122918.68,123687.07,122918.68,123024.47,11724
2023-07-04 17:00:00,123010.8,123181.17,122784.61,122935.3,9001
2023-07-04 18:00:00,122942.41,123096.47,122555.0,122850.77,7802
2023-07-04 19:00:00,122803.95,123487.3,121959.09,123240.81,11158
2023-07-04 20:00:00,123406.6,125205.22,123406.6,123803.16,9549
2023-07-04 21:00:00,124010.89,124874.82,123054.4,123806.23,10628
2023-07-04 22:00:00,123537.34,124516.6,123537.34,123784.91,13217
2023-07-04 23:00:00,123766.22,124403.19,123181.56,124083.82,16820
2023-07-05 00:00:00,123940.53,124786.18,122187.77,123672.23,13412
2023-07-05 01:00:00,123490.02,124231.17,123490.02,123871.67,8119
2023-07-05 02:00:00,123637.98,124439.92,122894.98,124191.53,7739
2023-07-05 03:00:00,124381.63,124803.01,123708.23,124553.9,7670
2023-07-05 04:00:00,124635.96,125075.34,123266.81,123908.4,11854
2023-07-05 05:00:00,123814.92,123982.03,123180.67,123734.56,11218
2023-07-05 06:00:00,123756.65,123821.21,122735.69,123522.26,11177
2023-07-05 07:00:00,123524.11,125087.82,123353.9,123687.04,11446
2023-07-05 08:00:00,123629.14,124242.07,122659.31,123994.08,13997
2023-07-05 09:00:00,124117.97,125747.19,123252.55,124681.05,5309
2023-07-05 10:00:00,124443.41,125224.51,124443.41,124593.28,13580
2023-07-05 11:00:00,124619.63,125858.51,124099.41,124507.94,15655
2023-07-05 12:00:00,124351.18,125302.01,124057.14,125051.91,10396
2023-07-05 13:00:00,124995.55,125651.75,124568.94,125256.58,8594
2023-07-05 14:00:00,125113.7,125928.75,125017.09,125829.74,5643
2023-07-05 15:00:00,125971.4,126264.89,124526.71,126013.69,8467
2023-07-05 16:00:00,125946.62,125946.62,125049.31,125637.22,14787
2023-07-05 17:00:00,125455.73,125455.73,123915.08,125205.32,8703
2023-07-05 18:00:00,124997.54,125278.15,124452.83,124702.24,12125
2023-07-05 19:00:00,124729.19,125312.53,124729.19,125062.4,10543
2023-07-05 20:00:00,124807.58,125982.86,124617.49,125617.81,12932
2023-07-05 21:00:00,126163.4,126537.78,126163.4,126416.23,14927
2023-07-05 22:00:00,126554.77,127062.01,126554.77,126808.39,11387
2023-07-05 23:00:00,127062.34,127571.61,127062.34,127316.98,9163
2023-07-06 00:00:00,127104.33,127393.24,126120.58,127138.96,11458
2023-07-06 01:00:00,126857.79,126857.79,126108.41,126742.79,15609
2023-07-06 02:00:00,126868.51,127544.15,126868.51,127136.79,10016
2023-07-06 03:00:00,127167.54,127607.32,127167.54,127352.62,12592
2023-07-06 04:00:00,127698.21,127698.21,127188.44,127443.32,10103
2023-07-06 05:00:00,127384.23,128775.79,127384.23,127639.5,10441
2023-07-06 06:00:00,127766.7,128478.03,127766.7,127806.35,10524
2023-07-06 07:00:00,128037.76,128733.86,128037.76,128345.89,9427
2023-07-06 08:00:00,128232.14,129137.23,128204.23,128879.47,8424
2023-07-06 09:00:00,128875.35,129364.44,128875.35,129106.22,8893
2023-07-06 10:00:00,129328.07,129706.91,128886.16,129448.01,14231
2023-07-06 11:00:00,129556.55,130254.25,129086.26,129647.39,8214
2023-07-06 12:00:00,129670.25,129670.25,128635.29,129456.21,12740
2023-07-06 13:00:00,129536.32,130124.24,129495.71,129755.22,11221
2023-07-06 14:00:00,129581.17,129725.25,128071.41,129192.84,9984
2023-07-06 15:00:00,129571.27,129977.92,129571.27,129616.12,10232
2023-07-06 16:00:00,129574.96,129574.96,128823.17,129136.08,6674
2023-07-06 17:00:00,129033.2,129514.73,128320.67,129256.22,7082
2023-07-06 18:00:00,129278.09,129278.09,128665.77,128923.62,11659
2023-07-06 19:00:00,128835.28,130114.4,128229.43,129154.28,12174
2023-07-06 20:00:00,129257.91,129257.91,128514.83,129146.25,10334
2023-07-06 21:00:00,129024.04,129931.05,127085.35,128525.46,11523
2023-07-06 22:00:00,128481.2,129159.55,127142.3,128719.1,21193
2023-07-06 23:00:00,128594.77,129044.73,128480.4,128516.39,10789
2023-07-07 00:00:00,128725.94,129272.24,128634.93,128892.72,11373
2023-07-07 01:00:00,128561.34,129340.17,127551.47,128912.27,10388
2023-07-07 02:00:00,128829.57,129983.08,128829.57,129087.74,6422
2023-07-07 03:00:00,128782.37,129649.88,127865.21,128723.29,8643
2023-07-07 04:00:00,128605.66,128605.66,128258.66,128515.69,8043
2023-07-07 05:00:00,128720.19,129558.93,128053.42,128366.3,15095
2023-07-07 06:00:00,128683.6,128972.92,128683.6,128738.83,13246
2023-07-07 07:00:00,129169.62,129869.34,129169.62,129428.48,11902
2023-07-07 08:00:00,128854.39,129452.51,128687.46,129119.46,8157
2023-07-07 09:00:00,129306.39,130497.95,129306.39,129565.52,10611
2023-07-07 10:00:00,128990.38,128990.38,128456.43,128713.86,12500
2023-07-07 11:00:00,128534.75,128534.75,127848.09,128278.19,6618
2023-07-07 12:00:00,127979.29,127979.29,127693.67,127949.57,12018
2023-07-07 13:00:00,127511.68,127511.68,127402.63,127477.28,11124
2023-07-07 14:00:00,127256.27,127256.27,126580.4,126930.93,21313
2023-07-07 15:00:00,127112.93,127651.95,127112.93,127180.55,12920
2023-07-07 16:00:00,127174.74,127436.02,125801.07,127181.65,18524
2023-07-07 17:00:00,127280.11,128489.37,126568.54,127414.32,8306
2023-07-07 18:00:00,127670.65,128392.41,127670.65,127763.95,6274
2023-07-07 19:00:00,127566.09,128194.84,127511.64,127938.96,7273
2023-07-07 20:00:00,128372.23,128805.4,127350.19,128263.7,8557
2023-07-07 21:00:00,128081.47,128523.44,128081.47,128294.57,11744
2023-07-07 22:00:00,128347.29,128466.35,127301.5,127886.18,11575
2023-07-07 23:00:00,128115.46,129586.4,128115.46,128372.2,6843
2023-07-08 00:00:00,128497.26,128643.67,126615.87,128199.8,10464
2023-07-08 01:00:00,128248.84,128492.58,127339.09,127897.5,11679
2023-07-08 02:00:00,127930.5,128398.99,126742.3,127900.17,17460
2023-07-08 03:00:00,128136.55,128136.55,127311.23,127615.37,8158
2023-07-08 04:00:00,127823.37,128426.52,126846.48,127533.34,12849
2023-07-08 05:00:00,127720.39,127897.02,127214.63,127750.77,5738
2023-07-08 06:00:00,127938.28,128094.33,127938.28,127964.91,10423
2023-07-08 07:00:00,127940.68,127940.68,126811.28,127685.31,8062
2023-07-08 08:00:00,127784.07,127830.64,127320.34,127575.49,7272
2023-07-08 09:00:00,127546.31,128544.05,127087.14,128079.99,10762
2023-07-08 10:00:00,128252.39,128601.75,128088.37,128345.06,10861
2023-07-08 11:00:00,128607.3,129852.18,127991.28,129223.78,9962
2023-07-08 12:00:00,129426.04,129989.56,129426.04,129730.1,11798
2023-07-08 13:00:00,129951.49,130472.34,129951.49,130211.92,11738
2023-07-08 14:00:00,129932.53,129932.53,129413.83,129673.18,14427
2023-07-08 15:00:00,129626.49,130266.49,128796.58,130006.47,15759
2023-07-08 16:00:00,130016.82,131545.45,129097.35,130007.12,10480
2023-07-08 17:00:00,129789.81,130621.56,129552.98,129812.6,10204
2023-07-08 18:00:00,129746.67,130171.59,129651.94,129911.76,7009
2023-07-08 19:00:00,130157.58,130904.78,129710.95,130318.81,7698
2023-07-08 20:00:00,130570.52,132237.23,130278.7,130539.78,7353
2023-07-08 21:00:00,130498.7,131644.64,129105.03,130206.12,14956
2023-07-08 22:00:00,130427.87,131220.66,129411.93,130531.39,11117
2023-07-08 23:00:00,130444.9,130444.9,129003.01,130298.04,9575
2023-07-09 00:00:00,130216.22,130897.87,129093.34,130414.89,11638
2023-07-09 01:00:00,130697.23,131811.6,129808.85,130320.2,12847
2023-07-09 02:00:00,130130.49,130788.71,129276.7,130260.89,12095
2023-07-09 03:00:00,130225.6,130679.62,129843.81,130597.25,9656
2023-07-09 04:00:00,130754.21,131121.66,129516.49,130203.27,11650
2023-07-09 05:00:00,130792.75,131274.19,130792.75,131012.16,7708
2023-07-09 06:00:00,130664.74,130956.01,129896.5,130293.62,7249
2023-07-09 07:00:00,130346.45,130346.45,128910.1,130086.28,8544
2023-07-09 08:00:00,130092.63,130761.33,129888.08,130270.89,13685
2023-07-09 09:00:00,130274.93,130808.42,130274.93,130536.0,14097
2023-07-09 10:00:00,130398.04,130779.98,129497.21,130518.94,13906
2023-07-09 11:00:00,130330.67,130783.41,129745.56,130522.37,10875
2023-07-09 12:00:00,130992.21,131541.27,130450.32,130711.74,12283
2023-07-09 13:00:00,131086.1,131246.03,129531.59,130639.15,10849
2023-07-09 14:00:00,131055.58,131443.38,131055.58,131220.41,4990
2023-07-09 15:00:00,131330.03,132299.68,131303.32,131566.45,10068
2023-07-09 16:00:00,131622.66,132319.76,131622.66,131916.14,9929
2023-07-09 17:00:00,131924.99,131924.99,131252.42,131515.45,10480
2023-07-09 18:00:00,131702.07,132270.49,131481.61,131485.97,8033
2023-07-09 19:00:00,131482.29,131482.29,130497.18,131372.25,12455
2023-07-09 20:00:00,131241.62,131241.62,130817.09,130979.67,9411
2023-07-09 21:00:00,130885.74,131726.78,130885.74,131148.04,10571
2023-07-09 22:00:00,131311.81,132093.38,130208.48,130950.9,10220
2023-07-09 23:00:00,130847.55,131500.47,130787.28,131237.99,7774
2023-07-10 00:00:00,131066.42,131066.42,130471.49,130823.68,9320
2023-07-10 01:00:00,131462.53,132071.0,131462.53,131542.6,9299
2023-07-10 02:00:00,131454.3,131454.3,130702.59,131191.91,11982
2023-07-10 03:00:00,131232.08,131787.05,131232.08,131302.09,8187
2023-07-10 04:00:00,131151.17,131905.42,131091.41,131642.14,9827
2023-07-10 05:00:00,131525.03,131525.03,131275.24,131421.66,11481
2023-07-10 06:00:00,131398.33,132440.83,131281.24,131783.14,11794
2023-07-10 07:00:00,131791.39,133135.0,130317.67,131295.97,7117
2023-07-10 08:00:00,131272.36,132287.42,131108.31,131904.12,10729
2023-07-10 09:00:00,132021.47,132021.47,130461.61,131916.24,12914
2023-07-10 10:00:00,131933.06,131998.9,130755.99,131681.22,11250
2023-07-10 11:00:00,131888.75,132425.44,131311.66,131574.8,6002
2023-07-10 12:00:00,131658.12,132136.87,131658.12,131921.96,14560
2023-07-10 13:00:00,132052.88,133167.19,131435.78,131699.18,8860
2023-07-10 14:00:00,131544.87,131980.1,130228.97,131419.29,8118
2023-07-10 15:00:00,131470.86,131791.84,130735.22,131361.13,13067
2023-07-10 16:00:00,131182.28,131182.28,130615.23,130920.44,10692
2023-07-10 17:00:00,131432.04,132497.16,131432.04,131695.43,11435
2023-07-10 18:00:00,131532.62,131752.99,130455.75,131490.01,11153
2023-07-10 19:00:00,131656.59,132115.59,131656.59,131851.88,5636
2023-07-10 20:00:00,131989.82,132216.76,131688.94,131952.85,7759
2023-07-10 21:00:00,131831.75,131831.75,129723.16,131568.62,10224
2023-07-10 22:00:00,131624.39,133101.79,131083.27,131591.54,13081
2023-07-10 23:00:00,131834.74,133301.86,131834.74,131933.08,10121
2023-07-11 00:00:00,131943.22,132137.79,131251.8,131874.04,15176
2023-07-11 01:00:00,132110.58,132516.29,132110.58,132375.33,14667
2023-07-11 02:00:00,132759.95,133597.07,132759.95,132794.29,12856
2023-07-11 03:00:00,133116.36,134195.65,132892.4,133158.72,11520
2023-07-11 04:00:00,132773.98,133085.93,132771.73,132951.36,12909
2023-07-11 05:00:00,132762.53,132762.53,132232.54,132497.53,6535
2023-07-11 06:00:00,132154.04,132616.02,131219.01,132249.21,9720
2023-07-11 07:00:00,132279.75,133113.88,132073.93,132338.61,6083
2023-07-11 08:00:00,132055.34,133040.45,131281.04,132569.14,7559
2023-07-11 09:00:00,132633.29,132709.33,131620.17,131692.12,7993
2023-07-11 10:00:00,131884.88,131884.88,130512.29,131719.57,19453
2023-07-11 11:00:00,131688.16,132538.98,131549.76,131813.39,6181
2023-07-11 12:00:00,131737.21,131992.0,131057.49,131728.54,8316
2023-07-11 13:00:00,132156.87,132703.09,131374.94,132277.83,6669
2023-07-11 14:00:00,132369.66,133389.55,131909.77,132463.25,11687
2023-07-11 15:00:00,132397.27,133497.39,131927.03,133004.39,10761
2023-07-11 16:00:00,133261.99,133371.79,131898.75,132909.4,4795
2023-07-11 17:00:00,132945.72,133536.25,132333.96,133286.42,13740
2023-07-11 18:00:00,133669.82,134205.57,133669.82,133937.7,11325
2023-07-11 19:00:00,134132.91,134709.94,134009.56,134441.06,10772
2023-07-11 20:00:00,134163.17,134430.37,133510.94,133944.03,6656
2023-07-11 21:00:00,134151.03,134913.4,133540.27,133807.88,7912
2023-07-11 22:00:00,133561.28,133942.41,133368.98,133636.25,14074
2023-07-11 23:00:00,133629.86,133860.21,132895.53,133811.95,7201
2023-07-12 00:00:00,133919.19,134332.16,133707.71,134064.04,14477
2023-07-12 01:00:00,134337.74,134449.72,133416.16,133683.53,12782
2023-07-12 02:00:00,133419.18,134369.52,133419.18,133686.55,8745
2023-07-12 03:00:00,133101.69,133101.69,132833.89,132836.02,24988
2023-07-12 04:00:00,133088.54,133514.26,133088.54,133424.96,8745
2023-07-12 05:00:00,132988.76,133467.85,132034.52,133201.45,11872
2023-07-12 06:00:00,132952.87,133363.16,132951.63,133218.07,15727
2023-07-12 07:00:00,133264.99,134426.22,132819.19,133085.37,9096
2023-07-12 08:00:00,133139.41,134717.61,132673.78,133550.08,10021
2023-07-12 09:00:00,132641.13,132641.13,132144.88,132376.38,7639
2023-07-12 10:00:00,132168.06,133063.76,130667.3,132392.46,8791
2023-07-12 11:00:00,132408.9,132983.8,132109.07,132373.82,11868
2023-07-12 12:00:00,132443.69,132518.32,132061.37,132217.21,8657
2023-07-12 13:00:00,132909.58,133135.62,132909.58,132949.39,14384
2023-07-12 14:00:00,132842.57,132867.35,131532.69,132602.14,10394
2023-07-12 15:00:00,132859.74,133366.07,132672.51,132938.39,10046
2023-07-12 16:00:00,133150.4,133360.44,133007.73,133097.52,11825
2023-07-12 17:00:00,132875.79,133763.02,132852.63,133621.64,10895
2023-07-12 18:00:00,133852.49,134120.2,133079.56,133346.25,15885
2023-07-12 19:00:00,133320.9,133320.9,132897.98,133054.8,9878
2023-07-12 20:00:00,133250.7,133784.77,133250.7,133517.73,5231
2023-07-12 21:00:00,133889.78,134108.83,133151.47,133695.66,11666
2023-07-12 22:00:00,133279.47,133279.47,132546.0,133063.07,19605
2023-07-12 23:00:00,133014.28,133665.77,131623.41,132863.32,9985
2023-07-13 00:00:00,132982.01,133311.92,131579.22,133045.83,7874
2023-07-13 01:00:00,133013.07,134558.29,133013.07,133408.38,4915
2023-07-13 02:00:00,133318.69,134273.8,132918.47,133142.04,7706
2023-07-13 03:00:00,133068.41,133319.78,130946.23,131974.18,12351
2023-07-13 04:00:00,131828.71,133499.76,131714.28,132239.72,9835
2023-07-13 05:00:00,131966.95,132723.88,131528.51,131792.09,10419
2023-07-13 06:00:00,131301.92,131301.92,130777.76,131039.84,7661
2023-07-13 07:00:00,131084.1,131273.57,129792.23,129986.23,9873
2023-07-13 08:00:00,129841.71,130808.85,129807.14,130422.3,14782
2023-07-13 09:00:00,130397.01,130676.45,129873.22,130574.25,15436
2023-07-13 10:00:00,130814.53,131636.56,129956.38,130580.14,10422
2023-07-13 11:00:00,130849.12,131493.56,130556.23,131231.1,18952
2023-07-13 12:00:00,131206.51,132149.27,130835.12,131565.23,8064
2023-07-13 13:00:00,131549.57,132313.36,131461.15,132283.66,10657
2023-07-13 14:00:00,132073.06,132073.06,131239.09,131765.62,9444
2023-07-13 15:00:00,132070.64,132113.83,131316.08,131816.26,8712
2023-07-13 16:00:00,131885.45,131974.12,130392.68,131228.3,12074
2023-07-13 17:00:00,131009.03,132251.27,130596.84,131217.39,7967
2023-07-13 18:00:00,131381.63,132163.51,130938.04,131200.44,6895
2023-07-13 19:00:00,131131.73,132405.67,130583.88,131537.14,10741
2023-07-13 20:00:00,131418.54,132238.38,131276.84,131632.98,13855
2023-07-13 21:00:00,131695.71,132042.23,131695.71,131959.63,10774
2023-07-13 22:00:00,131858.09,132576.59,131418.42,132311.97,16051
2023-07-13 23:00:00,132974.56,134425.04,132974.56,133241.05,10686
2023-07-14 00:00:00,133244.64,134299.01,132874.51,133140.79,15681
2023-07-14 01:00:00,133049.13,133674.65,132536.04,132789.55,8563
2023-07-14 02:00:00,132956.03,133131.23,132808.1,132933.53,6489
2023-07-14 03:00:00,132852.24,132911.61,131680.42,132646.31,14426
2023-07-14 04:00:00,133050.02,133528.78,133050.02,133297.09,7424
2023-07-14 05:00:00,133608.97,134486.12,132413.2,133211.35,9771
2023-07-14 06:00:00,133210.53,133210.53,131949.59,133013.51,19811
2023-07-14 07:00:00,132880.5,133508.25,132625.48,132862.38,11951
2023-07-14 08:00:00,132960.99,133696.01,132764.65,133201.92,5852
2023-07-14 09:00:00,133207.7,133513.72,132057.56,133174.44,8057
2023-07-14 10:00:00,132956.36,132956.36,131753.27,132949.88,8162
2023-07-14 11:00:00,133404.41,133697.27,133404.41,133671.75,5485
2023-07-14 12:00:00,133983.41,134576.19,133078.18,133344.87,12510
2023-07-14 13:00:00,133055.16,133659.3,132962.79,133392.52,7809
2023-07-14 14:00:00,133425.32,133960.27,132914.57,133692.88,8838
2023-07-14 15:00:00,133158.55,133158.55,132478.17,133051.5,19215
2023-07-14 16:00:00,133095.46,133423.3,133095.46,133293.75,12683
2023-07-14 17:00:00,133015.56,133015.56,132077.81,132901.8,6686
2023-07-14 18:00:00,133022.54,133555.69,133022.54,133289.11,8320
2023-07-14 19:00:00,133277.41,134967.4,132668.63,132934.5,8190
2023-07-14 20:00:00,132831.59,133934.19,131828.06,133267.05,10051
2023-07-14 21:00:00,133274.2,134291.0,133274.2,133761.21,13421
2023-07-14 22:00:00,133657.29,134410.96,133572.48,134142.68,13792
2023-07-14 23:00:00,134209.69,134391.36,134127.45,134265.81,5778
2023-07-15 00:00:00,134336.56,134550.66,132732.83,134187.74,8076
2023-07-15 01:00:00,134032.74,135088.48,133460.27,133971.16,14365
2023-07-15 02:00:00,134333.34,134871.75,134333.34,134602.54,9051
2023-07-15 03:00:00,134597.25,134597.25,134059.94,134328.59,8011
2023-07-15 04:00:00,134351.16,134476.38,133659.33,133927.18,10910
2023-07-15 05:00:00,133970.33,135264.93,133970.33,134238.81,6762
2023-07-15 06:00:00,134050.56,134208.65,133122.46,133940.77,6061
2023-07-15 07:00:00,133835.53,135101.76,133506.86,133590.16,9993
2023-07-15 08:00:00,133199.49,133314.85,132782.66,133048.75,11719
2023-07-15 09:00:00,133184.68,133184.68,132272.45,132918.84,6186
2023-07-15 10:00:00,133011.38,133266.67,132933.5,132956.77,10233
2023-07-15 11:00:00,133342.24,133821.94,132360.27,133125.57,6218
2023-07-15 12:00:00,133292.38,134678.47,133292.38,133579.21,12828
2023-07-15 13:00:00,133521.85,134583.24,132957.01,133847.04,6548
2023-07-15 14:00:00,133968.93,134036.02,133607.09,133814.32,11310
2023-07-15 15:00:00,133681.4,134046.83,133039.5,133779.27,6774
2023-07-15 16:00:00,134062.98,134304.37,133634.96,134036.3,7520
2023-07-15 17:00:00,134104.15,134870.11,133834.0,134600.9,14702
2023-07-15 18:00:00,134351.94,135030.97,133399.04,134679.36,10710
2023-07-15 19:00:00,134440.49,135516.24,134241.27,134510.29,10455
2023-07-15 20:00:00,134311.89,134400.16,133187.09,134131.89,9106
2023-07-15 21:00:00,133849.01,133849.01,133314.68,133581.84,13583
2023-07-15 22:00:00,133649.78,133917.65,133645.52,133913.34,12980
2023-07-15 23:00:00,133980.61,134246.44,133932.39,134200.79,8998
2023-07-16 00:00:00,134135.74,134751.6,133935.43,134482.63,13146
2023-07-16 01:00:00,134612.98,134730.41,132901.4,134467.54,14819
2023-07-16 02:00:00,134815.88,135356.22,134815.88,135086.05,8358
2023-07-16 03:00:00,134808.52,135178.2,134638.57,134908.38,8213
2023-07-16 04:00:00,135204.88,135602.96,134929.9,135332.3,11243
2023-07-16 05:00:00,135352.05,136360.79,134714.52,135334.78,6926
2023-07-16 06:00:00,135302.24,135445.65,134240.44,135099.25,9406
2023-07-16 07:00:00,135457.44,135581.27,135095.97,135366.71,15344
2023-07-16 08:00:00,135362.16,137054.67,135281.94,135553.05,9700
2023-07-16 09:00:00,135341.57,136261.87,135175.18,135710.98,11079
2023-07-16 10:00:00,135508.48,136022.67,135427.99,135751.17,9847
2023-07-16 11:00:00,135417.11,136265.01,135118.23,135740.99,7085
2023-07-16 12:00:00,135985.8,137431.21,135985.8,136739.02,10306
2023-07-16 13:00:00,137014.28,137500.75,137014.28,137211.26,11357
2023-07-16 14:00:00,137203.06,137630.92,137203.06,137478.01,9073
2023-07-16 15:00:00,137627.69,137700.08,136234.87,137483.69,8839
2023-07-16 16:00:00,137590.37,138141.83,137590.37,137866.1,9787
2023-07-16 17:00:00,137788.98,138868.73,137393.57,138034.21,21133
2023-07-16 18:00:00,137808.1,138266.86,136778.37,137990.87,17217
2023-07-16 19:00:00,137823.17,137823.17,137545.03,137809.5,11989
2023-07-16 20:00:00,138075.59,138135.13,137473.5,137729.82,11554
2023-07-16 21:00:00,136624.1,136624.1,136133.82,136351.4,11965
2023-07-16 22:00:00,136499.56,136943.57,135190.16,136440.98,13018
2023-07-16 23:00:00,136837.5,136837.5,135898.3,136237.07,13209
2023-07-17 00:00:00,136538.28,138082.49,136538.28,136907.8,12251
2023-07-17 01:00:00,137002.93,137230.68,136459.86,136901.63,8605
2023-07-17 02:00:00,136935.5,136935.5,136031.03,136391.05,8489
2023-07-17 03:00:00,136472.33,136646.84,135774.34,136374.09,13402
2023-07-17 04:00:00,136214.29,136214.29,135866.2,135942.4,12652
2023-07-17 05:00:00,136031.1,136431.15,135331.73,136158.83,16360
2023-07-17 06:00:00,135879.1,136711.78,135783.92,136294.2,9101
2023-07-17 07:00:00,136309.44,136976.22,136309.44,136702.82,9192
2023-07-17 08:00:00,136526.64,136643.65,136098.16,136370.9,8470
2023-07-17 09:00:00,136853.54,136977.65,135707.64,136395.3,13441
2023-07-17 10:00:00,135913.4,136253.3,135652.77,135835.27,14511
2023-07-17 11:00:00,135950.57,136877.47,135702.08,136155.37,12384
2023-07-17 12:00:00,136369.55,136545.19,136215.72,136391.57,11471
2023-07-17 13:00:00,136674.36,136867.83,136385.82,136613.29,12679
2023-07-17 14:00:00,136706.35,136896.76,136574.33,136623.51,14222
2023-07-17 15:00:00,136343.12,137238.72,136170.28,136808.09,8257
2023-07-17 16:00:00,137198.31,138648.12,137198.31,137488.3,14906
2023-07-17 17:00:00,137735.99,138443.36,136490.95,137357.8,6163
2023-07-17 18:00:00,137594.69,138106.64,137209.06,137410.25,11286
2023-07-17 19:00:00,137205.26,137205.26,136432.27,136945.13,10348
2023-07-17 20:00:00,136775.18,137367.01,134938.15,136590.24,11762
2023-07-17 21:00:00,136579.49,136924.9,136579.49,136651.6,7352
2023-07-17 22:00:00,136858.04,137406.56,136858.04,137132.3,7686
2023-07-17 23:00:00,137053.87,137916.57,136753.34,137027.39,13347
2023-07-18 00:00:00,136888.91,137966.8,136661.75,136935.62,7032
2023-07-18 01:00:00,136860.07,137049.63,135962.29,136776.08,9204
2023-07-18 02:00:00,136706.41,136947.5,136293.68,136566.81,9905
2023-07-18 03:00:00,136439.2,136986.05,136439.2,136712.63,8170
2023-07-18 04:00:00,136938.55,136938.55,135846.6,136104.13,12789
2023-07-18 05:00:00,136405.66,137039.06,136405.66,136679.02,8285
2023-07-18 06:00:00,136657.81,137424.9,135878.69,136424.42,10527
2023-07-18 07:00:00,136625.93,136933.7,136080.04,136757.77,6351
2023-07-18 08:00:00,136519.88,136519.88,135974.89,136247.38,13598
2023-07-18 09:00:00,136260.23,137195.44,135336.46,136565.78,11871
2023-07-18 10:00:00,136509.66,137431.68,136177.83,136876.9,8567
2023-07-18 11:00:00,136956.97,137332.65,135745.19,137058.53,7727
2023-07-18 12:00:00,136788.56,137422.1,135882.23,136658.15,8890
2023-07-18 13:00:00,136790.55,138490.17,136321.36,136790.59,10519
2023-07-18 14:00:00,136593.45,136593.45,136048.17,136320.81,6816
2023-07-18 15:00:00,136353.15,136353.15,135723.22,136258.45,8181
2023-07-18 16:00:00,136383.54,138757.09,135747.72,136734.57,5602
2023-07-18 17:00:00,136917.45,137437.17,136917.45,137102.18,15784
2023-07-18 18:00:00,137189.31,137813.08,136526.15,137133.56,8386
2023-07-18 19:00:00,137210.37,137931.84,136478.01,136751.51,12215
2023-07-18 20:00:00,136789.0,137337.26,136789.0,137063.13,13736
2023-07-18 21:00:00,136847.71,137978.57,136830.42,137104.62,7658
2023-07-18 22:00:00,136878.89,137950.88,134825.31,136164.77,10394
2023-07-18 23:00:00,136290.6,136990.41,135811.62,136553.12,13234
2023-07-19 00:00:00,136548.56,136993.96,136020.52,136595.34,8628
2023-07-19 01:00:00,136923.1,137423.12,136923.1,137148.82,9627
2023-07-19 02:00:00,136996.6,136996.6,135961.23,136723.15,6560
2023-07-19 03:00:00,136267.45,136267.45,134759.25,135437.03,8388
2023-07-19 04:00:00,135602.77,135907.45,135364.9,135636.18,12148
2023-07-19 05:00:00,135828.26,136797.64,135734.56,135834.77,8196
2023-07-19 06:00:00,135912.3,136449.44,134935.19,135205.6,9410
2023-07-19 07:00:00,135164.23,135164.23,134628.56,134894.44,7129
2023-07-19 08:00:00,135440.59,137169.93,135440.59,136137.82,7209
2023-07-19 09:00:00,136295.29,136350.71,136066.38,136078.56,10818
2023-07-19 10:00:00,136091.16,136557.11,135368.26,136455.26,9082
2023-07-19 11:00:00,136394.75,136786.29,135642.37,136248.07,10544
2023-07-19 12:00:00,136069.79,136069.79,135177.88,135448.77,12046
2023-07-19 13:00:00,135685.32,136982.43,135418.77,135476.43,8365
2023-07-19 14:00:00,135465.68,135735.72,134961.25,135464.79,13788
2023-07-19 15:00:00,135668.74,135668.74,134937.75,135397.95,10774
2023-07-19 16:00:00,135192.29,135853.04,135192.29,135453.27,7163
2023-07-19 17:00:00,135639.96,135934.24,135382.1,135662.91,12592
2023-07-19 18:00:00,135692.34,136800.12,135423.32,135694.71,9808
2023-07-19 19:00:00,135454.82,136565.36,134428.72,135261.2,9097
2023-07-19 20:00:00,135189.62,135695.52,135189.62,135566.84,11328
2023-07-19 21:00:00,134913.92,134913.92,134585.01,134854.72,9611
2023-07-19 22:00:00,134327.74,134327.74,133864.48,134127.5,10912
2023-07-19 23:00:00,134303.26,134898.25,134303.26,134572.4,10949
2023-07-20 00:00:00,134898.72,135550.92,134898.72,134910.88,9005
2023-07-20 01:00:00,134852.57,135638.8,134423.04,135005.21,11253
2023-07-20 02:00:00,134844.78,135188.4,134423.16,134544.01,6608
2023-07-20 03:00:00,134380.23,135270.91,133529.24,134381.34,7630
2023-07-20 04:00:00,134450.38,135506.24,134131.86,134406.84,12318
2023-07-20 05:00:00,134165.55,134260.72,133616.82,133884.59,7295
2023-07-20 06:00:00,133986.29,133998.32,133583.42,133730.86,8760
2023-07-20 07:00:00,133883.3,134413.74,133883.3,134151.61,11036
2023-07-20 08:00:00,134607.74,135147.25,134607.74,134877.5,6638
2023-07-20 09:00:00,135059.68,135069.59,133157.54,134823.35,18643
2023-07-20 10:00:00,134857.19,135526.17,133981.28,135255.65,10091
2023-07-20 11:00:00,134726.26,134726.26,133115.37,134571.34,13125
2023-07-20 12:00:00,134700.95,137104.98,134700.95,134970.9,10064
2023-07-20 13:00:00,135128.81,135519.18,133934.24,134755.87,12519
2023-07-20 14:00:00,134813.51,136163.56,134736.79,135006.8,8317
2023-07-20 15:00:00,134925.02,135294.36,134752.31,135024.31,9153
2023-07-20 16:00:00,135419.75,136783.18,135419.75,135691.13,9482
2023-07-20 17:00:00,135229.86,135569.88,135213.23,135427.6,6498
2023-07-20 18:00:00,135522.9,136130.07,135522.9,135794.48,12354
2023-07-20 19:00:00,136097.15,136302.93,135503.5,135775.05,8054
2023-07-20 20:00:00,136285.16,136753.62,135709.29,135806.18,8009
2023-07-20 21:00:00,135607.98,136158.69,134784.18,135822.57,11315
2023-07-20 22:00:00,135928.46,136098.01,135489.53,135565.92,9441
2023-07-20 23:00:00,135423.34,135923.41,134664.82,135664.48,9918
2023-07-21 00:00:00,135788.38,136269.11,135470.05,135741.53,15981
2023-07-21 01:00:00,135561.27,136214.51,135392.52,135942.63,14875
2023-07-21 02:00:00,136174.68,136174.68,135801.99,136074.14,11362
2023-07-21 03:00:00,136113.2,137088.47,136113.2,136498.96,8894
2023-07-21 04:00:00,136691.88,137285.85,136691.88,136965.82,10739
2023-07-21 05:00:00,137051.3,137438.75,136007.19,136591.76,6474
2023-07-21 06:00:00,136761.67,138263.95,136761.67,137035.74,7757
2023-07-21 07:00:00,136829.24,137501.28,135488.48,136604.06,9921
2023-07-21 08:00:00,136915.38,138277.66,136915.38,136931.46,6040
2023-07-21 09:00:00,137007.46,137701.39,137007.46,137263.95,17353
2023-07-21 10:00:00,136852.06,136852.06,134711.94,136523.54,11598
2023-07-21 11:00:00,136453.46,137296.35,136129.91,136648.5,5527
2023-07-21 12:00:00,136699.59,136999.02,135919.04,136536.71,11657
2023-07-21 13:00:00,136271.69,137479.96,135314.7,136309.77,8429
2023-07-21 14:00:00,136605.2,137245.78,136052.16,136971.84,10595
2023-07-21 15:00:00,136731.07,138400.25,136363.71,136775.93,7859
2023-07-21 16:00:00,136890.38,137562.18,135417.08,136523.23,9105
2023-07-21 17:00:00,136402.7,136924.03,136377.42,136650.73,7872
2023-07-21 18:00:00,137104.74,137394.79,136307.84,137032.34,13781
2023-07-21 19:00:00,136617.25,137105.28,136354.08,137058.42,10589
2023-07-21 20:00:00,137276.18,137909.84,137276.18,137634.57,10049
2023-07-21 21:00:00,137549.4,139397.71,137549.4,137929.58,10076
2023-07-21 22:00:00,137446.08,137446.08,136800.34,137074.49,7064
2023-07-21 23:00:00,137190.11,137367.02,136652.63,136942.96,12657
2023-07-22 00:00:00,136801.94,138415.22,136023.89,136800.99,5733
2023-07-22 01:00:00,136983.98,137920.07,136141.82,137100.55,8665
2023-07-22 02:00:00,137310.92,137553.54,134802.16,136088.3,13698
2023-07-22 03:00:00,136196.73,138006.48,136167.44,137269.4,10797
2023-07-22 04:00:00,137301.28,137851.58,137301.28,137576.43,15751
2023-07-22 05:00:00,137442.63,138089.28,137442.63,137718.06,10771
2023-07-22 06:00:00,137675.76,138796.47,137675.76,138292.01,4074
2023-07-22 07:00:00,139065.46,139622.83,139065.46,139344.15,7071
2023-07-22 08:00:00,139454.58,140021.94,139454.58,139742.45,14569
2023-07-22 09:00:00,139866.97,141045.05,139866.97,140161.23,8037
2023-07-22 10:00:00,140353.26,140497.27,139936.4,140216.84,12405
2023-07-22 11:00:00,140020.87,140280.44,139489.49,140156.76,12653
2023-07-22 12:00:00,139735.27,140236.4,138148.38,139956.48,5299
2023-07-22 13:00:00,139704.86,140885.8,139335.08,139614.31,9718
2023-07-22 14:00:00,140057.11,140682.12,139240.57,139344.95,9908
2023-07-22 15:00:00,138808.59,138808.59,137709.73,138801.4,13245
2023-07-22 16:00:00,139063.01,139299.64,138181.03,138821.26,11821
2023-07-22 17:00:00,138500.62,138500.62,137265.61,138156.67,11666
2023-07-22 18:00:00,138057.17,138588.51,137129.12,138311.88,9944
2023-07-22 19:00:00,138358.93,139631.7,137230.33,138367.74,9203
2023-07-22 20:00:00,138384.59,138771.36,138220.93,138497.93,7633
2023-07-22 21:00:00,138289.94,139308.63,138063.66,138340.34,7004
2023-07-22 22:00:00,139270.76,140387.85,139270.76,139710.62,13945
2023-07-22 23:00:00,140165.29,140367.03,140165.29,140320.06,9082
2023-07-23 00:00:00,140074.51,140074.51,139121.98,139794.92,13645
2023-07-23 01:00:00,139638.37,140009.82,139638.37,139918.21,10610
2023-07-23 02:00:00,139608.92,139947.64,139399.57,139678.93,11390
2023-07-23 03:00:00,139505.33,139538.52,138995.22,139273.77,11420
2023-07-23 04:00:00,139019.76,139019.76,138443.47,138742.28,8997
2023-07-23 05:00:00,138827.63,139263.26,138827.63,138985.29,7193
2023-07-23 06:00:00,139025.84,139025.84,137672.73,138748.34,11563
2023-07-23 07:00:00,138793.04,140053.66,138159.13,139220.19,8442
2023-07-23 08:00:00,139539.15,140709.65,139539.15,139690.43,13737
2023-07-23 09:00:00,139340.18,141050.26,139012.33,140309.0,6906
2023-07-23 10:00:00,140703.86,141412.14,138894.25,139953.64,7453
2023-07-23 11:00:00,140147.93,140462.23,139901.5,140181.87,11828
2023-07-23 12:00:00,140357.02,141319.79,139542.86,140471.0,10790
2023-07-23 13:00:00,140466.89,140466.89,139915.54,140276.64,11323
2023-07-23 14:00:00,140238.72,140238.72,139678.88,139958.8,9014
2023-07-23 15:00:00,140320.42,141166.98,140320.42,140671.06,8975
2023-07-23 16:00:00,140560.11,140963.54,140248.3,140771.16,12291
2023-07-23 17:00:00,140901.18,141327.76,140763.58,141045.67,15117
2023-07-23 18:00:00,140794.83,142205.5,140404.42,140685.8,11130
2023-07-23 19:00:00,140450.1,140450.1,139889.42,140169.76,15446
2023-07-23 20:00:00,140005.01,140645.17,137871.53,139951.13,8156
2023-07-23 21:00:00,140056.37,140106.18,139738.68,139932.05,4566
2023-07-23 22:00:00,139780.97,139780.97,138787.61,139511.17,12059
2023-07-23 23:00:00,139280.54,139862.44,139280.54,139558.74,12316
2023-07-24 00:00:00,139059.47,139059.47,137968.72,138890.01,10921
2023-07-24 01:00:00,138488.74,138488.74,137695.85,138487.97,10903
2023-07-24 02:00:00,138268.72,139295.01,137691.52,138860.04,8160
2023-07-24 03:00:00,138826.72,139490.69,138752.5,139195.96,9791
2023-07-24 04:00:00,139444.05,140694.49,138821.43,139099.63,11636
2023-07-24 05:00:00,139146.75,139204.24,138582.54,138742.81,12927
2023-07-24 06:00:00,138668.42,138668.42,138114.85,138391.64,5873
2023-07-24 07:00:00,138280.58,138799.19,137102.74,138330.83,9550
2023-07-24 08:00:00,138345.04,138980.57,138253.51,138703.16,12704
2023-07-24 09:00:00,138943.17,139322.17,138943.17,139188.82,8898
2023-07-24 10:00:00,139335.08,139335.08,138569.96,139056.97,7632
2023-07-24 11:00:00,138930.59,138930.59,138190.58,138650.52,10192
2023-07-24 12:00:00,138548.13,139460.78,138442.17,138864.17,7196
2023-07-24 13:00:00,138848.88,138848.88,138440.39,138610.86,15720
2023-07-24 14:00:00,138219.36,139501.33,138219.36,138496.36,16221
2023-07-24 15:00:00,139010.1,139756.13,139010.1,139171.52,10122
2023-07-24 16:00:00,139338.41,139896.88,139338.41,139617.64,7514
2023-07-24 17:00:00,139618.44,140037.81,139103.8,139765.87,9760
2023-07-24 18:00:00,139586.04,140562.18,139169.86,139299.83,8138
2023-07-24 19:00:00,139192.27,139657.6,138823.2,139482.8,7260
2023-07-24 20:00:00,139317.73,140627.95,139317.73,140024.89,11861
2023-07-24 21:00:00,140399.07,140892.12,139363.92,139938.41,19757
2023-07-24 22:00:00,139994.87,141331.61,139877.05,140595.45,7074
2023-07-24 23:00:00,140462.91,141490.82,139715.54,141208.41,7092
2023-07-25 00:00:00,141267.0,142791.18,141062.11,141966.61,12825
2023-07-25 01:00:00,142032.76,143289.78,141461.98,142114.34,11113
2023-07-25 02:00:00,142392.18,143624.66,142097.69,142382.46,6071
2023-07-25 03:00:00,142718.91,143006.46,142718.91,143004.92,9728
2023-07-25 04:00:00,142903.63,143314.12,142903.63,143190.01,12809
2023-07-25 05:00:00,143297.92,143442.93,142212.39,142955.73,9012
2023-07-25 06:00:00,143115.38,143201.7,142296.82,142754.79,10621
2023-07-25 07:00:00,142522.63,143146.49,141537.25,142860.77,11603
2023-07-25 08:00:00,142643.39,143080.11,142012.05,142296.65,14990
2023-07-25 09:00:00,142348.98,142540.66,141840.75,142256.15,10786
2023-07-25 10:00:00,142404.34,142986.26,142404.34,142756.87,13123
2023-07-25 11:00:00,142394.66,142394.66,141615.56,141809.83,9249
2023-07-25 12:00:00,142231.71,143280.82,142231.71,142516.75,6549
2023-07-25 13:00:00,142543.28,143625.05,142381.76,143024.64,10096
2023-07-25 14:00:00,142765.44,143654.93,142214.27,142826.67,7907
2023-07-25 15:00:00,142818.78,143401.79,141838.64,143075.87,10275
2023-07-25 16:00:00,142788.57,143281.98,142788.57,143083.11,7590
2023-07-25 17:00:00,143578.07,143914.37,143339.86,143627.12,7690
2023-07-25 18:00:00,143674.78,144328.25,143166.95,144048.59,8440
2023-07-25 19:00:00,143784.16,144019.51,143405.74,143406.8,10990
2023-07-25 20:00:00,143337.17,143947.02,143062.88,143659.7,9440
2023-07-25 21:00:00,143602.43,143784.85,142805.38,143555.77,10757
2023-07-25 22:00:00,143432.26,144184.62,143225.53,143581.84,13899
2023-07-25 23:00:00,143617.22,144665.25,141991.88,143252.2,8800
2023-07-26 00:00:00,143582.27,145054.45,143582.27,144022.5,11778
2023-07-26 01:00:00,144169.91,144698.78,144169.91,144458.82,13356
2023-07-26 02:00:00,144385.91,144385.91,143584.68,144096.63,12502
2023-07-26 03:00:00,143770.67,143770.67,143135.66,143483.71,9712
2023-07-26 04:00:00,143000.15,143985.93,142824.94,143311.62,6821
2023-07-26 05:00:00,143352.4,144565.26,142916.8,143505.13,10042
2023-07-26 06:00:00,143575.93,143893.95,142874.07,143606.73,11392
2023-07-26 07:00:00,143966.61,146004.65,143410.24,144152.6,7774
2023-07-26 08:00:00,144160.88,145229.77,144160.88,144478.67,10093
2023-07-26 09:00:00,144585.17,144903.64,144585.17,144874.92,11109
2023-07-26 10:00:00,145086.1,145900.11,144682.14,144972.09,11920
2023-07-26 11:00:00,144325.49,144325.49,143363.51,144306.7,6909
2023-07-26 12:00:00,144566.28,144626.85,143290.58,144195.17,8513
2023-07-26 13:00:00,144036.47,145137.93,144036.47,144642.66,14157
2023-07-26 14:00:00,144771.74,145469.78,144294.37,144583.53,8014
2023-07-26 15:00:00,144918.15,145064.06,144634.65,144774.51,11283
2023-07-26 16:00:00,145012.92,145665.68,143819.27,144595.23,8944
2023-07-26 17:00:00,144695.43,144695.43,143437.6,144107.37,13376
2023-07-26 18:00:00,144329.07,144329.07,143752.9,144040.98,9078
2023-07-26 19:00:00,144055.41,144517.57,143879.0,144167.34,10026
2023-07-26 20:00:00,143996.72,145525.56,142557.5,143865.87,11386
2023-07-26 21:00:00,143783.4,144048.9,143088.78,143761.38,13354
2023-07-26 22:00:00,143611.91,144228.98,141836.1,143351.98,8203
2023-07-26 23:00:00,143449.1,144153.09,142719.6,143861.71,8236
2023-07-27 00:00:00,143651.73,144547.62,143302.63,143735.68,15210
2023-07-27 01:00:00,144139.52,145738.31,144139.52,144384.03,7345
2023-07-27 02:00:00,144758.82,146183.2,144758.82,145048.91,8219
2023-07-27 03:00:00,144912.78,145716.65,143781.75,144983.59,7336
2023-07-27 04:00:00,144796.73,144796.73,143605.94,144507.71,5966
2023-07-27 05:00:00,144285.11,144285.11,143310.26,143574.32,11067
2023-07-27 06:00:00,143133.83,143133.83,141995.37,142948.68,11682
2023-07-27 07:00:00,142501.7,142501.7,142105.73,142390.51,10036
2023-07-27 08:00:00,142969.11,143094.64,142969.11,143054.61,9170
2023-07-27 09:00:00,143137.97,143156.21,142888.83,143148.41,7182
2023-07-27 10:00:00,143619.07,144049.76,141974.77,143357.49,8655
2023-07-27 11:00:00,143409.49,143515.06,142117.05,142415.37,7292
2023-07-27 12:00:00,142515.81,142919.24,141559.8,141954.58,9923
2023-07-27 13:00:00,141922.03,142926.52,141420.12,142415.93,8969
2023-07-27 14:00:00,142493.56,142886.73,142260.04,142601.52,10822
2023-07-27 15:00:00,142653.32,142954.36,142428.22,142592.2,10318
2023-07-27 16:00:00,142608.31,143429.62,142608.31,142894.09,9179
2023-07-27 17:00:00,143190.44,144302.67,142199.0,143653.1,10968
2023-07-27 18:00:00,143741.98,144626.08,143289.94,143577.09,5147
2023-07-27 19:00:00,143343.02,144161.67,143341.35,143635.3,5905
2023-07-27 20:00:00,144079.44,144477.52,142508.34,143747.64,10946
2023-07-27 21:00:00,144411.0,146140.44,144411.0,144825.17,10306
2023-07-27 22:00:00,144968.0,144968.0,142133.81,143885.25,12678
2023-07-27 23:00:00,143820.7,144540.25,143509.52,144207.66,11031
2023-07-28 00:00:00,143839.55,145389.26,143390.06,144169.13,21313
2023-07-28 01:00:00,144426.23,145303.35,143745.99,144433.56,13236
2023-07-28 02:00:00,144578.14,144900.08,143406.42,144148.31,14072
2023-07-28 03:00:00,144212.78,144432.91,143857.81,144144.62,10856
2023-07-28 04:00:00,144186.45,144938.85,144186.45,144475.4,10091
2023-07-28 05:00:00,145306.13,146505.37,145306.13,145860.59,10866
2023-07-28 06:00:00,145831.64,146772.43,145506.79,146185.56,3898
2023-07-28 07:00:00,145892.2,146993.04,145471.59,145763.12,8201
2023-07-28 08:00:00,145867.73,146931.72,144353.34,145546.36,8722
2023-07-28 09:00:00,145484.53,146028.29,144920.92,145324.11,11298
2023-07-28 10:00:00,144625.58,144625.58,142918.84,144512.67,7331
2023-07-28 11:00:00,144475.22,144670.03,144188.13,144381.27,11156
2023-07-28 12:00:00,144469.4,145496.65,144433.89,144723.34,7519
2023-07-28 13:00:00,144974.1,144974.1,143877.04,144165.64,10303
2023-07-28 14:00:00,144176.22,145334.77,144155.89,144651.57,10108
2023-07-28 15:00:00,144786.48,145026.02,144555.74,144874.74,8844
2023-07-28 16:00:00,144683.45,145527.22,144260.95,144550.05,7523
2023-07-28 17:00:00,144323.32,145225.1,143684.64,144500.18,16840
2023-07-28 18:00:00,144330.32,145510.19,143788.44,145219.75,11049
2023-07-28 19:00:00,145244.81,146020.66,145244.81,145535.88,10841
2023-07-28 20:00:00,145689.5,146696.79,144653.12,145521.24,5804
2023-07-28 21:00:00,145372.66,146984.85,145107.13,145397.92,12837
2023-07-28 22:00:00,145267.09,146714.19,144139.06,145418.6,15053
2023-07-28 23:00:00,145433.92,145656.57,145026.37,145176.96,13181
2023-07-29 00:00:00,144719.28,145001.16,143871.76,144235.53,12319
2023-07-29 01:00:00,143982.05,146073.61,143916.58,145161.77,12158
2023-07-29 02:00:00,144982.78,145789.27,143500.35,145226.59,11079
2023-07-29 03:00:00,145194.47,146280.55,144583.06,145401.59,7736
2023-07-29 04:00:00,145255.97,146670.09,145046.04,145367.94,7096
2023-07-29 05:00:00,145324.47,145324.47,144744.33,145034.4,8959
2023-07-29 06:00:00,145011.12,145252.86,144111.13,144957.09,10124
2023-07-29 07:00:00,144697.38,144697.38,143002.5,144254.87,8600
2023-07-29 08:00:00,144397.19,145298.48,144397.19,145293.25,11172
2023-07-29 09:00:00,144891.56,145757.99,143835.71,144740.84,7386
2023-07-29 10:00:00,144440.0,144440.0,143065.68,144298.2,8516
2023-07-29 11:00:00,144423.76,144556.97,142758.52,144134.61,16623
2023-07-29 12:00:00,144279.18,146104.73,143925.06,144739.68,11983
2023-07-29 13:00:00,144887.98,145169.07,144444.15,144763.13,13090
2023-07-29 14:00:00,144521.5,144521.5,143944.57,144233.04,13159
2023-07-29 15:00:00,144361.92,146259.73,142705.76,144823.93,10998
2023-07-29 16:00:00,144713.98,146273.82,143996.55,145167.37,13306
2023-07-29 17:00:00,145163.68,145705.53,145137.02,145414.7,9510
2023-07-29 18:00:00,145244.54,146547.75,144566.21,145734.97,9752
2023-07-29 19:00:00,146501.35,147088.53,146501.35,146794.94,12787
2023-07-29 20:00:00,147440.52,148031.46,147440.52,147735.99,15411
2023-07-29 21:00:00,147553.02,148551.02,146547.75,147356.24,11548
2023-07-29 22:00:00,147608.55,148325.54,147608.55,148029.49,9397
2023-07-29 23:00:00,148137.61,148137.61,147145.88,148122.4,12644
2023-07-30 00:00:00,148312.91,148559.78,147234.13,148263.25,13394
2023-07-30 01:00:00,147704.16,147704.16,147114.53,147409.34,5640
2023-07-30 02:00:00,147420.07,147450.07,146743.39,147275.46,6761
2023-07-30 03:00:00,147152.11,147152.11,146006.14,146858.39,8643
2023-07-30 04:00:00,147249.23,147548.56,146958.34,147194.83,13009
2023-07-30 05:00:00,146973.17,148948.02,146868.02,147630.29,13002
2023-07-30 06:00:00,147059.65,147059.65,146337.19,146630.45,12325
2023-07-30 07:00:00,146549.79,146918.85,145850.85,146594.68,11602
2023-07-30 08:00:00,146670.39,148029.42,146392.1,147075.83,11229
2023-07-30 09:00:00,147475.41,147886.49,146663.44,146957.35,8850
2023-07-30 10:00:00,146891.7,148665.13,146891.7,147255.88,8329
2023-07-30 11:00:00,147081.46,148127.36,147081.46,147376.21,8031
2023-07-30 12:00:00,146960.59,147577.58,146473.45,147488.94,5231
2023-07-30 13:00:00,147510.59,147510.59,147046.89,147321.74,6687
2023-07-30 14:00:00,147026.67,147026.67,145944.41,146733.2,13669
2023-07-30 15:00:00,146812.47,147120.8,145529.31,146209.95,7923
2023-07-30 16:00:00,146517.93,147013.56,146044.23,146524.96,11598
2023-07-30 17:00:00,146451.75,146815.49,145581.41,146522.45,6269
2023-07-30 18:00:00,146624.98,146738.07,145916.28,146450.31,12087
2023-07-30 19:00:00,146182.07,146757.79,144742.39,146253.92,8360
2023-07-30 20:00:00,146199.2,146987.97,146089.05,146120.7,20352
2023-07-30 21:00:00,146304.52,148067.66,146304.52,146597.72,11589
2023-07-30 22:00:00,146366.55,147135.8,144813.56,146442.38,9379
2023-07-30 23:00:00,146366.65,146366.65,145325.97,145845.19,5415
2023-07-31 00:00:00,145805.82,146974.84,145805.82,146203.55,13387
2023-07-31 01:00:00,146265.92,146421.39,145534.97,146129.13,7778
2023-07-31 02:00:00,146114.95,146455.68,144966.47,146163.35,9295
2023-07-31 03:00:00,146026.57,147331.74,146026.57,146903.11,10732
2023-07-31 04:00:00,146870.05,147219.7,146870.05,146889.11,5457
2023-07-31 05:00:00,146917.29,147310.56,146309.87,147016.53,9358
2023-07-31 06:00:00,146547.27,146547.27,144991.93,146480.35,11190
2023-07-31 07:00:00,146141.6,146684.01,145716.11,146394.77,7548
2023-07-31 08:00:00,146433.93,147155.94,146433.93,146686.11,15255
2023-07-31 09:00:00,146055.26,146055.26,145703.37,145995.36,10350
2023-07-31 10:00:00,145923.27,147170.15,145269.89,146118.63,6974
2023-07-31 11:00:00,146359.24,147249.31,145977.61,146195.47,10693
2023-07-31 12:00:00,146411.97,147408.67,145313.51,146244.03,8925
2023-07-31 13:00:00,146754.68,147179.54,146444.18,146737.65,12796
2023-07-31 14:00:00,146772.21,147947.89,146101.5,146902.74,9759
2023-07-31 15:00:00,147195.49,148957.77,147040.52,147580.18,6855
2023-07-31 16:00:00,147769.21,148490.16,146111.07,147122.73,7884
2023-07-31 17:00:00,147351.46,148042.74,146112.44,147191.6,12956
2023-07-31 18:00:00,147279.71,147279.71,147177.31,147236.0,7591
2023-07-31 19:00:00,146968.1,147055.91,145614.58,146762.39,7291
2023-07-31 20:00:00,147144.25,148270.63,147144.25,147216.34,8601
2023-07-31 21:00:00,147977.97,148571.07,147977.97,148274.52,6354
2023-07-31 22:00:00,148205.28,148803.68,148205.28,148245.42,9248
2023-07-31 23:00:00,148158.48,148752.3,148158.48,148455.39,8133
2023-08-01 00:00:00,148608.71,148881.32,147886.13,148470.2,14469
2023-08-01 01:00:00,148538.15,149381.26,147422.37,148121.29,15848
2023-08-01 02:00:00,148252.88,148737.08,146260.79,147283.17,11725
2023-08-01 03:00:00,147053.19,148036.83,146689.18,146983.15,8147
2023-08-01 04:00:00,146492.1,147421.67,146043.0,146384.64,6088
2023-08-01 05:00:00,146902.03,148076.89,146902.03,147196.43,14045
2023-08-01 06:00:00,147072.72,147478.49,146048.91,147167.55,6951
2023-08-01 07:00:00,147068.66,147068.66,145357.4,147035.07,11939
2023-08-01 08:00:00,147032.3,147758.32,147032.3,147463.39,12401
2023-08-01 09:00:00,147061.31,147266.0,146678.12,146972.06,9418
2023-08-01 10:00:00,146634.89,146952.42,145981.07,146659.1,16468
2023-08-01 11:00:00,147028.2,147028.2,145497.11,146734.73,11126
2023-08-01 12:00:00,146715.68,147537.22,146715.68,147242.74,6135
2023-08-01 13:00:00,147522.44,147792.91,147037.91,147497.91,9457
2023-08-01 14:00:00,147740.37,147999.22,146647.38,147631.83,13156
2023-08-01 15:00:00,147317.72,148654.09,147317.72,147686.45,14027
2023-08-01 16:00:00,147785.8,148369.94,147239.09,147888.12,10732
2023-08-01 17:00:00,147465.73,148291.5,147337.88,147995.51,10445
2023-08-01 18:00:00,148024.06,148868.45,145907.88,147542.7,12419
2023-08-01 19:00:00,147298.76,148579.12,146655.75,147594.13,8469
2023-08-01 20:00:00,147324.93,148369.71,145566.42,147139.78,8768
2023-08-01 21:00:00,147451.98,147515.93,146752.21,147221.49,7023
2023-08-01 22:00:00,147147.6,147392.85,146601.95,147048.56,6248
2023-08-01 23:00:00,147376.06,148263.53,147376.06,148244.29,11675
2023-08-02 00:00:00,148133.05,148536.72,147537.26,148240.24,18040
2023-08-02 01:00:00,148067.51,148255.2,146459.59,147618.17,9061
2023-08-02 02:00:00,147662.56,148277.18,147473.02,147593.73,9411
2023-08-02 03:00:00,147333.54,148216.04,147333.54,147862.95,9994
2023-08-02 04:00:00,148399.22,148707.03,147095.68,148647.22,11070
2023-08-02 05:00:00,148810.04,148835.13,147688.28,148381.24,7157
2023-08-02 06:00:00,147908.75,147908.75,146597.77,147673.53,7865
2023-08-02 07:00:00,147845.09,149254.58,147566.11,148076.49,11362
2023-08-02 08:00:00,148277.64,148615.96,146407.6,147470.61,5874
2023-08-02 09:00:00,147159.92,147786.1,146511.72,147315.57,7689
2023-08-02 10:00:00,147199.59,147267.35,146678.13,147250.12,10260
2023-08-02 11:00:00,147186.27,147569.1,146516.69,147274.55,10593
2023-08-02 12:00:00,147344.01,148646.17,147344.01,147639.29,11491
2023-08-02 13:00:00,147838.74,148023.53,146723.79,147374.58,7720
2023-08-02 14:00:00,147598.54,147598.54,146171.65,147303.93,9243
2023-08-02 15:00:00,147428.03,147976.53,146728.99,147352.7,10240
2023-08-02 16:00:00,147438.98,147870.98,147438.98,147474.07,11194
2023-08-02 17:00:00,147292.99,147896.83,147056.1,147570.15,9460
2023-08-02 18:00:00,147522.64,147901.71,147522.64,147818.28,13188
2023-08-02 19:00:00,148157.68,148540.53,148157.68,148244.04,11886
2023-08-02 20:00:00,148546.15,148817.29,147050.78,148453.0,12663
2023-08-02 21:00:00,148633.62,149467.41,147810.18,148684.69,6816
2023-08-02 22:00:00,148280.02,148280.02,146499.7,147984.05,8053
2023-08-02 23:00:00,147839.8,148206.54,147347.82,148052.09,5337
2023-08-03 00:00:00,147897.45,148884.71,147689.97,148311.55,15423
2023-08-03 01:00:00,148488.6,148961.15,148270.27,148677.14,6436
2023-08-03 02:00:00,148656.77,148813.94,148087.11,148383.88,6825
2023-08-03 03:00:00,147914.94,148239.62,147798.47,148116.86,6709
2023-08-03 04:00:00,148446.45,149655.38,147777.03,147898.21,13207
2023-08-03 05:00:00,147982.78,148898.12,147540.13,148190.82,15558
2023-08-03 06:00:00,148365.35,149698.34,148365.35,148699.83,11743
2023-08-03 07:00:00,148544.15,148626.24,148423.83,148536.25,8995
2023-08-03 08:00:00,148383.92,149272.27,148232.59,148974.32,16943
2023-08-03 09:00:00,148853.06,149340.16,148853.06,149042.08,10206
2023-08-03 10:00:00,148729.6,149636.21,147306.74,148994.85,7576
2023-08-03 11:00:00,149049.06,149207.2,148519.0,148909.38,7303
2023-08-03 12:00:00,148887.16,149797.71,148533.83,149266.49,8387
2023-08-03 13:00:00,149439.86,150195.98,149120.98,149419.82,15199
2023-08-03 14:00:00,149554.62,150764.45,149554.62,150463.52,16199
2023-08-03 15:00:00,150365.42,150931.2,148898.89,150041.91,11170
2023-08-03 16:00:00,149976.58,150602.53,149272.18,150263.08,10051
2023-08-03 17:00:00,150164.0,150296.42,149696.44,149996.43,9839
2023-08-03 18:00:00,150217.0,150728.75,149050.39,149583.28,7498
2023-08-03 19:00:00,149397.08,150314.89,149275.6,149574.75,9535
2023-08-03 20:00:00,149681.27,149975.88,149325.41,149633.15,7620
2023-08-03 21:00:00,150663.85,151377.88,150663.85,150965.78,12816
2023-08-03 22:00:00,151157.21,151157.21,150533.88,150835.55,10220
2023-08-03 23:00:00,150875.07,150875.07,149514.08,150275.2,12184
2023-08-04 00:00:00,149943.01,151309.32,149809.28,150382.7,10909
2023-08-04 01:00:00,150330.04,150330.04,148300.49,149406.62,15413
2023-08-04 02:00:00,149678.49,149678.49,148740.86,149379.73,10589
2023-08-04 03:00:00,149501.84,149501.84,148954.32,149407.27,9437
2023-08-04 04:00:00,149499.15,150642.3,149499.15,149790.13,12313
2023-08-04 05:00:00,149896.72,150492.66,149151.97,150241.27,9721
2023-08-04 06:00:00,150144.48,150144.48,149902.27,149996.96,9593
2023-08-04 07:00:00,149946.85,150381.69,148679.13,149926.21,10693
2023-08-04 08:00:00,150011.14,150011.14,148883.68,149576.17,10323
2023-08-04 09:00:00,148959.95,151257.9,148766.15,149074.03,7190
2023-08-04 10:00:00,148944.06,150049.92,148365.03,149244.81,6964
2023-08-04 11:00:00,148813.43,148813.43,148370.04,148686.34,7395
2023-08-04 12:00:00,148784.02,149523.93,147297.99,148539.95,11154
2023-08-04 13:00:00,148432.01,148432.01,146989.18,148135.74,8538
2023-08-04 14:00:00,148242.2,148765.05,148150.07,148446.96,7649
2023-08-04 15:00:00,148640.67,149728.87,148240.91,149316.92,16216
2023-08-04 16:00:00,149041.69,149041.69,148277.11,148744.2,10173
2023-08-04 17:00:00,148508.41,148761.85,147534.72,147944.2,10560
2023-08-04 18:00:00,148304.52,149153.35,147724.29,147958.91,5946
2023-08-04 19:00:00,147764.57,148735.28,147162.85,148038.65,15061
2023-08-04 20:00:00,148114.94,148481.96,147528.33,148207.4,5259
2023-08-04 21:00:00,148410.84,149412.52,147769.45,148065.58,11447
2023-08-04 22:00:00,148330.78,148339.93,146879.69,148040.09,13293
2023-08-04 23:00:00,148106.84,149017.77,148050.41,148272.62,8588
2023-08-05 00:00:00,148177.72,150926.04,148167.12,148804.79,14292
2023-08-05 01:00:00,148386.74,148386.74,147505.76,147962.3,12433
2023-08-05 02:00:00,148051.19,148801.79,146485.8,147872.8,7440
2023-08-05 03:00:00,147864.77,148196.14,147727.97,148055.11,12246
2023-08-05 04:00:00,147756.59,148675.83,147424.91,147720.36,20340
2023-08-05 05:00:00,148298.35,149024.9,148298.35,148595.54,9327
2023-08-05 06:00:00,148606.81,148668.46,147351.49,148371.72,9116
2023-08-05 07:00:00,148156.54,149752.05,148132.23,148429.09,8718
2023-08-05 08:00:00,148464.5,149057.21,148462.17,148759.69,10197
2023-08-05 09:00:00,148568.57,149212.15,147903.9,148557.59,10158
2023-08-05 10:00:00,148058.56,148058.56,147580.18,147792.76,10669
2023-08-05 11:00:00,147992.83,147992.83,147354.91,147697.44,8547
2023-08-05 12:00:00,148039.47,149510.09,146660.6,148266.84,14611
2023-08-05 13:00:00,147934.36,148499.03,147172.32,148202.63,13303
2023-08-05 14:00:00,147953.02,148134.14,147197.85,147910.33,17246
2023-08-05 15:00:00,148001.55,148727.56,148001.55,148430.7,9001
2023-08-05 16:00:00,148410.09,148410.09,147674.54,148366.18,9024
2023-08-05 17:00:00,148534.0,149752.79,147260.91,148223.87,5965
2023-08-05 18:00:00,147978.43,148683.56,147396.56,148386.79,11037
2023-08-05 19:00:00,148830.96,149200.68,146855.32,148827.99,10543
2023-08-05 20:00:00,149690.7,150441.45,149690.7,149990.68,9235
2023-08-05 21:00:00,150343.01,150713.06,150343.01,150412.24,14536
2023-08-05 22:00:00,150216.19,151278.07,150216.19,150976.12,7020
2023-08-05 23:00:00,150868.35,151130.86,150163.13,150752.6,18584
2023-08-06 00:00:00,150129.09,151155.5,149852.38,150296.35,12882
2023-08-06 01:00:00,150113.62,152835.25,149779.8,150358.04,10587
2023-08-06 02:00:00,150696.39,150741.27,150301.87,150440.39,8246
2023-08-06 03:00:00,149993.95,149993.95,149471.32,149975.03,6356
2023-08-06 04:00:00,150131.25,150131.25,149095.46,149941.36,14232
2023-08-06 05:00:00,149987.64,151568.75,149873.6,150173.95,7740
2023-08-06 06:00:00,150165.9,151730.24,150165.9,150381.69,7656
2023-08-06 07:00:00,150469.32,150952.59,148808.2,150651.28,6939
2023-08-06 08:00:00,150608.82,151117.01,150389.3,150815.38,8128
2023-08-06 09:00:00,150479.81,152087.38,149119.67,150606.14,11520
2023-08-06 10:00:00,150362.38,150429.74,149500.85,150402.31,11082
2023-08-06 11:00:00,150270.79,150494.88,149523.68,149893.01,8083
2023-08-06 12:00:00,150470.32,151113.52,150470.32,150771.86,14096
2023-08-06 13:00:00,150508.64,151605.91,150508.64,150810.26,8153
2023-08-06 14:00:00,150886.61,151546.1,150205.81,150738.17,13481
2023-08-06 15:00:00,150740.85,151353.76,149156.1,150345.23,7685
2023-08-06 16:00:00,150375.36,152048.83,150121.83,151745.34,6120
2023-08-06 17:00:00,151866.05,151971.72,150947.22,151249.72,10362
2023-08-06 18:00:00,151053.98,152569.84,150842.85,151073.46,10389
2023-08-06 19:00:00,150760.71,153081.66,150095.8,151293.58,12238
2023-08-06 20:00:00,151007.82,151892.89,150773.27,151590.96,5678
2023-08-06 21:00:00,151739.84,152348.02,151739.84,152043.93,5606
2023-08-06 22:00:00,152571.92,154150.9,152571.92,152877.68,8897
2023-08-06 23:00:00,153198.96,153354.41,152715.91,153080.34,8499
2023-08-07 00:00:00,152848.06,152848.06,152237.88,152542.97,9941
2023-08-07 01:00:00,152485.48,153316.41,152019.34,152399.43,7819
2023-08-07 02:00:00,152176.3,152831.37,151646.78,152526.31,11012
2023-08-07 03:00:00,153153.2,154774.01,153153.2,153472.72,13060
2023-08-07 04:00:00,153353.16,153426.75,152646.23,152764.36,14319
2023-08-07 05:00:00,152928.99,154539.12,152714.0,153300.88,14085
2023-08-07 06:00:00,153319.23,153481.0,152826.02,153342.1,7199
2023-08-07 07:00:00,153384.06,154457.98,153384.06,153691.44,11184
2023-08-07 08:00:00,153774.5,155015.41,152847.24,153588.02,8479
2023-08-07 09:00:00,153192.33,153192.33,152920.57,153144.39,11830
2023-08-07 10:00:00,153526.99,153979.44,153327.28,153466.45,13770
2023-08-07 11:00:00,153625.74,154432.96,153625.74,153737.65,9568
2023-08-07 12:00:00,153920.52,154953.83,153748.12,154149.77,14733
2023-08-07 13:00:00,154476.33,154476.33,152229.23,154084.64,8326
2023-08-07 14:00:00,154340.22,154340.22,153436.48,153743.97,17523
2023-08-07 15:00:00,153172.4,153172.4,152658.05,152963.97,22927
2023-08-07 16:00:00,152782.01,154551.44,152749.69,153332.14,4629
2023-08-07 17:00:00,153503.6,154429.69,153196.13,153503.13,4936
2023-08-07 18:00:00,153325.28,153325.28,152891.27,153019.24,9932
2023-08-07 19:00:00,153066.78,153961.08,151583.24,152752.53,9303
2023-08-07 20:00:00,153136.78,153801.0,151700.16,152528.28,9299
2023-08-07 21:00:00,152141.46,152141.46,150674.2,151837.79,11287
2023-08-07 22:00:00,151522.52,151522.52,150470.13,151483.88,3820
2023-08-07 23:00:00,151159.31,151159.31,149638.82,150998.42,10815
2023-08-08 00:00:00,151179.2,151179.2,150212.68,150865.93,10062
2023-08-08 01:00:00,150647.17,152263.26,150286.45,150587.63,17899
2023-08-08 02:00:00,150527.52,150547.65,149610.49,149910.31,11073
2023-08-08 03:00:00,150367.26,151680.54,150367.26,150934.25,18193
2023-08-08 04:00:00,151271.38,151877.67,151271.38,151574.53,4639
2023-08-08 05:00:00,151729.16,152058.37,151152.38,151252.71,11352
2023-08-08 06:00:00,151312.45,152482.4,150566.58,151431.82,12378
2023-08-08 07:00:00,151383.26,153048.98,151245.47,151670.56,9928
2023-08-08 08:00:00,151959.76,152568.81,151959.76,152264.28,11357
2023-08-08 09:00:00,151923.07,152417.26,150387.83,151903.73,7745
2023-08-08 10:00:00,152139.78,152666.06,152139.78,152444.67,11899
2023-08-08 11:00:00,152443.06,153529.94,151901.38,152205.79,8155
2023-08-08 12:00:00,152406.54,152406.54,150688.8,151611.37,13312
2023-08-08 13:00:00,151892.88,152596.95,151892.88,151998.21,8984
2023-08-08 14:00:00,152439.77,153438.78,152013.63,152638.39,8176
2023-08-08 15:00:00,152864.82,154682.29,152864.82,153868.39,6043
2023-08-08 16:00:00,154023.79,154023.79,152453.02,153280.13,11593
2023-08-08 17:00:00,153414.61,154168.66,152169.6,153605.39,8249
2023-08-08 18:00:00,153315.47,153705.14,153235.33,153398.34,5354
2023-08-08 19:00:00,152996.94,155120.69,152912.61,153761.88,7679
2023-08-08 20:00:00,153359.23,153359.23,152747.02,153053.12,6758
2023-08-08 21:00:00,153105.46,153601.42,151705.35,152471.33,8809
2023-08-08 22:00:00,152535.86,153980.31,150801.15,152140.54,15900
2023-08-08 23:00:00,152315.6,152419.3,151246.52,152219.5,13557
2023-08-09 00:00:00,152231.2,152264.22,151656.38,151960.3,11752
2023-08-09 01:00:00,152013.49,153795.2,152013.49,152318.13,8257
2023-08-09 02:00:00,152390.82,155157.33,151834.85,152836.02,11823
2023-08-09 03:00:00,152846.92,153982.73,152832.97,153139.25,9811
2023-08-09 04:00:00,153354.58,155447.26,153354.58,153910.43,10792
2023-08-09 05:00:00,153817.36,155193.59,153784.51,154092.69,5802
2023-08-09 06:00:00,153806.49,153806.49,151767.75,153499.49,4986
2023-08-09 07:00:00,153771.63,154492.72,153771.63,154141.27,11773
2023-08-09 08:00:00,154066.46,154920.01,153659.19,153834.17,9760
2023-08-09 09:00:00,153949.01,154561.95,153949.01,154253.45,13904
2023-08-09 10:00:00,154614.81,155282.38,154614.81,154972.44,14337
2023-08-09 11:00:00,155100.26,155449.97,154447.06,155139.69,16932
2023-08-09 12:00:00,154809.38,154809.38,153497.24,154373.24,12901
2023-08-09 13:00:00,154493.91,155323.99,152611.43,153910.88,7361
2023-08-09 14:00:00,154465.25,154833.25,154465.25,154524.21,8670
2023-08-09 15:00:00,154461.63,155874.69,153696.68,154416.35,9906
2023-08-09 16:00:00,154175.07,154724.16,154120.85,154429.7,8040
2023-08-09 17:00:00,154458.53,155077.6,154458.53,154768.06,8020
2023-08-09 18:00:00,154922.16,155330.04,154755.19,155065.32,8454
2023-08-09 19:00:00,155097.59,155343.8,153675.63,155157.32,14719
2023-08-09 20:00:00,155021.84,155073.69,154992.95,155014.47,7200
2023-08-09 21:00:00,155140.83,155765.38,154517.28,154826.93,8921
2023-08-09 22:00:00,154898.23,155422.41,154890.4,155200.8,8024
2023-08-09 23:00:00,155310.04,155841.69,155103.16,155418.95,15795
2023-08-10 00:00:00,155409.28,156602.97,154918.63,155245.88,11320
2023-08-10 01:00:00,155406.22,155758.6,155406.22,155717.66,11702
2023-08-10 02:00:00,155771.54,157262.97,155516.87,155596.59,8610
2023-08-10 03:00:00,155545.86,155545.86,153876.47,155134.96,5340
2023-08-10 04:00:00,155157.81,155872.7,154424.73,154734.2,8638
2023-08-10 05:00:00,154696.37,154696.37,152550.83,154244.92,9659
2023-08-10 06:00:00,154298.46,155621.3,153917.7,154108.18,11347
2023-08-10 07:00:00,154138.91,154995.8,153908.44,154686.43,9294
2023-08-10 08:00:00,154345.3,154345.3,153623.8,154282.71,20090
2023-08-10 09:00:00,154247.37,154604.77,153434.02,154367.7,15751
2023-08-10 10:00:00,154381.82,155603.2,153742.43,154050.53,12252
2023-08-10 11:00:00,153792.86,154240.0,153225.51,153932.14,11577
2023-08-10 12:00:00,153716.86,153716.86,152926.96,153230.68,13111
2023-08-10 13:00:00,153206.17,153467.73,152528.22,153161.41,5460
2023-08-10 14:00:00,153290.32,153833.08,152530.39,153109.09,18327
2023-08-10 15:00:00,153426.25,154086.82,153095.72,153402.52,11599
2023-08-10 16:00:00,153488.67,153848.47,151947.51,153541.39,8883
2023-08-10 17:00:00,153538.09,154351.6,152222.6,153008.77,7184
2023-08-10 18:00:00,152813.33,153788.58,152453.25,153565.49,10085
2023-08-10 19:00:00,153735.71,153735.71,153387.0,153694.39,13864
2023-08-10 20:00:00,153595.35,154198.24,153425.31,153813.56,22130
2023-08-10 21:00:00,153639.59,154220.2,152954.61,153834.06,11128
2023-08-10 22:00:00,153659.54,155056.47,153306.1,153613.33,7923
2023-08-10 23:00:00,153579.92,155069.83,153438.86,153746.35,14439
2023-08-11 00:00:00,153513.52,154304.38,152949.85,153996.39,11494
2023-08-11 01:00:00,153527.48,153527.48,152895.84,153191.28,8310
2023-08-11 02:00:00,153458.7,153508.67,151604.98,152985.01,14109
2023-08-11 03:00:00,152868.17,153625.42,152541.42,152917.64,6589
2023-08-11 04:00:00,153380.84,153762.02,152786.07,153092.25,8969
2023-08-11 05:00:00,153393.81,154349.19,153393.81,153701.21,8379
2023-08-11 06:00:00,153493.29,153634.45,152544.47,153367.01,15614
2023-08-11 07:00:00,153423.99,153678.25,152664.8,153175.5,10244
2023-08-11 08:00:00,153293.11,153293.11,152003.03,152986.28,8511
2023-08-11 09:00:00,152974.53,152974.53,152155.84,152669.19,7893
2023-08-11 10:00:00,152725.25,153522.16,151950.34,152577.2,13251
2023-08-11 11:00:00,152785.02,153314.36,151932.15,153008.34,10371
2023-08-11 12:00:00,152804.17,153174.7,152266.38,152571.52,13827
2023-08-11 13:00:00,152678.66,153867.79,152550.78,152845.41,14260
2023-08-11 14:00:00,152163.95,152163.95,152110.46,152114.1,12138
2023-08-11 15:00:00,152166.76,152245.82,151638.17,151942.06,15325
2023-08-11 16:00:00,151817.52,152055.84,151584.52,151888.29,11044
2023-08-11 17:00:00,152466.67,152813.42,152466.67,152772.22,7244
2023-08-11 18:00:00,152766.12,153244.49,152631.91,152720.96,7846
2023-08-11 19:00:00,152343.44,152937.12,151469.78,151773.33,7830
2023-08-11 20:00:00,151299.71,151299.71,150141.62,150955.15,17562
2023-08-11 21:00:00,150805.98,151302.51,150805.98,151108.2,11580
2023-08-11 22:00:00,151395.67,151573.79,151395.67,151524.73,6829
2023-08-11 23:00:00,151451.29,152598.59,150932.55,151818.41,17558
2023-08-12 00:00:00,151702.3,152556.44,151702.3,152006.31,6754
2023-08-12 01:00:00,151847.03,153050.62,151166.36,152648.13,11022
2023-08-12 02:00:00,152785.59,152858.1,152249.11,152477.01,7056
2023-08-12 03:00:00,152392.27,153289.34,151024.63,152983.37,12715
2023-08-12 04:00:00,153298.5,153772.85,151967.63,152293.97,11588
2023-08-12 05:00:00,151749.1,152499.17,151095.83,151969.78,14538
2023-08-12 06:00:00,151654.6,151654.6,150934.63,151237.11,21007
2023-08-12 07:00:00,151188.44,151523.39,150314.19,151238.99,10542
2023-08-12 08:00:00,150829.87,151753.6,150542.15,151347.17,7990
2023-08-12 09:00:00,150957.38,152715.62,150473.96,151528.4,7423
2023-08-12 10:00:00,151464.8,152074.08,150706.3,151679.55,7925
2023-08-12 11:00:00,152184.18,152512.34,151250.67,151370.43,9156
2023-08-12 12:00:00,151459.21,151674.76,151111.79,151414.62,7550
2023-08-12 13:00:00,151007.21,151682.75,150669.1,150852.48,8267
2023-08-12 14:00:00,151328.2,152216.22,151328.2,151631.47,8527
2023-08-12 15:00:00,151312.5,151918.97,151312.5,151615.73,7927
2023-08-12 16:00:00,151443.2,152927.89,151260.31,151512.48,6988
2023-08-12 17:00:00,151974.91,153411.64,151974.91,152378.69,11335
2023-08-12 18:00:00,152076.02,152469.87,151506.04,151901.65,7391
2023-08-12 19:00:00,151988.72,152464.12,151426.19,151499.49,8521
2023-08-12 20:00:00,151795.26,152098.7,150419.44,151124.95,8169
2023-08-12 21:00:00,151317.02,151337.16,150684.15,151240.94,9920
2023-08-12 22:00:00,151301.76,152066.7,150864.36,151586.23,9882
2023-08-12 23:00:00,151696.18,152369.41,151696.18,152065.28,20483
2023-08-13 00:00:00,152342.91,153420.82,152342.91,153382.41,7677
2023-08-13 01:00:00,152703.83,152703.83,150956.42,152399.03,8065
2023-08-13 02:00:00,152159.98,153096.02,152159.98,152790.44,11829
2023-08-13 03:00:00,152700.33,152700.33,151885.55,152624.86,11207
2023-08-13 04:00:00,152476.71,152476.71,152304.08,152451.49,7387
2023-08-13 05:00:00,152720.28,153244.04,151051.19,152270.73,8195
2023-08-13 06:00:00,152266.37,152266.37,151658.52,151962.44,8238
2023-08-13 07:00:00,151923.76,153417.0,151923.76,152870.77,10914
2023-08-13 08:00:00,153169.94,153571.55,152244.64,153357.44,7652
2023-08-13 09:00:00,153298.54,154003.44,153136.81,153443.7,8061
2023-08-13 10:00:00,154009.18,154824.54,154009.18,154155.53,17613
2023-08-13 11:00:00,153641.37,153641.37,153171.54,153496.75,12270
2023-08-13 12:00:00,153354.45,153535.26,152368.13,152949.97,9126
2023-08-13 13:00:00,152645.37,152645.37,150910.54,152027.61,10253
2023-08-13 14:00:00,151877.1,152134.46,150657.01,151830.79,16031
2023-08-13 15:00:00,151593.81,152348.0,151549.61,152043.92,8039
2023-08-13 16:00:00,151918.5,152527.39,151918.5,152222.95,13258
2023-08-13 17:00:00,152437.59,153197.81,151910.65,152419.63,25384
2023-08-13 18:00:00,152664.13,152664.13,150660.93,151882.11,10845
2023-08-13 19:00:00,152174.16,154303.21,151593.98,152398.22,10073
2023-08-13 20:00:00,153084.39,154920.48,151986.4,152637.74,11576
2023-08-13 21:00:00,152796.76,154145.8,152796.76,153102.97,13508
2023-08-13 22:00:00,152579.22,152579.22,151969.53,152322.92,11973
2023-08-13 23:00:00,152351.44,153425.75,151751.05,152603.85,5005
2023-08-14 00:00:00,152647.49,153310.32,151871.38,152175.73,6272
2023-08-14 01:00:00,152217.35,153097.72,151153.43,152132.7,12317
2023-08-14 02:00:00,152223.51,153361.23,152223.51,152528.57,10639
2023-08-14 03:00:00,152371.18,153668.81,152197.22,152704.39,11577
2023-08-14 04:00:00,152388.8,152739.85,151922.19,152434.98,8479
2023-08-14 05:00:00,152682.44,152682.44,151443.67,152577.16,13618
2023-08-14 06:00:00,152477.92,153352.75,151413.51,151997.98,12926
2023-08-14 07:00:00,152315.74,153235.23,152315.74,152688.93,12701
2023-08-14 08:00:00,152875.79,153617.02,152268.07,152729.98,12035
2023-08-14 09:00:00,152775.83,153694.48,152775.83,153387.7,15816
2023-08-14 10:00:00,153530.1,154390.1,152235.33,153256.42,10968
2023-08-14 11:00:00,153440.19,153440.19,152760.19,153133.92,13389
2023-08-14 12:00:00,153079.3,154970.05,152512.9,152906.74,11903
2023-08-14 13:00:00,152694.4,153788.15,152589.87,153454.13,3665
2023-08-14 14:00:00,153251.61,154205.88,151650.21,153239.43,10921
2023-08-14 15:00:00,153363.56,153909.58,153363.56,153670.9,19770
2023-08-14 16:00:00,154002.67,155018.77,153296.47,153603.67,11436
2023-08-14 17:00:00,153093.39,153093.39,152683.44,152787.82,8619
2023-08-14 18:00:00,153004.63,153066.13,151577.92,152661.79,9483
2023-08-14 19:00:00,152690.68,152994.02,151793.59,152256.81,7772
2023-08-14 20:00:00,152036.17,152740.36,151872.7,152435.49,15389
2023-08-14 21:00:00,152341.63,152341.63,151733.48,152037.56,10312
2023-08-14 22:00:00,152632.66,152726.17,152632.66,152639.35,10945
2023-08-14 23:00:00,152923.23,153786.11,152443.72,152749.21,11817
2023-08-15 00:00:00,152797.57,153122.27,150927.96,152816.63,10706
2023-08-15 01:00:00,152902.48,155061.61,152733.7,153273.41,12778
2023-08-15 02:00:00,153553.52,154678.29,153553.52,153861.24,7535
2023-08-15 03:00:00,153852.1,154233.12,151997.42,153965.61,8234
2023-08-15 04:00:00,153731.09,154395.95,153067.45,153711.94,14827
2023-08-15 05:00:00,153514.36,153514.36,152692.55,152998.55,11686
2023-08-15 06:00:00,153129.26,153129.26,152517.97,152823.61,10042
2023-08-15 07:00:00,152738.34,153343.44,152382.12,152687.49,6229
2023-08-15 08:00:00,152680.06,153113.01,152543.54,152897.38,14953
2023-08-15 09:00:00,152654.72,153193.72,151855.98,152887.95,11459
2023-08-15 10:00:00,153056.33,153669.78,153056.33,153363.05,8009
2023-08-15 11:00:00,153390.48,154893.88,152907.31,153213.74,6787
2023-08-15 12:00:00,153270.63,155180.65,152735.28,153330.73,13172
2023-08-15 13:00:00,153315.07,154335.63,153121.87,154027.58,10641
2023-08-15 14:00:00,154070.92,154615.85,154070.92,154307.24,16616
2023-08-15 15:00:00,154261.86,155544.86,153736.54,154386.76,13612
2023-08-15 16:00:00,154868.11,154868.11,152794.56,154208.67,7588
2023-08-15 17:00:00,154061.68,156201.25,153855.58,154021.03,4922
2023-08-15 18:00:00,154103.58,154737.35,152204.99,153738.75,18073
2023-08-15 19:00:00,153551.58,153922.67,153308.2,153615.44,14077
2023-08-15 20:00:00,153893.62,154614.82,153631.31,154106.85,12146
2023-08-15 21:00:00,153812.66,154429.15,153812.66,154120.9,10971
2023-08-15 22:00:00,153858.7,153910.21,152114.2,153603.0,9935
2023-08-15 23:00:00,154261.46,155277.57,154261.46,154570.6,10977
2023-08-16 00:00:00,154517.89,154983.25,154517.89,154827.55,6258
2023-08-16 01:00:00,154636.69,155372.76,153949.64,154258.16,18228
2023-08-16 02:00:00,154138.6,155036.83,154008.37,154169.82,13582
2023-08-16 03:00:00,154000.27,154656.92,153649.17,154348.22,6828
2023-08-16 04:00:00,155047.16,156343.45,155047.16,155274.62,9266
2023-08-16 05:00:00,155164.65,155990.35,154428.68,154839.45,8342
2023-08-16 06:00:00,155098.11,155719.74,155098.11,155408.93,24307
2023-08-16 07:00:00,155226.27,156396.68,155226.27,156163.34,13740
2023-08-16 08:00:00,155948.62,156905.77,155614.05,155925.9,12406
2023-08-16 09:00:00,155968.29,155968.29,155555.12,155866.85,6291
2023-08-16 10:00:00,155594.88,155825.53,153621.84,155450.95,7216
2023-08-16 11:00:00,155467.15,155467.15,154799.05,155449.16,10355
2023-08-16 12:00:00,155295.29,155979.14,155295.29,155529.25,10298
2023-08-16 13:00:00,155644.65,157415.01,155356.41,155940.58,11387
2023-08-16 14:00:00,156278.78,157623.21,156278.78,156546.14,11743
2023-08-16 15:00:00,156309.73,157181.97,156093.18,156251.06,7051
2023-08-16 16:00:00,155606.27,155606.27,155076.33,155387.1,11050
2023-08-16 17:00:00,155407.13,155798.41,155156.53,155487.43,4495
2023-08-16 18:00:00,155318.26,156405.89,154110.6,155734.83,13656
2023-08-16 19:00:00,155610.07,156531.77,155170.83,155953.41,8918
2023-08-16 20:00:00,156216.45,156472.11,154581.63,155891.57,7161
2023-08-16 21:00:00,155789.4,156361.3,155737.11,156049.2,10298
2023-08-16 22:00:00,156081.31,157799.37,155888.21,156866.66,12452
2023-08-16 23:00:00,156757.73,158747.54,156281.73,157114.4,11975
2023-08-17 00:00:00,157489.76,157610.44,156424.31,156992.1,6132
2023-08-17 01:00:00,157128.66,157128.66,155165.5,156815.03,11786
2023-08-17 02:00:00,156808.52,157118.68,156247.84,156805.07,5154
2023-08-17 03:00:00,156971.28,158270.93,156355.91,157664.36,7245
2023-08-17 04:00:00,157894.84,158248.49,157304.95,157620.19,11744
2023-08-17 05:00:00,157516.37,158074.31,156121.79,157659.04,9386
2023-08-17 06:00:00,157735.73,157735.73,155915.22,157474.35,7074
2023-08-17 07:00:00,157705.67,159632.92,157690.15,158059.05,13481
2023-08-17 08:00:00,158695.73,161006.98,158695.73,159042.69,9045
2023-08-17 09:00:00,158833.2,160810.97,157837.0,159260.96,10881
2023-08-17 10:00:00,158974.56,159661.5,158974.56,159293.15,9899
2023-08-17 11:00:00,159503.1,159647.71,158057.29,159303.86,9789
2023-08-17 12:00:00,158513.8,158513.8,157073.54,158134.8,7448
2023-08-17 13:00:00,158533.32,159625.86,158216.98,158534.05,11391
2023-08-17 14:00:00,158650.72,158857.96,157813.6,158624.23,10629
2023-08-17 15:00:00,158902.89,159207.95,158192.0,158855.92,8797
2023-08-17 16:00:00,158768.26,159963.9,158181.98,158527.63,7960
2023-08-17 17:00:00,158437.98,158740.01,158258.63,158375.01,12931
2023-08-17 18:00:00,158069.34,158386.92,157652.76,158216.25,11882
2023-08-17 19:00:00,158439.08,159041.99,158439.08,158756.59,10359
2023-08-17 20:00:00,158996.69,159951.56,158414.67,158601.34,7816
2023-08-17 21:00:00,159533.19,160461.25,159533.19,159650.97,15772
2023-08-17 22:00:00,158968.78,160183.07,158449.3,159863.34,11851
2023-08-17 23:00:00,159553.95,159553.95,158387.36,159235.47,10698
2023-08-18 00:00:00,159209.77,159225.32,157577.43,159194.54,12931
2023-08-18 01:00:00,159038.5,159880.53,158584.88,158902.68,6764
2023-08-18 02:00:00,158566.09,158566.09,157548.86,157872.28,8168
2023-08-18 03:00:00,158004.2,159035.91,157523.36,158718.47,11135
2023-08-18 04:00:00,158893.7,160273.04,158874.45,159104.63,12662
2023-08-18 05:00:00,158938.54,159889.88,158938.54,159397.01,8330
2023-08-18 06:00:00,159174.57,159540.74,158945.9,159502.5,13384
2023-08-18 07:00:00,159167.84,159167.84,158532.44,158850.14,8426
2023-08-18 08:00:00,158978.15,158978.15,157830.54,158660.82,9155
2023-08-18 09:00:00,158599.0,159385.52,158115.61,159124.16,10847
2023-08-18 10:00:00,158974.87,158974.87,158069.26,158652.52,10965
2023-08-18 11:00:00,157796.26,157796.26,156948.42,157481.29,11808
2023-08-18 12:00:00,157306.48,158016.0,157155.7,157470.65,9488
2023-08-18 13:00:00,157107.7,157817.22,157000.09,157502.22,11150
2023-08-18 14:00:00,157688.42,158102.57,157306.01,157668.91,10704
2023-08-18 15:00:00,157649.95,158431.23,157245.14,158115.0,9196
2023-08-18 16:00:00,158183.34,158828.94,158183.34,158500.34,11327
2023-08-18 17:00:00,159009.96,159009.96,158375.19,158692.58,15122
2023-08-18 18:00:00,159016.57,159497.62,159016.57,159335.24,11073
2023-08-18 19:00:00,158797.94,158920.4,157950.11,158635.41,12729
2023-08-18 20:00:00,158700.45,159209.89,158334.13,158945.48,8898
2023-08-18 21:00:00,159042.0,159973.78,158988.12,159306.73,9629
2023-08-18 22:00:00,159107.88,159135.23,158414.26,158747.2,10764
2023-08-18 23:00:00,158646.21,159041.09,157667.89,158079.88,9338
2023-08-19 00:00:00,157886.28,158744.96,156553.7,157808.4,6190
2023-08-19 01:00:00,158085.81,158085.81,157273.76,157588.94,16163
2023-08-19 02:00:00,157764.22,158376.68,157764.22,158060.56,16547
2023-08-19 03:00:00,157913.72,159254.85,157501.21,157855.38,3560
2023-08-19 04:00:00,157512.94,157853.68,155752.85,157538.6,17585
2023-08-19 05:00:00,157321.08,157668.21,156130.2,157353.51,21827
2023-08-19 06:00:00,157694.11,158439.75,157694.11,158010.13,5569
2023-08-19 07:00:00,157981.28,159677.05,157923.27,158112.23,17026
2023-08-19 08:00:00,158030.38,158348.5,157543.6,158120.72,13850
2023-08-19 09:00:00,157885.06,159214.94,157885.06,158161.24,9027
2023-08-19 10:00:00,158561.61,159197.13,158561.61,158879.37,16295
2023-08-19 11:00:00,158780.11,159976.69,157450.83,158582.05,8126
2023-08-19 12:00:00,158980.24,160085.14,158980.24,159298.84,8870
2023-08-19 13:00:00,159253.72,160834.37,159136.71,159455.62,10034
2023-08-19 14:00:00,159748.57,161011.94,159108.74,159427.59,21937
2023-08-19 15:00:00,160453.52,161577.97,160453.52,160700.12,18294
2023-08-19 16:00:00,160226.83,160226.83,159560.91,160186.98,11096
2023-08-19 17:00:00,160459.41,161162.3,158878.25,160041.74,8842
2023-08-19 18:00:00,159570.69,159570.69,159157.1,159476.05,6583
2023-08-19 19:00:00,159762.65,161015.94,159425.68,160000.5,12934
2023-08-19 20:00:00,160547.01,161190.48,160547.01,160868.74,13771
2023-08-19 21:00:00,161039.21,162971.08,161039.21,161704.55,10878
2023-08-19 22:00:00,161967.93,163451.22,161967.93,162292.52,8591
2023-08-19 23:00:00,162197.63,162479.8,162141.08,162155.49,9148
2023-08-20 00:00:00,162234.03,163685.16,161890.43,161940.18,12944
2023-08-20 01:00:00,161802.79,162597.54,159428.78,161084.51,9534
2023-08-20 02:00:00,161413.19,162417.11,161413.19,162092.93,13464
2023-08-20 03:00:00,162105.4,162402.22,161953.17,162293.29,11888
2023-08-20 04:00:00,162226.32,162334.22,161852.43,162010.2,11373
2023-08-20 05:00:00,162456.51,162966.95,162456.51,162641.67,10646
2023-08-20 06:00:00,162431.22,162431.22,161129.36,162107.01,11982
2023-08-20 07:00:00,162156.36,163025.64,161764.2,162278.44,9844
2023-08-20 08:00:00,162353.92,162365.23,161832.38,162156.69,14817
2023-08-20 09:00:00,162301.51,163748.32,162160.07,162444.56,7537
2023-08-20 10:00:00,162137.29,162804.47,162137.29,162374.04,11457
2023-08-20 11:00:00,161941.94,161941.94,160515.95,161618.7,10007
2023-08-20 12:00:00,161661.71,161974.66,161328.05,161651.36,17821
2023-08-20 13:00:00,162096.56,162871.99,162096.56,162166.51,7030
2023-08-20 14:00:00,162322.64,163070.84,160848.65,162132.71,16783
2023-08-20 15:00:00,162428.26,163677.71,162428.26,162498.62,8931
2023-08-20 16:00:00,162178.0,162348.89,161048.63,161946.54,10178
2023-08-20 17:00:00,162286.26,163218.53,160500.6,161925.47,14567
2023-08-20 18:00:00,161880.24,162382.7,161418.9,161609.16,10211
2023-08-20 19:00:00,161643.06,162127.96,161517.05,161979.93,17766
2023-08-20 20:00:00,161955.9,162882.28,161345.45,161984.04,8080
2023-08-20 21:00:00,161991.23,162402.23,161991.23,162315.87,8392
2023-08-20 22:00:00,162590.31,162885.13,161808.0,162830.79,10514
2023-08-20 23:00:00,162883.86,163416.59,162666.52,163134.43,8053
2023-08-21 00:00:00,163376.2,163544.88,162892.01,163218.45,11254
2023-08-21 01:00:00,163087.36,163826.51,162340.33,162665.66,7238
2023-08-21 02:00:00,162674.93,163603.18,161069.79,162631.16,9155
2023-08-21 03:00:00,162923.84,163312.04,161493.47,162332.77,8137
2023-08-21 04:00:00,162466.32,163140.31,161166.28,162138.92,7450
2023-08-21 05:00:00,162166.89,162404.9,161612.79,161936.66,14361
2023-08-21 06:00:00,161909.78,161909.78,160593.28,161444.53,12211
2023-08-21 07:00:00,160810.15,160810.15,160384.9,160489.17,7070
2023-08-21 08:00:00,160541.26,161076.1,159886.79,160207.2,6728
2023-08-21 09:00:00,160254.32,160678.59,159574.98,160357.88,9818
2023-08-21 10:00:00,160440.8,160584.6,159429.85,159749.35,13374
2023-08-21 11:00:00,159881.9,160120.69,159515.51,159835.18,12295
2023-08-21 12:00:00,160424.49,162597.93,160424.49,160843.2,14991
2023-08-21 13:00:00,161267.73,162866.96,161018.65,161391.34,9790
2023-08-21 14:00:00,161905.32,163397.06,161905.32,162229.78,11583
2023-08-21 15:00:00,162031.66,163656.44,161664.39,162419.28,15095
2023-08-21 16:00:00,162442.21,163702.85,162129.09,162988.88,11844
2023-08-21 17:00:00,162921.01,162921.01,162270.63,162595.82,16594
2023-08-21 18:00:00,162582.46,162582.46,161931.08,162255.59,10531
2023-08-21 19:00:00,161576.45,161576.45,160568.59,160890.37,11847
2023-08-21 20:00:00,161031.07,162034.27,161013.72,161519.02,14145
2023-08-21 21:00:00,161981.05,163180.87,161981.05,162305.66,9954
2023-08-21 22:00:00,162260.2,162353.89,161705.77,162029.83,9211
2023-08-21 23:00:00,161861.62,162842.52,161590.93,161914.76,14299
2023-08-22 00:00:00,161783.38,161822.25,161234.96,161558.08,12555
2023-08-22 01:00:00,161214.94,162293.63,160471.87,161777.2,8141
2023-08-22 02:00:00,161858.24,163572.71,160453.65,162360.45,10935
2023-08-22 03:00:00,161823.22,161823.22,160436.58,161500.22,10260
2023-08-22 04:00:00,161417.7,163293.65,161417.7,161741.18,7875
2023-08-22 05:00:00,161523.12,161957.28,160873.73,161634.01,9926
2023-08-22 06:00:00,161523.78,162209.75,160892.04,161723.32,8171
2023-08-22 07:00:00,161848.93,162094.76,161658.41,161982.37,11776
2023-08-22 08:00:00,162328.55,163135.94,161589.07,161912.9,12083
2023-08-22 09:00:00,161712.73,162522.74,160971.6,161887.63,13100
2023-08-22 10:00:00,161379.38,162211.85,160331.7,161807.3,19298
2023-08-22 11:00:00,162105.36,162640.16,161327.34,162315.53,7003
2023-08-22 12:00:00,162830.19,163412.16,162210.8,162535.87,8822
2023-08-22 13:00:00,162531.49,163129.08,161871.87,162649.94,14815
2023-08-22 14:00:00,162341.67,162341.67,162004.0,162017.64,15226
2023-08-22 15:00:00,161990.71,163300.26,161074.49,161856.6,13125
2023-08-22 16:00:00,162072.57,163539.01,160040.54,162333.69,16519
2023-08-22 17:00:00,162645.07,163040.74,162042.14,162366.88,10778
2023-08-22 18:00:00,162354.17,163792.07,162228.94,162707.78,8289
2023-08-22 19:00:00,163265.02,164210.35,163265.02,163592.2,12153
2023-08-22 20:00:00,164000.26,164818.22,163760.78,164088.96,7598
2023-08-22 21:00:00,163969.78,164164.63,163220.39,164096.36,8907
2023-08-22 22:00:00,163921.41,164549.49,162683.29,163802.26,7917
2023-08-22 23:00:00,163342.74,163342.74,161960.92,162495.03,7969
2023-08-23 00:00:00,162424.66,162761.21,162111.46,162436.34,22558
2023-08-23 01:00:00,162678.4,163354.15,161978.22,162302.83,10608
2023-08-23 02:00:00,162575.41,162583.12,161330.59,162532.65,10841
2023-08-23 03:00:00,162619.44,163422.71,162159.51,162484.48,8716
2023-08-23 04:00:00,162506.56,163582.77,161723.96,162355.82,12458
2023-08-23 05:00:00,161952.01,161952.01,159704.59,161510.33,14770
2023-08-23 06:00:00,161438.82,161438.82,159876.82,161116.58,10827
2023-08-23 07:00:00,160867.49,161926.98,160646.0,161440.08,9601
2023-08-23 08:00:00,161868.07,163565.68,161868.07,162366.62,17245
2023-08-23 09:00:00,162426.12,162426.12,162097.35,162363.14,7573
2023-08-23 10:00:00,162280.28,163189.28,162246.17,162571.31,13901
2023-08-23 11:00:00,162758.18,163470.02,162758.18,163084.35,10298
2023-08-23 12:00:00,162911.44,163025.28,161698.64,162699.88,9290
2023-08-23 13:00:00,162812.26,163241.97,162374.79,162916.13,6335
2023-08-23 14:00:00,162598.68,162598.68,162250.31,162575.46,5800
2023-08-23 15:00:00,162723.65,163373.14,162723.65,163047.05,8467
2023-08-23 16:00:00,162982.38,165247.69,162821.7,163147.99,13059
2023-08-23 17:00:00,162993.66,164488.73,162993.66,163320.3,18072
2023-08-23 18:00:00,163320.8,163384.54,162766.59,162946.0,9699
2023-08-23 19:00:00,162464.22,164027.33,161971.08,163332.7,9630
2023-08-23 20:00:00,164306.31,164723.25,164306.31,164394.46,10067
2023-08-23 21:00:00,164034.89,165453.25,163372.91,163869.11,9398
2023-08-23 22:00:00,163845.99,165054.94,161822.09,163701.24,11936
2023-08-23 23:00:00,163733.8,166273.73,163499.31,163826.96,11724
2023-08-24 00:00:00,163986.93,164553.86,162956.97,164225.4,10571
2023-08-24 01:00:00,164224.15,164640.75,163469.3,163935.94,10404
2023-08-24 02:00:00,162843.63,162843.63,161863.62,162518.6,8386
2023-08-24 03:00:00,162663.85,164619.0,162628.16,163250.7,10538
2023-08-24 04:00:00,163152.74,163869.99,162428.69,163662.47,10729
2023-08-24 05:00:00,163720.89,163720.89,162408.63,162807.43,6514
2023-08-24 06:00:00,163047.61,163674.31,161239.73,162552.7,11803
2023-08-24 07:00:00,163063.32,163716.88,163063.32,163390.1,14730
2023-08-24 08:00:00,163784.15,164472.35,163784.15,164144.06,12608
2023-08-24 09:00:00,164387.31,165416.87,163809.73,164619.64,13568
2023-08-24 10:00:00,164439.9,164896.75,163443.78,164517.42,15095
2023-08-24 11:00:00,164468.27,165746.72,164040.64,164549.13,5897
2023-08-24 12:00:00,164588.37,164903.04,163097.1,164472.09,14320
2023-08-24 13:00:00,164718.25,165362.37,164714.39,165032.3,10785
2023-08-24 14:00:00,164666.5,164666.5,164074.85,164560.84,10854
2023-08-24 15:00:00,164631.36,164631.36,163813.14,164141.42,7074
2023-08-24 16:00:00,164324.68,165615.79,164324.68,164653.99,5113
2023-08-24 17:00:00,164903.38,164949.57,164050.54,164620.33,7720
2023-08-24 18:00:00,164664.85,166212.86,162656.55,165304.02,9023
2023-08-24 19:00:00,165300.42,166981.44,163030.05,164929.11,5721
2023-08-24 20:00:00,164966.56,164966.56,163122.96,164879.79,9011
2023-08-24 21:00:00,164599.75,164731.93,163870.07,164394.86,13809
2023-08-24 22:00:00,164094.52,165364.35,164068.76,164397.55,14187
2023-08-24 23:00:00,164618.26,164894.52,162990.42,163652.52,11170
2023-08-25 00:00:00,163534.32,163765.66,162814.01,163438.78,10289
2023-08-25 01:00:00,163330.03,163994.83,161068.25,162758.67,7951
2023-08-25 02:00:00,162775.31,163493.59,162073.38,163167.25,11840
2023-08-25 03:00:00,163319.43,164320.26,163219.1,163573.15,20582
2023-08-25 04:00:00,163330.3,163330.3,162417.07,162742.55,17352
2023-08-25 05:00:00,162816.98,164374.13,162359.88,163471.39,10999
2023-08-25 06:00:00,163781.9,165857.83,163617.34,164759.17,10314
2023-08-25 07:00:00,164789.46,165893.42,164511.98,164776.69,10730
2023-08-25 08:00:00,164278.07,165438.97,164119.44,164448.34,11819
2023-08-25 09:00:00,165249.06,166409.36,165249.06,165878.9,12128
2023-08-25 10:00:00,165571.99,165571.99,164053.66,165169.37,9270
2023-08-25 11:00:00,165313.08,165497.9,164737.6,165167.56,8518
2023-08-25 12:00:00,165426.58,165936.7,164831.01,165246.35,9746
2023-08-25 13:00:00,165733.99,167008.4,165180.88,165912.56,8818
2023-08-25 14:00:00,165731.38,166387.58,165482.21,166055.46,6942
2023-08-25 15:00:00,165876.74,166799.92,162978.14,165759.91,6709
2023-08-25 16:00:00,165849.53,165849.53,163124.46,165248.07,12396
2023-08-25 17:00:00,165375.98,165397.95,164714.19,165067.81,13382
2023-08-25 18:00:00,164890.37,164890.37,162875.61,164561.24,7892
2023-08-25 19:00:00,164581.69,164709.71,164581.69,164606.55,9240
2023-08-25 20:00:00,164483.1,165493.73,162797.25,164341.23,7162
2023-08-25 21:00:00,163946.32,163946.32,163291.85,163619.08,10912
2023-08-25 22:00:00,164183.61,165189.65,164183.61,164303.24,10779
2023-08-25 23:00:00,164281.85,164412.95,162884.74,164084.79,7317
2023-08-26 00:00:00,163817.36,163817.36,162476.16,163490.38,16113
2023-08-26 01:00:00,163408.92,163937.52,163408.92,163471.05,5391
2023-08-26 02:00:00,163505.62,163899.28,162854.46,163572.14,9721
2023-08-26 03:00:00,163043.54,163043.54,161852.38,162761.54,6699
2023-08-26 04:00:00,163266.21,164099.71,162103.03,163022.25,9165
2023-08-26 05:00:00,162722.06,162722.06,161686.18,162585.62,12048
2023-08-26 06:00:00,163209.37,163995.94,163209.37,163536.44,10196
2023-08-26 07:00:00,163697.53,164632.28,163537.94,163865.67,10933
2023-08-26 08:00:00,164497.79,164525.31,162382.28,163722.69,11992
2023-08-26 09:00:00,163158.44,164365.69,162902.36,163413.7,9307
2023-08-26 10:00:00,163209.87,163982.98,162341.34,163436.82,9095
2023-08-26 11:00:00,163489.81,164877.65,163489.81,163817.45,8519
2023-08-26 12:00:00,163871.02,164091.16,163448.58,163866.78,11395
2023-08-26 13:00:00,163977.45,163987.0,163718.16,163819.43,8925
2023-08-26 14:00:00,164204.63,164240.66,162768.36,163912.83,6070
2023-08-26 15:00:00,163722.74,165135.97,161910.36,163674.54,8949
2023-08-26 16:00:00,163622.0,165378.02,163103.87,163575.36,7564
2023-08-26 17:00:00,163480.79,163480.79,161748.0,162611.01,9219
2023-08-26 18:00:00,162885.15,164229.91,162885.15,163211.57,8367
2023-08-26 19:00:00,163433.55,163780.21,163097.81,163453.31,10614
2023-08-26 20:00:00,163122.56,163477.02,162824.42,163150.72,8075
2023-08-26 21:00:00,163642.55,164836.33,163642.55,164197.12,8466
2023-08-26 22:00:00,164437.76,164630.25,163578.33,164301.65,12129
2023-08-26 23:00:00,164391.76,164391.76,163508.32,163836.0,12882
2023-08-27 00:00:00,164010.25,164667.6,164010.25,164338.93,8971
2023-08-27 01:00:00,164184.67,164923.03,163972.88,164593.84,10653
2023-08-27 02:00:00,164730.44,165206.16,164509.0,164839.93,9185
2023-08-27 03:00:00,164994.96,164994.96,162684.9,164665.63,10341
2023-08-27 04:00:00,164609.1,165303.03,164609.1,164938.97,10272
2023-08-27 05:00:00,164835.01,165172.6,164835.01,164842.92,12730
2023-08-27 06:00:00,164859.32,166227.77,163983.91,165165.43,7701
2023-08-27 07:00:00,164916.45,165040.55,163903.38,164231.84,6917
2023-08-27 08:00:00,164353.65,165378.37,163748.44,164076.59,11959
2023-08-27 09:00:00,164648.04,165257.86,164648.04,165009.39,9570
2023-08-27 10:00:00,165085.03,166151.41,164294.24,164657.25,9649
2023-08-27 11:00:00,164693.28,164851.14,164073.77,164402.57,10613
2023-08-27 12:00:00,164055.37,164863.33,163473.86,164235.97,16116
2023-08-27 13:00:00,163971.75,164969.01,163363.64,163691.02,15558
2023-08-27 14:00:00,164095.62,164601.13,162347.96,162673.3,13254
2023-08-27 15:00:00,162566.77,163008.56,162566.77,162683.19,8389
2023-08-27 16:00:00,162796.19,163593.53,162517.88,162873.09,5855
2023-08-27 17:00:00,163055.93,163339.95,162877.88,162964.17,12801
2023-08-27 18:00:00,163086.75,163680.07,162239.55,163006.74,9162
2023-08-27 19:00:00,162991.65,164292.36,162965.72,163141.44,7976
2023-08-27 20:00:00,163683.57,165079.14,163683.57,163762.87,11738
2023-08-27 21:00:00,163839.14,164698.82,162187.04,163758.09,9116
2023-08-27 22:00:00,164000.11,164657.47,163314.19,163558.53,19215
2023-08-27 23:00:00,163726.24,163840.16,163186.11,163513.14,18226
2023-08-28 00:00:00,163856.88,164917.0,163856.88,163905.02,13202
2023-08-28 01:00:00,163808.56,166275.46,163602.02,164703.42,17289
2023-08-28 02:00:00,164740.37,164778.68,163893.73,164449.79,9566
2023-08-28 03:00:00,164433.61,166239.42,164433.61,164574.86,8302
2023-08-28 04:00:00,164609.03,165520.64,164487.53,164817.17,9665
2023-08-28 05:00:00,164710.4,164710.4,164165.18,164381.64,8127
2023-08-28 06:00:00,164393.72,165728.35,164146.29,164475.24,10975
2023-08-28 07:00:00,164146.62,164146.62,163491.35,163818.98,9158
2023-08-28 08:00:00,163363.64,163363.64,162711.49,163037.57,7669
2023-08-28 09:00:00,163051.97,164474.65,163034.43,163355.67,13536
2023-08-28 10:00:00,163614.05,163614.05,161469.81,163287.47,9716
2023-08-28 11:00:00,163334.95,163692.39,162040.97,163515.87,11059
2023-08-28 12:00:00,163441.6,165176.94,163408.53,163625.17,11357
2023-08-28 13:00:00,163777.69,164554.9,162923.59,163250.09,11033
2023-08-28 14:00:00,162958.44,163418.2,162106.19,163355.46,11391
2023-08-28 15:00:00,163493.11,163716.2,162536.71,162862.43,13970
2023-08-28 16:00:00,163370.06,164092.39,163370.06,163697.46,9919
2023-08-28 17:00:00,163456.58,163456.58,162664.12,163130.32,10314
2023-08-28 18:00:00,162990.74,164186.38,162877.97,163166.88,9506
2023-08-28 19:00:00,163015.72,164134.27,162456.22,162781.79,6642
2023-08-28 20:00:00,162738.46,163857.16,162298.57,163215.59,6558
2023-08-28 21:00:00,163228.97,164441.15,162626.54,163187.31,7798
2023-08-28 22:00:00,163037.2,163354.73,162669.72,163069.07,9382
2023-08-28 23:00:00,163114.21,165153.78,161862.37,163642.0,8028
2023-08-29 00:00:00,163384.97,165261.03,163160.08,163784.64,9488
2023-08-29 01:00:00,163839.75,164918.88,163839.75,164168.09,7048
2023-08-29 02:00:00,164170.46,165241.82,162184.9,163788.45,8750
2023-08-29 03:00:00,163233.42,163233.42,162598.04,163214.15,13739
2023-08-29 04:00:00,163244.75,164888.6,163244.75,163421.51,10864
2023-08-29 05:00:00,163512.22,164491.71,163082.7,163409.51,15863
2023-08-29 06:00:00,163582.16,163909.82,163545.09,163872.84,8401
2023-08-29 07:00:00,163837.93,164633.02,163699.92,163969.42,9589
2023-08-29 08:00:00,163910.79,164534.02,163203.68,164205.61,8497
2023-08-29 09:00:00,163841.76,163841.76,163187.7,163514.73,19347
2023-08-29 10:00:00,164281.91,165269.97,164281.91,164611.13,8281
2023-08-29 11:00:00,164589.14,165331.38,164313.42,164642.71,11452
2023-08-29 12:00:00,164631.14,165796.82,164541.98,165110.13,7519
2023-08-29 13:00:00,165183.36,165273.17,164777.11,164787.03,10694
2023-08-29 14:00:00,164790.47,166085.85,164701.83,165052.21,12566
2023-08-29 15:00:00,165090.05,165090.05,163826.82,164495.45,10073
2023-08-29 16:00:00,164536.67,165130.02,164465.08,164844.32,7248
2023-08-29 17:00:00,164602.09,165513.28,164442.33,164771.88,8644
2023-08-29 18:00:00,165089.82,167452.94,163790.66,164895.39,9391
2023-08-29 19:00:00,165000.68,165894.51,164760.04,165353.7,6292
2023-08-29 20:00:00,164891.6,165454.94,164028.68,164822.32,14026
2023-08-29 21:00:00,164918.97,164918.97,164260.61,164589.79,6714
2023-08-29 22:00:00,164415.78,166430.91,163891.1,164942.89,5919
2023-08-29 23:00:00,165145.31,166447.72,165059.37,166115.49,14609
2023-08-30 00:00:00,165818.07,166446.41,165818.07,166114.18,10954
2023-08-30 01:00:00,165861.36,168604.97,164652.85,166485.72,12672
2023-08-30 02:00:00,166853.71,167622.18,165284.94,166489.49,7915
2023-08-30 03:00:00,167390.45,169304.03,167390.45,167539.74,11226
2023-08-30 04:00:00,167657.82,167657.82,166331.77,166665.11,10195
2023-08-30 05:00:00,166498.23,167100.55,166207.47,166767.01,8414
2023-08-30 06:00:00,166911.29,167722.13,165955.32,165988.14,14177
2023-08-30 07:00:00,165466.61,165749.97,164468.04,164797.64,7563
2023-08-30 08:00:00,164825.55,165406.76,163559.43,165076.61,10571
2023-08-30 09:00:00,164950.93,167231.01,164935.63,165266.16,11709
2023-08-30 10:00:00,165288.17,165563.54,164843.14,165233.07,7641
2023-08-30 11:00:00,165001.94,165636.05,164278.85,165289.83,12349
2023-08-30 12:00:00,166851.8,168247.26,166851.8,166969.51,8226
2023-08-30 13:00:00,166751.09,167082.44,166221.55,166887.43,13774
2023-08-30 14:00:00,166867.12,167550.94,166867.12,167201.53,8215
2023-08-30 15:00:00,166899.93,168060.44,166580.37,166914.2,10956
2023-08-30 16:00:00,167003.58,167868.14,166085.16,167119.12,6245
2023-08-30 17:00:00,167126.52,167381.35,166996.36,167047.26,10271
2023-08-30 18:00:00,167193.86,167259.77,166793.13,166890.59,12795
2023-08-30 19:00:00,167081.17,168476.8,167081.17,167878.23,7456
2023-08-30 20:00:00,168281.53,168705.74,167540.32,168505.65,7353
2023-08-30 21:00:00,168453.46,169867.6,167866.12,168574.95,11319
2023-08-30 22:00:00,167718.33,167718.33,166278.85,167383.57,9010
2023-08-30 23:00:00,167237.1,167575.27,166906.3,167240.79,4899
2023-08-31 00:00:00,168332.94,168922.45,168332.94,168670.28,9428
2023-08-31 01:00:00,168657.59,168657.59,168027.4,168544.0,7151
2023-08-31 02:00:00,168564.65,169430.97,168564.65,169109.67,9730
2023-08-31 03:00:00,169582.16,170172.44,169582.16,169832.77,9932
2023-08-31 04:00:00,169874.53,170234.56,169874.53,169894.77,16250
2023-08-31 05:00:00,169408.49,169741.67,169064.06,169402.87,5079
2023-08-31 06:00:00,168190.4,168190.4,165892.02,168105.75,9959
2023-08-31 07:00:00,168167.06,170040.94,167841.18,168473.36,9310
2023-08-31 08:00:00,168169.11,168392.39,167244.49,168056.28,11270
2023-08-31 09:00:00,168439.43,168439.43,167587.52,168167.89,8932
2023-08-31 10:00:00,168279.43,168279.43,166996.82,167540.26,10977
2023-08-31 11:00:00,167324.21,167742.17,167109.47,167444.36,9468
2023-08-31 12:00:00,167636.65,168694.13,166381.65,167500.82,8695
2023-08-31 13:00:00,167478.19,168937.15,167341.77,167677.13,7451
2023-08-31 14:00:00,167344.31,167344.31,166624.78,167137.34,11077
2023-08-31 15:00:00,167562.14,168711.35,167562.14,167801.77,9483
2023-08-31 16:00:00,167691.53,168150.89,167042.83,167524.01,13613
2023-08-31 17:00:00,167332.1,167950.62,166373.93,166707.34,11317
2023-08-31 18:00:00,166390.76,168043.94,166390.76,166724.21,10091
2023-08-31 19:00:00,166479.5,167171.53,166479.5,166813.13,7376
2023-08-31 20:00:00,166487.48,168542.17,166110.77,166964.58,15965
2023-08-31 21:00:00,167388.17,168059.07,167388.17,167723.62,6552
2023-08-31 22:00:00,167792.13,168290.7,166493.97,167636.81,17250
2023-08-31 23:00:00,167718.36,168002.27,167281.11,167616.35,13361
2023-09-01 00:00:00,167427.2,167427.2,167070.19,167093.02,9065
2023-09-01 01:00:00,166698.23,169504.96,166698.23,167572.87,12975
2023-09-01 02:00:00,167909.66,168043.23,167262.49,167707.82,11682
2023-09-01 03:00:00,167844.93,167844.93,166761.55,167528.84,7000
2023-09-01 04:00:00,167665.41,167678.51,166264.47,166597.66,9607
2023-09-01 05:00:00,166548.71,167794.5,166548.71,167412.85,10628
2023-09-01 06:00:00,166921.52,167844.41,166500.12,166833.79,4823
2023-09-01 07:00:00,166861.19,168328.49,166149.57,166606.55,11711
2023-09-01 08:00:00,166729.46,167236.96,166542.9,166876.65,8782
2023-09-01 09:00:00,166575.2,166575.2,165737.81,166344.29,16715
2023-09-01 10:00:00,166273.41,166273.41,164314.18,165683.94,15671
2023-09-01 11:00:00,165408.3,166008.74,163670.78,164728.2,15660
2023-09-01 12:00:00,165032.44,165582.87,165032.44,165252.37,14929
2023-09-01 13:00:00,165405.32,165448.61,164031.22,165118.38,12805
2023-09-01 14:00:00,166599.1,168264.88,166599.1,166744.47,13758
2023-09-01 15:00:00,166422.62,166657.41,165167.4,166324.76,4480
2023-09-01 16:00:00,166463.47,167089.14,165630.37,165962.3,11376
2023-09-01 17:00:00,166360.42,166360.42,165343.37,165799.63,16184
2023-09-01 18:00:00,166105.39,166115.81,165722.7,166054.81,12173
2023-09-01 19:00:00,165706.96,166728.22,165706.96,165940.98,6286
2023-09-01 20:00:00,165595.17,167468.17,165059.53,166382.55,5492
2023-09-01 21:00:00,166140.45,166140.45,165779.44,165997.81,12962
2023-09-01 22:00:00,165631.65,165631.65,165010.39,165426.81,11564
2023-09-01 23:00:00,164728.35,164728.35,164395.77,164667.74,10018
2023-09-02 00:00:00,163764.58,163764.58,163401.56,163729.02,10367
2023-09-02 01:00:00,163821.69,163863.15,162785.71,163687.96,8856
2023-09-02 02:00:00,163842.93,165615.27,161812.84,163759.23,9773
2023-09-02 03:00:00,164004.32,164120.21,163397.78,163666.27,10939
2023-09-02 04:00:00,164061.73,165755.83,164061.73,164520.94,9872
2023-09-02 05:00:00,164540.24,166695.67,164540.24,165341.82,12335
2023-09-02 06:00:00,165284.02,166091.64,164275.54,165345.15,9487
2023-09-02 07:00:00,165106.15,165106.15,164592.71,164607.6,12516
2023-09-02 08:00:00,164622.17,164622.17,164194.52,164523.57,7757
2023-09-02 09:00:00,164587.21,164755.13,164097.43,164426.28,11857
2023-09-02 10:00:00,164315.45,164315.45,163715.79,164306.64,10958
2023-09-02 11:00:00,163997.14,164499.19,163604.95,164170.85,8612
2023-09-02 12:00:00,164316.22,164486.24,163948.36,164065.92,12659
2023-09-02 13:00:00,163907.23,164427.04,163770.65,164098.84,8472
2023-09-02 14:00:00,164187.91,164694.89,163263.81,164004.54,11850
2023-09-02 15:00:00,163966.62,164666.84,163709.28,164338.16,13481
2023-09-02 16:00:00,164086.33,164886.32,163865.62,164736.94,7762
2023-09-02 17:00:00,164811.96,164811.96,163469.16,164483.0,12425
2023-09-02 18:00:00,164135.48,166784.82,164135.48,165338.43,11398
2023-09-02 19:00:00,165363.68,166900.97,164173.82,165029.34,6307
2023-09-02 20:00:00,164511.22,164924.56,163824.76,164410.46,7348
2023-09-02 21:00:00,164231.7,165152.19,163156.39,164822.54,11858
2023-09-02 22:00:00,164640.75,164640.75,164286.72,164615.95,11036
2023-09-02 23:00:00,164665.51,165859.86,164665.51,164995.5,11533
2023-09-03 00:00:00,164314.76,164314.76,163658.82,163986.79,11331
2023-09-03 01:00:00,164133.17,166576.97,163542.04,164924.83,7603
2023-09-03 02:00:00,164549.46,167700.51,163565.6,165470.36,7342
2023-09-03 03:00:00,165227.8,165227.8,164789.81,164898.0,14282
2023-09-03 04:00:00,164748.02,165029.72,163877.62,164363.63,11375
2023-09-03 05:00:00,165083.7,165779.88,165083.7,165439.01,7047
2023-09-03 06:00:00,165291.12,165775.51,164767.51,165260.79,7952
2023-09-03 07:00:00,165725.97,165955.22,164888.11,165045.36,15443
2023-09-03 08:00:00,164443.73,164443.73,163482.22,164115.5,5816
2023-09-03 09:00:00,163960.45,166305.0,163861.9,164190.28,14622
2023-09-03 10:00:00,164399.77,165845.45,162410.3,164323.36,8648
2023-09-03 11:00:00,164714.13,165702.43,164593.5,164923.35,9683
2023-09-03 12:00:00,165047.92,165979.72,162518.86,164434.44,11932
2023-09-03 13:00:00,164528.65,164911.68,163032.77,163899.5,13174
2023-09-03 14:00:00,163677.42,164708.28,163652.51,164379.52,12459
2023-09-03 15:00:00,164174.5,166643.71,164174.5,165124.52,10657
2023-09-03 16:00:00,164870.79,164870.79,163880.42,164541.71,12019
2023-09-03 17:00:00,164945.7,166050.91,164944.57,165320.46,10966
2023-09-03 18:00:00,165130.93,165732.56,164830.65,165547.19,7459
2023-09-03 19:00:00,165969.74,166634.95,165969.74,166302.35,11104
2023-09-03 20:00:00,166590.17,166719.12,165923.17,166444.39,10590
2023-09-03 21:00:00,165662.88,165662.88,164416.52,165332.21,11675
2023-09-03 22:00:00,164986.0,166651.06,164793.83,165467.82,11811
2023-09-03 23:00:00,165925.1,166902.8,165925.1,166215.06,8324
2023-09-04 00:00:00,166277.95,166277.95,165746.45,165946.06,9968
2023-09-04 01:00:00,166033.94,167165.99,165613.71,165945.6,12262
2023-09-04 02:00:00,166150.94,166150.94,165017.19,166057.45,7713
2023-09-04 03:00:00,165792.09,165792.09,164451.3,164780.86,10057
2023-09-04 04:00:00,165490.84,166198.28,165490.84,165866.55,9584
2023-09-04 05:00:00,165939.04,166872.65,165389.72,165614.52,9182
2023-09-04 06:00:00,165506.94,166417.77,165269.62,166085.59,12092
2023-09-04 07:00:00,166155.69,166728.55,165908.73,166241.21,8617
2023-09-04 08:00:00,166281.3,167409.3,166120.28,167075.15,9155
2023-09-04 09:00:00,167113.32,167781.95,167112.16,167447.06,10967
2023-09-04 10:00:00,167406.31,167816.5,166194.07,167481.54,5454
2023-09-04 11:00:00,167414.28,168265.56,166146.21,167177.38,11446
2023-09-04 12:00:00,167554.96,168084.23,166365.32,167750.55,6351
2023-09-04 13:00:00,167269.14,167269.14,166601.4,166935.27,14707
2023-09-04 14:00:00,167152.12,168227.51,167152.12,167441.21,7874
2023-09-04 15:00:00,167253.43,167253.43,165874.67,167035.14,8054
2023-09-04 16:00:00,167514.0,168735.7,167514.0,167849.7,11308
2023-09-04 17:00:00,167734.22,168415.94,167444.29,168079.78,8200
2023-09-04 18:00:00,168314.05,169178.5,167126.6,168553.16,7280
2023-09-04 19:00:00,168458.98,169057.26,168022.11,168719.82,11211
2023-09-04 20:00:00,168502.75,168502.75,166201.23,167934.84,9356
2023-09-04 21:00:00,168258.9,168326.63,167306.26,167641.55,10847
2023-09-04 22:00:00,167933.76,168482.96,166615.94,168146.67,8920
2023-09-04 23:00:00,168259.12,168754.66,167004.09,168377.14,14132
2023-09-05 00:00:00,168540.01,170789.23,168273.94,169122.37,9886
2023-09-05 01:00:00,168930.34,170621.22,168930.34,169441.69,15084
2023-09-05 02:00:00,169486.87,169622.24,168265.69,169040.16,8122
2023-09-05 03:00:00,168838.63,169563.77,168086.94,168742.23,20460
2023-09-05 04:00:00,168756.6,169261.0,168684.93,168923.15,7387
2023-09-05 05:00:00,168098.14,168098.14,166331.78,167849.38,9295
2023-09-05 06:00:00,168531.76,169237.19,168531.76,168869.5,14892
2023-09-05 07:00:00,168775.5,170181.08,167207.54,169222.2,11550
2023-09-05 08:00:00,169488.37,170506.13,169488.37,169969.02,8189
2023-09-05 09:00:00,169505.52,169505.52,168894.22,169232.69,8722
2023-09-05 10:00:00,169342.34,170521.8,168360.55,169989.76,6924
2023-09-05 11:00:00,169847.28,171578.24,169847.28,171235.77,15228
2023-09-05 12:00:00,171449.28,171494.8,170241.5,170582.67,9748
2023-09-05 13:00:00,171001.9,171541.2,170708.67,171050.77,6866
2023-09-05 14:00:00,170932.25,173554.88,169575.02,171101.32,10275
2023-09-05 15:00:00,170976.92,170976.92,169998.06,170338.73,11529
2023-09-05 16:00:00,170428.39,171982.19,170428.39,170674.86,11652
2023-09-05 17:00:00,170998.15,171744.5,170016.13,171178.93,9889
2023-09-05 18:00:00,171258.55,171258.55,169663.57,170916.72,13836
2023-09-05 19:00:00,171452.85,172478.86,171452.85,171592.17,10324
2023-09-05 20:00:00,171015.94,171015.94,170095.24,170757.32,8265
2023-09-05 21:00:00,170424.7,171132.35,168764.69,170047.02,7988
2023-09-05 22:00:00,169965.14,171403.31,169965.14,170216.0,12050
2023-09-05 23:00:00,170154.22,170798.36,169493.68,170324.57,6736
2023-09-06 00:00:00,170235.14,170688.28,168565.5,170045.58,9056
2023-09-06 01:00:00,170225.65,171674.88,170090.99,170572.2,7056
2023-09-06 02:00:00,170890.05,171361.08,170826.32,170931.2,7113
2023-09-06 03:00:00,171344.41,171792.19,171324.78,171449.29,10928
2023-09-06 04:00:00,171483.97,171777.54,170079.13,171434.67,11148
2023-09-06 05:00:00,171717.9,172146.52,170452.54,171802.18,9028
2023-09-06 06:00:00,172111.72,172528.79,169722.91,171607.03,8262
2023-09-06 07:00:00,172693.51,174298.87,172693.51,172735.43,10777
2023-09-06 08:00:00,173165.11,174116.17,171334.15,172314.73,11502
2023-09-06 09:00:00,173056.6,175019.03,173056.6,173452.47,17550
2023-09-06 10:00:00,173562.76,174535.7,172748.23,173452.26,8468
2023-09-06 11:00:00,173305.47,173305.47,172358.11,172703.51,7825
2023-09-06 12:00:00,172979.71,173789.47,172979.71,173442.58,6593
2023-09-06 13:00:00,173405.54,173845.39,173151.4,173498.4,10202
2023-09-06 14:00:00,173338.67,174286.94,172962.09,173939.06,9362
2023-09-06 15:00:00,174214.9,174913.15,174214.9,174564.03,10731
2023-09-06 16:00:00,174413.44,175938.18,174345.91,174695.31,12085
2023-09-06 17:00:00,174973.36,175310.02,174045.87,174320.96,12947
2023-09-06 18:00:00,174449.88,175896.03,174449.88,174799.48,10276
2023-09-06 19:00:00,174925.76,175908.33,174075.4,174739.95,8498
2023-09-06 20:00:00,174998.43,175402.73,174998.43,175052.62,8120
2023-09-06 21:00:00,174995.84,174995.84,173485.23,173832.89,5637
2023-09-06 22:00:00,174090.57,174805.24,173327.26,174051.24,15589
2023-09-06 23:00:00,174032.1,174032.1,173176.09,173684.73,9125
2023-09-07 00:00:00,173712.65,176446.52,173712.65,174551.65,7422
2023-09-07 01:00:00,174486.78,175483.25,171938.5,174837.63,14780
2023-09-07 02:00:00,175130.37,175257.27,173108.99,174907.46,14649
2023-09-07 03:00:00,175020.92,175458.84,174758.4,175108.62,13731
2023-09-07 04:00:00,174858.44,174858.44,174160.41,174509.42,9197
2023-09-07 05:00:00,174502.95,176244.91,174502.95,175338.29,10652
2023-09-07 06:00:00,175664.55,176615.1,175200.25,176338.62,20890
2023-09-07 07:00:00,176233.23,176797.23,176071.78,176444.35,19986
2023-09-07 08:00:00,176839.83,178117.9,176839.83,177194.22,10502
2023-09-07 09:00:00,177130.44,177130.44,176394.94,176748.44,7842
2023-09-07 10:00:00,176547.14,176547.14,175357.22,176194.75,15713
2023-09-07 11:00:00,176231.8,178351.54,175027.85,176117.88,8897
2023-09-07 12:00:00,176105.76,176639.92,175903.27,176255.78,14903
2023-09-07 13:00:00,176063.25,176063.25,175592.31,175944.19,5782
2023-09-07 14:00:00,176451.31,176500.43,175718.08,176148.14,8786
2023-09-07 15:00:00,176080.34,176615.19,176080.34,176220.69,8683
2023-09-07 16:00:00,175749.39,176168.66,174713.22,175584.92,8266
2023-09-07 17:00:00,175936.85,176808.58,175778.4,175794.75,14632
2023-09-07 18:00:00,175609.83,176536.76,175064.85,176184.39,9710
2023-09-07 19:00:00,175953.89,176222.8,175521.46,176188.39,12737
2023-09-07 20:00:00,176325.88,177074.66,175397.74,176721.22,12558
2023-09-07 21:00:00,176301.65,176301.65,175600.14,175952.04,17853
2023-09-07 22:00:00,175968.38,177235.02,175773.5,176125.75,15285
2023-09-07 23:00:00,175943.84,177056.95,174770.45,175409.25,8704
2023-09-08 00:00:00,175289.87,175606.36,173327.25,174755.64,14539
2023-09-08 01:00:00,174406.31,175432.14,172016.33,174385.69,19122
2023-09-08 02:00:00,173996.35,175309.45,172887.3,173864.97,6899
2023-09-08 03:00:00,174363.94,174498.37,173232.76,173579.92,6373
2023-09-08 04:00:00,173615.57,173775.16,172296.06,173485.6,6732
2023-09-08 05:00:00,173621.86,174049.39,172754.04,173954.8,8650
2023-09-08 06:00:00,174025.81,174025.81,173672.9,173794.71,18990
2023-09-08 07:00:00,173838.94,173838.94,172377.28,172965.11,14549
2023-09-08 08:00:00,173278.57,174824.32,171859.82,173614.55,11242
2023-09-08 09:00:00,173537.11,173537.11,172147.53,173190.73,4754
2023-09-08 10:00:00,172994.09,173621.39,172169.44,173199.59,8770
2023-09-08 11:00:00,173131.69,173825.61,173131.69,173478.65,10626
2023-09-08 12:00:00,173484.55,173963.05,173268.59,173615.82,5308
2023-09-08 13:00:00,173872.31,175177.57,172846.89,174226.17,12158
2023-09-08 14:00:00,174440.25,176166.98,174110.65,174487.25,10142
2023-09-08 15:00:00,174086.05,174086.05,173677.68,174025.74,9908
2023-09-08 16:00:00,174851.95,175279.7,174851.95,175202.35,8934
2023-09-08 17:00:00,175062.4,175838.03,174927.01,175277.56,8921
2023-09-08 18:00:00,175386.14,175517.08,173866.4,175166.74,10159
2023-09-08 19:00:00,175307.95,176224.27,175307.95,175659.26,20244
2023-09-08 20:00:00,175762.35,177208.96,174964.94,175749.85,8150
2023-09-08 21:00:00,175579.47,176699.03,175566.73,175918.56,9417
2023-09-08 22:00:00,176203.18,177564.6,176203.18,177210.18,7406
2023-09-08 23:00:00,177103.02,177281.94,176473.28,176960.97,5037
2023-09-09 00:00:00,177108.89,177108.89,176133.79,176701.49,10196
2023-09-09 01:00:00,177045.57,177962.99,175820.5,176689.04,7608
2023-09-09 02:00:00,176872.87,178128.32,176839.68,177194.07,19314
2023-09-09 03:00:00,176347.72,176347.72,175929.87,176282.44,10168
2023-09-09 04:00:00,176288.34,177139.87,174523.58,175164.6,10301
2023-09-09 05:00:00,175187.86,175187.86,174488.51,174838.19,9787
2023-09-09 06:00:00,174384.53,175867.2,173101.34,173965.52,17906
2023-09-09 07:00:00,173876.94,175088.1,173744.32,173776.09,11112
2023-09-09 08:00:00,173540.53,174434.22,173387.41,174086.05,10987
2023-09-09 09:00:00,174275.34,174886.71,172304.63,173644.18,10809
2023-09-09 10:00:00,173827.55,173987.86,172229.55,172936.86,8323
2023-09-09 11:00:00,172806.44,173400.76,171403.24,173054.65,6208
2023-09-09 12:00:00,173293.28,175321.22,173003.9,173589.37,12771
2023-09-09 13:00:00,173267.07,173267.07,172398.36,172743.85,15411
2023-09-09 14:00:00,172919.16,173612.23,172919.16,173265.7,15357
2023-09-09 15:00:00,173579.95,174115.75,172997.5,173768.21,11285
2023-09-09 16:00:00,173938.54,174676.59,173938.54,174327.93,10752
2023-09-09 17:00:00,174656.37,175210.65,174656.37,175006.38,9643
2023-09-09 18:00:00,175536.81,177922.7,175536.81,176189.27,15303
2023-09-09 19:00:00,175987.02,177529.21,174936.96,175955.83,16992
2023-09-09 20:00:00,175889.25,176429.29,175457.3,175982.64,14905
2023-09-09 21:00:00,176620.86,177948.93,175254.37,175726.21,8681
2023-09-09 22:00:00,175510.86,176008.8,175353.88,175705.29,12257
2023-09-09 23:00:00,175246.04,176626.29,174752.59,176508.6,9401
2023-09-10 00:00:00,176555.89,176586.55,174125.53,175729.12,10806
2023-09-10 01:00:00,175637.3,175637.3,173987.61,175243.77,9689
2023-09-10 02:00:00,175273.73,177287.34,174430.19,175981.93,6965
2023-09-10 03:00:00,175739.8,176842.91,175102.42,176501.7,10204
2023-09-10 04:00:00,176334.77,176334.77,175902.12,176254.63,12759
2023-09-10 05:00:00,176599.59,177832.98,176252.39,176678.86,9176
2023-09-10 06:00:00,176379.7,179029.37,175532.54,176812.64,6661
2023-09-10 07:00:00,176869.42,177921.7,175731.93,177566.57,13174
2023-09-10 08:00:00,177441.47,178078.37,175879.37,177518.55,12899
2023-09-10 09:00:00,177115.46,178251.04,176817.5,177990.94,9026
2023-09-10 10:00:00,178720.81,179687.16,178720.81,179328.5,9343
2023-09-10 11:00:00,179341.75,180186.76,179341.75,179498.98,17685
2023-09-10 12:00:00,179243.27,179723.15,179243.27,179364.43,10370
2023-09-10 13:00:00,179301.84,180265.02,179248.39,179607.6,14893
2023-09-10 14:00:00,179128.02,180017.23,178886.72,179245.21,11594
2023-09-10 15:00:00,179824.21,180773.42,179824.21,180412.59,15681
2023-09-10 16:00:00,180560.11,181463.4,179546.33,180323.08,21413
2023-09-10 17:00:00,180206.94,180590.03,179629.03,179989.01,13870
2023-09-10 18:00:00,180198.87,180632.12,178331.87,179362.72,13104
2023-09-10 19:00:00,179693.4,180966.46,179255.41,179828.19,7582
2023-09-10 20:00:00,180144.16,180697.57,179699.09,180149.22,7484
2023-09-10 21:00:00,180178.8,180441.66,178770.31,179707.57,11396
2023-09-10 22:00:00,179822.9,180235.17,179515.67,179875.42,7740
2023-09-10 23:00:00,179152.44,179152.44,178532.64,178890.42,7541
2023-09-11 00:00:00,179090.27,179237.31,178845.84,178879.55,11215
2023-09-11 01:00:00,178795.86,179316.68,178656.4,179014.43,7785
2023-09-11 02:00:00,179688.65,181656.05,179688.65,179832.59,10452
2023-09-11 03:00:00,179818.67,179818.67,178438.83,179258.88,7686
2023-09-11 04:00:00,178826.11,179668.39,177891.37,178431.61,9441
2023-09-11 05:00:00,177892.51,177892.51,174924.98,177851.86,13663
2023-09-11 06:00:00,177504.49,177504.49,176705.09,177059.21,8829
2023-09-11 07:00:00,177305.08,178107.08,176192.24,177751.58,12607
2023-09-11 08:00:00,177877.45,178848.21,176374.26,178536.19,7764
2023-09-11 09:00:00,178560.82,179276.72,176850.44,178625.19,9631
2023-09-11 10:00:00,178847.08,179563.91,178847.08,179205.49,9344
2023-09-11 11:00:00,179303.33,180138.03,178591.07,179169.43,7120
2023-09-11 12:00:00,179105.56,179431.03,176933.49,179008.54,15468
2023-09-11 13:00:00,178438.24,179083.56,177907.84,178726.11,10104
2023-09-11 14:00:00,178564.76,179379.25,178242.01,178469.45,5269
2023-09-11 15:00:00,177905.65,177905.65,177195.45,177550.55,9826
2023-09-11 16:00:00,177894.28,178321.66,176304.42,177658.94,8112
2023-09-11 17:00:00,177611.45,178477.55,176001.29,177595.31,14549
2023-09-11 18:00:00,177603.62,178315.46,177603.62,177959.54,7705
2023-09-11 19:00:00,177879.94,178484.04,177601.44,177957.36,12065
2023-09-11 20:00:00,177550.24,179264.7,176665.25,177815.75,9055
2023-09-11 21:00:00,178086.46,178843.6,176115.75,177296.0,9447
2023-09-11 22:00:00,177570.31,179244.88,176957.03,177311.66,6146
2023-09-11 23:00:00,177552.8,178044.51,177204.98,177689.13,11666
2023-09-12 00:00:00,177383.82,177383.82,175314.88,177029.76,17638
2023-09-12 01:00:00,177419.62,177419.62,176711.36,177065.49,9541
2023-09-12 02:00:00,177094.57,177576.24,177094.57,177179.83,14980
2023-09-12 03:00:00,176796.47,176982.77,176218.81,176773.83,9323
2023-09-12 04:00:00,176332.54,176808.55,176201.06,176455.64,13464
2023-09-12 05:00:00,176818.45,176946.41,176240.04,176593.23,11818
2023-09-12 06:00:00,176340.67,176340.67,174963.47,175988.69,8013
2023-09-12 07:00:00,175815.03,177990.85,175562.22,176211.9,8080
2023-09-12 08:00:00,175781.83,175862.28,175649.63,175755.64,10306
2023-09-12 09:00:00,175381.94,177240.37,174468.61,176375.08,10137
2023-09-12 10:00:00,177309.43,179349.81,177309.43,177664.76,15415
2023-09-12 11:00:00,177452.3,177452.3,176382.41,177175.61,12964
2023-09-12 12:00:00,176843.89,177511.92,176615.59,177465.87,11305
2023-09-12 13:00:00,177102.08,178336.52,176707.55,177061.67,8925
2023-09-12 14:00:00,177287.96,179163.76,177287.96,177635.28,10129
2023-09-12 15:00:00,177481.96,177896.95,176631.87,176935.03,13226
2023-09-12 16:00:00,176859.3,177568.16,176859.3,177213.73,11904
2023-09-12 17:00:00,177148.84,177148.84,175840.49,176749.64,12637
2023-09-12 18:00:00,177009.4,177149.02,176312.56,176665.89,7929
2023-09-12 19:00:00,176494.7,176494.7,175698.69,176142.41,12130
2023-09-12 20:00:00,176111.44,178422.86,175636.29,176641.81,9871
2023-09-12 21:00:00,176946.45,176946.45,175874.02,176226.48,17734
2023-09-12 22:00:00,176224.94,178432.09,176224.94,176578.1,10808
2023-09-12 23:00:00,176336.07,177483.08,176011.5,176433.56,8728
2023-09-13 00:00:00,176439.96,177640.11,175696.75,176421.71,9772
2023-09-13 01:00:00,176300.56,176907.76,175888.91,176554.65,8184
2023-09-13 02:00:00,176544.88,176544.88,175584.15,176192.5,14135
2023-09-13 03:00:00,176269.92,176724.64,176019.15,176371.9,7151
2023-09-13 04:00:00,175942.85,177470.37,175231.29,177260.61,17387
2023-09-13 05:00:00,177220.47,177220.47,176763.45,176866.74,10153
2023-09-13 06:00:00,177216.55,178370.98,175346.66,177544.32,9797
2023-09-13 07:00:00,178219.08,178508.9,178219.08,178378.55,10692
2023-09-13 08:00:00,178321.16,178321.16,177563.99,177919.83,7424
2023-09-13 09:00:00,177433.84,177952.47,176385.15,177132.25,10701
2023-09-13 10:00:00,177073.94,177433.13,177073.94,177330.02,7013
2023-09-13 11:00:00,177328.27,178532.63,176707.03,177061.16,11489
2023-09-13 12:00:00,177568.83,179295.21,177568.83,178111.33,11107
2023-09-13 13:00:00,178127.17,179463.6,178066.97,178125.87,11848
2023-09-13 14:00:00,178040.06,178040.06,177330.13,177685.5,6845
2023-09-13 15:00:00,177825.59,178498.8,176724.17,177078.33,13715
2023-09-13 16:00:00,177022.68,177725.64,176774.05,177709.99,9034
2023-09-13 17:00:00,177770.82,177770.82,176745.9,177415.99,6841
2023-09-13 18:00:00,177335.8,178143.18,177053.87,177467.72,11649
2023-09-13 19:00:00,177750.13,178869.71,177180.73,178013.11,11919
2023-09-13 20:00:00,177927.2,179547.17,177168.88,177755.28,9439
2023-09-13 21:00:00,177731.91,179222.53,177094.62,177746.8,18016
2023-09-13 22:00:00,177730.41,178110.81,177507.46,177755.3,9282
2023-09-13 23:00:00,177646.49,178499.19,177076.25,178142.91,11765
2023-09-14 00:00:00,177821.83,179688.65,176504.66,178468.64,12000
2023-09-14 01:00:00,178702.69,179383.43,176631.33,178340.99,10058
2023-09-14 02:00:00,177969.15,179510.77,177157.16,178375.97,9219
2023-09-14 03:00:00,178271.57,178497.81,177383.93,178175.17,16662
2023-09-14 04:00:00,177733.67,177733.67,176172.39,177378.91,10172
2023-09-14 05:00:00,177665.34,178661.27,177205.36,177560.48,11587
2023-09-14 06:00:00,177866.05,178978.72,176747.8,178621.48,14131
2023-09-14 07:00:00,178535.07,179179.5,176943.31,178135.25,8971
2023-09-14 08:00:00,178086.27,178086.27,177404.8,177730.81,8704
2023-09-14 09:00:00,177321.14,178859.52,176054.83,177293.05,13458
2023-09-14 10:00:00,177684.22,178096.75,177383.07,177738.55,9212
2023-09-14 11:00:00,177500.79,179630.13,176784.33,178020.19,13996
2023-09-14 12:00:00,178320.61,178320.61,177429.54,177964.68,14992
2023-09-14 13:00:00,177664.92,177685.45,177143.55,177498.55,8223
2023-09-14 14:00:00,177369.56,178317.41,177369.56,177600.46,17597
2023-09-14 15:00:00,177151.81,177151.81,176310.95,176798.22,5980
2023-09-14 16:00:00,176824.33,178538.16,175832.42,176952.91,11074
2023-09-14 17:00:00,177367.78,177852.17,176108.33,177497.18,9840
2023-09-14 18:00:00,177224.32,177224.32,176099.66,176870.58,10786
2023-09-14 19:00:00,176471.75,176471.75,175567.92,176119.51,10792
2023-09-14 20:00:00,176867.26,178014.48,176867.26,177079.76,19409
2023-09-14 21:00:00,177175.09,177175.09,175987.04,176821.45,9722
2023-09-14 22:00:00,177148.78,177877.1,176835.67,177522.05,6650
2023-09-14 23:00:00,177753.73,178203.41,175438.86,177494.81,10829
2023-09-15 00:00:00,177095.69,177544.31,176599.41,177465.58,13670
2023-09-15 01:00:00,177636.08,178124.71,177636.08,177769.17,19411
2023-09-15 02:00:00,178353.29,179116.91,176985.55,177340.23,8501
2023-09-15 03:00:00,177302.71,177837.1,177127.17,177482.14,12904
2023-09-15 04:00:00,177380.5,177380.5,176329.56,177343.8,5543
2023-09-15 05:00:00,177202.77,177857.08,176591.14,176704.21,10214
2023-09-15 06:00:00,176887.13,177664.28,176647.08,176989.27,7853
2023-09-15 07:00:00,176954.57,179618.3,176244.96,176939.48,17928
2023-09-15 08:00:00,176964.28,177304.24,176596.44,176950.34,8532
2023-09-15 09:00:00,176742.75,176742.75,174853.44,176389.97,10978
2023-09-15 10:00:00,177047.6,178396.33,177047.6,177367.38,15080
2023-09-15 11:00:00,177568.32,180598.74,177568.32,177924.17,11742
2023-09-15 12:00:00,178152.62,179499.97,178152.62,178509.64,7561
2023-09-15 13:00:00,178212.75,179824.95,178170.72,178379.66,12415
2023-09-15 14:00:00,178141.26,179476.7,176389.67,177476.16,10278
2023-09-15 15:00:00,178018.73,179697.43,178018.73,178614.79,10994
2023-09-15 16:00:00,178285.85,179967.25,177503.01,178618.25,9114
2023-09-15 17:00:00,178077.92,178603.23,178040.32,178246.73,8771
2023-09-15 18:00:00,178164.82,178833.23,177150.95,178527.37,10114
2023-09-15 19:00:00,178623.07,180771.12,177833.0,179209.93,12008
2023-09-15 20:00:00,178903.75,179736.26,178276.38,179215.68,17829
2023-09-15 21:00:00,179786.0,180538.56,179144.58,179939.92,10735
2023-09-15 22:00:00,179875.91,183139.4,178839.29,180531.49,6750
2023-09-15 23:00:00,180350.9,180350.9,179267.56,179910.04,10287
2023-09-16 00:00:00,179706.08,179745.04,178909.33,179537.11,15488
2023-09-16 01:00:00,179710.48,180438.79,179710.48,180078.63,7863
2023-09-16 02:00:00,178935.26,178935.26,177936.47,178578.1,7246
2023-09-16 03:00:00,178300.77,178755.53,177220.1,178552.12,14149
2023-09-16 04:00:00,178182.52,178182.52,177353.15,177826.87,14503
2023-09-16 05:00:00,178023.36,178525.79,177106.83,177652.79,11288
2023-09-16 06:00:00,177919.56,179253.65,176944.43,177584.04,9154
2023-09-16 07:00:00,177152.79,179532.73,176826.21,177487.94,10332
2023-09-16 08:00:00,177222.73,178433.01,176936.55,177291.13,5936
2023-09-16 09:00:00,176915.88,177733.76,176648.29,176808.13,9086
2023-09-16 10:00:00,177824.8,178487.39,177824.8,178181.17,8863
2023-09-16 11:00:00,178689.19,179910.54,177630.57,179280.22,13453
2023-09-16 12:00:00,179000.5,179037.39,177245.34,178680.03,12031
2023-09-16 13:00:00,178867.81,179967.37,178867.81,179608.15,12006
2023-09-16 14:00:00,179660.3,180425.81,178732.99,179420.27,12781
2023-09-16 15:00:00,179173.12,180205.44,179173.12,179532.19,11315
2023-09-16 16:00:00,179540.37,180231.09,179177.12,179536.19,9713
2023-09-16 17:00:00,178901.66,179302.38,178855.62,179214.05,11759
2023-09-16 18:00:00,179125.52,180330.79,179119.87,179807.86,10021
2023-09-16 19:00:00,179844.27,180838.17,178727.61,179911.0,11130
2023-09-16 20:00:00,180007.87,180038.19,179547.2,179678.83,7940
2023-09-16 21:00:00,179361.7,179361.7,177812.51,179003.69,9872
2023-09-16 22:00:00,178764.96,180239.68,177752.95,178583.73,12240
2023-09-16 23:00:00,178127.48,178127.48,176605.97,177771.94,4109
2023-09-17 00:00:00,178016.38,178885.23,177541.94,177897.74,17664
2023-09-17 01:00:00,178193.73,179094.19,176560.7,177359.32,9938
2023-09-17 02:00:00,177288.12,177543.55,176216.39,177351.45,11056
2023-09-17 03:00:00,177874.63,180033.92,177874.63,178231.09,7384
2023-09-17 04:00:00,178629.61,179982.48,178629.61,178987.59,9317
2023-09-17 05:00:00,178682.73,179956.21,178682.73,179040.81,10977
2023-09-17 06:00:00,179019.16,180334.0,178942.14,179068.07,21909
2023-09-17 07:00:00,179637.95,182276.57,179637.95,180170.85,12520
2023-09-17 08:00:00,180126.67,180982.38,180126.67,180487.64,9396
2023-09-17 09:00:00,180086.71,181423.57,179965.88,180326.54,7560
2023-09-17 10:00:00,179927.8,179927.8,178324.38,179568.67,11872
2023-09-17 11:00:00,179575.7,180572.36,179183.44,179847.48,14416
2023-09-17 12:00:00,180039.15,180716.63,178248.3,180355.92,8971
2023-09-17 13:00:00,179950.93,180402.29,179950.93,180042.2,7751
2023-09-17 14:00:00,180467.2,180613.59,179922.49,180253.08,8470
2023-09-17 15:00:00,180422.73,180456.09,179735.71,180095.9,20609
2023-09-17 16:00:00,180486.21,180716.13,179689.19,180045.7,9680
2023-09-17 17:00:00,179463.09,179463.09,176244.51,178728.09,11474
2023-09-17 18:00:00,178411.35,179161.79,178354.59,178712.01,8546
2023-09-17 19:00:00,178849.16,180336.33,178849.16,179351.68,10927
2023-09-17 20:00:00,179695.54,180138.01,177490.83,179092.57,8793
2023-09-17 21:00:00,179015.36,179802.92,178196.53,179218.71,10772
2023-09-17 22:00:00,179334.98,180025.64,178539.32,178897.11,8465
2023-09-17 23:00:00,178912.96,180036.78,178857.42,179201.25,11832
2023-09-18 00:00:00,179521.13,179536.64,177006.44,179178.28,9705
2023-09-18 01:00:00,179517.53,179631.84,177526.8,178760.97,11341
2023-09-18 02:00:00,179299.63,180001.2,179299.63,179607.47,11280
2023-09-18 03:00:00,179917.06,181948.29,179917.06,180202.0,9164
2023-09-18 04:00:00,180085.25,181344.46,179568.14,179927.99,11184
2023-09-18 05:00:00,180061.31,181005.41,180061.31,180276.2,14173
2023-09-18 06:00:00,180272.03,181634.63,180272.03,180633.3,7356
2023-09-18 07:00:00,180671.56,183254.41,180671.56,181033.62,13105
2023-09-18 08:00:00,180286.63,180286.63,178206.56,180123.83,9979
2023-09-18 09:00:00,180464.31,182556.84,180383.64,180745.13,12927
2023-09-18 10:00:00,180199.94,181274.36,180114.24,180475.19,13560
2023-09-18 11:00:00,180663.57,180697.04,179054.67,180336.37,13332
2023-09-18 12:00:00,181843.78,181907.15,181843.78,181860.53,9114
2023-09-18 13:00:00,181783.72,182709.99,181673.77,182037.85,9350
2023-09-18 14:00:00,182253.7,182495.66,181132.26,181827.44,15720
2023-09-18 15:00:00,180954.34,180954.34,179374.78,180612.98,10463
2023-09-18 16:00:00,181081.38,181807.15,181081.38,181444.26,16329
2023-09-18 17:00:00,181162.04,182434.36,180364.3,180725.76,7971
2023-09-18 18:00:00,180370.27,180370.27,179265.71,180228.82,8667
2023-09-18 19:00:00,180149.41,180486.65,178877.22,180126.39,14104
2023-09-18 20:00:00,180631.44,181067.83,180631.44,180993.42,3868
2023-09-18 21:00:00,180754.04,181912.5,180434.24,181476.83,7558
2023-09-18 22:00:00,181232.72,181786.58,180073.38,181423.73,6687
2023-09-18 23:00:00,181997.04,181997.04,179283.0,181633.77,9909
2023-09-19 00:00:00,181594.46,183117.07,180640.19,181329.09,11043
2023-09-19 01:00:00,181225.79,182516.35,179887.09,181449.37,11025
2023-09-19 02:00:00,181738.63,181893.58,181167.46,181530.52,5353
2023-09-19 03:00:00,181759.75,182471.09,181646.48,182106.87,15957
2023-09-19 04:00:00,182297.66,182687.1,182297.66,182662.99,9443
2023-09-19 05:00:00,182732.83,183944.17,182640.01,182932.96,18299
2023-09-19 06:00:00,182702.54,183462.34,181353.42,182710.82,15558
2023-09-19 07:00:00,182270.8,184230.69,181286.01,183117.84,10309
2023-09-19 08:00:00,182656.33,184102.99,181938.4,183046.05,7211
2023-09-19 09:00:00,183320.64,184319.95,182282.39,182421.7,14531
2023-09-19 10:00:00,182240.54,182240.54,181354.72,182207.2,11341
2023-09-19 11:00:00,182429.76,183715.49,181910.46,182275.01,12849
2023-09-19 12:00:00,182600.1,184932.87,182082.55,182799.62,11959
2023-09-19 13:00:00,182417.33,183744.97,181966.89,182691.33,11173
2023-09-19 14:00:00,182664.82,182846.9,180997.57,182014.94,7811
2023-09-19 15:00:00,181652.24,182438.47,181134.03,182074.32,8491
2023-09-19 16:00:00,182641.15,183293.24,181797.36,182161.68,8985
2023-09-19 17:00:00,182096.83,183815.25,182012.88,182283.98,11340
2023-09-19 18:00:00,182141.44,184265.78,181852.32,182810.68,9005
2023-09-19 19:00:00,183007.7,183407.37,183007.7,183374.45,8467
2023-09-19 20:00:00,183261.72,183817.73,182653.04,183012.39,16684
2023-09-19 21:00:00,182483.47,182683.33,181965.13,182653.72,9168
2023-09-19 22:00:00,182117.85,182438.8,180777.7,182074.65,7660
2023-09-19 23:00:00,181961.37,182979.2,181745.36,182493.36,9203
2023-09-20 00:00:00,182738.5,183450.37,182738.5,183317.0,11031
2023-09-20 01:00:00,183505.42,183505.42,182214.93,183121.66,12107
2023-09-20 02:00:00,183144.36,183500.85,182612.65,182978.61,9571
2023-09-20 03:00:00,183383.09,184292.58,183383.09,183797.92,5764
2023-09-20 04:00:00,183679.13,184832.48,183679.13,184047.22,13936
2023-09-20 05:00:00,184518.2,184616.88,183232.34,184248.38,11208
2023-09-20 06:00:00,183823.22,183823.22,183180.24,183522.45,6535
2023-09-20 07:00:00,183717.46,185522.07,182922.83,183879.96,8353
2023-09-20 08:00:00,183513.44,185254.52,182739.98,183315.63,11576
2023-09-20 09:00:00,183341.34,184283.28,182300.35,182665.68,12993
2023-09-20 10:00:00,182685.42,182685.42,182422.04,182484.15,4218
2023-09-20 11:00:00,182529.31,182545.01,181804.5,182180.64,10007
2023-09-20 12:00:00,182277.42,182713.81,181730.1,182094.29,4991
2023-09-20 13:00:00,182356.0,183467.11,179234.03,181333.78,6429
2023-09-20 14:00:00,181438.3,183650.97,181166.32,181939.74,5587
2023-09-20 15:00:00,182413.08,183766.23,182413.08,182618.83,13371
2023-09-20 16:00:00,182246.31,182246.31,180838.98,181555.8,8921
2023-09-20 17:00:00,181053.86,183706.2,180937.33,182170.64,7665
2023-09-20 18:00:00,182335.82,182808.38,180974.34,181767.36,5572
2023-09-20 19:00:00,182041.29,182674.39,181979.51,182309.77,6029
2023-09-20 20:00:00,182308.57,183294.03,181950.88,182315.51,13106
2023-09-20 21:00:00,182540.04,183076.91,181610.62,182373.53,17831
2023-09-20 22:00:00,182102.51,182401.15,181692.96,182311.87,10536
2023-09-20 23:00:00,182700.13,183456.09,182669.73,183035.8,12783
2023-09-21 00:00:00,182773.62,183769.35,181237.75,182363.25,11528
2023-09-21 01:00:00,182388.16,183318.39,182388.16,182753.67,12163
2023-09-21 02:00:00,182488.42,184452.87,182225.87,183404.95,9259
2023-09-21 03:00:00,184147.94,184181.47,183446.21,183813.84,9108
2023-09-21 04:00:00,183511.61,185138.02,183467.9,185115.22,8745
2023-09-21 05:00:00,184914.51,186311.87,184383.16,184752.66,7662
2023-09-21 06:00:00,185067.02,185617.48,185067.02,185246.98,10357
2023-09-21 07:00:00,185305.09,185305.09,184749.62,185119.86,12476
2023-09-21 08:00:00,185042.73,186625.08,185042.73,185758.32,11913
2023-09-21 09:00:00,185584.85,186578.53,185584.85,185667.97,11096
2023-09-21 10:00:00,185665.29,185665.29,184077.69,185366.67,10631
2023-09-21 11:00:00,185883.86,188565.28,185883.86,186036.38,9720
2023-09-21 12:00:00,186029.37,186029.37,185286.74,185658.05,11157
2023-09-21 13:00:00,185139.02,185139.02,184399.94,184769.48,8553
2023-09-21 14:00:00,184549.88,185088.38,183395.54,184430.98,9882
2023-09-21 15:00:00,184626.69,186142.47,184379.04,184748.54,11608
2023-09-21 16:00:00,185117.07,185647.56,185117.07,185488.05,11503
2023-09-21 17:00:00,185287.09,186730.79,184840.43,185472.21,9938
2023-09-21 18:00:00,186014.94,186514.89,186014.94,186142.6,11473
2023-09-21 19:00:00,186144.24,186144.24,184895.16,185265.69,8104
2023-09-21 20:00:00,185319.43,185319.43,184625.96,184949.53,6285
2023-09-21 21:00:00,184917.22,185347.72,184366.82,184736.29,15860
2023-09-21 22:00:00,184634.39,186295.94,183928.11,184633.81,9005
2023-09-21 23:00:00,184257.61,185314.88,183119.85,184648.88,5112
2023-09-22 00:00:00,184638.94,185546.37,184638.94,185008.96,9557
2023-09-22 01:00:00,185090.09,185090.09,184033.46,184714.0,7738
2023-09-22 02:00:00,184528.96,185130.11,183762.1,184760.59,5152
2023-09-22 03:00:00,184737.56,185463.14,183165.09,184704.99,8976
2023-09-22 04:00:00,184520.41,184520.41,183783.8,184152.1,10265
2023-09-22 05:00:00,184192.15,185122.33,183771.04,184084.31,7832
2023-09-22 06:00:00,183818.7,184368.77,183579.46,184000.76,12754
2023-09-22 07:00:00,183895.92,184355.39,183895.92,183910.86,7103
2023-09-22 08:00:00,184162.79,185881.57,183264.56,183940.1,6586
2023-09-22 09:00:00,183625.64,184311.27,183625.64,183993.63,19988
2023-09-22 10:00:00,184090.76,184478.26,182531.03,183759.5,14073
2023-09-22 11:00:00,183828.17,184865.8,183377.07,184496.81,11699
2023-09-22 12:00:00,184215.12,184215.12,183609.13,183827.79,10644
2023-09-22 13:00:00,183812.36,183812.36,182877.85,183445.47,11161
2023-09-22 14:00:00,184064.01,186635.35,184064.01,185047.45,13029
2023-09-22 15:00:00,184736.77,186231.27,184066.02,184434.89,14243
2023-09-22 16:00:00,184187.43,185615.83,182645.13,183671.3,10066
2023-09-22 17:00:00,183344.35,184816.92,183273.46,184115.85,15881
2023-09-22 18:00:00,183324.2,183324.2,181992.05,182958.28,6493
2023-09-22 19:00:00,183184.86,183253.12,181983.41,182887.34,10666
2023-09-22 20:00:00,183784.62,184521.23,183784.62,184152.92,10695
2023-09-22 21:00:00,183979.69,183979.69,182927.78,183294.37,13265
2023-09-22 22:00:00,183024.09,183024.09,180681.52,182234.52,12883
2023-09-22 23:00:00,181942.76,181942.76,180520.91,181492.35,7526
2023-09-23 00:00:00,181213.56,183374.54,181213.56,182116.87,8942
2023-09-23 01:00:00,182752.79,183348.27,182752.79,182846.73,6807
2023-09-23 02:00:00,182747.93,183283.73,181648.69,182635.48,7434
2023-09-23 03:00:00,183144.05,183610.13,182736.56,183102.77,7419
2023-09-23 04:00:00,183141.78,184555.78,183137.59,183949.34,13454
2023-09-23 05:00:00,184268.45,185438.18,183842.98,184990.86,7041
2023-09-23 06:00:00,184706.14,185557.19,183054.51,184845.19,12550
2023-09-23 07:00:00,183910.24,183910.24,181442.59,183543.15,7874
2023-09-23 08:00:00,183117.29,183500.01,183037.67,183133.74,8386
2023-09-23 09:00:00,183022.71,183621.9,182132.05,182963.17,8063
2023-09-23 10:00:00,183143.63,183258.55,181820.03,182892.77,8839
2023-09-23 11:00:00,183057.32,183550.94,182499.26,182864.99,6854
2023-09-23 12:00:00,183204.06,184491.96,183204.06,183571.2,6276
2023-09-23 13:00:00,183943.54,184528.01,183943.54,184340.56,8645
2023-09-23 14:00:00,184440.08,184638.39,182658.62,184269.85,18254
2023-09-23 15:00:00,184549.01,185455.34,184549.01,184918.85,8316
2023-09-23 16:00:00,184879.17,185496.86,184879.17,185126.61,12049
2023-09-23 17:00:00,185298.55,185298.55,184791.28,185161.61,5029
2023-09-23 18:00:00,185341.27,186727.12,184498.03,185676.11,6742
2023-09-23 19:00:00,185327.34,187460.2,185327.34,185698.74,9565
2023-09-23 20:00:00,186474.99,187545.77,186474.99,186848.68,12787
2023-09-23 21:00:00,186454.39,186454.39,185909.81,185955.74,10055
2023-09-23 22:00:00,186004.01,187149.01,185260.11,185631.37,9804
2023-09-23 23:00:00,185950.06,187240.88,184901.14,185542.03,9791
2023-09-24 00:00:00,185194.34,186368.06,184296.42,185777.29,13621
2023-09-24 01:00:00,186002.5,188478.3,186002.5,186473.22,13762
2023-09-24 02:00:00,186751.16,187248.71,183835.49,186406.5,6757
2023-09-24 03:00:00,186095.59,186095.59,184623.45,185548.73,10290
2023-09-24 04:00:00,185941.13,187323.42,185485.5,186017.33,15876
2023-09-24 05:00:00,185883.89,188258.6,185814.03,186420.14,10042
2023-09-24 06:00:00,185694.44,186762.78,184898.25,185268.78,11086
2023-09-24 07:00:00,185121.77,185640.65,184698.4,185270.11,7810
2023-09-24 08:00:00,185267.46,185631.74,183283.84,184374.01,7742
2023-09-24 09:00:00,184131.22,184653.74,183672.48,184040.56,12146
2023-09-24 10:00:00,183943.83,184185.77,183076.67,183588.34,12733
2023-09-24 11:00:00,183644.15,185226.83,183455.68,184118.59,12658
2023-09-24 12:00:00,184440.54,185242.81,183434.17,184241.12,13029
2023-09-24 13:00:00,184435.12,185861.47,181719.54,183566.78,14461
2023-09-24 14:00:00,183379.67,185526.85,183379.67,184141.5,16200
2023-09-24 15:00:00,183542.12,183542.12,182595.53,183389.51,6853
2023-09-24 16:00:00,183176.12,184889.69,182487.94,183661.91,10655
2023-09-24 17:00:00,183959.85,184382.33,182908.13,183274.68,8240
2023-09-24 18:00:00,183370.2,183526.92,182328.7,183160.59,9455
2023-09-24 19:00:00,183094.53,183908.34,181481.5,183541.26,13082
2023-09-24 20:00:00,183548.75,184284.41,183548.75,183916.58,10905
2023-09-24 21:00:00,184571.11,185508.37,184571.11,184735.65,6313
2023-09-24 22:00:00,184522.03,185879.92,182899.44,184722.22,15264
2023-09-24 23:00:00,184895.33,185627.85,184683.75,184931.67,11944
2023-09-25 00:00:00,185245.46,185245.46,183405.65,184709.03,9292
2023-09-25 01:00:00,184658.74,185677.08,184658.74,184847.17,8846
2023-09-25 02:00:00,184961.52,186925.12,183958.88,185129.9,13142
2023-09-25 03:00:00,185395.63,185472.57,184462.17,185095.65,9673
2023-09-25 04:00:00,184465.78,184465.78,183729.39,184097.58,10774
2023-09-25 05:00:00,183977.05,184723.23,183377.63,184354.52,10644
2023-09-25 06:00:00,184361.3,184991.53,184253.04,184622.29,13117
2023-09-25 07:00:00,184040.55,184835.79,183921.68,184290.26,8149
2023-09-25 08:00:00,183753.3,183753.3,182644.81,183633.58,11965
2023-09-25 09:00:00,184305.82,185050.61,183963.82,184558.44,11098
2023-09-25 10:00:00,184713.32,185267.07,184527.48,184897.28,14230
2023-09-25 11:00:00,185144.12,185867.44,183508.42,184815.32,10393
2023-09-25 12:00:00,184781.54,185640.44,183852.07,184220.52,13202
2023-09-25 13:00:00,184761.6,185236.77,183410.03,183830.2,14029
2023-09-25 14:00:00,184313.93,184719.32,184313.93,184651.78,17952
2023-09-25 15:00:00,185001.83,185855.95,184471.67,184785.33,9417
2023-09-25 16:00:00,184680.51,184893.81,184155.71,184524.76,22680
2023-09-25 17:00:00,184507.9,185642.75,184507.9,184877.66,14760
2023-09-25 18:00:00,184849.78,185000.68,183812.85,184469.64,6857
2023-09-25 19:00:00,185288.06,185735.75,185288.06,185388.59,13623
2023-09-25 20:00:00,185837.85,186525.12,185837.85,186191.37,10800
2023-09-25 21:00:00,185753.6,186298.25,185074.57,185926.4,7711
2023-09-25 22:00:00,185997.72,185997.72,184793.91,185577.58,5774
2023-09-25 23:00:00,184624.51,184624.51,183480.29,184114.73,7708
2023-09-26 00:00:00,183641.35,184826.15,182999.86,183366.59,7635
2023-09-26 01:00:00,183098.18,183098.18,181953.02,182732.71,11832
2023-09-26 02:00:00,182645.27,183374.19,182416.62,182952.0,12585
2023-09-26 03:00:00,182844.12,184163.0,182844.12,182906.16,10056
2023-09-26 04:00:00,182686.31,182686.31,181927.86,182292.45,11945
2023-09-26 05:00:00,182444.43,182444.43,181939.23,182303.84,6161
2023-09-26 06:00:00,182391.66,183122.69,182391.66,182757.18,13751
2023-09-26 07:00:00,182842.3,183957.71,182842.3,183208.72,11184
2023-09-26 08:00:00,183111.69,183111.69,181171.85,182283.79,5791
2023-09-26 09:00:00,182004.26,183106.09,180779.18,182388.45,13583
2023-09-26 10:00:00,182153.97,182153.97,180310.68,181790.39,7237
2023-09-26 11:00:00,182474.06,183875.82,182474.06,182492.18,13426
2023-09-26 12:00:00,182944.76,183470.97,182944.76,183104.76,8584
2023-09-26 13:00:00,182924.44,182924.44,182387.91,182753.42,9812
2023-09-26 14:00:00,182470.98,182680.49,181138.41,182492.85,10977
2023-09-26 15:00:00,182426.59,182945.18,182054.75,182419.59,9392
2023-09-26 16:00:00,182025.67,182518.64,180501.96,181349.68,13134
2023-09-26 17:00:00,181278.85,182132.99,181278.85,181769.45,7570
2023-09-26 18:00:00,181566.7,182198.35,181566.7,181834.68,14871
2023-09-26 19:00:00,182267.88,183987.67,181296.84,182591.92,18721
2023-09-26 20:00:00,182490.42,182490.42,181958.36,182167.97,15886
2023-09-26 21:00:00,182395.36,182395.36,181298.95,182031.29,12891
2023-09-26 22:00:00,181919.11,181919.11,181047.01,181409.83,10491
2023-09-26 23:00:00,181423.51,182205.35,180501.13,181094.04,7968
2023-09-27 00:00:00,181292.13,183620.51,179766.2,180693.22,18021
2023-09-27 01:00:00,181470.55,181878.91,181470.55,181515.88,17154
2023-09-27 02:00:00,181502.29,181732.95,180212.13,181370.21,8655
2023-09-27 03:00:00,181404.77,181858.27,181325.34,181688.71,7964
2023-09-27 04:00:00,181780.66,181943.71,181503.43,181717.49,8424
2023-09-27 05:00:00,181613.07,181613.07,180665.6,181250.57,8320
2023-09-27 06:00:00,181338.65,183002.84,181338.65,181413.83,8992
2023-09-27 07:00:00,181278.7,183963.95,180507.11,181998.62,8904
2023-09-27 08:00:00,181633.73,182344.67,181551.03,181555.75,8160
2023-09-27 09:00:00,181446.33,183169.02,181162.84,182255.12,10766
2023-09-27 10:00:00,182368.27,182368.27,181685.62,182004.26,10216
2023-09-27 11:00:00,181993.09,183681.88,181604.84,181968.78,9086
2023-09-27 12:00:00,181894.49,184489.09,181409.8,182500.52,8990
2023-09-27 13:00:00,182568.05,183219.64,181981.49,182346.18,9134
2023-09-27 14:00:00,182294.82,183292.99,180963.71,182590.19,16808
2023-09-27 15:00:00,182867.74,183720.39,182263.21,182628.47,8137
2023-09-27 16:00:00,182719.55,185036.43,180903.28,182913.91,5419
2023-09-27 17:00:00,182148.67,182148.67,181421.53,181785.1,14672
2023-09-27 18:00:00,181379.09,181379.09,180401.91,181017.06,9151
2023-09-27 19:00:00,181280.59,183454.43,181280.59,181643.88,6259
2023-09-27 20:00:00,182067.25,182848.23,182067.25,182483.26,12321
2023-09-27 21:00:00,182238.26,184125.12,180852.06,182204.38,7024
2023-09-27 22:00:00,182210.28,182653.38,181810.94,182315.03,13128
2023-09-27 23:00:00,182326.22,183595.2,182127.45,182723.9,10371
2023-09-28 00:00:00,182394.16,183845.33,182234.31,183342.99,10707
2023-09-28 01:00:00,182551.13,182551.13,182297.55,182413.75,10082
2023-09-28 02:00:00,182897.85,183520.32,180468.86,182166.8,5295
2023-09-28 03:00:00,182023.6,183977.49,181858.97,182240.99,6469
2023-09-28 04:00:00,182294.28,182944.56,182205.9,182889.27,15681
2023-09-28 05:00:00,184232.52,185135.18,184232.52,184520.66,9135
2023-09-28 06:00:00,184694.05,184952.08,183915.54,184558.04,7632
2023-09-28 07:00:00,184061.0,184061.0,183671.64,183928.5,10384
2023-09-28 08:00:00,184307.52,184445.92,184211.67,184345.55,8501
2023-09-28 09:00:00,184878.28,186454.34,184878.28,185266.84,10125
2023-09-28 10:00:00,185630.64,187108.2,184768.7,185468.51,9688
2023-09-28 11:00:00,185053.9,185458.1,184410.44,185087.93,9099
2023-09-28 12:00:00,185534.74,186041.81,185410.62,185782.19,10327
2023-09-28 13:00:00,185390.66,187857.22,185390.66,186282.93,11997
2023-09-28 14:00:00,186033.32,186660.81,184459.98,185801.25,13338
2023-09-28 15:00:00,186053.44,186516.6,186053.44,186144.31,11856
2023-09-28 16:00:00,185825.95,188219.33,185532.41,186827.96,15943
2023-09-28 17:00:00,187304.27,188104.87,187304.27,187590.37,7551
2023-09-28 18:00:00,188004.01,188929.67,187583.01,187605.4,15625
2023-09-28 19:00:00,187617.93,188067.95,187077.18,187452.09,10491
2023-09-28 20:00:00,187463.54,188594.78,187463.54,188218.34,9789
2023-09-28 21:00:00,188250.03,189231.22,187179.34,187554.45,9585
2023-09-28 22:00:00,187784.76,187973.63,186526.71,187866.82,6323
2023-09-28 23:00:00,187502.33,187502.33,186753.81,187128.07,10236
2023-09-29 00:00:00,187447.29,188561.41,187447.29,187822.94,11029
2023-09-29 01:00:00,188309.3,190034.09,187115.34,187732.25,5396
2023-09-29 02:00:00,187896.7,188903.81,187394.49,188526.76,17312
2023-09-29 03:00:00,188910.25,188910.25,188468.1,188845.79,16018
2023-09-29 04:00:00,188382.51,188382.51,187783.68,188160.0,8253
2023-09-29 05:00:00,188195.09,189962.23,188061.53,189031.67,6760
2023-09-29 06:00:00,189130.53,190325.18,189130.53,189945.29,7282
2023-09-29 07:00:00,190130.56,191459.42,189902.42,190437.09,13387
2023-09-29 08:00:00,190352.75,191672.1,189899.57,189953.76,10693
2023-09-29 09:00:00,189974.14,192317.19,189379.47,189758.99,9612
2023-09-29 10:00:00,189888.99,189888.99,188246.9,189830.54,11561
2023-09-29 11:00:00,189783.05,189783.05,188729.2,189404.24,8832
2023-09-29 12:00:00,190117.93,190764.2,190117.93,190383.43,8809
2023-09-29 13:00:00,190248.8,190482.92,190248.8,190425.4,8548
2023-09-29 14:00:00,189271.05,189271.05,188429.27,188806.89,11986
2023-09-29 15:00:00,189719.65,190589.71,188032.86,189030.75,15587
2023-09-29 16:00:00,188873.29,189644.99,188125.89,188846.92,16472
2023-09-29 17:00:00,188361.92,189576.78,187042.3,188831.42,10471
2023-09-29 18:00:00,188402.46,189329.38,187304.91,188649.3,5585
2023-09-29 19:00:00,188845.05,189531.19,188276.66,189152.89,9694
2023-09-29 20:00:00,189763.52,191294.41,189763.52,189816.13,13433
2023-09-29 21:00:00,190348.6,190348.6,188940.35,189968.67,5701
2023-09-29 22:00:00,189594.79,190072.46,189594.79,189757.47,8012
2023-09-29 23:00:00,189593.96,192006.33,189309.28,189732.95,10690
2023-09-30 00:00:00,189450.91,189824.24,189367.64,189747.13,8615
2023-09-30 01:00:00,189661.49,189661.49,188463.43,189282.93,14457
2023-09-30 02:00:00,189486.62,190022.11,189486.62,189642.83,5691
2023-09-30 03:00:00,190121.59,190299.38,188695.93,189919.54,11841
2023-09-30 04:00:00,189375.91,191509.62,186552.25,190812.96,12912
2023-09-30 05:00:00,190820.88,192751.69,190289.09,191503.24,10047
2023-09-30 06:00:00,191737.46,191748.66,190137.03,191029.91,14192
2023-09-30 07:00:00,190801.79,191841.6,189855.28,191458.68,10321
2023-09-30 08:00:00,191711.11,191711.11,190451.55,190833.21,11403
2023-09-30 09:00:00,190834.64,191966.52,190813.01,191195.4,12049
2023-09-30 10:00:00,191147.62,191682.09,190113.34,190834.56,14989
2023-09-30 11:00:00,190623.58,190683.58,189317.83,190190.23,11480
2023-09-30 12:00:00,190240.93,190469.88,190050.7,190337.52,8818
2023-09-30 13:00:00,189136.49,189136.49,187318.45,188758.97,7473
2023-09-30 14:00:00,188614.29,188742.29,187418.58,187794.17,9104
2023-09-30 15:00:00,187850.91,187850.91,187405.98,187781.55,9968
2023-09-30 16:00:00,187830.92,188294.08,186536.12,187918.24,10717
2023-09-30 17:00:00,187789.23,188340.46,187789.23,187790.71,10953
2023-09-30 18:00:00,187620.31,187745.02,185608.51,186975.44,12522
2023-09-30 19:00:00,187002.2,187002.2,186255.69,186628.95,9927
2023-09-30 20:00:00,186614.74,187337.51,186614.74,186988.72,9038
2023-09-30 21:00:00,187026.89,189232.06,186484.38,187444.47,8049
2023-09-30 22:00:00,187917.64,188321.17,187467.32,187539.94,7624
2023-09-30 23:00:00,187517.97,188685.6,187517.97,188308.98,10163
2023-10-01 00:00:00,188232.95,189619.04,188232.95,188610.17,5204
2023-10-01 01:00:00,188335.85,188601.22,187970.29,188238.09,10754
2023-10-01 02:00:00,188461.52,188829.85,187804.56,188149.0,9835
2023-10-01 03:00:00,187877.39,188445.17,185341.62,187421.12,9135
2023-10-01 04:00:00,187324.48,187845.01,186913.22,187470.07,8757
2023-10-01 05:00:00,187724.11,189530.99,187724.11,188217.77,8454
2023-10-01 06:00:00,188555.42,189897.94,188295.79,188692.29,12938
2023-10-01 07:00:00,189185.44,189801.37,189185.44,189564.57,5911
2023-10-01 08:00:00,189490.5,190011.76,188379.5,189416.42,7843
2023-10-01 09:00:00,189856.71,190617.66,189856.71,190237.18,10387
2023-10-01 10:00:00,190245.75,190512.45,189751.92,190132.19,12542
2023-10-01 11:00:00,190210.55,191741.91,190210.55,191001.21,16044
2023-10-01 12:00:00,190775.78,191345.99,188200.41,190964.06,6992
2023-10-01 13:00:00,191201.08,192762.85,190629.84,191355.23,10136
2023-10-01 14:00:00,191780.05,192762.84,191744.04,192178.8,10685
2023-10-01 15:00:00,192131.73,193524.45,191606.22,191990.2,9816
2023-10-01 16:00:00,191719.19,192304.28,191670.52,192054.63,8120
2023-10-01 17:00:00,191884.29,193084.47,191171.74,192745.84,14376
2023-10-01 18:00:00,192977.95,193712.64,191628.14,192570.45,18871
2023-10-01 19:00:00,192551.67,192551.67,191323.02,191706.43,9355
2023-10-01 20:00:00,192792.94,193664.83,192792.94,192914.81,4585
2023-10-01 21:00:00,192697.36,192917.97,190085.49,192532.9,6017
2023-10-01 22:00:00,192690.04,193877.75,190935.35,192537.59,12635
2023-10-01 23:00:00,192861.82,194317.27,190925.11,193128.22,11422
2023-10-02 00:00:00,193358.33,193929.08,192268.56,192653.86,7140
2023-10-02 01:00:00,192635.67,193106.14,190091.11,191965.91,8748
2023-10-02 02:00:00,191564.4,192637.0,190171.31,192052.07,8850
2023-10-02 03:00:00,191316.01,191316.01,189995.76,190934.4,11468
2023-10-02 04:00:00,190535.78,191662.82,189850.07,190750.48,10043
2023-10-02 05:00:00,191069.0,193013.58,190508.55,190888.48,14572
2023-10-02 06:00:00,190605.66,191776.2,190340.67,190723.79,9422
2023-10-02 07:00:00,190084.06,190084.06,189535.29,189822.87,8569
2023-10-02 08:00:00,189615.24,191709.66,189615.24,190790.42,8130
2023-10-02 09:00:00,190576.88,191190.42,188234.64,190851.82,13404
2023-10-02 10:00:00,191476.65,192543.84,191476.65,191689.39,8880
2023-10-02 11:00:00,191975.19,191975.19,191326.21,191500.54,13481
2023-10-02 12:00:00,191024.3,191024.3,189898.24,190954.45,8992
2023-10-02 13:00:00,191340.94,191487.64,190353.98,191105.43,7669
2023-10-02 14:00:00,191170.18,191170.18,189650.89,190965.84,10960
2023-10-02 15:00:00,190532.7,191633.57,189889.47,190270.01,8018
2023-10-02 16:00:00,190635.08,191349.86,190635.08,191149.32,8745
2023-10-02 17:00:00,191155.03,191155.03,190391.94,190773.48,11103
2023-10-02 18:00:00,190082.68,190082.68,189323.87,189703.28,9620
2023-10-02 19:00:00,189449.76,190905.23,189409.98,190524.18,5647
2023-10-02 20:00:00,190506.9,190625.91,188305.74,190245.42,7129
2023-10-02 21:00:00,190586.37,191111.86,187926.14,189918.28,13078
2023-10-02 22:00:00,189309.65,189309.65,188284.85,188931.79,12014
2023-10-02 23:00:00,189638.29,192127.4,189638.29,190018.32,10453
2023-10-03 00:00:00,190306.23,191168.09,189182.11,189303.42,12477
2023-10-03 01:00:00,188959.57,190035.87,188775.26,189402.67,8040
2023-10-03 02:00:00,189430.95,190376.16,189125.78,189996.17,9825
2023-10-03 03:00:00,190277.24,191035.0,190277.24,190279.32,12478
2023-10-03 04:00:00,190123.9,191815.97,190055.28,190270.63,13335
2023-10-03 05:00:00,190289.44,190289.44,189269.59,189310.35,12690
2023-10-03 06:00:00,189187.84,190816.74,188218.74,188911.71,14218
2023-10-03 07:00:00,189280.63,189486.6,188730.16,189108.38,10313
2023-10-03 08:00:00,188742.44,190317.76,188727.65,188731.33,7830
2023-10-03 09:00:00,189101.66,189751.67,188510.71,188941.89,10994
2023-10-03 10:00:00,189152.48,189803.54,188391.57,189424.69,5829
2023-10-03 11:00:00,189688.0,190432.86,189163.88,190052.75,9460
2023-10-03 12:00:00,190012.6,190345.16,188820.13,189384.18,8354
2023-10-03 13:00:00,189317.81,192021.85,189080.16,190728.86,14629
2023-10-03 14:00:00,190123.25,191575.75,189280.75,191193.36,12556
2023-10-03 15:00:00,190828.84,192397.12,190322.63,191192.37,9662
2023-10-03 16:00:00,191495.84,193426.13,190162.41,191833.64,6066
2023-10-03 17:00:00,192717.01,193588.01,192717.01,193201.61,15745
2023-10-03 18:00:00,193254.37,193704.15,191884.73,192269.27,8510
2023-10-03 19:00:00,192537.72,193697.29,191713.23,192097.43,12154
2023-10-03 20:00:00,192091.51,192435.46,190390.53,190669.12,12891
2023-10-03 21:00:00,190631.39,191793.23,190429.11,190810.73,13197
2023-10-03 22:00:00,190656.69,192356.85,190656.69,191046.41,14657
2023-10-03 23:00:00,191094.56,191420.7,189642.19,191038.62,4719
2023-10-04 00:00:00,191479.77,192570.01,190114.66,190674.08,17542
2023-10-04 01:00:00,189945.99,189945.99,189130.49,189509.5,11519
2023-10-04 02:00:00,189760.39,189974.84,189430.14,189809.75,9543
2023-10-04 03:00:00,190346.5,191767.74,190346.5,190727.95,21634
2023-10-04 04:00:00,190873.01,190873.01,190038.43,190419.27,5791
2023-10-04 05:00:00,190451.87,192578.82,190343.83,190725.28,11250
2023-10-04 06:00:00,190607.1,190839.04,189468.8,189848.5,16413
2023-10-04 07:00:00,190017.5,190573.23,188115.82,190192.84,14656
2023-10-04 08:00:00,189767.49,190444.96,187522.16,190028.44,11476
2023-10-04 09:00:00,190049.23,190218.02,189278.31,189657.63,8090
2023-10-04 10:00:00,190042.03,190135.52,188925.7,189304.31,9860
2023-10-04 11:00:00,189091.74,189808.36,188805.04,189183.41,12503
2023-10-04 12:00:00,189184.16,189888.8,188885.13,189518.14,10488
2023-10-04 13:00:00,189399.46,191048.47,187890.34,188855.47,15656
2023-10-04 14:00:00,188563.62,189695.85,188374.38,188751.88,10821
2023-10-04 15:00:00,188929.83,190114.95,187719.95,188859.66,9422
2023-10-04 16:00:00,188372.02,188372.02,187977.31,188354.02,10398
2023-10-04 17:00:00,189160.47,190492.59,189160.47,189539.55,11213
2023-10-04 18:00:00,189387.9,189387.9,187714.96,189149.29,7180
2023-10-04 19:00:00,188752.92,189812.98,187661.62,188884.61,12539
2023-10-04 20:00:00,189083.84,189594.89,187609.39,188454.83,7982
2023-10-04 21:00:00,189425.97,189898.5,189425.97,189647.3,8968
2023-10-04 22:00:00,189821.59,190135.52,189694.85,190075.0,10526
2023-10-04 23:00:00,190179.33,191196.34,189240.41,189619.65,8501
2023-10-05 00:00:00,189972.95,191370.88,189100.18,190373.73,8187
2023-10-05 01:00:00,190425.75,190978.33,189282.16,190572.25,10715
2023-10-05 02:00:00,190585.47,192008.24,190328.55,190798.22,8465
2023-10-05 03:00:00,190990.02,190990.02,188896.62,190663.71,9804
2023-10-05 04:00:00,190119.71,192276.08,189625.62,190300.17,8777
2023-10-05 05:00:00,190493.37,191155.34,190070.11,190585.82,10561
2023-10-05 06:00:00,190469.65,190630.51,188993.33,190348.13,12026
2023-10-05 07:00:00,190635.65,192811.13,190341.74,191496.92,12129
2023-10-05 08:00:00,191176.45,191176.45,190434.29,190794.86,7338
2023-10-05 09:00:00,191598.23,192148.18,191598.23,191764.65,15808
2023-10-05 10:00:00,192038.41,193791.34,191563.26,191731.23,7414
2023-10-05 11:00:00,191361.22,192326.64,191244.78,191942.75,11133
2023-10-05 12:00:00,192047.52,192844.88,192047.52,192459.96,12237
2023-10-05 13:00:00,192064.92,192956.35,191172.49,192097.95,10508
2023-10-05 14:00:00,192250.36,193016.0,192245.48,192630.74,13004
2023-10-05 15:00:00,191419.13,191419.13,190770.06,191037.06,10561
2023-10-05 16:00:00,190642.03,191067.88,190042.84,190686.5,9542
2023-10-05 17:00:00,190614.76,190614.76,189853.83,190234.29,10117
2023-10-05 18:00:00,190011.51,190757.22,187934.07,189611.54,11850
2023-10-05 19:00:00,189795.86,190327.53,188437.97,189620.9,11001
2023-10-05 20:00:00,189745.32,190984.23,189745.32,189982.07,9836
2023-10-05 21:00:00,189912.16,190894.0,189503.5,190512.98,12259
2023-10-05 22:00:00,190291.73,191767.72,189537.97,190755.83,14981
2023-10-05 23:00:00,190778.39,190778.39,189985.46,190458.92,9846
2023-10-06 00:00:00,190313.48,191221.98,189936.79,190779.84,10565
2023-10-06 01:00:00,190934.44,191325.54,190060.53,190943.65,11358
2023-10-06 02:00:00,191192.03,193366.37,191192.03,191575.18,10187
2023-10-06 03:00:00,191948.37,192271.26,191948.37,192089.62,8970
2023-10-06 04:00:00,192422.7,192533.42,191526.77,192149.13,10409
2023-10-06 05:00:00,192261.17,192261.17,191451.68,191661.69,10943
2023-10-06 06:00:00,191881.79,191881.79,190332.39,191344.0,8921
2023-10-06 07:00:00,191359.12,193027.84,190661.82,191102.39,12645
2023-10-06 08:00:00,191020.61,191020.61,190929.26,191009.03,11315
2023-10-06 09:00:00,190483.99,191647.49,190094.73,191264.96,8896
2023-10-06 10:00:00,191231.83,191909.69,190622.98,191774.23,10339
2023-10-06 11:00:00,191961.35,192819.97,191726.1,191813.17,12355
2023-10-06 12:00:00,192080.49,192705.46,191364.06,191892.05,12372
2023-10-06 13:00:00,191372.96,192427.05,191317.51,192042.96,5888
2023-10-06 14:00:00,191920.77,191933.49,191111.45,191797.31,5888
2023-10-06 15:00:00,191938.1,192566.26,190142.33,191324.96,8286
2023-10-06 16:00:00,190535.72,190535.72,190191.29,190390.9,10564
2023-10-06 17:00:00,190527.35,190931.34,188332.34,190123.7,7628
2023-10-06 18:00:00,190355.98,190931.36,189355.56,190550.26,6218
2023-10-06 19:00:00,190571.51,191402.5,189994.19,190274.27,10852
2023-10-06 20:00:00,190152.53,190606.55,189903.53,190284.1,6163
2023-10-06 21:00:00,190424.54,191212.48,190325.22,190706.63,17362
2023-10-06 22:00:00,190639.89,191503.85,190436.47,191148.19,8027
2023-10-06 23:00:00,190490.48,190802.57,189173.42,190636.56,8434
2023-10-07 00:00:00,191330.01,191955.27,191330.01,191360.96,8450
2023-10-07 01:00:00,191314.09,193600.95,190406.14,192133.48,13611
2023-10-07 02:00:00,191933.58,191933.58,189653.96,191550.48,12836
2023-10-07 03:00:00,191734.55,192459.64,190521.44,191171.78,4806
2023-10-07 04:00:00,191608.04,192190.19,191608.04,191992.02,9138
2023-10-07 05:00:00,191994.14,192848.77,190743.0,191996.6,11227
2023-10-07 06:00:00,191616.3,191616.3,189868.29,190784.69,11506
2023-10-07 07:00:00,190817.46,190972.83,189790.13,190112.34,11278
2023-10-07 08:00:00,190140.21,191465.27,189839.24,190144.46,8538
2023-10-07 09:00:00,190086.62,191397.8,188118.8,189646.14,8683
2023-10-07 10:00:00,189588.32,189984.65,189338.51,189605.44,10100
2023-10-07 11:00:00,189856.14,190242.07,189445.7,189825.35,7192
2023-10-07 12:00:00,190087.93,192955.67,190087.93,190866.82,10772
2023-10-07 13:00:00,191244.26,191511.11,190753.45,190847.78,12756
2023-10-07 14:00:00,190977.77,191990.33,190977.77,191625.29,12603
2023-10-07 15:00:00,192006.58,193674.13,191710.9,192585.14,14008
2023-10-07 16:00:00,192556.2,195684.24,192247.4,193515.75,9662
2023-10-07 17:00:00,193882.99,196580.26,193156.6,193729.21,13694
2023-10-07 18:00:00,193106.13,193106.13,192071.39,192601.08,14774
2023-10-07 19:00:00,192870.42,193388.12,191938.11,192958.6,7105
2023-10-07 20:00:00,193264.2,194452.7,193264.2,193651.5,8520
2023-10-07 21:00:00,193600.47,194039.0,193264.4,193651.7,7640
2023-10-07 22:00:00,194342.86,196314.5,194342.86,194732.33,21474
2023-10-07 23:00:00,195312.61,195356.12,194854.81,195245.3,13075
2023-10-08 00:00:00,195843.05,196378.54,193716.62,195563.76,13055
2023-10-08 01:00:00,195785.27,196569.98,195785.27,196177.63,9292
2023-10-08 02:00:00,196398.16,196398.16,195876.88,196314.62,8639
2023-10-08 03:00:00,195445.07,195445.07,194359.52,194749.02,13599
2023-10-08 04:00:00,194842.05,194842.05,192682.0,194453.14,14385
2023-10-08 05:00:00,194819.0,197269.51,194523.24,195178.68,4690
2023-10-08 06:00:00,194977.17,195742.42,194294.85,194684.22,13829
2023-10-08 07:00:00,194608.7,194988.61,193908.86,194562.33,16089
2023-10-08 08:00:00,194143.21,194143.21,192872.72,193957.91,8995
2023-10-08 09:00:00,195035.79,195816.78,195035.79,195060.43,11190
2023-10-08 10:00:00,195078.9,197190.09,194650.82,196061.98,9994
2023-10-08 11:00:00,196022.13,196137.33,194433.23,195485.91,10231
2023-10-08 12:00:00,195878.37,197778.27,195004.01,195551.29,15411
2023-10-08 13:00:00,195507.58,195507.58,194276.32,195117.34,10663
2023-10-08 14:00:00,195429.78,195963.93,195088.91,195479.87,9924
2023-10-08 15:00:00,195493.67,196111.52,193099.82,195769.34,8982
2023-10-08 16:00:00,195646.77,196622.09,195459.62,196229.63,10677
2023-10-08 17:00:00,196280.82,196728.64,196191.92,196386.05,14692
2023-10-08 18:00:00,197705.98,198220.18,197705.98,198102.18,15777
2023-10-08 19:00:00,197942.33,198171.37,196512.93,197354.83,17167
2023-10-08 20:00:00,197644.23,197791.04,194755.01,196233.93,8085
2023-10-08 21:00:00,196663.09,196838.25,195572.45,195964.38,10929
2023-10-08 22:00:00,195473.19,195473.19,194459.47,195005.76,12819
2023-10-08 23:00:00,194293.66,194705.75,191927.33,194137.61,10742
2023-10-09 00:00:00,193991.01,193991.01,192562.25,193603.8,18830
2023-10-09 01:00:00,193750.32,193828.87,192756.8,193143.08,4911
2023-10-09 02:00:00,192916.43,192916.43,191048.84,192684.76,5828
2023-10-09 03:00:00,192399.83,193331.69,192312.11,193118.04,10501
2023-10-09 04:00:00,193263.6,193472.85,192493.52,192930.76,10828
2023-10-09 05:00:00,192561.91,193857.0,192561.91,192947.81,12460
2023-10-09 06:00:00,192982.85,193990.13,192462.45,193602.93,11495
2023-10-09 07:00:00,194076.63,194288.13,191846.67,193248.31,9010
2023-10-09 08:00:00,192851.04,193591.45,191519.58,193205.04,6631
2023-10-09 09:00:00,193483.99,194392.81,193483.99,193538.41,7109
2023-10-09 10:00:00,192889.73,192889.73,192002.36,192495.57,7564
2023-10-09 11:00:00,191671.79,191671.79,190859.47,191241.95,10024
2023-10-09 12:00:00,191417.32,192657.6,190241.77,191651.45,6732
2023-10-09 13:00:00,191593.61,193257.53,191593.61,192132.53,12464
2023-10-09 14:00:00,192806.67,193907.78,192806.67,193520.74,7626
2023-10-09 15:00:00,193343.61,193851.71,193343.61,193731.07,15458
2023-10-09 16:00:00,193813.14,194713.11,193130.01,194324.46,12141
2023-10-09 17:00:00,194197.36,195130.18,193745.25,194286.79,16010
2023-10-09 18:00:00,194163.99,195803.2,194153.81,194542.89,5022
2023-10-09 19:00:00,195331.73,197089.47,195331.73,195604.8,8493
2023-10-09 20:00:00,194637.68,194637.68,193252.06,194359.08,7163
2023-10-09 21:00:00,194296.87,195938.41,194296.87,194686.24,6263
2023-10-09 22:00:00,195716.46,196524.56,195716.46,196026.47,16301
2023-10-09 23:00:00,195663.05,197513.42,194016.42,196204.52,11450
2023-10-10 00:00:00,196805.23,197388.21,196805.23,197199.63,13474
2023-10-10 01:00:00,196798.9,196798.9,196425.38,196783.56,11829
2023-10-10 02:00:00,197347.09,198289.69,196383.43,196749.69,8178
2023-10-10 03:00:00,196469.38,197436.25,196365.71,196759.23,10263
2023-10-10 04:00:00,196580.65,196580.65,195019.68,195410.5,7934
2023-10-10 05:00:00,195198.17,195594.9,193021.32,194758.0,9598
2023-10-10 06:00:00,194769.71,195765.67,194062.2,194183.44,11612
2023-10-10 07:00:00,194518.82,195820.88,194518.82,194779.7,7555
2023-10-10 08:00:00,194961.22,195769.9,194095.97,195380.08,15989
2023-10-10 09:00:00,195194.49,196712.53,193449.04,195629.45,10166
2023-10-10 10:00:00,195767.17,196562.11,195608.8,196169.77,15417
2023-10-10 11:00:00,196135.46,198287.32,194454.46,196094.17,9703
2023-10-10 12:00:00,196335.67,197232.48,196335.67,196838.8,12175
2023-10-10 13:00:00,196694.11,198628.16,196362.75,196836.02,7378
2023-10-10 14:00:00,196954.03,199262.58,196468.89,196862.61,9536
2023-10-10 15:00:00,196357.03,198709.54,195961.4,196692.76,10920
2023-10-10 16:00:00,197089.34,197497.38,196750.25,197103.18,6056
2023-10-10 17:00:00,196955.51,197223.84,196436.52,196830.18,11362
2023-10-10 18:00:00,197018.19,198375.98,197018.19,197413.01,4697
2023-10-10 19:00:00,197638.33,197638.33,194718.09,196696.96,10109
2023-10-10 20:00:00,196183.04,196362.58,195643.55,196035.62,9452
2023-10-10 21:00:00,196109.43,197460.72,196109.43,196475.31,8742
2023-10-10 22:00:00,196279.57,198385.26,196038.96,196431.82,15044
2023-10-10 23:00:00,196586.98,197421.17,196008.75,196166.12,7166
2023-10-11 00:00:00,196326.8,198642.93,196326.8,196720.24,10865
2023-10-11 01:00:00,196861.1,196861.1,195261.3,196352.86,7978
2023-10-11 02:00:00,196466.31,196967.9,195743.32,196246.07,13337
2023-10-11 03:00:00,196713.48,198056.77,196713.48,197107.69,11596
2023-10-11 04:00:00,197760.48,198684.26,197760.48,198023.31,14217
2023-10-11 05:00:00,197854.5,199738.65,197654.27,198917.73,13462
2023-10-11 06:00:00,198858.74,199167.79,198047.93,198648.09,13615
2023-10-11 07:00:00,198357.34,200336.91,197643.76,199306.4,10253
2023-10-11 08:00:00,198629.72,198629.72,196081.83,198608.61,9203
2023-10-11 09:00:00,197942.91,198208.42,197574.91,197970.85,7937
2023-10-11 10:00:00,197611.12,197777.47,195304.72,196484.51,8385
2023-10-11 11:00:00,196681.98,198488.76,196681.98,197499.69,11795
2023-10-11 12:00:00,197527.77,197866.35,195232.7,196943.29,6871
2023-10-11 13:00:00,196858.31,198484.17,196463.35,196857.06,13764
2023-10-11 14:00:00,196684.38,196698.94,195593.84,196306.33,10021
2023-10-11 15:00:00,196279.77,197392.74,196151.27,196743.86,10512
2023-10-11 16:00:00,197310.75,198216.72,194149.17,196516.99,9182
2023-10-11 17:00:00,196256.51,196256.51,195346.44,195737.91,11896
2023-10-11 18:00:00,196007.74,197734.31,195313.77,196047.26,6858
2023-10-11 19:00:00,196172.21,196172.21,195127.65,195219.76,12665
2023-10-11 20:00:00,195123.49,195554.21,193927.82,194790.59,9161
2023-10-11 21:00:00,194012.86,194012.86,193238.36,193625.61,10901
2023-10-11 22:00:00,193337.21,194211.19,192539.07,192924.92,12233
2023-10-11 23:00:00,192481.09,194888.33,192035.78,193204.77,7189
2023-10-12 00:00:00,192700.26,192700.26,190575.35,192206.97,8321
2023-10-12 01:00:00,192116.77,192116.77,190528.9,191542.83,12160
2023-10-12 02:00:00,191444.03,192160.11,191444.03,191776.56,10069
2023-10-12 03:00:00,191829.67,192188.36,191415.58,191683.91,14556
2023-10-12 04:00:00,191960.69,193641.78,191960.69,193085.17,11367
2023-10-12 05:00:00,193656.52,195700.74,193656.52,194344.48,19952
2023-10-12 06:00:00,194004.09,194004.09,192353.16,193948.22,7541
2023-10-12 07:00:00,193940.45,194654.65,193940.45,194414.71,9076
2023-10-12 08:00:00,194297.13,196959.62,194297.13,194979.87,13641
2023-10-12 09:00:00,194715.29,195108.22,194039.06,194718.78,10655
2023-10-12 10:00:00,194552.8,194552.8,193329.15,193936.27,12983
2023-10-12 11:00:00,193740.01,195266.72,192580.54,194070.49,13308
2023-10-12 12:00:00,194314.86,194490.16,193949.3,194101.96,6144
2023-10-12 13:00:00,194059.17,194202.63,193587.45,193975.4,8877
2023-10-12 14:00:00,193987.92,195686.77,193987.92,194376.67,17161
2023-10-12 15:00:00,194244.19,194439.42,192153.1,194051.31,9090
2023-10-12 16:00:00,193834.91,193834.91,192459.89,193505.84,9439
2023-10-12 17:00:00,193514.73,193801.06,193346.62,193734.09,9411
2023-10-12 18:00:00,193733.57,194641.18,193733.57,194121.82,6893
2023-10-12 19:00:00,193953.95,193953.95,192783.14,193566.82,13150
2023-10-12 20:00:00,193892.68,196305.43,193892.68,194281.24,9502
2023-10-12 21:00:00,193752.17,193752.17,192514.26,193365.44,5046
2023-10-12 22:00:00,192754.25,195609.42,192289.35,193197.56,9316
2023-10-12 23:00:00,193214.47,195243.1,192841.57,193228.03,10296
2023-10-13 00:00:00,193361.44,194676.86,192323.31,193033.15,12973
2023-10-13 01:00:00,192778.43,193280.01,192508.43,192894.22,8293
2023-10-13 02:00:00,193815.75,194874.0,193815.75,194204.15,9951
2023-10-13 03:00:00,194206.6,194677.1,193459.98,193847.67,7910
2023-10-13 04:00:00,195071.23,195518.21,195071.23,195462.15,6310
2023-10-13 05:00:00,195714.44,196141.65,195168.38,195822.24,6475
2023-10-13 06:00:00,195582.16,196856.76,195571.41,195963.34,10347
2023-10-13 07:00:00,196197.2,196722.85,195937.53,196330.19,9973
2023-10-13 08:00:00,197519.65,198311.31,197519.65,197915.48,4386
2023-10-13 09:00:00,198313.09,198591.35,196913.84,197308.45,6990
2023-10-13 10:00:00,197047.82,197047.82,195701.38,196654.51,7611
2023-10-13 11:00:00,196552.68,196647.58,195862.56,196255.07,12144
2023-10-13 12:00:00,196236.19,196951.86,195613.04,196348.86,9006
2023-10-13 13:00:00,195564.44,195564.44,193827.04,195381.45,14607
2023-10-13 14:00:00,195491.82,195655.29,195118.06,195509.08,10810
2023-10-13 15:00:00,196238.87,197801.62,196238.87,196632.14,11929
2023-10-13 16:00:00,196633.53,198304.29,195860.77,196787.09,7974
2023-10-13 17:00:00,196520.18,196827.66,195774.49,196674.0,9851
2023-10-13 18:00:00,196435.5,197251.91,196159.51,196370.45,8350
2023-10-13 19:00:00,196613.22,198340.64,195864.73,196995.33,8105
2023-10-13 20:00:00,196212.37,197477.65,196161.42,196554.53,13089
2023-10-13 21:00:00,196875.07,199496.84,196875.07,197743.19,7945
2023-10-13 22:00:00,198542.87,199862.97,198542.87,198940.75,8691
2023-10-13 23:00:00,198674.06,200383.17,198674.06,199072.2,8340
2023-10-14 00:00:00,199037.51,199117.9,197858.56,199040.56,6514
2023-10-14 01:00:00,199020.0,200016.36,198206.11,199646.09,8220
2023-10-14 02:00:00,199931.4,200716.7,198733.38,200268.23,9145
2023-10-14 03:00:00,200270.4,200307.97,198966.32,199696.45,10149
2023-10-14 04:00:00,199480.84,200644.8,198470.08,199324.65,10165
2023-10-14 05:00:00,198535.88,198535.88,197825.48,198487.86,13718
2023-10-14 06:00:00,198469.66,199141.42,198346.44,198743.93,13017
2023-10-14 07:00:00,198252.39,199540.3,196782.02,199142.01,21663
2023-10-14 08:00:00,198356.19,198356.19,197898.27,198294.86,10567
2023-10-14 09:00:00,198200.31,198937.73,197637.08,198033.15,8112
2023-10-14 10:00:00,198148.3,198148.3,195832.52,197245.07,10065
2023-10-14 11:00:00,197164.26,197164.26,196618.16,196770.71,12687
2023-10-14 12:00:00,196649.26,199250.12,196155.5,197192.21,6770
2023-10-14 13:00:00,197294.42,197872.07,195658.63,196820.14,14356
2023-10-14 14:00:00,197118.16,197118.16,195714.67,196724.71,12487
2023-10-14 15:00:00,196300.95,196953.69,194903.7,195836.12,8172
2023-10-14 16:00:00,196005.16,196472.43,196005.16,196080.27,8372
2023-10-14 17:00:00,196006.77,196386.2,196006.77,196175.4,8436
2023-10-14 18:00:00,196372.16,198189.34,194785.93,195857.92,11397
2023-10-14 19:00:00,196098.56,196272.46,194694.55,195880.7,9666
2023-10-14 20:00:00,195885.09,196517.55,195885.09,196125.3,11466
2023-10-14 21:00:00,196305.4,198716.41,195511.02,195761.4,9394
2023-10-14 22:00:00,195407.88,195407.88,194627.81,195017.85,9428
2023-10-14 23:00:00,195378.41,198438.25,195378.41,196265.47,11487
2023-10-15 00:00:00,196054.55,196102.92,195715.86,196002.75,13135
2023-10-15 01:00:00,196397.44,197763.66,195530.09,196075.08,10578
2023-10-15 02:00:00,196803.04,198211.2,196417.21,196810.83,9468
2023-10-15 03:00:00,197495.78,199896.88,197495.78,199036.88,11677
2023-10-15 04:00:00,198679.13,198679.13,197886.0,198282.56,8638
2023-10-15 05:00:00,198273.14,199546.8,197582.59,198594.0,17022
2023-10-15 06:00:00,198236.11,198236.11,197793.37,198189.75,7476
2023-10-15 07:00:00,198422.11,198426.08,197509.18,197904.99,11636
2023-10-15 08:00:00,197464.61,197649.64,196588.91,197523.32,17160
2023-10-15 09:00:00,197583.72,197744.29,196485.74,196915.26,19037
2023-10-15 10:00:00,197446.67,197845.71,196227.62,196989.25,9729
2023-10-15 11:00:00,196590.91,196590.91,194261.74,196198.52,11023
2023-10-15 12:00:00,196132.22,198218.91,195495.56,196899.92,7997
2023-10-15 13:00:00,197478.3,198615.76,196643.08,197037.15,11236
2023-10-15 14:00:00,197100.97,199640.65,196183.95,197391.6,7327
2023-10-15 15:00:00,196857.86,198297.13,196857.86,197196.77,14069
2023-10-15 16:00:00,197279.96,198423.22,195989.47,197073.45,6421
2023-10-15 17:00:00,196958.6,197748.01,196958.6,197353.3,10129
2023-10-15 18:00:00,197134.67,197134.67,196450.16,196741.19,12550
2023-10-15 19:00:00,196577.69,197650.95,196253.59,196646.88,7292
2023-10-15 20:00:00,196329.15,196329.15,194481.22,196258.94,9606
2023-10-15 21:00:00,196255.11,196878.89,193858.17,195870.37,14536
2023-10-15 22:00:00,195855.78,195855.78,192524.25,194769.93,8249
2023-10-15 23:00:00,195278.08,196378.4,194857.03,195779.73,10392
2023-10-16 00:00:00,195919.06,196399.15,194908.46,195533.83,9462
2023-10-16 01:00:00,195937.55,197679.12,195470.63,196406.25,11744
2023-10-16 02:00:00,196793.39,197643.96,196793.39,197187.76,12945
2023-10-16 03:00:00,197182.32,197182.32,195714.1,196516.94,8751
2023-10-16 04:00:00,196687.63,197447.67,195603.94,195995.94,15571
2023-10-16 05:00:00,196856.85,199284.07,196856.85,197688.55,6949
2023-10-16 06:00:00,197656.03,199595.58,197178.19,198832.6,6685
2023-10-16 07:00:00,199102.91,200423.02,197897.4,198847.28,9838
2023-10-16 08:00:00,198688.99,199437.61,198008.76,199039.54,10043
2023-10-16 09:00:00,198970.5,200629.12,198287.39,198684.76,6900
2023-10-16 10:00:00,198831.54,199397.04,198831.54,198999.05,6260
2023-10-16 11:00:00,198748.73,198748.73,198205.79,198602.99,10180
2023-10-16 12:00:00,197674.05,197674.05,196426.26,197427.18,10500
2023-10-16 13:00:00,197433.02,198012.42,196633.35,196739.6,11418
2023-10-16 14:00:00,196960.77,196960.77,196261.72,196895.08,10048
2023-10-16 15:00:00,196550.84,196748.31,195948.09,196351.16,10739
2023-10-16 16:00:00,196429.81,198561.17,195167.91,196472.24,9940
2023-10-16 17:00:00,196529.53,196529.53,195337.71,195984.87,7292
2023-10-16 18:00:00,195466.67,196887.36,195167.62,195693.82,11272
2023-10-16 19:00:00,195740.95,197086.46,195036.96,196396.59,6850
2023-10-16 20:00:00,196151.91,197102.73,196151.91,196709.31,7179
2023-10-16 21:00:00,196839.53,197248.35,196334.21,196854.64,7653
2023-10-16 22:00:00,197060.34,197925.22,197060.34,197530.16,8201
2023-10-16 23:00:00,197508.8,200161.08,197508.8,197938.38,9003
2023-10-17 00:00:00,198805.63,200414.26,198805.63,198914.49,8138
2023-10-17 01:00:00,198891.35,198891.35,198087.98,198694.75,7289
2023-10-17 02:00:00,198703.41,199027.13,198105.55,198502.56,8160
2023-10-17 03:00:00,198181.36,198186.81,196764.48,197791.23,8971
2023-10-17 04:00:00,197648.82,198719.09,197083.88,197643.94,5844
2023-10-17 05:00:00,197675.96,199683.67,197436.38,198346.03,7735
2023-10-17 06:00:00,198107.06,199455.67,198107.06,199224.63,7830
2023-10-17 07:00:00,199529.41,200446.81,199529.41,199860.46,7028
2023-10-17 08:00:00,199066.02,199066.02,198390.93,198788.5,10108
2023-10-17 09:00:00,199120.92,199525.55,199120.92,199519.96,12319
2023-10-17 10:00:00,199114.94,199938.49,198039.89,198436.76,6686
2023-10-17 11:00:00,198670.63,200709.78,198670.63,199068.76,3824
2023-10-17 12:00:00,198821.61,199570.87,196946.82,198901.77,10579
2023-10-17 13:00:00,198999.74,200279.96,198999.74,199398.54,7535
2023-10-17 14:00:00,199289.93,200050.27,198375.59,198634.44,10261
2023-10-17 15:00:00,199137.37,199690.24,199032.34,199431.21,8103
2023-10-17 16:00:00,199110.35,199557.96,196623.27,198586.08,11994
2023-10-17 17:00:00,198588.69,198801.18,196684.77,198269.19,13121
2023-10-17 18:00:00,198161.79,198161.79,197370.73,197766.26,12066
2023-10-17 19:00:00,197420.92,197420.92,196437.95,196831.61,9089
2023-10-17 20:00:00,196748.87,198318.79,195814.72,197056.01,15648
2023-10-17 21:00:00,198298.89,199244.25,198298.89,198303.47,11789
2023-10-17 22:00:00,199629.22,200429.34,199629.22,200029.28,12044
2023-10-17 23:00:00,200603.85,200773.18,199722.25,200122.49,9042
2023-10-18 00:00:00,200267.31,202404.18,200267.31,200838.77,6656
2023-10-18 01:00:00,201022.25,201967.49,200578.85,200980.81,12608
2023-10-18 02:00:00,201155.89,204230.56,201155.89,201281.15,9657
2023-10-18 03:00:00,201654.91,203134.14,199300.31,201051.75,10198
2023-10-18 04:00:00,201498.26,201565.44,199246.9,201163.12,7796
2023-10-18 05:00:00,201756.31,202145.48,199996.25,201484.49,10368
2023-10-18 06:00:00,201502.15,201502.15,200108.6,201099.95,7534
2023-10-18 07:00:00,201203.21,201317.64,200639.41,201041.5,6964
2023-10-18 08:00:00,201057.3,201802.65,200256.48,200997.64,13303
2023-10-18 09:00:00,200954.85,202318.47,200807.22,201495.83,13999
2023-10-18 10:00:00,201205.47,201205.47,198242.49,200803.86,11313
2023-10-18 11:00:00,200694.15,200997.54,199694.45,200771.4,9945
2023-10-18 12:00:00,201943.96,202352.66,201943.96,201948.76,11760
2023-10-18 13:00:00,202467.47,203515.68,202467.47,202622.15,10959
2023-10-18 14:00:00,202979.93,203500.35,202979.93,203386.71,7096
2023-10-18 15:00:00,203634.3,203703.36,202124.47,203296.77,14247
2023-10-18 16:00:00,203195.51,204173.67,202860.5,203397.44,9985
2023-10-18 17:00:00,203598.44,205646.63,202989.45,203919.28,8601
2023-10-18 18:00:00,204682.05,206311.04,204682.05,204763.09,17622
2023-10-18 19:00:00,203775.36,203775.36,202961.89,203368.63,11550
2023-10-18 20:00:00,203270.8,203270.8,202055.49,202444.29,13390
2023-10-18 21:00:00,202562.89,204560.43,202562.89,203195.3,10217
2023-10-18 22:00:00,202807.98,203161.86,202524.24,202930.1,12560
2023-10-18 23:00:00,203020.21,203716.22,201340.88,202431.33,14818
2023-10-19 00:00:00,201903.78,201903.78,201195.19,201598.39,8143
2023-10-19 01:00:00,201223.32,201644.47,200788.08,201241.99,4185
2023-10-19 02:00:00,200543.02,200543.02,199982.42,200383.19,11250
2023-10-19 03:00:00,201070.42,202953.46,201070.42,201712.93,14688
2023-10-19 04:00:00,201954.23,202327.96,200998.67,201686.67,7391
2023-10-19 05:00:00,201858.51,202046.38,199563.73,201643.09,9571
2023-10-19 06:00:00,201442.16,203359.06,201442.16,202001.89,9112
2023-10-19 07:00:00,202361.49,204004.26,201732.26,202578.99,8774
2023-10-19 08:00:00,202510.18,204390.48,200884.81,203123.57,9038
2023-10-19 09:00:00,203318.04,204132.95,203318.04,203725.5,8081
2023-10-19 10:00:00,203963.79,205038.11,202776.2,203238.26,6106
2023-10-19 11:00:00,203388.48,203388.48,202576.55,202982.51,7319
2023-10-19 12:00:00,203406.9,204221.16,201883.42,203404.97,5061
2023-10-19 13:00:00,203065.5,203862.68,202630.95,203002.18,9227
2023-10-19 14:00:00,202612.55,203897.88,200713.35,202946.08,9623
2023-10-19 15:00:00,202939.96,203552.53,202113.43,203146.24,7648
2023-10-19 16:00:00,203383.58,204164.97,203240.85,203578.59,6914
2023-10-19 17:00:00,202433.73,202433.73,202327.73,202398.88,10332
2023-10-19 18:00:00,202248.8,203458.34,199854.71,202824.22,11200
2023-10-19 19:00:00,202871.73,203061.34,201606.15,202646.59,13528
2023-10-19 20:00:00,202203.1,204163.67,201763.37,203063.24,11934
2023-10-19 21:00:00,203124.45,203913.4,202412.3,203506.38,14237
2023-10-19 22:00:00,203890.2,206244.02,203890.2,204447.71,7070
2023-10-19 23:00:00,204655.58,207616.54,204309.18,205192.43,10747
2023-10-20 00:00:00,204786.29,206060.94,204786.29,205902.44,14385
2023-10-20 01:00:00,206229.05,207150.18,206229.05,206642.34,9236
2023-10-20 02:00:00,206257.95,207035.93,205713.24,206622.69,11383
2023-10-20 03:00:00,206170.88,207159.07,206026.72,206439.6,14496
2023-10-20 04:00:00,206498.87,207212.52,206498.87,206798.92,10704
2023-10-20 05:00:00,206831.83,207471.35,205811.25,207057.24,17024
2023-10-20 06:00:00,206896.13,207055.97,206020.64,206642.68,5662
2023-10-20 07:00:00,206787.46,207117.92,205646.18,206704.51,10287
2023-10-20 08:00:00,206834.0,206899.08,204162.49,206486.11,9510
2023-10-20 09:00:00,206840.2,207868.87,204815.83,205759.55,12079
2023-10-20 10:00:00,206204.99,207805.05,206204.99,206422.59,5054
2023-10-20 11:00:00,206675.91,206675.91,205042.16,206277.0,7475
2023-10-20 12:00:00,206983.59,207758.99,206983.59,207398.38,10620
2023-10-20 13:00:00,207228.85,207788.78,205764.27,206141.43,6955
2023-10-20 14:00:00,206066.86,206691.04,204294.37,205623.82,13968
2023-10-20 15:00:00,205537.58,205916.92,204477.71,205505.04,9277
2023-10-20 16:00:00,205675.4,206499.75,205675.4,206087.57,12779
2023-10-20 17:00:00,206139.93,206590.14,206069.1,206177.78,10084
2023-10-20 18:00:00,206107.61,206991.1,205977.49,206210.13,9506
2023-10-20 19:00:00,205809.17,206481.59,203660.89,205332.05,10673
2023-10-20 20:00:00,204886.98,204886.98,202316.12,204478.02,16076
2023-10-20 21:00:00,204684.63,204684.63,204187.14,204596.33,11542
2023-10-20 22:00:00,204190.21,204190.21,203614.73,203651.59,12284
2023-10-20 23:00:00,203675.99,203675.99,202862.92,203269.45,5695
2023-10-21 00:00:00,203575.05,204629.32,203143.53,203550.63,13559
2023-10-21 01:00:00,203301.5,203301.5,202489.92,202895.71,12761
2023-10-21 02:00:00,202852.33,204288.58,202286.13,203880.82,9151
2023-10-21 03:00:00,203819.35,205057.44,203533.37,204588.61,8343
2023-10-21 04:00:00,204083.7,204083.7,201603.07,203517.36,10963
2023-10-21 05:00:00,203264.94,203303.92,202492.33,202898.13,14414
2023-10-21 06:00:00,202375.24,202375.24,201069.22,201472.16,12118
2023-10-21 07:00:00,201796.92,202544.07,200643.54,201045.63,11652
2023-10-21 08:00:00,201006.3,201997.91,198798.35,201594.72,8188
2023-10-21 09:00:00,201795.14,201797.52,200715.84,201394.73,8382
2023-10-21 10:00:00,201406.09,203160.91,201168.17,201742.99,17697
2023-10-21 11:00:00,201613.97,201613.97,200198.95,200850.43,17470
2023-10-21 12:00:00,201226.22,201993.83,201226.22,201431.9,9745
2023-10-21 13:00:00,201313.6,201313.6,200043.32,201153.76,8502
2023-10-21 14:00:00,201460.87,201640.34,200747.72,201237.87,14597
2023-10-21 15:00:00,201659.08,201659.08,200854.05,201256.57,8225
2023-10-21 16:00:00,200993.99,200993.99,198836.34,200549.43,6461
2023-10-21 17:00:00,200186.82,200186.82,199546.8,199946.69,7476
2023-10-21 18:00:00,200274.36,201230.56,200274.36,200675.71,9491
2023-10-21 19:00:00,200941.73,201427.62,200770.86,201025.57,8354
2023-10-21 20:00:00,200612.89,202853.29,200612.89,201761.6,11799
2023-10-21 21:00:00,201815.88,204512.84,200327.72,202020.97,14888
2023-10-21 22:00:00,202034.59,202672.88,200254.69,202159.18,15686
2023-10-21 23:00:00,201284.57,201284.57,200746.42,201139.63,9740
2023-10-22 00:00:00,201009.44,202018.25,200575.86,201065.18,11437
2023-10-22 01:00:00,200976.83,202356.04,200744.3,201146.59,8335
2023-10-22 02:00:00,201964.94,204842.67,201964.94,202446.9,6496
2023-10-22 03:00:00,202580.34,203319.09,201718.02,202913.27,9060
2023-10-22 04:00:00,203340.73,204515.7,201963.4,203890.08,8123
2023-10-22 05:00:00,203792.79,205073.45,203144.25,204244.62,7967
2023-10-22 06:00:00,204340.9,204646.61,202253.42,203763.62,9786
2023-10-22 07:00:00,203666.56,205016.58,203419.58,203827.23,11204
2023-10-22 08:00:00,203717.48,204160.84,203552.49,203960.41,9468
2023-10-22 09:00:00,203533.62,203533.62,202071.68,203352.57,11622
2023-10-22 10:00:00,203692.1,203791.76,202075.52,203120.17,8609
2023-10-22 11:00:00,202828.51,203734.17,202608.76,203014.79,11811
2023-10-22 12:00:00,203913.65,204917.89,203913.65,204040.83,8398
2023-10-22 13:00:00,203327.2,203538.49,201699.52,202723.7,7924
2023-10-22 14:00:00,202769.62,203839.13,201920.91,203518.59,8114
2023-10-22 15:00:00,203515.32,203515.32,202540.26,202946.15,12108
2023-10-22 16:00:00,202927.15,204381.56,201457.12,202129.53,7428
2023-10-22 17:00:00,202526.86,204708.73,202526.86,202932.72,15480
2023-10-22 18:00:00,203021.69,203835.4,203021.69,203428.54,20477
2023-10-22 19:00:00,203821.64,206434.24,203821.64,204230.1,10591
2023-10-22 20:00:00,204310.44,205129.32,204310.44,204719.88,9234
2023-10-22 21:00:00,205568.64,208028.99,205568.64,205980.6,6756
2023-10-22 22:00:00,206251.43,206308.85,205698.61,206244.6,11989
2023-10-22 23:00:00,206458.68,206458.68,206002.15,206046.59,11693
2023-10-23 00:00:00,206345.71,209090.15,205760.09,206172.43,17628
2023-10-23 01:00:00,206556.75,208272.92,205727.44,206860.99,8930
2023-10-23 02:00:00,206662.01,206662.01,204798.26,206249.52,12165
2023-10-23 03:00:00,206307.94,207351.24,205713.28,205751.78,11149
2023-10-23 04:00:00,205353.55,206660.18,204323.46,205497.09,8675
2023-10-23 05:00:00,205236.73,205236.73,202917.1,204124.55,11724
2023-10-23 06:00:00,204404.94,204952.08,203059.64,204229.58,6981
2023-10-23 07:00:00,203965.39,203965.39,202060.44,203067.63,11825
2023-10-23 08:00:00,202783.85,203581.89,201038.3,203175.54,13144
2023-10-23 09:00:00,203775.36,204742.46,202808.06,203788.91,14708
2023-10-23 10:00:00,204104.48,205103.48,202263.22,203537.14,11230
2023-10-23 11:00:00,203928.68,205047.73,203928.68,204638.46,8213
2023-10-23 12:00:00,204136.38,204136.38,203321.46,203728.92,7614
2023-10-23 13:00:00,204049.95,205607.81,203905.93,204518.1,10527
2023-10-23 14:00:00,204163.1,205363.11,203880.21,204953.21,12069
2023-10-23 15:00:00,204914.93,205475.5,201840.92,203868.99,14492
2023-10-23 16:00:00,204589.12,206019.66,204589.12,205608.44,14117
2023-10-23 17:00:00,205794.25,206662.19,205130.67,205541.76,8995
2023-10-23 18:00:00,204685.14,207098.0,203733.58,204967.3,5866
2023-10-23 19:00:00,204598.45,204598.45,203176.74,204093.52,10590
2023-10-23 20:00:00,204292.07,205723.3,203814.01,204009.22,7283
2023-10-23 21:00:00,204042.28,204122.13,203579.01,203986.99,11554
2023-10-23 22:00:00,204471.02,205282.64,203646.95,204106.62,8602
2023-10-23 23:00:00,204335.82,204379.42,201739.55,203971.48,8503
2023-10-24 00:00:00,204038.79,206201.85,204038.79,204423.97,7356
2023-10-24 01:00:00,204506.08,205610.22,203557.45,204219.63,12072
2023-10-24 02:00:00,203910.7,203910.7,201672.98,203058.69,13056
2023-10-24 03:00:00,203279.68,204006.69,203036.95,203068.31,8925
2023-10-24 04:00:00,201912.26,201912.26,201297.27,201700.68,9908
2023-10-24 05:00:00,201519.48,203310.15,200624.0,202082.96,6975
2023-10-24 06:00:00,202411.49,202490.12,201290.98,201626.05,9565
2023-10-24 07:00:00,202369.82,203471.17,201883.96,201896.45,16682
2023-10-24 08:00:00,202462.36,204838.9,202462.36,202868.09,11027
2023-10-24 09:00:00,202618.02,205052.5,202252.79,202398.25,11120
2023-10-24 10:00:00,202523.61,203601.45,201802.59,203195.06,12690
2023-10-24 11:00:00,202760.31,203435.87,201909.49,203029.81,9683
2023-10-24 12:00:00,203344.85,204640.94,203344.85,204232.47,6034
2023-10-24 13:00:00,204172.25,204471.36,203395.86,204063.23,9584
2023-10-24 14:00:00,204280.15,204482.63,201465.44,203607.92,9237
2023-10-24 15:00:00,203526.2,204191.18,201801.07,204126.45,11832
2023-10-24 16:00:00,204022.63,204662.69,203466.0,203921.01,9844
2023-10-24 17:00:00,203770.79,203878.58,202856.86,203471.64,7188
2023-10-24 18:00:00,203631.66,204573.78,201223.07,203273.6,12030
2023-10-24 19:00:00,203106.4,203482.2,202947.9,203354.61,8375
2023-10-24 20:00:00,203677.01,204706.26,203677.01,204297.67,8006
2023-10-24 21:00:00,203707.9,203707.9,202527.23,203158.19,13400
2023-10-24 22:00:00,203035.07,204409.02,202551.12,203295.08,9984
2023-10-24 23:00:00,203271.05,203905.25,202549.76,203804.01,7784
2023-10-25 00:00:00,203618.56,204434.67,203618.56,204026.61,7393
2023-10-25 01:00:00,204447.73,206729.24,203963.7,204940.16,7130
2023-10-25 02:00:00,204661.66,205631.75,204538.96,204948.86,16641
2023-10-25 03:00:00,204745.31,205145.36,204745.31,204890.59,15699
2023-10-25 04:00:00,205252.96,206217.27,204910.37,205321.02,12875
2023-10-25 05:00:00,205223.49,205833.29,204883.69,205422.44,10127
2023-10-25 06:00:00,205374.2,205963.36,203763.93,205211.31,9753
2023-10-25 07:00:00,205279.8,205996.69,205174.35,205585.52,12858
2023-10-25 08:00:00,205328.54,206272.81,203009.23,205207.27,16469
2023-10-25 09:00:00,205351.95,206210.95,202762.89,204872.54,7882
2023-10-25 10:00:00,204895.69,205014.13,204195.71,204604.92,10748
2023-10-25 11:00:00,204116.43,205941.73,203847.55,205530.67,15827
2023-10-25 12:00:00,203948.48,203948.48,203134.32,203541.4,6987
2023-10-25 13:00:00,203571.1,204479.72,202679.17,203918.78,7751
2023-10-25 14:00:00,204182.21,204381.11,202748.23,204056.8,11698
2023-10-25 15:00:00,203951.27,203951.27,202709.27,203115.5,10767
2023-10-25 16:00:00,202897.95,203959.19,202192.49,203458.63,10595
2023-10-25 17:00:00,203805.95,205439.95,203805.95,203894.31,7191
2023-10-25 18:00:00,203948.06,205477.15,203402.83,204383.14,11926
2023-10-25 19:00:00,203231.81,203231.81,202361.35,202826.16,13627
2023-10-25 20:00:00,203179.9,203985.0,203179.9,203847.6,8704
2023-10-25 21:00:00,203634.45,203634.45,202378.02,203513.91,16939
2023-10-25 22:00:00,203919.54,204611.74,203919.54,204084.05,9155
2023-10-25 23:00:00,204253.96,205254.99,204253.96,204663.28,9624
2023-10-26 00:00:00,204601.04,204601.04,202678.62,204204.16,8830
2023-10-26 01:00:00,204634.79,206697.62,204340.95,204729.69,9439
2023-10-26 02:00:00,204557.41,204988.49,204170.17,204579.33,14713
2023-10-26 03:00:00,204279.68,204517.69,202971.16,203377.92,13617
2023-10-26 04:00:00,203651.23,204664.65,201440.69,204256.14,10129
2023-10-26 05:00:00,204262.72,205377.98,203356.11,203883.34,15817
2023-10-26 06:00:00,203856.31,204197.22,202432.64,203478.47,10581
2023-10-26 07:00:00,203782.26,203782.26,203214.83,203375.5,9952
2023-10-26 08:00:00,203907.4,203923.32,203442.26,203697.91,11570
2023-10-26 09:00:00,203371.13,204612.83,202835.19,203804.81,10177
2023-10-26 10:00:00,203582.63,204939.45,201899.33,204288.36,14402
2023-10-26 11:00:00,203948.44,203948.44,200713.67,203574.13,7723
2023-10-26 12:00:00,203347.53,203446.8,202860.62,203267.16,5548
2023-10-26 13:00:00,203124.12,204172.87,202956.95,203363.67,9695
2023-10-26 14:00:00,203265.55,205120.72,203180.14,204711.3,12580
2023-10-26 15:00:00,205219.07,205450.92,204337.1,204746.6,13197
2023-10-26 16:00:00,205015.94,205943.07,204652.94,205532.01,9769
2023-10-26 17:00:00,204831.41,206035.99,204497.12,205624.75,9379
2023-10-26 18:00:00,205796.48,205796.48,204436.23,205385.71,6774
2023-10-26 19:00:00,205715.76,205717.92,203636.53,205307.31,14180
2023-10-26 20:00:00,204953.37,206232.92,204953.37,205284.44,10701
2023-10-26 21:00:00,205178.71,206162.04,205171.43,205750.54,8483
2023-10-26 22:00:00,206298.5,207332.02,206272.27,206685.64,11908
2023-10-26 23:00:00,207238.7,209680.57,206504.73,206938.44,11478
2023-10-27 00:00:00,207031.28,208553.54,206925.93,207706.29,11567
2023-10-27 01:00:00,207243.94,207486.97,206658.68,207072.82,12392
2023-10-27 02:00:00,206805.05,207995.91,206404.38,206818.02,7439
2023-10-27 03:00:00,206454.05,208027.0,204762.2,206379.55,10665
2023-10-27 04:00:00,206546.01,207198.45,206146.58,206622.0,11791
2023-10-27 05:00:00,206601.24,206975.04,205853.54,206428.1,10148
2023-10-27 06:00:00,206752.92,207349.81,206522.06,206935.93,12160
2023-10-27 07:00:00,206496.63,207511.45,204832.75,206371.81,12869
2023-10-27 08:00:00,206438.21,207096.94,205989.2,206451.05,10805
2023-10-27 09:00:00,206227.67,208160.23,206227.67,206937.35,12505
2023-10-27 10:00:00,206575.4,206812.32,203845.69,205660.83,13321
2023-10-27 11:00:00,205796.83,208750.55,203982.96,207086.44,9652
2023-10-27 12:00:00,206849.69,207626.53,206438.1,206936.66,12188
2023-10-27 13:00:00,206103.41,206103.41,205280.64,205692.03,7774
2023-10-27 14:00:00,206155.96,206299.81,205375.67,205888.04,8425
2023-10-27 15:00:00,206090.87,206240.44,205675.85,205996.21,11739
2023-10-27 16:00:00,206098.74,206678.49,205129.11,206030.46,3834
2023-10-27 17:00:00,206086.8,209101.71,205949.35,206742.44,19071
2023-10-27 18:00:00,206971.82,207687.01,206857.92,207272.47,11516
2023-10-27 19:00:00,206759.79,208718.08,206086.17,207494.37,7142
2023-10-27 20:00:00,206979.55,209446.35,206307.76,207806.06,9959
2023-10-27 21:00:00,207995.07,208914.73,207167.06,207754.18,14223
2023-10-27 22:00:00,208128.91,210064.16,208128.91,208900.43,12835
2023-10-27 23:00:00,208797.7,208797.7,206487.25,207916.36,11046
2023-10-28 00:00:00,208269.0,209250.69,207024.47,208015.47,6252
2023-10-28 01:00:00,207585.93,210253.45,205621.08,208060.55,10908
2023-10-28 02:00:00,207894.8,208709.41,207647.92,208581.85,8036
2023-10-28 03:00:00,208858.69,208943.12,207352.8,208022.33,10448
2023-10-28 04:00:00,207153.54,207153.54,206507.05,206920.89,4635
2023-10-28 05:00:00,207042.39,207494.65,206139.14,207080.49,4491
2023-10-28 06:00:00,207123.03,207926.46,206362.6,207315.34,5668
2023-10-28 07:00:00,207712.45,211383.33,207712.45,208306.9,10544
2023-10-28 08:00:00,207839.84,209518.68,205676.46,207500.37,9730
2023-10-28 09:00:00,207959.56,208874.64,207863.89,208280.45,12733
2023-10-28 10:00:00,208159.25,210219.42,208159.25,209799.82,13125
2023-10-28 11:00:00,209975.46,210698.38,209078.92,209497.92,8378
2023-10-28 12:00:00,209072.94,209072.94,206633.87,208631.81,8375
2023-10-28 13:00:00,209238.31,210148.71,208313.33,208375.57,11575
2023-10-28 14:00:00,208255.36,209402.86,207605.15,208401.52,9285
2023-10-28 15:00:00,208421.32,210345.09,206886.67,208780.04,6118
2023-10-28 16:00:00,208937.76,209379.62,207349.39,208404.62,8105
2023-10-28 17:00:00,209382.42,209800.83,209382.42,209414.76,15898
2023-10-28 18:00:00,208848.47,208848.47,207515.25,208674.63,8994
2023-10-28 19:00:00,207806.18,207806.18,207304.58,207569.45,9159
2023-10-28 20:00:00,207913.58,208746.9,207913.58,208330.24,8532
2023-10-28 21:00:00,207249.84,207249.84,206615.29,206905.55,9584
2023-10-28 22:00:00,206947.62,207282.08,206454.61,206868.34,9705
2023-10-28 23:00:00,207138.95,209631.11,207138.95,208936.76,13104
2023-10-29 00:00:00,208995.67,210704.7,207967.19,208930.77,14520
2023-10-29 01:00:00,208875.12,208875.12,207798.88,208215.31,8322
2023-10-29 02:00:00,207795.66,208628.51,207795.66,208212.09,8264
2023-10-29 03:00:00,208631.52,208631.52,207798.66,208215.09,8127
2023-10-29 04:00:00,208276.67,211571.1,207936.98,208353.69,15712
2023-10-29 05:00:00,208498.46,208828.11,207918.37,208804.67,8184
2023-10-29 06:00:00,208566.9,208566.9,206647.55,208150.6,11626
2023-10-29 07:00:00,208297.45,209578.49,207096.81,209268.88,14993
2023-10-29 08:00:00,209423.8,209423.8,208998.63,209417.47,7289
2023-10-29 09:00:00,209359.27,209886.52,208943.62,209868.81,4870
2023-10-29 10:00:00,209850.56,209850.56,208281.63,209431.69,10811
2023-10-29 11:00:00,209565.23,210667.83,209201.69,210247.33,9073
2023-10-29 12:00:00,210112.04,210112.04,208882.2,210035.18,6618
2023-10-29 13:00:00,209687.33,210599.99,208671.71,210179.63,7902
2023-10-29 14:00:00,210265.29,211015.13,209121.74,209540.82,10849
2023-10-29 15:00:00,209313.7,209313.7,206312.93,208895.91,11043
2023-10-29 16:00:00,208496.89,209780.86,207720.25,209362.14,10733
2023-10-29 17:00:00,209109.2,209785.89,208663.42,209081.58,9178
2023-10-29 18:00:00,209193.96,209193.96,207410.47,208552.16,14720
2023-10-29 19:00:00,208601.51,208601.51,207131.44,208185.14,11128
2023-10-29 20:00:00,208390.74,209432.53,208390.74,208696.36,11320
2023-10-29 21:00:00,209118.41,209162.09,207720.8,208336.83,9404
2023-10-29 22:00:00,208438.62,208949.89,207907.11,208323.76,9829
2023-10-29 23:00:00,208092.8,209613.24,207984.5,208396.54,10841
2023-10-30 00:00:00,207648.97,207648.97,206820.03,207234.5,7622
2023-10-30 01:00:00,206674.58,206674.58,206007.19,206420.03,22756
2023-10-30 02:00:00,206377.73,207204.9,206377.73,206791.32,7923
2023-10-30 03:00:00,207285.0,207584.35,205424.19,206465.35,6697
2023-10-30 04:00:00,206557.11,208435.28,206410.33,207288.92,11874
2023-10-30 05:00:00,207627.55,208440.72,207619.66,208024.67,11611
2023-10-30 06:00:00,208183.17,208852.48,206620.2,208572.88,17720
2023-10-30 07:00:00,209379.31,211053.17,209379.31,209798.91,8976
2023-10-30 08:00:00,209332.72,210466.89,209332.72,209752.22,12281
2023-10-30 09:00:00,210008.33,212001.84,209501.48,210180.6,8502
2023-10-30 10:00:00,210325.57,210465.08,208912.34,209799.58,9812
2023-10-30 11:00:00,210410.89,211811.89,210071.83,211389.12,12131
2023-10-30 12:00:00,212193.95,213044.43,212193.95,212619.19,13204
2023-10-30 13:00:00,212301.25,214391.11,211977.45,212517.76,8110
2023-10-30 14:00:00,212332.26,213905.99,210941.14,212665.79,11754
2023-10-30 15:00:00,213013.03,213454.79,213013.03,213439.91,3766
2023-10-30 16:00:00,213621.28,213621.28,212852.83,213194.89,8935
2023-10-30 17:00:00,213003.86,213003.86,211963.79,212631.23,11301
2023-10-30 18:00:00,212666.31,213259.24,212666.31,213092.49,5419
2023-10-30 19:00:00,212914.8,213444.78,212914.8,213018.74,11639
2023-10-30 20:00:00,213072.26,213447.2,212595.11,213021.15,6126
2023-10-30 21:00:00,212613.17,213873.38,211937.91,212362.63,7906
2023-10-30 22:00:00,212272.5,212272.5,210739.31,211161.64,13405
2023-10-30 23:00:00,211283.15,214203.43,210671.52,211286.92,8433
2023-10-31 00:00:00,211347.76,211980.39,211347.76,211843.06,4688
2023-10-31 01:00:00,211866.19,212064.43,211217.87,211641.15,10292
2023-10-31 02:00:00,212210.62,212954.84,212210.62,212529.78,15337
2023-10-31 03:00:00,212974.71,212974.71,210539.33,211989.72,14058
2023-10-31 04:00:00,211536.45,211672.71,208946.4,211250.2,8681
2023-10-31 05:00:00,211358.17,212677.1,210764.17,211186.54,9626
2023-10-31 06:00:00,211158.99,214003.23,210516.01,211117.07,8596
2023-10-31 07:00:00,211180.51,214344.82,211180.51,211603.71,7146
2023-10-31 08:00:00,211128.09,211493.28,210346.01,211071.14,7054
2023-10-31 09:00:00,211543.32,213604.12,211525.42,211949.32,6495
2023-10-31 10:00:00,212470.75,213605.54,211936.66,213179.18,10360
2023-10-31 11:00:00,213143.23,215435.9,213012.33,213049.93,11904
2023-10-31 12:00:00,213132.79,214197.93,211152.97,213770.39,10193
2023-10-31 13:00:00,213889.82,215440.72,210988.7,212948.95,12590
2023-10-31 14:00:00,213130.88,214528.11,213130.88,213557.99,12964
2023-10-31 15:00:00,213696.13,215307.81,213696.13,214124.37,7075
2023-10-31 16:00:00,213942.91,214579.66,212872.92,214542.87,9172
2023-10-31 17:00:00,214163.44,214797.65,213733.3,214368.91,9829
2023-10-31 18:00:00,212439.29,212439.29,211522.89,212275.52,8854
2023-10-31 19:00:00,212226.02,212226.02,210543.17,211802.42,14811
2023-10-31 20:00:00,211260.92,211507.54,210582.12,211363.19,9491
2023-10-31 21:00:00,211141.05,211141.05,209624.39,210719.61,6436
2023-10-31 22:00:00,210192.12,211239.99,209334.83,210818.35,13146
2023-10-31 23:00:00,210503.6,211458.91,210143.4,210564.53,5884
2023-11-01 00:00:00,210417.14,211584.24,209092.94,210064.23,15710
2023-11-01 01:00:00,209868.03,210227.05,209019.86,209438.74,8127
2023-11-01 02:00:00,209347.16,209347.16,208645.58,209063.7,11585
2023-11-01 03:00:00,208388.32,210303.13,207476.24,209883.37,9244
2023-11-01 04:00:00,209876.63,209945.83,209107.73,209526.78,10760
2023-11-01 05:00:00,209704.54,209704.54,207602.38,209285.97,17240
2023-11-01 06:00:00,209152.4,210109.55,206552.07,209091.03,11001
2023-11-01 07:00:00,209671.11,209831.75,206792.07,209418.33,7829
2023-11-01 08:00:00,209790.34,210227.54,209149.35,209807.93,11668
2023-11-01 09:00:00,208350.21,208350.21,205925.14,207934.34,9253
2023-11-01 10:00:00,208609.56,208934.93,208609.56,208753.09,13438
2023-11-01 11:00:00,208875.58,211047.26,208482.24,209799.78,15228
2023-11-01 12:00:00,209626.56,209626.56,208379.69,209208.15,9072
2023-11-01 13:00:00,209335.76,210074.09,208277.53,208694.92,11307
2023-11-01 14:00:00,208292.61,208636.77,208223.3,208538.74,21158
2023-11-01 15:00:00,208666.47,210082.85,207776.86,208193.25,11434
2023-11-01 16:00:00,207839.12,208908.51,206685.21,208491.53,10336
2023-11-01 17:00:00,207751.9,207751.9,206977.67,207392.46,13724
2023-11-01 18:00:00,207292.67,207292.67,205869.17,206878.91,11750
2023-11-01 19:00:00,207659.89,208492.2,207659.89,208076.04,5311
2023-11-01 20:00:00,207711.08,208068.49,206647.45,207653.18,14981
2023-11-01 21:00:00,208438.73,208906.64,208438.73,208632.59,12415
2023-11-01 22:00:00,209177.93,211204.67,208586.12,209004.12,12396
2023-11-01 23:00:00,208181.05,208721.74,207651.63,207974.71,8766
2023-11-02 00:00:00,208339.38,209044.84,208339.38,208553.93,11110
2023-11-02 01:00:00,208183.81,209046.46,206518.7,208629.2,16193
2023-11-02 02:00:00,208662.11,208905.74,207123.43,208488.77,6229
2023-11-02 03:00:00,208384.06,209219.27,208384.06,208801.66,16736
2023-11-02 04:00:00,208664.55,209669.83,208298.14,209251.33,10113
2023-11-02 05:00:00,209499.01,210251.51,208654.24,209831.85,9296
2023-11-02 06:00:00,210269.74,211112.5,210269.74,210691.12,12140
2023-11-02 07:00:00,210441.53,212373.26,210314.38,211014.61,10760
2023-11-02 08:00:00,210588.78,210588.78,209889.35,210168.44,13754
2023-11-02 09:00:00,210361.94,210367.13,209527.34,209947.23,9399
2023-11-02 10:00:00,211699.6,213268.11,211699.6,211935.9,12051
2023-11-02 11:00:00,211742.7,213095.13,211202.88,212409.99,9524
2023-11-02 12:00:00,213904.23,215390.88,213904.23,213937.36,13946
2023-11-02 13:00:00,214338.55,215202.68,214338.55,214768.09,8709
2023-11-02 14:00:00,214626.32,215769.79,214626.32,214803.17,9574
2023-11-02 15:00:00,215059.6,215089.63,214369.43,214877.19,9272
2023-11-02 16:00:00,215163.99,215929.61,212745.77,214732.0,8815
2023-11-02 17:00:00,213661.71,213661.71,213218.15,213473.99,9711
2023-11-02 18:00:00,213504.49,213860.03,212332.27,213433.17,11602
2023-11-02 19:00:00,213517.35,214602.66,212914.83,214174.32,9903
2023-11-02 20:00:00,214079.57,214480.44,210543.21,213698.46,13032
2023-11-02 21:00:00,213738.8,213961.1,213738.8,213912.21,6282
2023-11-02 22:00:00,213804.43,215450.8,213708.7,214404.47,13071
2023-11-02 23:00:00,214063.16,214063.16,212472.32,213721.91,7574
2023-11-03 00:00:00,214088.18,214468.2,212440.16,213379.98,4192
2023-11-03 01:00:00,213350.91,214207.4,212392.24,212686.1,6893
2023-11-03 02:00:00,212582.06,212582.06,211733.43,212157.74,10799
2023-11-03 03:00:00,211889.93,211889.93,210930.63,211353.33,9154
2023-11-03 04:00:00,211306.63,211306.63,210006.41,210841.66,6939
2023-11-03 05:00:00,211057.87,212277.5,209832.05,211853.8,9885
2023-11-03 06:00:00,211734.19,211734.19,210772.4,211311.56,11945
2023-11-03 07:00:00,211051.24,212864.46,211051.24,211474.19,5776
2023-11-03 08:00:00,211069.52,212416.51,210800.44,211222.89,6846
2023-11-03 09:00:00,211651.73,213040.75,211651.73,212075.88,10367
2023-11-03 10:00:00,212153.32,213408.56,212153.32,212982.6,15834
2023-11-03 11:00:00,213134.72,213988.97,213134.72,213561.85,10377
2023-11-03 12:00:00,214189.9,216389.97,213323.08,213750.59,11382
2023-11-03 13:00:00,213900.01,214017.63,213212.08,213578.97,11323
2023-11-03 14:00:00,213212.49,213212.49,211428.91,212786.92,13923
2023-11-03 15:00:00,213653.23,215859.49,213653.23,214081.4,7972
2023-11-03 16:00:00,213729.44,213729.44,212756.99,213548.99,12511
2023-11-03 17:00:00,213279.95,214404.56,213279.95,213976.61,12140
2023-11-03 18:00:00,213408.85,215072.45,213408.85,214643.16,12911
2023-11-03 19:00:00,214591.0,216029.64,212911.16,214221.82,8735
2023-11-03 20:00:00,213868.28,215301.38,213430.68,214867.81,15429
2023-11-03 21:00:00,215151.48,215739.6,215151.48,215308.98,16484
2023-11-03 22:00:00,215358.47,216788.04,215358.47,216369.1,11386
2023-11-03 23:00:00,216129.87,216364.08,214187.59,215932.22,7561
2023-11-04 00:00:00,215411.81,215411.81,214419.43,214981.84,11910
2023-11-04 01:00:00,214297.38,215382.35,212791.15,214596.38,7335
2023-11-04 02:00:00,214913.35,216080.23,214268.83,214698.22,12922
2023-11-04 03:00:00,215278.86,216389.71,214443.77,214695.31,11068
2023-11-04 04:00:00,214485.35,216964.49,213144.99,214392.49,9459
2023-11-04 05:00:00,213711.92,213711.92,212161.14,213108.54,9834
2023-11-04 06:00:00,213497.77,213504.46,212426.59,213447.32,11011
2023-11-04 07:00:00,214322.74,215181.75,214322.74,214752.25,12234
2023-11-04 08:00:00,214582.18,216556.17,214582.18,215012.2,7326
2023-11-04 09:00:00,215134.32,218326.28,214035.25,215357.83,16398
2023-11-04 10:00:00,215657.12,215880.55,214667.49,215663.98,10661
2023-11-04 11:00:00,215493.7,216967.4,215113.36,215838.99,9121
2023-11-04 12:00:00,215977.8,218171.86,215423.4,216360.3,7544
2023-11-04 13:00:00,216470.52,219139.21,216163.1,216501.94,13212
2023-11-04 14:00:00,216009.52,216348.97,215735.92,216168.26,8347
2023-11-04 15:00:00,215966.55,215966.55,213064.86,215535.48,9943
2023-11-04 16:00:00,215548.76,215727.21,213454.88,215296.62,9819
2023-11-04 17:00:00,215169.21,215834.51,213571.96,215445.82,8240
2023-11-04 18:00:00,215433.29,215905.36,213990.03,215176.67,6788
2023-11-04 19:00:00,215423.7,215766.86,215230.44,215336.18,8906
2023-11-04 20:00:00,215690.59,216242.94,214486.47,215569.42,9435
2023-11-04 21:00:00,215620.95,216216.19,215620.95,216053.05,10586
2023-11-04 22:00:00,216813.76,217249.45,216813.76,216815.82,6793
2023-11-04 23:00:00,217178.51,217178.51,216376.21,216745.02,13166
2023-11-05 00:00:00,216202.42,216202.42,214284.55,215761.3,12526
2023-11-05 01:00:00,215681.45,217010.28,214210.75,215469.14,10191
2023-11-05 02:00:00,215152.09,217851.72,214864.62,215447.79,7116
2023-11-05 03:00:00,214615.66,214615.66,213758.91,214187.29,9105
2023-11-05 04:00:00,214297.8,215541.86,213640.96,215111.64,11325
2023-11-05 05:00:00,215168.75,216154.71,213226.49,215176.61,7463
2023-11-05 06:00:00,215522.11,216043.83,214005.43,215395.81,11097
2023-11-05 07:00:00,215821.89,216763.78,215821.89,216254.4,6606
2023-11-05 08:00:00,216151.03,217427.35,215352.55,215754.94,8319
2023-11-05 09:00:00,215641.9,217218.92,215641.9,216074.05,11967
2023-11-05 10:00:00,216075.3,216820.14,214475.13,215928.85,8516
2023-11-05 11:00:00,216417.56,217593.35,214464.74,215741.96,10564
2023-11-05 12:00:00,215601.38,215601.38,212421.36,215171.04,15068
2023-11-05 13:00:00,215749.43,218082.49,215749.43,216236.31,8922
2023-11-05 14:00:00,216420.93,216753.19,215472.22,215904.03,13530
2023-11-05 15:00:00,215871.21,217579.26,215871.21,216303.81,7727
2023-11-05 16:00:00,215410.12,215410.12,213174.46,214980.16,6542
2023-11-05 17:00:00,214994.7,216169.22,214994.7,215737.74,8792
2023-11-05 18:00:00,215995.43,217650.9,214537.38,216379.72,7921
2023-11-05 19:00:00,216526.86,217273.65,214633.99,216360.09,9164
2023-11-05 20:00:00,216540.55,217227.97,214947.57,216126.19,13015
2023-11-05 21:00:00,216050.43,217086.61,215205.33,216321.1,6886
2023-11-05 22:00:00,217714.13,218609.07,217714.13,217756.96,14821
2023-11-05 23:00:00,216862.25,216862.25,215986.68,216429.39,14554
2023-11-06 00:00:00,216431.81,217299.27,216431.81,216865.54,9784
2023-11-06 01:00:00,216571.34,216591.89,213599.66,216159.57,9344
2023-11-06 02:00:00,215963.17,218115.75,214375.21,216080.75,6509
2023-11-06 03:00:00,215971.08,217626.03,214761.43,215856.27,9033
2023-11-06 04:00:00,215548.1,215957.03,213456.99,215525.98,12036
2023-11-06 05:00:00,215636.9,215922.19,215369.64,215491.2,5821
2023-11-06 06:00:00,215054.27,215054.27,214286.96,214716.39,8540
2023-11-06 07:00:00,215075.4,218728.3,215075.4,215405.72,8733
2023-11-06 08:00:00,214709.17,215204.61,213774.01,214202.41,5176
2023-11-06 09:00:00,214226.69,215023.94,213802.4,214594.75,6050
2023-11-06 10:00:00,214321.19,214847.2,213689.06,214401.58,8534
2023-11-06 11:00:00,214092.12,214092.12,213470.22,213664.79,7169
2023-11-06 12:00:00,213115.81,215427.6,211909.38,213866.86,9454
2023-11-06 13:00:00,213308.83,213308.83,212340.84,212909.83,13194
2023-11-06 14:00:00,213010.76,215324.37,212381.47,213041.35,5305
2023-11-06 15:00:00,212432.45,212432.45,210909.84,212211.11,8252
2023-11-06 16:00:00,212056.01,212752.31,210617.86,212648.05,7418
2023-11-06 17:00:00,212753.85,213557.45,211847.16,212168.28,13589
2023-11-06 18:00:00,212443.27,212443.27,211640.58,212019.23,7718
2023-11-06 19:00:00,212323.44,212786.52,211064.67,212361.8,7520
2023-11-06 20:00:00,212187.78,212187.78,210615.69,211995.49,7334
2023-11-06 21:00:00,211909.5,212535.27,211053.92,212111.04,14045
2023-11-06 22:00:00,211878.25,211974.23,209529.56,211277.4,12562
2023-11-06 23:00:00,211303.49,212109.42,210200.02,211877.87,7997
2023-11-07 00:00:00,212898.41,214288.04,212898.41,213189.76,17199
2023-11-07 01:00:00,213311.46,215644.16,211893.85,215117.82,4780
2023-11-07 02:00:00,215070.65,216851.91,214609.0,215199.34,9778
2023-11-07 03:00:00,215168.71,216872.11,214541.92,215737.8,10234
2023-11-07 04:00:00,214984.13,214984.13,214403.09,214555.02,11276
2023-11-07 05:00:00,215165.26,216531.12,215165.26,215596.46,9817
2023-11-07 06:00:00,215717.06,216546.03,213521.66,216113.8,8356
2023-11-07 07:00:00,216052.81,216210.18,214975.75,215778.63,9155
2023-11-07 08:00:00,216072.24,217295.8,214342.54,216596.63,11236
2023-11-07 09:00:00,216708.78,218170.14,215121.55,216393.55,5605
2023-11-07 10:00:00,216450.32,216499.49,214002.37,216067.36,7060
2023-11-07 11:00:00,215907.76,216519.46,215643.19,216378.94,6639
2023-11-07 12:00:00,216888.55,217824.05,215044.55,215662.04,7355
2023-11-07 13:00:00,216130.3,216558.08,215710.5,216357.55,16066
2023-11-07 14:00:00,215792.87,215792.87,214212.23,215649.64,14020
2023-11-07 15:00:00,215674.36,215674.36,214560.96,214980.2,13490
2023-11-07 16:00:00,215416.21,216028.64,214393.25,214436.31,7103
2023-11-07 17:00:00,214585.25,217836.64,214585.25,215015.28,14090
2023-11-07 18:00:00,214972.86,214972.86,214479.18,214664.5,13044
2023-11-07 19:00:00,214051.03,214051.03,213424.13,213851.83,12509
2023-11-07 20:00:00,213615.5,214191.42,211174.27,213567.9,12911
2023-11-07 21:00:00,213247.22,214023.62,213247.22,213674.57,12445
2023-11-07 22:00:00,213296.91,213620.67,212151.5,213027.15,10717
2023-11-07 23:00:00,212859.08,212859.08,211188.86,212434.21,9050
2023-11-08 00:00:00,212377.37,215628.68,210860.67,213996.94,9310
2023-11-08 01:00:00,214187.32,214187.32,212391.12,213554.84,9392
2023-11-08 02:00:00,213571.49,214255.57,213060.41,213487.39,6846
2023-11-08 03:00:00,212960.11,213625.04,212635.12,213394.49,8159
2023-11-08 04:00:00,213513.28,213847.63,212846.78,213273.33,10543
2023-11-08 05:00:00,213761.92,216106.12,213761.92,213837.76,8866
2023-11-08 06:00:00,214422.24,215019.9,214199.61,214590.72,15806
2023-11-08 07:00:00,214091.6,215768.33,213183.73,214489.91,7886
2023-11-08 08:00:00,214634.72,214634.72,212689.44,213783.92,6523
2023-11-08 09:00:00,214101.8,215275.97,213370.93,214756.13,11947
2023-11-08 10:00:00,214354.24,215213.37,214354.24,214783.81,5909
2023-11-08 11:00:00,214747.54,216444.26,213436.71,216012.24,10047
2023-11-08 12:00:00,214815.04,214815.04,214439.53,214562.88,6815
2023-11-08 13:00:00,214365.99,215229.35,212975.74,214799.75,12078
2023-11-08 14:00:00,215181.58,216592.8,215181.58,216160.48,14105
2023-11-08 15:00:00,215819.51,216398.46,215534.59,215966.52,9369
2023-11-08 16:00:00,216299.39,216299.39,215640.76,215867.66,17560
2023-11-08 17:00:00,215813.28,217590.5,214879.83,216118.99,14075
2023-11-08 18:00:00,216165.0,217164.21,215222.18,215789.03,13845
2023-11-08 19:00:00,215862.52,217550.48,213535.61,215638.8,11955
2023-11-08 20:00:00,215545.48,215612.49,215051.09,215482.06,14821
2023-11-08 21:00:00,215435.4,215435.4,214752.25,215146.57,16577
2023-11-08 22:00:00,215058.71,217418.6,214956.95,216050.03,9417
2023-11-08 23:00:00,216023.68,217075.6,214839.3,216408.36,15208
2023-11-09 00:00:00,215848.99,218554.32,214439.02,216614.23,8518
2023-11-09 01:00:00,216728.34,217616.17,215295.53,217181.8,9990
2023-11-09 02:00:00,217044.34,217440.41,216572.39,217006.4,8567
2023-11-09 03:00:00,216992.59,218142.62,216253.52,216502.72,8718
2023-11-09 04:00:00,216428.56,217343.65,215071.8,216141.19,7072
2023-11-09 05:00:00,216209.89,217957.1,215764.53,216196.92,8645
2023-11-09 06:00:00,216053.01,217102.46,215472.78,215548.45,14289
2023-11-09 07:00:00,215527.18,215535.41,213408.77,215300.74,13917
2023-11-09 08:00:00,215170.55,215795.13,213270.58,215050.53,14357
2023-11-09 09:00:00,215886.81,217471.38,215886.81,216554.88,14039
2023-11-09 10:00:00,216375.59,216375.59,212752.46,214750.78,12114
2023-11-09 11:00:00,215116.47,216942.12,214047.28,214758.37,11606
2023-11-09 12:00:00,215589.59,216453.67,215589.59,216021.63,8310
2023-11-09 13:00:00,215865.11,217101.58,215739.09,216171.44,12522
2023-11-09 14:00:00,216434.27,217166.82,215526.93,216733.35,10875
2023-11-09 15:00:00,216433.67,217292.67,216404.84,216838.52,9661
2023-11-09 16:00:00,217004.15,217561.04,214934.68,216432.78,13986
2023-11-09 17:00:00,215540.04,215540.04,213697.88,215005.91,4532
2023-11-09 18:00:00,214949.01,216891.96,214881.99,215271.49,6110
2023-11-09 19:00:00,215454.01,216595.78,213810.98,214878.75,10098
2023-11-09 20:00:00,214917.39,214917.39,214059.44,214488.41,12701
2023-11-09 21:00:00,214767.99,215263.09,212518.67,214316.5,19580
2023-11-09 22:00:00,215111.9,216386.69,215111.9,215627.12,5437
2023-11-09 23:00:00,216882.8,217618.2,216882.8,217317.44,9903
2023-11-10 00:00:00,217353.69,218555.59,215637.37,217482.19,8569
2023-11-10 01:00:00,217386.77,217892.31,216267.32,217187.31,13545
2023-11-10 02:00:00,217649.47,218995.82,215619.41,216433.75,7082
2023-11-10 03:00:00,216332.35,217371.12,214895.62,216810.68,12532
2023-11-10 04:00:00,216959.65,219794.94,216625.2,218043.22,14824
2023-11-10 05:00:00,217850.52,219592.34,217472.56,217872.29,8137
2023-11-10 06:00:00,216724.44,216724.44,215612.22,216291.86,12378
2023-11-10 07:00:00,216344.9,217690.02,216344.9,216816.78,10193
2023-11-10 08:00:00,217092.18,217730.4,217092.18,217527.24,9496
2023-11-10 09:00:00,217519.05,217519.05,214899.2,216496.34,18365
2023-11-10 10:00:00,217124.18,217124.18,215463.64,216690.79,15349
2023-11-10 11:00:00,216829.84,217350.02,216829.84,217059.61,19431
2023-11-10 12:00:00,216982.48,217784.03,216982.48,217061.68,7124
2023-11-10 13:00:00,216885.7,217675.96,216153.38,216586.55,7506
2023-11-10 14:00:00,216899.03,218284.12,216899.03,217333.7,9370
2023-11-10 15:00:00,217240.97,218573.98,216670.61,217104.82,13939
2023-11-10 16:00:00,217336.05,217336.05,215540.39,216173.16,12914
2023-11-10 17:00:00,215346.45,215346.45,214486.78,214916.62,15259
2023-11-10 18:00:00,215497.76,216602.91,215497.76,215904.87,11894
2023-11-10 19:00:00,216230.52,218563.13,216230.52,216425.52,13598
2023-11-10 20:00:00,216520.12,217644.83,216142.47,216575.62,14514
2023-11-10 21:00:00,216336.27,217874.47,213721.55,216366.53,8771
2023-11-10 22:00:00,215921.51,216545.64,215080.68,216113.41,7201
2023-11-10 23:00:00,215671.82,216392.77,215080.92,215511.94,6970
2023-11-11 00:00:00,215013.42,215495.65,214577.13,215365.86,8174
2023-11-11 01:00:00,214539.47,214539.47,213775.66,214111.25,9647
2023-11-11 02:00:00,214111.82,214111.82,212509.41,213833.83,7509
2023-11-11 03:00:00,213623.32,215979.75,211766.25,213849.26,13043
2023-11-11 04:00:00,214400.09,214727.27,214039.66,214468.59,12859
2023-11-11 05:00:00,214408.31,215062.17,212874.19,214632.9,11481
2023-11-11 06:00:00,214476.79,217153.59,213932.11,215338.8,9462
2023-11-11 07:00:00,215946.19,216764.49,215946.19,216378.95,10574
2023-11-11 08:00:00,216748.11,218724.83,216748.11,217182.47,14736
2023-11-11 09:00:00,216998.85,220001.41,216798.62,217559.32,19521
2023-11-11 10:00:00,217771.43,219361.75,216970.5,217611.1,7335
2023-11-11 11:00:00,217960.57,218740.69,214597.49,217006.29,8229
2023-11-11 12:00:00,216851.3,218009.2,214961.82,217574.05,12584
2023-11-11 13:00:00,217412.76,219181.17,216871.22,218743.68,13131
2023-11-11 14:00:00,219066.34,220540.08,218445.26,218964.33,12319
2023-11-11 15:00:00,219787.06,220474.95,219787.06,220227.51,11687
2023-11-11 16:00:00,219554.46,219554.46,218599.68,219116.22,10766
2023-11-11 17:00:00,218958.18,218958.18,217882.7,218315.59,19246
2023-11-11 18:00:00,218247.26,220203.41,217752.28,218904.0,7746
2023-11-11 19:00:00,218752.43,219509.71,216016.36,219071.56,6609
2023-11-11 20:00:00,218772.06,220691.96,218772.06,219936.1,5461
2023-11-11 21:00:00,220169.06,220179.9,217472.54,219865.94,10868
2023-11-11 22:00:00,219663.94,219663.94,218791.54,219230.0,11338
2023-11-11 23:00:00,219061.86,220404.46,217902.78,219069.54,10126
2023-11-12 00:00:00,218466.91,218466.91,217594.79,218030.85,9508
2023-11-12 01:00:00,218533.24,220010.09,215589.48,217318.62,13117
2023-11-12 02:00:00,217336.84,219792.97,217216.44,218042.82,9167
2023-11-12 03:00:00,218397.88,220304.83,218397.88,218668.42,8627
2023-11-12 04:00:00,219141.32,219569.33,217943.01,218927.14,12806
2023-11-12 05:00:00,218655.73,219223.11,217355.67,217779.77,12569
2023-11-12 06:00:00,217514.48,218038.74,217121.16,217603.53,7674
2023-11-12 07:00:00,217057.74,217057.74,216126.82,216859.31,12733
2023-11-12 08:00:00,216999.77,218235.59,216999.77,217752.72,6959
2023-11-12 09:00:00,217667.64,218369.54,217401.12,217436.35,13300
2023-11-12 10:00:00,217158.54,217236.62,216541.42,216803.01,7625
2023-11-12 11:00:00,216945.74,217374.26,216210.71,216940.38,11151
2023-11-12 12:00:00,216995.02,216995.02,216594.77,216628.3,9729
2023-11-12 13:00:00,216500.94,218489.43,216490.69,217743.32,14959
2023-11-12 14:00:00,217903.44,219209.28,216477.75,217326.37,13354
2023-11-12 15:00:00,216704.62,216704.62,214568.45,216490.15,13150
2023-11-12 16:00:00,216569.42,216569.42,214190.31,215198.23,11234
2023-11-12 17:00:00,215102.3,215805.71,213181.93,215374.96,10765
2023-11-12 18:00:00,215505.47,215559.25,214762.12,215192.51,7522
2023-11-12 19:00:00,214877.62,214877.62,214032.17,214448.72,17666
2023-11-12 20:00:00,215035.44,215916.51,215035.44,215466.37,9110
2023-11-12 21:00:00,215663.95,216528.33,215663.95,216096.14,11393
2023-11-12 22:00:00,215974.83,216673.27,215808.31,216240.79,11269
2023-11-12 23:00:00,215989.93,217734.8,215186.6,217300.2,13298
2023-11-13 00:00:00,217414.01,219149.38,217414.01,217849.71,11758
2023-11-13 01:00:00,217489.03,217489.03,215941.92,217384.58,9679
2023-11-13 02:00:00,217554.49,218096.35,216367.43,216801.03,12301
2023-11-13 03:00:00,217046.4,219917.97,217046.4,217481.37,12023
2023-11-13 04:00:00,217340.79,220180.59,216346.15,217852.96,15632
2023-11-13 05:00:00,218274.21,218420.94,217615.7,218051.8,6895
2023-11-13 06:00:00,217813.8,217813.8,217125.85,217560.97,5489
2023-11-13 07:00:00,217977.54,218219.87,217629.97,218066.1,10174
2023-11-13 08:00:00,218361.53,218761.18,216620.14,217634.48,15590
2023-11-13 09:00:00,217776.2,219065.68,216891.55,217660.27,13342
2023-11-13 10:00:00,218280.9,219401.76,218280.9,218718.34,15461
2023-11-13 11:00:00,219179.12,219660.92,217173.38,218318.13,11705
2023-11-13 12:00:00,217843.51,217843.51,215352.02,217328.19,17545
2023-11-13 13:00:00,217172.29,217172.29,213465.25,216738.81,10841
2023-11-13 14:00:00,216373.37,218852.14,216373.37,217541.29,8001
2023-11-13 15:00:00,217396.76,219997.12,216718.54,217814.62,4587
2023-11-13 16:00:00,217729.86,218254.97,217383.69,217819.33,13490
2023-11-13 17:00:00,217734.08,218005.14,215480.23,217570.0,8452
2023-11-13 18:00:00,217525.96,218427.56,216545.96,217991.58,8721
2023-11-13 19:00:00,217939.53,217939.53,217069.51,217504.52,10591
2023-11-13 20:00:00,217813.5,218402.74,217813.5,217814.53,7332
2023-11-13 21:00:00,217856.85,217856.85,214544.78,217422.0,8836
2023-11-13 22:00:00,217719.62,218166.64,216484.28,216937.84,9984
2023-11-13 23:00:00,216823.7,217082.85,214988.49,216649.55,6240
2023-11-14 00:00:00,216542.74,216983.88,214732.9,216550.78,8618
2023-11-14 01:00:00,216471.97,217443.02,216243.14,216676.49,6401
2023-11-14 02:00:00,216494.05,217420.49,216494.05,216986.51,9647
2023-11-14 03:00:00,215639.48,215639.48,214247.74,214677.1,7545
2023-11-14 04:00:00,214197.6,214960.72,212656.5,214399.75,14882
2023-11-14 05:00:00,214030.51,214837.7,212502.5,214408.88,13973
2023-11-14 06:00:00,214138.67,216094.89,213671.85,215663.56,10207
2023-11-14 07:00:00,215411.96,216672.26,214733.0,215163.32,8576
2023-11-14 08:00:00,215082.06,218193.71,215076.83,215507.84,5072
2023-11-14 09:00:00,215228.97,216916.8,214770.23,216714.11,7743
2023-11-14 10:00:00,216428.98,216428.98,215425.49,216005.7,6882
2023-11-14 11:00:00,215390.88,216936.97,215327.13,216461.87,12297
2023-11-14 12:00:00,216390.49,216538.56,215195.99,216106.35,10019
2023-11-14 13:00:00,216207.6,216754.66,214049.08,215964.84,9069
2023-11-14 14:00:00,216393.34,217333.97,215203.5,215634.77,7678
2023-11-14 15:00:00,215858.02,217260.92,214812.91,215367.84,12381
2023-11-14 16:00:00,215676.38,218489.52,215671.57,217388.29,11553
2023-11-14 17:00:00,216992.72,218518.62,216953.54,218082.45,6682
2023-11-14 18:00:00,217650.29,220416.08,216804.54,218918.68,18630
2023-11-14 19:00:00,219302.33,219527.14,219302.33,219311.22,12617
2023-11-14 20:00:00,219078.0,219078.0,217584.82,218276.25,9519
2023-11-14 21:00:00,218228.6,219973.08,217722.83,218633.51,17749
2023-11-14 22:00:00,218790.8,219614.03,218790.8,219430.09,11769
2023-11-14 23:00:00,219483.43,219846.39,217012.8,218901.2,10898
2023-11-15 00:00:00,219297.15,221405.17,219180.46,219619.7,7455
2023-11-15 01:00:00,219992.9,220572.56,219796.91,220132.3,9446
2023-11-15 02:00:00,220252.17,221838.04,219135.56,221395.25,9917
2023-11-15 03:00:00,221294.11,221294.11,220620.48,221062.61,10054
2023-11-15 04:00:00,220915.23,221843.1,219849.6,220290.18,7797
2023-11-15 05:00:00,219929.83,220498.17,219870.06,220058.05,8966
2023-11-15 06:00:00,220609.29,221430.77,220609.29,221051.4,6369
2023-11-15 07:00:00,221104.55,222019.13,217930.02,219792.25,8016
2023-11-15 08:00:00,218716.6,218716.6,216823.91,218442.98,9648
2023-11-15 09:00:00,217979.31,219491.77,216903.3,218614.0,8879
2023-11-15 10:00:00,218933.58,219593.5,217651.02,218425.67,10499
2023-11-15 11:00:00,218458.54,219213.35,218421.96,218551.34,13302
2023-11-15 12:00:00,218861.29,220505.7,218861.29,219299.89,15189
2023-11-15 13:00:00,219121.86,220481.21,218569.23,219007.24,12879
2023-11-15 14:00:00,218281.19,218281.19,217409.81,217845.5,13377
2023-11-15 15:00:00,218922.37,221677.06,218922.37,219361.09,7287
2023-11-15 16:00:00,219579.44,219957.31,217835.48,218773.3,8747
2023-11-15 17:00:00,218614.94,218614.94,217286.7,218178.58,10476
2023-11-15 18:00:00,218622.14,219498.39,218622.14,219060.27,5124
2023-11-15 19:00:00,219004.23,220485.51,218242.7,218910.37,9465
2023-11-15 20:00:00,219062.91,219455.49,218542.66,218980.62,10832
2023-11-15 21:00:00,219257.5,219814.79,218977.13,219415.96,13502
2023-11-15 22:00:00,219793.72,221170.57,219793.72,220234.19,9035
2023-11-15 23:00:00,220301.52,221083.03,219616.93,220057.05,14719
2023-11-16 00:00:00,221035.15,222987.43,221035.15,221138.44,5222
2023-11-16 01:00:00,220134.26,220134.26,219255.49,219694.87,10444
2023-11-16 02:00:00,220251.67,222676.14,219817.08,220280.02,8906
2023-11-16 03:00:00,220772.55,221029.2,219159.05,219760.84,9456
2023-11-16 04:00:00,219633.53,221201.87,219633.53,220760.35,8446
2023-11-16 05:00:00,221226.54,221323.63,220440.1,220881.86,11335
2023-11-16 06:00:00,220195.06,220468.89,219208.98,220449.7,11271
2023-11-16 07:00:00,220500.88,221384.66,220500.88,220942.77,8455
2023-11-16 08:00:00,221540.29,222141.65,221371.36,221572.21,6633
2023-11-16 09:00:00,221834.76,222366.77,219909.63,222002.4,8267
2023-11-16 10:00:00,221835.34,221835.34,220439.03,221274.38,9662
2023-11-16 11:00:00,221010.71,221394.84,220374.5,220952.94,12784
2023-11-16 12:00:00,221690.97,221690.97,219274.17,220970.97,16715
2023-11-16 13:00:00,220694.14,224057.94,219961.54,220965.4,12815
2023-11-16 14:00:00,221031.49,223268.83,221031.49,221499.9,7529
2023-11-16 15:00:00,221046.38,221213.48,218820.17,220134.54,9447
2023-11-16 16:00:00,219993.87,220871.44,219170.84,220430.58,11084
2023-11-16 17:00:00,220727.25,221492.89,220002.72,220289.17,9602
2023-11-16 18:00:00,219999.87,220226.14,219170.92,219786.57,6688
2023-11-16 19:00:00,220010.82,220606.86,217324.2,219377.12,6884
2023-11-16 20:00:00,219712.47,219712.47,218126.49,219341.22,12052
2023-11-16 21:00:00,217467.68,217467.68,216228.6,217033.62,15806
2023-11-16 22:00:00,217225.07,217225.07,216357.9,216791.49,10655
2023-11-16 23:00:00,216383.9,217001.36,215255.0,216440.44,11084
2023-11-17 00:00:00,216818.24,217529.62,216818.24,217044.58,21395
2023-11-17 01:00:00,216617.22,218551.34,216617.22,216734.01,11279
2023-11-17 02:00:00,217446.2,219027.95,215766.44,216833.55,11938
2023-11-17 03:00:00,217322.63,219038.93,216468.9,218095.56,7932
2023-11-17 04:00:00,218388.73,219036.24,216425.4,218935.46,12077
2023-11-17 05:00:00,219239.18,220347.66,219239.18,219678.54,9051
2023-11-17 06:00:00,219619.99,219884.84,217093.77,219445.95,6780
2023-11-17 07:00:00,219313.61,220747.89,219108.58,219927.12,13879
2023-11-17 08:00:00,219852.77,220306.16,217378.44,219866.43,8011
2023-11-17 09:00:00,220005.12,220617.0,218273.92,219837.22,7497
2023-11-17 10:00:00,220173.02,220663.24,220173.02,220222.8,7011
2023-11-17 11:00:00,219845.24,220352.92,218884.42,219913.1,9186
2023-11-17 12:00:00,220127.53,221437.8,219450.9,221026.11,7513
2023-11-17 13:00:00,220807.41,222873.87,220092.12,220972.29,11800
2023-11-17 14:00:00,221007.25,222148.82,221007.25,221450.15,11794
2023-11-17 15:00:00,221847.04,222624.4,221847.04,222476.84,15190
2023-11-17 16:00:00,222720.54,223613.21,222720.54,223166.87,10571
2023-11-17 17:00:00,222602.9,222602.9,219820.52,222158.58,12219
2023-11-17 18:00:00,222382.06,223131.99,222382.06,222470.59,10154
2023-11-17 19:00:00,222598.81,224813.47,222598.81,223044.9,9088
2023-11-17 20:00:00,223348.61,223951.72,222322.61,223623.8,23811
2023-11-17 21:00:00,223250.6,223250.6,222562.46,222804.99,11107
2023-11-17 22:00:00,222091.02,224345.26,222050.97,222344.5,6535
2023-11-17 23:00:00,222297.95,223477.75,221611.3,223031.69,9530
2023-11-18 00:00:00,222322.79,222932.14,220209.09,222487.17,6296
2023-11-18 01:00:00,222169.22,223945.42,221349.71,222287.1,5640
2023-11-18 02:00:00,223311.83,223818.36,223311.83,223371.62,9282
2023-11-18 03:00:00,223111.59,223699.46,220848.18,223297.9,11863
2023-11-18 04:00:00,223211.14,223211.14,222320.07,222765.61,8814
2023-11-18 05:00:00,222564.61,222564.61,221719.09,222163.41,10305
2023-11-18 06:00:00,222157.76,223271.29,221899.94,222418.17,7294
2023-11-18 07:00:00,221792.46,221792.46,219432.79,221528.93,9667
2023-11-18 08:00:00,222001.48,222864.48,219493.33,221427.49,14950
2023-11-18 09:00:00,221295.52,222167.39,220554.02,221723.94,6559
2023-11-18 10:00:00,222554.16,223070.56,222554.16,222662.95,5996
2023-11-18 11:00:00,222433.74,224580.74,221671.31,223135.67,16820
2023-11-18 12:00:00,222737.67,223708.57,221164.71,222643.23,13389
2023-11-18 13:00:00,222290.25,225042.73,222290.25,223470.24,11524
2023-11-18 14:00:00,223100.45,224517.97,222207.32,223251.54,10108
2023-11-18 15:00:00,223339.24,223531.39,221247.36,222402.06,11377
2023-11-18 16:00:00,222022.0,224137.15,221236.34,222324.19,9866
2023-11-18 17:00:00,221552.82,225714.12,220905.92,223348.02,10073
2023-11-18 18:00:00,223265.75,223746.37,222577.48,223457.38,13579
2023-11-18 19:00:00,223009.67,224084.25,223009.67,223456.58,8617
2023-11-18 20:00:00,223491.24,225015.46,221583.88,224566.33,9936
2023-11-18 21:00:00,223717.4,223717.4,222719.36,223516.62,13612
2023-11-18 22:00:00,223936.46,223936.46,222286.16,222624.89,8323
2023-11-18 23:00:00,222002.87,222002.87,221116.63,221559.75,8347
2023-11-19 00:00:00,221754.08,223948.09,220708.1,221906.52,12159
2023-11-19 01:00:00,222136.75,222136.75,221656.95,222101.15,7367
2023-11-19 02:00:00,222779.1,224097.19,222779.1,223225.55,10179
2023-11-19 03:00:00,223254.34,223857.82,222964.17,223411.0,8970
2023-11-19 04:00:00,223584.99,223591.14,221874.33,223144.85,9975
2023-11-19 05:00:00,223508.12,225038.59,222725.11,223171.45,8574
2023-11-19 06:00:00,222749.68,224242.12,221636.28,223275.92,14423
2023-11-19 07:00:00,222598.89,222598.89,220194.56,222154.59,9312
2023-11-19 08:00:00,223629.8,224564.44,223629.8,224077.96,11717
2023-11-19 09:00:00,223973.1,225182.76,223973.1,224421.95,9442
2023-11-19 10:00:00,223814.14,225329.05,222417.69,224540.09,10098
2023-11-19 11:00:00,224467.65,226959.05,223899.03,224930.32,14268
2023-11-19 12:00:00,225829.97,225895.32,224919.4,225370.14,8495
2023-11-19 13:00:00,225698.28,225698.28,224928.03,225202.11,9766
2023-11-19 14:00:00,225177.7,226115.07,224381.21,224703.55,8907
2023-11-19 15:00:00,224630.16,225138.51,224630.16,225080.32,6544
2023-11-19 16:00:00,225224.27,226219.74,224825.92,225295.73,7704
2023-11-19 17:00:00,225127.66,225127.66,223715.61,224678.3,7442
2023-11-19 18:00:00,224431.21,226458.53,224431.21,225628.2,6990
2023-11-19 19:00:00,226049.16,227361.04,224468.21,225758.93,9952
2023-11-19 20:00:00,225993.75,226638.97,225993.75,226186.6,8969
2023-11-19 21:00:00,226034.05,228889.48,225052.13,227050.99,7387
2023-11-19 22:00:00,226758.92,227375.06,225757.26,226921.22,9244
2023-11-19 23:00:00,226421.48,228337.92,225556.29,227004.32,12278
2023-11-20 00:00:00,226972.72,227882.43,226972.72,227427.58,9696
2023-11-20 01:00:00,226650.07,227216.38,224897.09,226762.85,10949
2023-11-20 02:00:00,227037.49,227273.93,226640.05,226677.33,13449
2023-11-20 03:00:00,226874.18,227097.12,226053.87,226646.7,7918
2023-11-20 04:00:00,226032.66,226321.46,225417.98,225869.72,11660
2023-11-20 05:00:00,225643.45,228430.87,225567.82,227399.51,9334
2023-11-20 06:00:00,227173.83,227173.83,225953.64,226274.38,10790
2023-11-20 07:00:00,226633.06,226633.06,225234.5,225288.64,14079
2023-11-20 08:00:00,226138.78,226861.83,226138.78,226165.23,10511
2023-11-20 09:00:00,226072.89,227040.39,226072.89,226587.21,13951
2023-11-20 10:00:00,226444.22,226816.34,224943.94,225783.03,12347
2023-11-20 11:00:00,226427.27,228698.97,225853.78,226150.53,12730
2023-11-20 12:00:00,226911.33,227548.38,226911.33,227094.19,7883
2023-11-20 13:00:00,227128.33,227216.1,225834.15,226951.65,9229
2023-11-20 14:00:00,228399.95,229605.11,228399.95,228642.75,11853
2023-11-20 15:00:00,227691.0,227691.0,226782.06,227236.53,8991
2023-11-20 16:00:00,227373.41,228887.19,227137.29,227592.47,8288
2023-11-20 17:00:00,227596.21,228718.75,225825.25,228262.23,11947
2023-11-20 18:00:00,228254.32,229169.43,228254.32,228712.01,7654
2023-11-20 19:00:00,229161.45,229708.09,226920.29,228373.74,8536
2023-11-20 20:00:00,228118.3,229821.39,227543.12,227999.11,21010
2023-11-20 21:00:00,227897.87,228853.96,226821.72,228155.65,8910
2023-11-20 22:00:00,228602.59,230692.53,228107.91,228565.04,6777
2023-11-20 23:00:00,228911.69,229686.62,226523.28,228805.3,8669
2023-11-21 00:00:00,228202.67,230550.96,228137.75,229343.73,13367
2023-11-21 01:00:00,228617.37,230080.85,227864.49,228406.46,12582
2023-11-21 02:00:00,228238.38,228528.13,227917.94,228071.98,8933
2023-11-21 03:00:00,228014.96,228449.42,225737.46,227258.75,11845
2023-11-21 04:00:00,227544.92,229772.35,226123.19,226879.86,7138
2023-11-21 05:00:00,226834.87,229913.44,225986.4,227496.1,11827
2023-11-21 06:00:00,227270.26,227904.17,226994.37,227449.27,12880
2023-11-21 07:00:00,229052.78,230932.16,229052.78,229143.77,21409
2023-11-21 08:00:00,229259.34,230193.2,228502.58,229076.58,14701
2023-11-21 09:00:00,228763.08,232005.28,228060.82,228919.06,14221
2023-11-21 10:00:00,229023.66,229259.11,228380.5,228801.51,9730
2023-11-21 11:00:00,228503.51,228808.28,225792.33,228173.6,13341
2023-11-21 12:00:00,228066.62,228444.15,227215.99,227988.18,5510
2023-11-21 13:00:00,228175.9,231071.49,226898.3,228644.27,8776
2023-11-21 14:00:00,228522.06,229015.55,227630.05,228558.43,9462
2023-11-21 15:00:00,228295.57,228295.57,226116.75,227839.89,10120
2023-11-21 16:00:00,227689.47,227689.47,225477.75,227069.89,9873
2023-11-21 17:00:00,226809.6,227127.04,226275.02,226673.69,13181
2023-11-21 18:00:00,226516.81,228403.29,226210.78,226664.11,9698
2023-11-21 19:00:00,226982.01,228373.63,226982.01,227436.88,10387
2023-11-21 20:00:00,227427.99,228988.34,225181.34,226406.03,22395
2023-11-21 21:00:00,226386.54,226575.56,223898.26,226142.63,16607
2023-11-21 22:00:00,226283.53,227967.41,224537.15,226213.07,9500
2023-11-21 23:00:00,226380.87,226409.92,223615.72,224913.31,18312
2023-11-22 00:00:00,224823.8,224823.8,224300.56,224375.05,6331
2023-11-22 01:00:00,224129.05,224418.02,222901.37,223970.08,7880
2023-11-22 02:00:00,223800.05,223800.05,223059.42,223506.44,14878
2023-11-22 03:00:00,224187.46,225412.8,223293.5,223740.98,10615
2023-11-22 04:00:00,223668.41,225835.96,223479.76,223724.15,9864
2023-11-22 05:00:00,223918.94,225125.8,222990.55,223437.43,8975
2023-11-22 06:00:00,223558.4,224019.62,221302.83,223841.14,10987
2023-11-22 07:00:00,224919.89,225566.2,224919.89,225115.97,6435
2023-11-22 08:00:00,225829.15,226632.94,225829.15,226281.71,10153
2023-11-22 09:00:00,225766.39,225766.39,224227.75,224929.19,13484
2023-11-22 10:00:00,225105.94,227335.25,224382.51,225376.58,12942
2023-11-22 11:00:00,225425.12,225841.85,223881.02,225285.95,8364
2023-11-22 12:00:00,225222.32,225880.57,224976.74,225429.71,10589
2023-11-22 13:00:00,224665.42,225632.78,224328.98,225182.42,7391
2023-11-22 14:00:00,225363.75,225891.05,224854.7,225305.31,10287
2023-11-22 15:00:00,225737.77,225737.77,224513.09,225443.64,7222
2023-11-22 16:00:00,225327.34,225528.08,224627.77,225077.92,17990
2023-11-22 17:00:00,224529.08,225888.41,224067.99,224517.02,13745
2023-11-22 18:00:00,224394.54,224748.11,223850.92,224299.52,10713
2023-11-22 19:00:00,224350.17,225012.77,222151.24,224563.64,9199
2023-11-22 20:00:00,223662.56,225518.45,222689.52,225068.32,12068
2023-11-22 21:00:00,225140.16,226142.63,224433.99,225724.54,13732
2023-11-22 22:00:00,226371.55,226371.55,224296.06,225421.84,8436
2023-11-22 23:00:00,225335.42,226121.71,225094.73,225670.37,13384
2023-11-23 00:00:00,225523.97,226514.33,225523.97,226371.33,12981
2023-11-23 01:00:00,226320.4,228007.9,226216.72,227179.59,10124
2023-11-23 02:00:00,227550.53,227550.53,226642.15,227096.34,10223
2023-11-23 03:00:00,227522.53,227522.53,225210.98,226909.39,15825
2023-11-23 04:00:00,227328.2,228107.82,226569.79,227023.83,13701
2023-11-23 05:00:00,226651.16,226651.16,225203.48,226198.77,10735
2023-11-23 06:00:00,226282.56,227529.09,226061.35,226084.69,4598
2023-11-23 07:00:00,226786.41,228505.41,226176.16,226629.42,8695
2023-11-23 08:00:00,226784.67,227528.82,226209.06,227074.67,8814
2023-11-23 09:00:00,227040.31,228945.67,225510.1,226864.62,9324
2023-11-23 10:00:00,227063.26,230519.45,225397.84,227004.43,6983
2023-11-23 11:00:00,227378.96,227444.56,224764.15,226415.88,13409
2023-11-23 12:00:00,226397.81,227874.5,224814.92,226916.49,9232
2023-11-23 13:00:00,227309.64,228379.56,225249.47,226851.31,13501
2023-11-23 14:00:00,226833.85,227104.99,225747.75,226651.69,13576
2023-11-23 15:00:00,226858.06,226858.06,225937.55,226405.25,10890
2023-11-23 16:00:00,226712.34,226832.33,225196.66,226379.57,12726
2023-11-23 17:00:00,226540.71,226540.71,225614.49,226088.53,11872
2023-11-23 18:00:00,226125.91,227925.19,226125.91,226579.06,11067
2023-11-23 19:00:00,226466.24,226773.82,224995.83,226321.18,12944
2023-11-23 20:00:00,226999.9,227909.71,226999.9,227454.81,12236
2023-11-23 21:00:00,228026.25,229699.77,228026.25,228446.9,8076
2023-11-23 22:00:00,227952.75,227952.75,226076.68,227747.22,9690
2023-11-23 23:00:00,227982.74,229317.56,227469.68,227756.51,9472
2023-11-24 00:00:00,227296.83,228357.83,226806.65,227261.18,5764
2023-11-24 01:00:00,226790.15,228355.63,225475.94,227023.89,11797
2023-11-24 02:00:00,227961.57,228875.25,227961.57,228418.41,9504
2023-11-24 03:00:00,227873.32,228591.97,227672.21,228135.7,4796
2023-11-24 04:00:00,227879.26,228792.6,227879.26,228335.93,6567
2023-11-24 05:00:00,228709.91,229252.77,228200.85,228658.17,7874
2023-11-24 06:00:00,228338.29,228338.29,226382.65,227882.52,11889
2023-11-24 07:00:00,227425.75,227590.59,225432.29,227252.39,20019
2023-11-24 08:00:00,227665.65,227849.74,224866.29,226417.8,7271
2023-11-24 09:00:00,226390.06,226390.06,224923.7,225851.85,7627
2023-11-24 10:00:00,224757.51,224757.51,221522.26,223956.15,15192
2023-11-24 11:00:00,223443.53,226207.83,223121.84,224498.48,5317
2023-11-24 12:00:00,225659.64,227360.9,225659.64,226054.61,16751
2023-11-24 13:00:00,225781.8,227062.63,225781.8,226228.29,16438
2023-11-24 14:00:00,225820.3,225820.3,223806.45,225310.61,18428
2023-11-24 15:00:00,225707.84,227816.1,223322.09,224979.47,11238
2023-11-24 16:00:00,225186.98,226463.61,224395.78,224790.24,14995
2023-11-24 17:00:00,224395.89,224672.68,223915.17,224224.23,8734
2023-11-24 18:00:00,224028.69,225653.25,223282.07,224977.33,6708
2023-11-24 19:00:00,225508.36,225740.09,225508.36,225665.57,7966
2023-11-24 20:00:00,226150.77,226983.82,224874.36,224964.74,6032
2023-11-24 21:00:00,225542.22,226591.29,225542.22,225598.52,20658
2023-11-24 22:00:00,226632.82,226788.86,226632.82,226758.14,10336
2023-11-24 23:00:00,227673.84,230237.16,227673.84,228130.1,10458
2023-11-25 00:00:00,228494.29,231751.79,227731.89,230113.26,17276
2023-11-25 01:00:00,230644.64,231374.21,229125.44,229360.99,11441
2023-11-25 02:00:00,230028.94,231728.4,230028.94,231265.87,10073
2023-11-25 03:00:00,231341.79,231438.69,229800.14,230844.04,15871
2023-11-25 04:00:00,230236.49,231188.52,230236.49,230275.82,10394
2023-11-25 05:00:00,230671.35,232203.73,229925.04,230385.82,11020
2023-11-25 06:00:00,230677.84,230969.33,228466.26,229851.63,8332
2023-11-25 07:00:00,229856.78,231433.02,229390.92,230038.06,13556
2023-11-25 08:00:00,229866.32,230271.81,228610.66,229006.45,16474
2023-11-25 09:00:00,229034.26,229821.31,228334.55,228792.13,8164
2023-11-25 10:00:00,228942.37,230711.47,228351.02,229655.68,3813
2023-11-25 11:00:00,229326.9,229814.06,228836.01,229539.45,11204
2023-11-25 12:00:00,229349.56,229824.84,228877.49,229572.31,13450
2023-11-25 13:00:00,229593.66,231096.82,229461.19,229842.6,21481
2023-11-25 14:00:00,229438.17,231117.43,229174.11,230589.0,13449
2023-11-25 15:00:00,230490.46,231677.96,227743.81,229306.82,9208
2023-11-25 16:00:00,229584.3,230232.29,227155.48,229671.53,14318
2023-11-25 17:00:00,229881.47,229881.47,228963.78,229422.62,4021
2023-11-25 18:00:00,229875.51,229955.17,228670.41,229496.18,10998
2023-11-25 19:00:00,230099.27,230908.35,230099.27,230195.61,14700
2023-11-25 20:00:00,229851.46,229851.46,226897.92,229270.55,11311
2023-11-25 21:00:00,228916.99,228916.99,227439.29,228529.3,11230
2023-11-25 22:00:00,227639.47,227639.47,226730.73,227185.1,11454
2023-11-25 23:00:00,227495.77,227661.07,225781.64,226881.0,10384
2023-11-26 00:00:00,227160.05,228659.59,224664.71,227900.7,9656
2023-11-26 01:00:00,228182.16,229316.45,227403.07,227858.79,10235
2023-11-26 02:00:00,227360.37,227360.37,226518.06,226972.0,10740
2023-11-26 03:00:00,226307.88,227218.81,225130.38,226725.28,15928
2023-11-26 04:00:00,226248.05,226248.05,224925.69,225796.45,15524
2023-11-26 05:00:00,225621.08,225621.08,224755.99,225170.74,6667
2023-11-26 06:00:00,225253.04,226076.89,224222.79,225625.64,10441
2023-11-26 07:00:00,225335.66,225535.11,224966.27,224980.73,9576
2023-11-26 08:00:00,225757.49,226510.23,224426.29,225947.83,5252
2023-11-26 09:00:00,226221.78,227993.16,225600.82,226052.93,10330
2023-11-26 10:00:00,226186.0,228299.22,225127.31,226262.61,10239
2023-11-26 11:00:00,225940.6,226653.55,225656.8,226211.39,8242
2023-11-26 12:00:00,226438.07,229186.05,226438.07,226891.86,12969
2023-11-26 13:00:00,227328.13,228485.52,227328.13,227544.81,13707
2023-11-26 14:00:00,228509.99,230113.57,226263.72,227854.11,10573
2023-11-26 15:00:00,227714.29,229137.74,227201.26,228310.42,12188
2023-11-26 16:00:00,228154.65,229541.18,228098.09,228202.27,4451
2023-11-26 17:00:00,228317.24,229085.02,227955.55,228627.76,8876
2023-11-26 18:00:00,228590.85,228873.88,228036.76,228417.05,8700
2023-11-26 19:00:00,228736.58,228911.45,226901.58,228454.54,7537
2023-11-26 20:00:00,228183.46,229663.45,227840.17,228296.77,8772
2023-11-26 21:00:00,228075.96,229717.38,227564.17,228020.21,6155
2023-11-26 22:00:00,228157.24,229565.56,227512.73,227597.54,13322
2023-11-26 23:00:00,227722.85,228461.5,227722.85,228005.49,12056
2023-11-27 00:00:00,228525.01,230493.27,228525.01,228982.97,10889
2023-11-27 01:00:00,229506.02,230799.49,229506.02,229816.17,9008
2023-11-27 02:00:00,229591.76,230000.93,228883.13,228899.81,7348
2023-11-27 03:00:00,228714.55,230284.96,227831.35,229825.31,8958
2023-11-27 04:00:00,229200.46,229971.57,227641.43,229575.04,10471
2023-11-27 05:00:00,229937.06,230805.33,229937.06,229983.97,11260
2023-11-27 06:00:00,230120.46,230120.46,228855.56,229314.19,8305
2023-11-27 07:00:00,229389.53,230902.19,228086.08,229418.73,13791
2023-11-27 08:00:00,229260.7,230047.36,227968.46,229641.25,7575
2023-11-27 09:00:00,229045.76,229045.76,228131.41,228588.59,8138
2023-11-27 10:00:00,228341.8,229519.14,227430.25,229061.01,14353
2023-11-27 11:00:00,229569.25,230605.44,229569.25,230029.31,8498
2023-11-27 12:00:00,230094.33,231531.34,227464.59,229881.95,6983
2023-11-27 13:00:00,230169.8,231286.16,230009.84,230824.51,10814
2023-11-27 14:00:00,230770.86,231420.28,227242.09,230631.1,9602
2023-11-27 15:00:00,230918.12,232522.92,229388.71,231183.06,8632
2023-11-27 16:00:00,229917.05,229917.05,229394.3,229537.59,12910
2023-11-27 17:00:00,231238.88,231713.34,231238.88,231250.84,9551
2023-11-27 18:00:00,231177.92,232703.21,230924.63,232238.74,16278
2023-11-27 19:00:00,232529.15,232577.49,230542.0,231919.22,8706
2023-11-27 20:00:00,231606.28,232177.22,229995.44,230415.7,13589
2023-11-27 21:00:00,230352.76,231912.44,230135.77,230596.96,12039
2023-11-27 22:00:00,230459.07,232221.5,229037.45,229549.04,16205
2023-11-27 23:00:00,230146.49,231266.05,228730.59,229886.27,7009
2023-11-28 00:00:00,230255.84,231424.03,229724.98,230185.35,7645
2023-11-28 01:00:00,229978.85,229978.85,229068.3,229519.81,7309
2023-11-28 02:00:00,229885.04,231342.85,228137.28,230339.02,8508
2023-11-28 03:00:00,230605.48,231421.52,230437.45,230899.25,11601
2023-11-28 04:00:00,231400.6,233323.3,231287.47,231555.91,6005
2023-11-28 05:00:00,231479.85,232126.47,230693.24,231494.04,11612
2023-11-28 06:00:00,231082.95,231340.06,229966.03,230426.89,20172
2023-11-28 07:00:00,230714.95,231396.77,230714.95,231110.05,10333
2023-11-28 08:00:00,231013.36,231013.36,230397.66,230876.47,4879
2023-11-28 09:00:00,230212.95,230212.95,228794.43,229863.21,13041
2023-11-28 10:00:00,230724.23,233087.71,230724.23,230836.99,11181
2023-11-28 11:00:00,231831.87,234167.24,231831.87,232296.47,8378
2023-11-28 12:00:00,232432.5,233832.69,230582.34,232170.22,12337
2023-11-28 13:00:00,232011.92,234201.41,231962.14,233614.19,9408
2023-11-28 14:00:00,233105.39,233983.1,232409.8,233516.07,12045
2023-11-28 15:00:00,233380.9,234134.17,232664.71,233085.28,9330
2023-11-28 16:00:00,232610.54,232961.87,232327.91,232496.88,10279
2023-11-28 17:00:00,233088.05,233589.81,233088.05,233555.16,10098
2023-11-28 18:00:00,233304.51,233304.51,230711.65,232838.83,17325
2023-11-28 19:00:00,232905.1,234374.09,232729.36,233245.11,10389
2023-11-28 20:00:00,232904.49,233619.12,231292.45,232708.06,10376
2023-11-28 21:00:00,232277.52,234528.7,231806.4,232270.94,9264
2023-11-28 22:00:00,232895.03,234380.64,232451.97,232917.8,9392
2023-11-28 23:00:00,232875.97,234088.98,232092.18,232528.93,10264
2023-11-29 00:00:00,232039.06,232916.53,231677.87,232142.15,11533
2023-11-29 01:00:00,232403.77,235181.3,232403.77,232869.51,8048
2023-11-29 02:00:00,233425.94,235412.99,233425.94,233893.73,11244
2023-11-29 03:00:00,233783.15,234671.47,232835.64,234185.23,10482
2023-11-29 04:00:00,233872.73,233996.72,231691.9,233529.66,11114
2023-11-29 05:00:00,233481.48,233481.48,229991.74,233015.45,7452
2023-11-29 06:00:00,232512.74,233447.27,232485.88,232951.79,6554
2023-11-29 07:00:00,232944.22,233099.83,232597.95,233064.08,10001
2023-11-29 08:00:00,232623.95,232623.95,232126.74,232235.98,24682
2023-11-29 09:00:00,232584.08,233218.22,232209.9,232675.25,10855
2023-11-29 10:00:00,232557.19,233103.23,231544.44,232637.95,11155
2023-11-29 11:00:00,231810.03,231810.03,230041.39,231321.61,14962
2023-11-29 12:00:00,231099.24,231099.24,229654.32,230637.96,15056
2023-11-29 13:00:00,230548.53,230548.53,229378.81,230292.88,12264
2023-11-29 14:00:00,230726.25,230733.12,227493.36,230272.57,7503
2023-11-29 15:00:00,230208.68,234542.49,230039.96,231635.01,11515
2023-11-29 16:00:00,231497.77,232229.33,231302.26,231765.8,7820
2023-11-29 17:00:00,231590.73,231590.73,230811.34,231128.47,7190
2023-11-29 18:00:00,230901.14,231744.85,230819.72,231282.28,6016
2023-11-29 19:00:00,231563.16,231563.16,229913.16,231023.86,8649
2023-11-29 20:00:00,230826.04,231632.34,230793.92,231259.32,11521
2023-11-29 21:00:00,231400.44,232133.95,230726.11,231670.61,14149
2023-11-29 22:00:00,232206.19,232595.67,231188.11,232511.47,8530
2023-11-29 23:00:00,232534.99,233071.74,231968.92,232433.79,9303
2023-11-30 00:00:00,232590.95,234062.51,232065.05,233543.86,7734
2023-11-30 01:00:00,233626.35,235604.94,233396.42,234082.64,16966
2023-11-30 02:00:00,233902.75,233902.75,232761.22,233435.88,8395
2023-11-30 03:00:00,233633.05,236623.76,233633.05,234913.59,9900
2023-11-30 04:00:00,234902.32,235847.46,234344.75,234971.47,8688
2023-11-30 05:00:00,234195.02,234195.02,233823.38,234192.95,8125
2023-11-30 06:00:00,234739.36,236311.7,234047.09,235242.47,21327
2023-11-30 07:00:00,236074.75,238736.08,236074.75,236547.84,9483
2023-11-30 08:00:00,236307.72,236740.51,234469.38,236267.97,14378
2023-11-30 09:00:00,235614.03,236642.17,234257.15,235663.56,20067
2023-11-30 10:00:00,235474.21,236602.66,234861.22,235331.89,9621
2023-11-30 11:00:00,235983.45,236000.84,235019.77,235658.52,7015
2023-11-30 12:00:00,236051.48,237041.99,236051.48,236376.75,13572
2023-11-30 13:00:00,236073.43,237019.62,236073.43,236546.53,7195
2023-11-30 14:00:00,236599.17,236599.17,234970.21,236368.13,11023
2023-11-30 15:00:00,236318.68,238042.62,234984.64,237209.78,10249
2023-11-30 16:00:00,237345.93,238720.97,236200.67,236698.32,18263
2023-11-30 17:00:00,236295.04,237662.5,236062.32,237188.13,16498
2023-11-30 18:00:00,237382.88,239186.53,236219.17,236692.55,11372
2023-11-30 19:00:00,236268.55,236964.29,236268.55,236742.04,6869
2023-11-30 20:00:00,236559.7,236654.71,235919.39,236392.17,8958
2023-11-30 21:00:00,236836.13,237121.75,235635.46,236107.67,7255
2023-11-30 22:00:00,236211.83,236211.83,235138.72,235607.51,13131
2023-11-30 23:00:00,236014.77,237961.14,235697.65,236379.67,13476
2023-12-01 00:00:00,236632.44,237261.47,234345.21,235612.72,14657
2023-12-01 01:00:00,235046.28,235046.28,234319.16,234884.75,11301
2023-12-01 02:00:00,235783.56,236871.44,235783.56,236256.08,6072
2023-12-01 03:00:00,236440.6,237213.9,236266.94,236740.42,10271
2023-12-01 04:00:00,236589.71,236589.71,234236.38,234764.4,13342
2023-12-01 05:00:00,234484.54,234520.87,234034.91,234220.86,7328
2023-12-01 06:00:00,233281.32,233281.32,232089.93,232815.69,8385
2023-12-01 07:00:00,232274.02,232641.69,231333.89,232105.64,4709
2023-12-01 08:00:00,230983.24,230983.24,229334.22,229879.85,11670
2023-12-01 09:00:00,230555.47,231040.69,228899.16,229901.52,14841
2023-12-01 10:00:00,229398.76,229494.93,228138.85,229218.91,14496
2023-12-01 11:00:00,228958.26,230360.16,228958.26,229417.1,12753
2023-12-01 12:00:00,228582.72,228582.72,228336.66,228421.32,9973
2023-12-01 13:00:00,228401.58,229134.52,228401.58,228677.16,13787
2023-12-01 14:00:00,228421.35,229030.07,227910.6,228572.93,10522
2023-12-01 15:00:00,229359.63,230277.31,228291.42,229817.67,13010
2023-12-01 16:00:00,230789.12,232024.46,230789.12,230947.66,9770
2023-12-01 17:00:00,231500.39,233069.45,230029.5,231586.09,10386
2023-12-01 18:00:00,231756.72,232935.52,230943.65,231406.46,7900
2023-12-01 19:00:00,232406.78,234849.14,232406.78,232872.53,9796
2023-12-01 20:00:00,232437.31,232748.51,230778.71,231749.33,7786
2023-12-01 21:00:00,231260.16,231260.16,230336.96,230798.56,15186
2023-12-01 22:00:00,231168.96,231493.62,230421.8,230831.84,9393
2023-12-01 23:00:00,231227.38,232987.16,231227.38,232522.12,8298
2023-12-02 00:00:00,232437.49,233582.23,230275.83,232390.1,11305
2023-12-02 01:00:00,232646.33,233115.48,230814.9,232280.13,10904
2023-12-02 02:00:00,231743.18,231743.18,231060.65,231280.62,8628
2023-12-02 03:00:00,231352.29,232494.38,230286.93,232030.32,11952
2023-12-02 04:00:00,232282.21,233606.37,232282.21,232747.7,5531
2023-12-02 05:00:00,232853.11,233786.39,232853.11,233319.75,4446
2023-12-02 06:00:00,233080.69,235472.49,232467.09,232854.85,7790
2023-12-02 07:00:00,232969.14,233718.66,232166.16,232363.44,9572
2023-12-02 08:00:00,231942.41,231942.41,230747.55,231479.45,8584
2023-12-02 09:00:00,231757.65,232943.53,230505.55,231622.17,7474
2023-12-02 10:00:00,231387.49,231643.21,230717.74,230936.18,11257
2023-12-02 11:00:00,230701.4,230881.69,229485.23,230221.64,13628
2023-12-02 12:00:00,229928.38,230536.46,229675.74,230076.31,9834
2023-12-02 13:00:00,229014.67,231247.06,228903.83,229892.33,6808
2023-12-02 14:00:00,229890.6,230143.29,229065.06,229683.92,9042
2023-12-02 15:00:00,229731.25,230234.42,229731.25,230192.76,13455
2023-12-02 16:00:00,230048.29,231177.73,228737.79,230408.62,9688
2023-12-02 17:00:00,230742.3,230812.28,229890.87,230351.58,10446
2023-12-02 18:00:00,230171.48,232300.79,230171.48,230632.74,10258
2023-12-02 19:00:00,230529.02,230529.02,229608.74,230068.88,8191
2023-12-02 20:00:00,230224.97,230728.18,229846.47,230307.09,11917
2023-12-02 21:00:00,230695.39,232797.73,230100.99,230562.12,9655
2023-12-02 22:00:00,230096.42,230096.42,229055.25,229637.15,12795
2023-12-02 23:00:00,230063.85,230985.95,230063.85,230524.9,11231
2023-12-03 00:00:00,230409.76,231378.41,229328.11,230047.72,14166
2023-12-03 01:00:00,230019.24,231584.57,229818.51,230279.07,10392
2023-12-03 02:00:00,229802.0,231939.93,228751.05,231259.93,9942
2023-12-03 03:00:00,231218.71,232493.86,231218.71,232029.8,9946
2023-12-03 04:00:00,232142.94,233004.96,229493.52,232130.99,8740
2023-12-03 05:00:00,232263.19,232415.02,230774.21,231951.12,8913
2023-12-03 06:00:00,232177.38,232923.85,232177.38,232714.39,9336
2023-12-03 07:00:00,233372.07,233715.85,232005.6,233249.36,10577
2023-12-03 08:00:00,233111.26,233814.41,231462.06,232833.93,9393
2023-12-03 09:00:00,232675.25,233928.67,231853.17,232317.8,10006
2023-12-03 10:00:00,231371.27,231371.27,230460.89,230922.73,9828
2023-12-03 11:00:00,231029.9,232928.37,231029.9,231184.45,10058
2023-12-03 12:00:00,231106.32,231775.4,229543.44,231265.31,14122
2023-12-03 13:00:00,231742.47,234047.61,231742.47,232206.88,10750
2023-12-03 14:00:00,232443.03,232619.06,232443.03,232550.72,8193
2023-12-03 15:00:00,232773.96,235429.99,232350.2,233568.12,9121
2023-12-03 16:00:00,234013.7,234364.39,230773.4,233088.06,7296
2023-12-03 17:00:00,233473.9,234409.66,233473.9,233941.78,9213
2023-12-03 18:00:00,233784.04,235910.17,233094.72,233561.84,9650
2023-12-03 19:00:00,234067.55,235972.73,232421.15,234138.81,8767
2023-12-03 20:00:00,233552.34,233552.34,232620.0,233086.17,5927
2023-12-03 21:00:00,233365.29,233890.23,231442.26,233302.47,16773
2023-12-03 22:00:00,233181.11,233181.11,230435.54,231924.15,10115
2023-12-03 23:00:00,231960.56,232465.77,230645.35,231847.21,9813
2023-12-04 00:00:00,231799.35,232744.21,231609.85,232279.65,11211
2023-12-04 01:00:00,232289.62,232476.38,231850.88,232012.35,11670
2023-12-04 02:00:00,231359.82,231847.78,229405.23,231385.01,10454
2023-12-04 03:00:00,231290.04,232472.81,231290.04,232136.87,7083
2023-12-04 04:00:00,231910.52,232641.15,230074.44,232176.79,8404
2023-12-04 05:00:00,231936.84,232567.89,231478.76,231942.65,11580
2023-12-04 06:00:00,232113.05,233610.4,231637.03,232101.24,10224
2023-12-04 07:00:00,233681.55,234564.96,233681.55,234096.77,15246
2023-12-04 08:00:00,234593.96,235746.62,234071.33,234945.29,8717
2023-12-04 09:00:00,235288.37,236463.78,235288.37,235759.89,14155
2023-12-04 10:00:00,236081.27,238318.03,234718.73,236012.88,9063
2023-12-04 11:00:00,236276.02,238937.24,235589.95,236062.07,13742
2023-12-04 12:00:00,234728.61,234728.61,233791.57,234260.09,11411
2023-12-04 13:00:00,234266.64,234266.64,233331.44,233799.04,11564
2023-12-04 14:00:00,233834.27,234535.5,232684.01,233503.91,9105
2023-12-04 15:00:00,233382.23,234631.2,231763.17,232227.62,10434
2023-12-04 16:00:00,232733.75,235269.9,231126.12,231537.17,8627
2023-12-04 17:00:00,231351.25,231489.41,228969.52,230307.66,12974
2023-12-04 18:00:00,230544.38,230979.1,228589.97,230518.06,8642
2023-12-04 19:00:00,230079.17,231727.82,228756.45,231325.32,10973
2023-12-04 20:00:00,231833.46,232750.78,231833.46,232298.05,9609
2023-12-04 21:00:00,232506.25,233478.55,231819.69,232731.67,7254
2023-12-04 22:00:00,232444.24,233393.16,231697.14,232161.46,11345
2023-12-04 23:00:00,231994.29,231994.29,230849.19,230930.12,15654
2023-12-05 00:00:00,231038.86,232769.8,229853.92,229896.94,10289
2023-12-05 01:00:00,229499.0,229719.42,227100.49,229260.9,10886
2023-12-05 02:00:00,228468.84,229414.93,228468.84,228926.69,10224
2023-12-05 03:00:00,228975.91,230253.97,228661.53,229119.77,11191
2023-12-05 04:00:00,229113.14,229570.46,228469.65,228703.18,19036
2023-12-05 05:00:00,228776.51,230544.58,228776.51,229260.65,9119
2023-12-05 06:00:00,229280.18,231638.99,226138.65,229391.97,9949
2023-12-05 07:00:00,229913.55,230892.39,229271.51,229686.44,10349
2023-12-05 08:00:00,230299.31,231386.54,230299.31,230760.83,12411
2023-12-05 09:00:00,230804.24,231883.31,229229.68,230145.27,15839
2023-12-05 10:00:00,230156.5,231929.75,229747.57,230690.89,13808
2023-12-05 11:00:00,230816.36,232769.02,229338.31,230906.06,9995
2023-12-05 12:00:00,230823.79,231514.9,230428.54,230890.32,8426
2023-12-05 13:00:00,230856.77,232197.46,230856.77,231733.99,7861
2023-12-05 14:00:00,231469.53,232999.31,230967.56,232534.25,11531
2023-12-05 15:00:00,232460.89,232460.89,230568.28,231996.89,14254
2023-12-05 16:00:00,231966.29,232474.38,231178.86,232035.06,5794
2023-12-05 17:00:00,232351.25,233789.25,232351.25,232402.75,21230
2023-12-05 18:00:00,232648.82,232825.21,230107.49,232360.49,9093
2023-12-05 19:00:00,232144.97,233398.98,231938.14,232933.12,17061
2023-12-05 20:00:00,232417.21,236334.05,230843.53,233260.11,8107
2023-12-05 21:00:00,233192.15,235152.26,233160.11,234682.89,9024
2023-12-05 22:00:00,234094.33,234094.33,231846.69,233627.07,9072
2023-12-05 23:00:00,233464.74,233912.79,231342.0,233641.5,13391
2023-12-06 00:00:00,233219.68,234421.24,232631.05,233097.25,6954
2023-12-06 01:00:00,233197.13,235557.25,233197.13,233664.46,13045
2023-12-06 02:00:00,233084.54,233084.54,230618.76,232619.31,11256
2023-12-06 03:00:00,232347.0,233960.04,231786.74,233033.68,20939
2023-12-06 04:00:00,232982.52,233158.43,232266.16,232731.62,8651
2023-12-06 05:00:00,232723.21,234551.32,231908.09,232372.83,14156
2023-12-06 06:00:00,232537.26,234848.12,230070.09,231527.69,9036
2023-12-06 07:00:00,231887.94,231887.94,229728.7,231425.09,5842
2023-12-06 08:00:00,232040.39,233659.54,230870.61,232431.06,9290
2023-12-06 09:00:00,232736.75,232918.63,232136.64,232601.84,11843
2023-12-06 10:00:00,232860.62,234775.98,231393.94,233230.56,9495
2023-12-06 11:00:00,234379.04,235655.97,234379.04,234571.28,11999
2023-12-06 12:00:00,234519.71,235359.73,232837.17,234852.12,10131
2023-12-06 13:00:00,234988.85,235856.04,231301.86,234525.96,8660
2023-12-06 14:00:00,234408.68,236514.66,234246.7,234953.53,9591
2023-12-06 15:00:00,234639.48,235686.0,234160.82,234630.08,9022
2023-12-06 16:00:00,234759.33,236606.12,233269.62,234353.5,6965
2023-12-06 17:00:00,233831.77,233831.77,231572.58,233365.04,13797
2023-12-06 18:00:00,233175.58,236094.15,231448.76,234180.23,12594
2023-12-06 19:00:00,234416.81,234606.22,233547.08,234015.11,9307
2023-12-06 20:00:00,233718.16,234782.01,233504.89,234267.56,13410
2023-12-06 21:00:00,234352.8,235115.16,233410.41,233633.71,7480
2023-12-06 22:00:00,234335.41,235322.99,233523.33,234089.61,6819
2023-12-06 23:00:00,234013.05,234135.5,231298.79,233668.16,5975
2023-12-07 00:00:00,233612.21,235664.12,233248.72,233716.15,7394
2023-12-07 01:00:00,233935.39,234963.76,233048.55,234494.77,7991
2023-12-07 02:00:00,234706.55,237902.27,234706.55,235176.9,8793
2023-12-07 03:00:00,234945.24,235345.42,234771.75,235242.24,13319
2023-12-07 04:00:00,234772.68,234772.68,233579.49,234047.59,9189
2023-12-07 05:00:00,234952.13,237015.87,234952.13,236332.59,8184
2023-12-07 06:00:00,237142.89,237713.97,237142.89,237618.13,16263
2023-12-07 07:00:00,237650.31,238574.8,237599.37,238098.6,8528
2023-12-07 08:00:00,238156.45,238541.08,236425.94,237481.9,28140
2023-12-07 09:00:00,237774.43,238417.57,237038.24,237366.73,10647
2023-12-07 10:00:00,237356.3,237422.34,234481.76,236948.44,9303
2023-12-07 11:00:00,237387.1,238338.55,237387.1,237862.83,15555
2023-12-07 12:00:00,237689.71,238484.03,237532.0,238008.02,14687
2023-12-07 13:00:00,238170.29,238325.01,237155.36,237383.33,8947
2023-12-07 14:00:00,236859.22,237041.4,235923.63,237019.9,8686
2023-12-07 15:00:00,237182.97,238307.59,235517.45,237831.93,10160
2023-12-07 16:00:00,238482.03,239941.41,238482.03,238959.95,7621
2023-12-07 17:00:00,238921.21,241029.66,236105.81,239981.49,12859
2023-12-07 18:00:00,239174.65,242240.55,239093.01,240386.89,4653
2023-12-07 19:00:00,241114.29,241438.49,238926.78,240029.22,6695
2023-12-07 20:00:00,238574.01,238574.01,237020.67,237495.66,6343
2023-12-07 21:00:00,237414.7,241374.19,237220.04,237695.43,12860
2023-12-07 22:00:00,237642.42,239269.39,237642.42,237669.05,11027
2023-12-07 23:00:00,237810.63,240027.34,237577.83,237751.3,8523
2023-12-08 00:00:00,238021.43,238244.33,235372.96,237768.8,9408
2023-12-08 01:00:00,237253.0,237253.0,236305.88,236779.44,7808
2023-12-08 02:00:00,236942.12,237394.47,236294.81,237212.56,7734
2023-12-08 03:00:00,237483.02,239471.82,237483.02,237678.14,9571
2023-12-08 04:00:00,238220.0,238419.67,237514.25,238158.14,8793
2023-12-08 05:00:00,238348.17,239731.09,237343.88,238811.04,10970
2023-12-08 06:00:00,239058.42,241330.4,237571.75,239181.77,14649
2023-12-08 07:00:00,239038.12,239038.12,237939.2,238791.99,9362
2023-12-08 08:00:00,238751.17,239583.76,238199.92,238677.28,9656
2023-12-08 09:00:00,238552.07,239693.14,237545.82,238690.64,7658
2023-12-08 10:00:00,238594.28,239389.16,238483.11,238718.27,7949
2023-12-08 11:00:00,239111.09,240016.06,239111.09,239401.51,19638
2023-12-08 12:00:00,239681.36,239804.19,238911.55,239793.13,8137
2023-12-08 13:00:00,240495.26,244030.54,240495.26,241213.89,10207
2023-12-08 14:00:00,241782.61,244506.13,240777.16,242665.78,10915
2023-12-08 15:00:00,242788.54,243911.37,240932.5,242465.53,7529
2023-12-08 16:00:00,241355.88,241355.88,237263.94,239371.4,9265
2023-12-08 17:00:00,239532.83,240677.6,238465.6,240197.21,7747
2023-12-08 18:00:00,240154.46,240154.46,239358.75,239675.11,12314
2023-12-08 19:00:00,239657.85,239657.85,238508.06,238990.97,7429
2023-12-08 20:00:00,239211.18,239655.7,236801.3,238639.7,10538
2023-12-08 21:00:00,238452.83,238749.56,237796.46,238273.01,8372
2023-12-08 22:00:00,238486.53,240445.69,237811.31,238702.79,8257
2023-12-08 23:00:00,238847.77,239094.67,237021.3,237523.09,9741
2023-12-09 00:00:00,236737.94,239211.32,236291.07,236764.6,13211
2023-12-09 01:00:00,236910.21,237551.85,236910.21,237077.69,11325
2023-12-09 02:00:00,236924.03,238053.98,236375.56,237578.83,8133
2023-12-09 03:00:00,237523.97,238546.49,236929.74,238070.35,11144
2023-12-09 04:00:00,238115.59,240195.72,235770.21,237494.65,12773
2023-12-09 05:00:00,236814.48,237283.66,233694.16,236810.04,5137
2023-12-09 06:00:00,237078.57,238856.69,236452.16,236508.05,13585
2023-12-09 07:00:00,236627.06,236864.19,236293.5,236767.03,9812
2023-12-09 08:00:00,237441.13,239819.11,237441.13,237916.96,15343
2023-12-09 09:00:00,236771.93,236771.93,235928.14,236438.46,6178
2023-12-09 10:00:00,235898.37,237970.3,235898.37,236371.11,8144
2023-12-09 11:00:00,236270.12,236270.12,234958.09,235504.17,8419
2023-12-09 12:00:00,234980.02,234980.02,234439.65,234457.39,8689
2023-12-09 13:00:00,234886.3,235429.9,234886.3,235345.6,12392
2023-12-09 14:00:00,234727.28,236972.43,232083.05,235885.34,8817
2023-12-09 15:00:00,236017.88,238079.96,234926.73,236328.76,12045
2023-12-09 16:00:00,235921.77,238380.51,235797.47,237092.81,6913
2023-12-09 17:00:00,237747.39,240680.42,236579.03,236804.13,7943
2023-12-09 18:00:00,236793.85,238606.72,235350.82,236568.11,9220
2023-12-09 19:00:00,236602.14,238719.9,236602.14,238243.42,8675
2023-12-09 20:00:00,238496.24,238915.94,236454.23,238065.99,8789
2023-12-09 21:00:00,238029.5,241092.17,237848.39,238618.6,16378
2023-12-09 22:00:00,238367.7,238799.31,237462.52,238615.28,10687
2023-12-09 23:00:00,237730.13,237730.13,236781.11,237255.62,12990
2023-12-10 00:00:00,236993.34,237313.18,234583.62,235835.0,9283
2023-12-10 01:00:00,235992.47,236271.82,235203.15,235555.75,9996
2023-12-10 02:00:00,235738.9,236945.48,235138.88,236472.54,8355
2023-12-10 03:00:00,237076.11,238464.12,237076.11,237154.77,8671
2023-12-10 04:00:00,236819.29,238266.5,234711.33,237900.9,7677
2023-12-10 05:00:00,238108.14,238479.88,236753.92,237228.38,13710
2023-12-10 06:00:00,237142.26,238963.03,236484.95,238486.06,8528
2023-12-10 07:00:00,238061.82,238275.52,237320.08,237799.92,12884
2023-12-10 08:00:00,237835.52,238297.66,237248.96,238011.45,8725
2023-12-10 09:00:00,238469.62,240123.93,235619.72,238054.06,9089
2023-12-10 10:00:00,238357.76,239676.57,237478.19,237976.62,9728
2023-12-10 11:00:00,238526.72,239978.19,238526.72,239004.73,15053
2023-12-10 12:00:00,238877.53,239578.15,236982.93,238484.73,13160
2023-12-10 13:00:00,238000.56,238000.56,237050.46,237525.51,6859
2023-12-10 14:00:00,237321.85,238553.4,236157.36,237618.92,8340
2023-12-10 15:00:00,237758.27,238236.9,236273.14,237401.95,13650
2023-12-10 16:00:00,239466.27,241250.89,239466.27,239946.16,9257
2023-12-10 17:00:00,239988.76,240878.98,239364.21,240398.18,19664
2023-12-10 18:00:00,240152.56,240344.08,239608.94,240028.83,9035
2023-12-10 19:00:00,239684.28,239684.28,236913.73,239205.87,13906
2023-12-10 20:00:00,238144.42,238144.42,237350.84,237826.49,9556
2023-12-10 21:00:00,237896.96,238050.1,236678.37,237152.67,11959
2023-12-10 22:00:00,237558.49,237558.49,236918.27,237348.39,6184
2023-12-10 23:00:00,237545.67,240421.15,237545.67,238486.47,9412
2023-12-11 00:00:00,238593.55,241456.72,238111.6,239349.16,6260
2023-12-11 01:00:00,239712.78,239995.89,237637.77,239516.85,9888
2023-12-11 02:00:00,239244.47,241174.48,238794.05,239272.59,16010
2023-12-11 03:00:00,239610.63,239610.63,238999.89,239478.85,10225
2023-12-11 04:00:00,239520.31,239887.54,238726.02,239098.52,8973
2023-12-11 05:00:00,239535.43,240585.68,239244.82,240379.32,6318
2023-12-11 06:00:00,240297.08,240381.38,239124.92,240197.82,10953
2023-12-11 07:00:00,240517.39,240582.28,239621.87,240102.08,12347
2023-12-11 08:00:00,238940.82,238940.82,236940.58,238448.18,10289
2023-12-11 09:00:00,238577.11,239798.99,237566.96,238369.29,8817
2023-12-11 10:00:00,238465.1,240074.08,238063.71,239048.93,5957
2023-12-11 11:00:00,239238.6,239538.62,238165.54,238301.37,7581
2023-12-11 12:00:00,238305.3,238305.3,236186.56,237829.64,12304
2023-12-11 13:00:00,238294.26,238986.41,238032.37,238509.39,10469
2023-12-11 14:00:00,238320.12,238609.09,234992.69,237500.21,6986
2023-12-11 15:00:00,238229.82,238869.83,238229.82,238393.04,12747
2023-12-11 16:00:00,237925.54,239052.23,237925.54,238079.05,6813
2023-12-11 17:00:00,237919.33,238378.01,237814.26,237888.31,6652
2023-12-11 18:00:00,237272.96,237648.21,235466.05,237173.86,19530
2023-12-11 19:00:00,236490.07,239622.88,234766.88,237591.96,8035
2023-12-11 20:00:00,239024.26,239982.27,239024.26,239503.27,11257
2023-12-11 21:00:00,239879.53,240269.87,238114.71,240096.06,12225
2023-12-11 22:00:00,240105.98,240105.98,238972.91,239451.81,8839
2023-12-11 23:00:00,240036.53,243102.79,240026.5,240310.68,9939
2023-12-12 00:00:00,240540.2,240540.2,237656.03,240060.08,8463
2023-12-12 01:00:00,240584.86,242065.01,240584.86,241067.0,7804
2023-12-12 02:00:00,240998.02,242319.34,240998.02,241606.58,6683
2023-12-12 03:00:00,239679.99,239679.99,238526.83,239344.83,7645
2023-12-12 04:00:00,239122.05,239122.05,235930.98,238644.76,10843
2023-12-12 05:00:00,238790.44,239542.02,237217.51,239410.22,11932
2023-12-12 06:00:00,239623.51,240381.3,238882.49,239556.36,9731
2023-12-12 07:00:00,239312.22,239312.22,238042.51,238834.55,9888
2023-12-12 08:00:00,238898.13,240105.14,236435.88,238441.02,6933
2023-12-12 09:00:00,237614.23,237614.23,236665.67,237139.95,10599
2023-12-12 10:00:00,236402.64,237707.57,236269.74,237233.1,10290
2023-12-12 11:00:00,238881.57,239476.6,238881.57,238998.6,6960
2023-12-12 12:00:00,239175.69,240785.5,239175.69,239655.0,13152
2023-12-12 13:00:00,241081.84,241780.49,241081.84,241297.89,9265
2023-12-12 14:00:00,240912.99,243277.28,240912.99,241903.75,16136
2023-12-12 15:00:00,241950.24,243074.62,240945.19,242589.44,10558
2023-12-12 16:00:00,243358.47,245145.64,243358.47,243944.0,11723
2023-12-12 17:00:00,243999.29,244529.45,240456.05,244041.36,15538
2023-12-12 18:00:00,244171.26,244198.6,241828.57,243711.18,11668
2023-12-12 19:00:00,243824.66,246280.08,243824.66,244313.29,7648
2023-12-12 20:00:00,244691.19,245692.57,243866.72,245202.17,8696
2023-12-12 21:00:00,245307.79,246386.43,242182.14,244594.27,8098
2023-12-12 22:00:00,244886.87,245143.37,242826.23,243838.95,8964
2023-12-12 23:00:00,243801.69,244470.41,243280.06,243767.6,10183
2023-12-13 00:00:00,243404.02,245789.45,243404.02,244221.03,8566
2023-12-13 01:00:00,244393.69,245116.8,243618.52,244627.54,10430
2023-12-13 02:00:00,244721.75,245607.48,242863.48,243350.18,5015
2023-12-13 03:00:00,243671.85,246106.53,243050.14,244633.58,11200
2023-12-13 04:00:00,245391.84,245391.84,243758.69,243939.81,12038
2023-12-13 05:00:00,243782.31,244057.55,243083.27,243570.41,15036
2023-12-13 06:00:00,243103.62,245161.32,242698.72,242747.69,8773
2023-12-13 07:00:00,244163.0,246862.34,244163.0,244652.31,9300
2023-12-13 08:00:00,244737.73,245118.2,242610.34,244628.95,12366
2023-12-13 09:00:00,244276.67,244276.67,243301.51,243789.09,12203
2023-12-13 10:00:00,243938.88,246830.74,243938.88,244280.97,11172
2023-12-13 11:00:00,244537.49,246910.4,244537.49,244679.55,11387
2023-12-13 12:00:00,245054.86,245553.37,243377.24,244343.74,10427
2023-12-13 13:00:00,244623.93,246308.1,244623.93,244796.77,7480
2023-12-13 14:00:00,244468.35,244468.35,243159.34,243980.39,9957
2023-12-13 15:00:00,243849.06,244603.38,242976.59,243463.51,8900
2023-12-13 16:00:00,243257.55,243715.87,241738.7,241845.89,9092
2023-12-13 17:00:00,241649.37,241649.37,240469.13,240834.4,11928
2023-12-13 18:00:00,240946.29,242679.64,240611.72,242195.25,10708
2023-12-13 19:00:00,242880.49,243853.96,242880.49,243367.23,11170
2023-12-13 20:00:00,243270.49,243797.06,242823.82,243310.44,12524
2023-12-13 21:00:00,243959.07,244751.21,243959.07,244447.97,13149
2023-12-13 22:00:00,244226.21,244226.21,243841.23,244161.58,6594
2023-12-13 23:00:00,244204.41,245658.97,243533.55,243833.06,11310
2023-12-14 00:00:00,243660.63,244610.07,243254.0,243741.49,12872
2023-12-14 01:00:00,244416.5,244873.88,242597.15,243516.19,11661
2023-12-14 02:00:00,243477.93,244181.96,243137.33,243238.8,14408
2023-12-14 03:00:00,243503.37,244699.87,243503.37,243991.35,5893
2023-12-14 04:00:00,243920.84,245137.27,242810.11,243963.36,4958
2023-12-14 05:00:00,244451.74,246961.94,243740.73,244358.83,6597
2023-12-14 06:00:00,244681.74,245811.06,244681.74,244967.42,10788
2023-12-14 07:00:00,244679.62,245555.35,244679.62,245065.22,8373
2023-12-14 08:00:00,244891.1,244891.1,243021.5,244140.54,14224
2023-12-14 09:00:00,243543.27,243543.27,241822.01,242984.95,7246
2023-12-14 10:00:00,243099.39,243922.81,242529.96,243015.99,10127
2023-12-14 11:00:00,243030.3,244195.57,241476.06,242809.94,15280
2023-12-14 12:00:00,243040.45,243216.04,242744.7,242808.93,8004
2023-12-14 13:00:00,242965.2,244207.64,241337.0,242728.03,8335
2023-12-14 14:00:00,243998.87,245633.54,243998.87,244590.41,10981
2023-12-14 15:00:00,243588.27,243588.27,241431.25,243439.27,13963
2023-12-14 16:00:00,243222.85,243222.85,241623.66,241862.47,10871
2023-12-14 17:00:00,241992.03,242585.31,240913.33,242101.11,5811
2023-12-14 18:00:00,242787.0,244410.01,239625.53,241802.67,7932
2023-12-14 19:00:00,241643.29,242521.52,240878.28,242037.45,8408
2023-12-14 20:00:00,241827.28,242777.64,241827.28,242454.58,13035
2023-12-14 21:00:00,243129.35,245646.81,240510.2,243370.09,12670
2023-12-14 22:00:00,243163.91,243163.91,240804.56,242156.77,13360
2023-12-14 23:00:00,241601.52,245284.45,241236.93,241720.37,9418
2023-12-15 00:00:00,241689.97,242848.49,241553.86,242037.94,8029
2023-12-15 01:00:00,242396.1,243380.28,241445.34,242593.78,20551
2023-12-15 02:00:00,243689.6,245911.01,243689.6,244177.95,11575
2023-12-15 03:00:00,244579.38,245055.92,243695.87,244760.82,10945
2023-12-15 04:00:00,244476.61,245046.75,244068.52,244557.63,7142
2023-12-15 05:00:00,244231.55,244231.55,243348.89,243744.06,10901
2023-12-15 06:00:00,243343.73,243343.73,241609.59,243223.54,9749
2023-12-15 07:00:00,243332.79,243812.78,241830.85,242712.2,11385
2023-12-15 08:00:00,242867.97,246540.37,242867.97,243157.04,10603
2023-12-15 09:00:00,243612.84,243769.97,241504.29,243283.4,11029
2023-12-15 10:00:00,242927.4,244174.74,239730.42,242228.31,11093
2023-12-15 11:00:00,241836.29,242373.02,239613.58,241889.25,9091
2023-12-15 12:00:00,242059.04,243722.64,242059.04,242544.13,7480
2023-12-15 13:00:00,242675.01,243262.77,242675.01,242777.21,7502
2023-12-15 14:00:00,242752.68,243647.23,242295.82,243160.91,7382
2023-12-15 15:00:00,243178.78,244311.58,241149.86,243387.36,9521
2023-12-15 16:00:00,244034.68,245698.66,244034.68,244523.73,10101
2023-12-15 17:00:00,244074.01,245052.26,244074.01,244563.13,9852
2023-12-15 18:00:00,244628.77,244628.77,242500.97,244140.49,14238
2023-12-15 19:00:00,244745.08,245155.77,242405.96,243347.08,11111
2023-12-15 20:00:00,243745.07,244954.43,242981.29,243468.23,9861
2023-12-15 21:00:00,242858.54,242858.54,241095.76,241578.91,12981
2023-12-15 22:00:00,241240.17,243601.04,240994.13,241477.08,12405
2023-12-15 23:00:00,241242.59,242591.21,240224.89,241367.92,16457
2023-12-16 00:00:00,240890.17,240890.17,238163.75,240409.35,5917
2023-12-16 01:00:00,240309.07,240309.07,237973.97,239829.41,15582
2023-12-16 02:00:00,240099.67,240647.3,240082.38,240563.5,5186
2023-12-16 03:00:00,240701.15,240962.44,239708.06,240838.08,11898
2023-12-16 04:00:00,240609.29,242092.18,239316.66,241010.36,6423
2023-12-16 05:00:00,241202.92,242120.47,240201.68,241324.4,12356
2023-12-16 06:00:00,241246.28,241831.38,241051.77,241469.65,7193
2023-12-16 07:00:00,241326.31,242942.13,239254.34,242457.21,8564
2023-12-16 08:00:00,242648.61,243052.08,242081.81,242566.94,11827
2023-12-16 09:00:00,242562.55,242975.53,240772.96,241499.41,13109
2023-12-16 10:00:00,242292.22,244235.1,242292.22,242777.77,7513
2023-12-16 11:00:00,243015.77,244047.71,241697.55,243059.2,10911
2023-12-16 12:00:00,243399.35,243399.35,241459.49,242615.34,13406
2023-12-16 13:00:00,241818.14,241818.14,239641.48,241702.65,14306
2023-12-16 14:00:00,241854.72,242552.69,241854.72,242068.56,7403
2023-12-16 15:00:00,242015.42,243773.5,242015.42,242033.21,12677
2023-12-16 16:00:00,242063.8,244737.36,240902.63,243259.36,15655
2023-12-16 17:00:00,242868.69,244246.4,239409.94,242999.28,13517
2023-12-16 18:00:00,242508.6,242508.6,241904.39,242389.16,9333
2023-12-16 19:00:00,242664.85,243153.69,241270.3,243100.28,8420
2023-12-16 20:00:00,242942.54,244087.4,241849.7,243797.3,8231
2023-12-16 21:00:00,244070.17,244382.73,242242.78,243894.94,15042
2023-12-16 22:00:00,243999.56,244983.68,243671.82,244367.87,18153
2023-12-16 23:00:00,244348.96,244774.95,242166.06,244286.37,11269
2023-12-17 00:00:00,244610.59,245115.33,242184.68,244418.78,9631
2023-12-17 01:00:00,244752.42,246590.44,244752.42,245242.91,6031
2023-12-17 02:00:00,245095.81,246981.09,242633.58,245619.12,8514
2023-12-17 03:00:00,245800.38,246511.48,243906.35,245378.0,7323
2023-12-17 04:00:00,245577.06,246787.16,245577.06,246294.57,11085
2023-12-17 05:00:00,246461.42,246720.23,243871.45,244360.17,13291
2023-12-17 06:00:00,245357.69,246876.95,245357.69,245849.39,8558
2023-12-17 07:00:00,244933.02,244933.02,243955.25,244444.13,17949
2023-12-17 08:00:00,244287.76,244420.86,243445.13,243932.99,11381
2023-12-17 09:00:00,244375.7,244375.7,241138.52,243887.93,8854
2023-12-17 10:00:00,244248.9,245582.23,242318.59,243770.0,8879
2023-12-17 11:00:00,244495.47,245006.71,244495.47,244517.67,12123
2023-12-17 12:00:00,244125.61,244252.72,241031.63,243680.4,8174
2023-12-17 13:00:00,243637.51,244322.94,243386.99,243874.74,5341
2023-12-17 14:00:00,243686.96,243924.65,241946.38,243437.78,11182
2023-12-17 15:00:00,243603.41,244164.48,241429.92,243677.12,14944
2023-12-17 16:00:00,244083.3,244118.04,242056.87,243630.78,13352
2023-12-17 17:00:00,243647.19,244196.49,243221.65,243709.07,12205
2023-12-17 18:00:00,243282.89,243790.82,242894.46,243304.21,8489
2023-12-17 19:00:00,243352.92,243352.92,242372.99,242948.64,21732
2023-12-17 20:00:00,242720.23,243511.73,242720.23,243206.65,11385
2023-12-17 21:00:00,244177.32,244430.49,242715.74,243942.6,8946
2023-12-17 22:00:00,243510.09,243510.09,241665.12,243491.66,6530
2023-12-17 23:00:00,243615.0,243842.35,242365.48,242870.19,10118
2023-12-18 00:00:00,242928.11,243494.27,241935.97,243385.53,9939
2023-12-18 01:00:00,243428.18,243428.18,242350.25,243394.34,18071
2023-12-18 02:00:00,243378.6,244535.92,242507.66,244045.64,14252
2023-12-18 03:00:00,243804.94,244045.97,243022.49,243363.7,7110
2023-12-18 04:00:00,243603.11,243629.04,241559.27,242073.24,6173
2023-12-18 05:00:00,241417.02,244504.86,241334.65,241785.52,13548
2023-12-18 06:00:00,241612.26,241661.56,240652.15,241343.05,9764
2023-12-18 07:00:00,241656.47,242108.42,238896.97,241435.74,10391
2023-12-18 08:00:00,241479.51,242318.26,240628.59,241110.81,11128
2023-12-18 09:00:00,241141.55,242303.65,240190.94,241820.01,10721
2023-12-18 10:00:00,241785.84,242893.86,241249.31,241732.77,11162
2023-12-18 11:00:00,241656.32,242769.39,240981.36,241979.22,7956
2023-12-18 12:00:00,241924.16,242822.5,241258.12,242223.37,5966
2023-12-18 13:00:00,242200.9,243105.24,240801.27,242485.75,7242
2023-12-18 14:00:00,242257.95,243355.42,241521.32,242573.2,10977
2023-12-18 15:00:00,242780.16,244195.14,242272.2,243055.3,8883
2023-12-18 16:00:00,242690.96,243705.89,241768.03,242541.74,7887
2023-12-18 17:00:00,243198.73,245695.12,243198.73,243686.1,8479
2023-12-18 18:00:00,243808.79,245850.28,243495.52,243554.83,17469
2023-12-18 19:00:00,243112.6,243112.6,242142.09,242627.34,8419
2023-12-18 20:00:00,243300.34,246441.09,242689.1,242868.67,11875
2023-12-18 21:00:00,243224.86,243495.7,240920.14,242329.88,10261
2023-12-18 22:00:00,242293.24,243766.86,241935.69,242950.03,10211
2023-12-18 23:00:00,243896.41,245555.67,243896.41,244686.31,11955
2023-12-19 00:00:00,244103.51,244694.38,239721.06,244097.22,8677
2023-12-19 01:00:00,244312.46,246516.49,244312.46,244377.29,9456
2023-12-19 02:00:00,243979.21,245019.05,241678.15,243081.58,13262
2023-12-19 03:00:00,243259.38,245464.74,242117.84,243511.22,9930
2023-12-19 04:00:00,243005.73,243005.73,242436.81,242922.65,12567
2023-12-19 05:00:00,242720.34,243370.9,241652.88,242568.88,7461
2023-12-19 06:00:00,242338.88,242338.88,240601.82,241885.24,7047
2023-12-19 07:00:00,242315.54,243162.37,242315.54,242600.15,12562
2023-12-19 08:00:00,242324.16,245147.49,241433.06,243486.18,6849
2023-12-19 09:00:00,243004.39,244789.55,243004.39,243595.0,8323
2023-12-19 10:00:00,244037.18,244100.87,242429.0,243034.57,7223
2023-12-19 11:00:00,243074.73,245059.7,242502.02,244336.48,9717
2023-12-19 12:00:00,244615.87,244857.76,242647.68,243828.09,8200
2023-12-19 13:00:00,242779.97,242779.97,241814.06,242295.38,6398
2023-12-19 14:00:00,242705.06,243286.63,242325.63,242801.03,10984
2023-12-19 15:00:00,242186.82,242186.82,241854.46,242122.89,8164
2023-12-19 16:00:00,242271.76,244669.85,242271.76,243038.62,9755
2023-12-19 17:00:00,242554.14,242993.7,242401.25,242887.02,8710
2023-12-19 18:00:00,243599.26,244490.47,242991.27,243478.23,9889
2023-12-19 19:00:00,244563.54,245753.18,244563.54,244634.75,10045
2023-12-19 20:00:00,245350.24,246002.04,243206.89,243782.89,9028
2023-12-19 21:00:00,243307.02,244097.33,242645.26,243464.07,13979
2023-12-19 22:00:00,243245.54,243897.97,243085.39,243533.12,16878
2023-12-19 23:00:00,244130.06,246892.47,244130.06,244800.18,12672
2023-12-20 00:00:00,244747.52,246282.49,242605.8,244358.56,10314
2023-12-20 01:00:00,244711.18,245919.21,243095.61,243993.76,8046
2023-12-20 02:00:00,243961.81,244939.62,243961.81,244450.72,8062
2023-12-20 03:00:00,244246.36,245686.07,242776.44,244091.59,9454
2023-12-20 04:00:00,244155.99,244789.31,243812.1,244300.71,7862
2023-12-20 05:00:00,243710.62,243710.62,241000.1,243224.17,10812
2023-12-20 06:00:00,244960.85,246017.59,244960.85,245020.95,12088
2023-12-20 07:00:00,245373.19,246484.29,243574.99,244063.11,11022
2023-12-20 08:00:00,243982.21,245452.5,242747.07,243929.57,16778
2023-12-20 09:00:00,243797.09,244140.31,242595.37,244020.02,8519
2023-12-20 10:00:00,245095.4,245787.69,245095.4,245564.34,13269
2023-12-20 11:00:00,245540.19,247744.58,243463.09,244602.33,5871
2023-12-20 12:00:00,245274.31,246667.16,245274.31,246174.81,11801
2023-12-20 13:00:00,246804.66,248171.88,246252.97,246746.46,9306
2023-12-20 14:00:00,247092.09,247526.59,247019.43,247032.52,10428
2023-12-20 15:00:00,246782.48,246782.48,244944.71,246242.1,12434
2023-12-20 16:00:00,246463.57,247167.87,245045.41,246674.52,7786
2023-12-20 17:00:00,246674.67,247008.99,245473.73,246103.27,8342
2023-12-20 18:00:00,246767.09,249734.37,246767.09,247065.42,11110
2023-12-20 19:00:00,247633.68,249058.29,245649.11,246288.77,7279
2023-12-20 20:00:00,246698.81,246698.81,243096.37,246206.4,6061
2023-12-20 21:00:00,246565.06,246725.11,245303.45,245795.04,11369
2023-12-20 22:00:00,245985.91,247235.08,243612.28,245084.69,9844
2023-12-20 23:00:00,245516.77,246301.6,245185.39,245711.79,16062
2023-12-21 00:00:00,245409.72,246595.55,244208.47,246152.86,18209
2023-12-21 01:00:00,246766.16,249469.06,245126.79,247081.39,8129
2023-12-21 02:00:00,247175.89,247175.89,244179.14,245703.94,8678
2023-12-21 03:00:00,246672.09,247041.97,245302.72,246548.87,10840
2023-12-21 04:00:00,246816.19,248939.81,246816.19,248442.92,12146
2023-12-21 05:00:00,248495.27,248495.27,247503.27,247999.27,9801
2023-12-21 06:00:00,248867.54,251501.48,248867.54,249366.27,8021
2023-12-21 07:00:00,249550.1,250232.97,248732.29,249022.5,10348
2023-12-21 08:00:00,248965.25,248965.25,247450.22,247856.79,6975
2023-12-21 09:00:00,247574.23,248069.8,246915.63,247574.65,10653
2023-12-21 10:00:00,248339.84,248833.31,246523.98,248336.64,9335
2023-12-21 11:00:00,248123.35,248123.35,246757.26,247628.1,14500
2023-12-21 12:00:00,247637.26,247637.26,245548.48,247142.97,9997
2023-12-21 13:00:00,246747.19,248082.6,245242.53,247587.42,5978
2023-12-21 14:00:00,247340.14,247794.82,247067.76,247562.89,13898
2023-12-21 15:00:00,247034.13,248759.8,247034.13,247982.71,14476
2023-12-21 16:00:00,248124.75,248994.15,245589.1,248119.8,8384
2023-12-21 17:00:00,248572.27,249248.18,247957.48,248434.33,7150
2023-12-21 18:00:00,249373.59,249420.31,247541.8,248037.87,14067
2023-12-21 19:00:00,248615.34,249319.51,247734.01,248171.39,9258
2023-12-21 20:00:00,248130.67,249043.52,246920.31,247415.14,5543
2023-12-21 21:00:00,247969.35,248883.29,247969.35,248386.52,9086
2023-12-21 22:00:00,248034.07,248261.27,247728.89,247846.8,8425
2023-12-21 23:00:00,248116.63,250998.72,247392.75,248678.13,10155
2023-12-22 00:00:00,247983.4,249151.3,247934.98,248431.85,11525
2023-12-22 01:00:00,248291.93,249897.59,248036.71,248533.77,10050
2023-12-22 02:00:00,248593.99,248593.99,246605.66,248097.8,15700
2023-12-22 03:00:00,248423.06,250090.33,246171.45,247294.42,9785
2023-12-22 04:00:00,246480.25,246480.25,245920.07,245988.28,9007
2023-12-22 05:00:00,245770.24,245770.24,244618.2,245279.68,22098
2023-12-22 06:00:00,244568.01,247005.91,244568.01,245160.74,9695
2023-12-22 07:00:00,245462.97,248233.44,244803.3,245451.24,11250
2023-12-22 08:00:00,245832.04,246524.22,245832.04,246324.69,8170
2023-12-22 09:00:00,245778.06,246823.0,245568.87,246060.99,10906
2023-12-22 10:00:00,246306.35,246306.35,243050.72,245488.54,10979
2023-12-22 11:00:00,245468.08,246230.11,244040.74,244529.8,8626
2023-12-22 12:00:00,244533.82,245557.64,243621.73,245067.51,7571
2023-12-22 13:00:00,244515.93,247641.15,244515.93,246255.83,8707
2023-12-22 14:00:00,245927.72,248247.1,245156.71,247300.18,8508
2023-12-22 15:00:00,247536.81,248063.32,247464.8,247876.16,8732
2023-12-22 16:00:00,248068.66,248864.44,247775.42,248367.7,16325
2023-12-22 17:00:00,248315.18,251673.75,247474.2,249637.27,11771
2023-12-22 18:00:00,249889.63,250304.16,248660.91,249804.55,10797
2023-12-22 19:00:00,249262.87,250952.51,248713.54,250199.97,9276
2023-12-22 20:00:00,250217.97,250479.27,247431.96,249832.33,11334
2023-12-22 21:00:00,249187.46,249187.46,248395.51,248690.08,9217
2023-12-22 22:00:00,248370.69,248410.19,247014.95,248130.26,11142
2023-12-22 23:00:00,248315.34,248615.71,246503.01,248119.47,9336
2023-12-23 00:00:00,247924.71,248979.49,245510.16,248166.09,16637
2023-12-23 01:00:00,249128.52,250127.04,249128.52,249627.78,8607
2023-12-23 02:00:00,249112.33,250130.77,249112.33,249611.56,15443
2023-12-23 03:00:00,249939.37,251490.95,249939.37,250440.26,9433
2023-12-23 04:00:00,250071.09,250489.27,249489.31,249989.29,7426
2023-12-23 05:00:00,250016.25,250158.4,249409.34,249659.08,8047
2023-12-23 06:00:00,249000.25,249617.2,246959.0,248577.16,9042
2023-12-23 07:00:00,248746.95,250589.17,247513.55,248009.57,10919
2023-12-23 08:00:00,248219.88,248779.74,247943.73,248440.61,9797
2023-12-23 09:00:00,248261.63,249426.39,245917.6,248458.43,7018
2023-12-23 10:00:00,248968.93,249687.54,248968.93,249189.16,12647
2023-12-23 11:00:00,248962.83,251206.37,248483.59,249300.71,13717
2023-12-23 12:00:00,248896.28,250366.43,248502.5,249000.5,9268
2023-12-23 13:00:00,250112.3,251133.37,250112.3,250627.99,10529
2023-12-23 14:00:00,250233.63,252707.81,249277.71,250451.41,8225
2023-12-23 15:00:00,250350.29,251751.98,249980.26,251249.48,9510
2023-12-23 16:00:00,251644.75,251821.43,249534.42,250807.25,5683
2023-12-23 17:00:00,251154.39,251746.25,250741.27,251243.76,14527
2023-12-23 18:00:00,251146.37,253307.19,251077.51,251830.13,6268
2023-12-23 19:00:00,252758.25,252758.25,249451.62,251835.39,7471
2023-12-23 20:00:00,250530.28,250530.28,249365.77,249865.5,9097
2023-12-23 21:00:00,250075.96,250335.47,247613.76,249835.8,16597
2023-12-23 22:00:00,250850.8,251237.37,250205.67,250735.89,11880
2023-12-23 23:00:00,251319.75,252913.54,249438.98,251057.64,8166
2023-12-24 00:00:00,250817.77,251807.97,250802.75,251305.36,10086
2023-12-24 01:00:00,251216.09,252451.25,248095.62,249873.11,8549
2023-12-24 02:00:00,249674.15,249674.15,248591.18,249295.04,16491
2023-12-24 03:00:00,249548.59,250540.01,248051.11,249616.11,10029
2023-12-24 04:00:00,249010.64,250713.6,248011.01,249921.21,10125
2023-12-24 05:00:00,250477.03,251325.3,249472.66,250823.65,9859
2023-12-24 06:00:00,251043.31,252637.27,250218.81,250636.71,8547
2023-12-24 07:00:00,250537.31,252942.1,250486.07,250887.81,11052
2023-12-24 08:00:00,250867.01,251324.69,249739.1,250823.05,8548
2023-12-24 09:00:00,251606.56,252498.53,248777.96,249995.02,10530
2023-12-24 10:00:00,248732.45,248732.45,246941.22,248249.48,13203
2023-12-24 11:00:00,247914.34,249152.15,247914.34,248654.84,13625
2023-12-24 12:00:00,248732.57,250714.53,248147.86,248848.52,6527
2023-12-24 13:00:00,248561.38,248561.38,246998.27,248427.92,13025
2023-12-24 14:00:00,248307.41,249440.5,247210.08,247272.49,8160
2023-12-24 15:00:00,247476.5,248734.05,247476.5,247889.4,8274
2023-12-24 16:00:00,247401.58,249224.29,247299.25,247794.84,8983
2023-12-24 17:00:00,247833.16,249944.1,247833.16,248329.81,11270
2023-12-24 18:00:00,249333.95,250867.03,249333.95,249833.62,10944
2023-12-24 19:00:00,248699.11,248699.11,247706.3,248202.7,11416
2023-12-24 20:00:00,248265.06,248265.06,247273.98,247769.52,10852
2023-12-24 21:00:00,248113.7,250660.25,246204.66,247731.02,14323
2023-12-24 22:00:00,247643.85,250744.22,247453.8,248959.53,8559
2023-12-24 23:00:00,248184.21,248184.21,246091.18,247772.38,15660
2023-12-25 00:00:00,248738.02,249757.22,248738.02,249367.35,10081
2023-12-25 01:00:00,249897.87,251192.82,249317.08,249516.07,7009
2023-12-25 02:00:00,249976.1,249976.1,248265.17,249477.14,11046
2023-12-25 03:00:00,249518.16,249857.17,248859.74,249358.46,13103
2023-12-25 04:00:00,249950.64,251586.29,247221.39,249064.27,9953
2023-12-25 05:00:00,249346.2,250206.28,249346.2,249922.02,10055
2023-12-25 06:00:00,249589.59,249589.59,247315.29,249114.31,14203
2023-12-25 07:00:00,249281.78,249980.38,247582.41,249431.52,12623
2023-12-25 08:00:00,248478.75,249923.56,247046.91,249178.27,7739
2023-12-25 09:00:00,248880.74,250579.27,248156.35,248653.66,9359
2023-12-25 10:00:00,249802.35,252250.08,249802.35,250710.68,9889
2023-12-25 11:00:00,250415.88,252307.25,249892.61,251010.23,14354
2023-12-25 12:00:00,250974.71,251946.08,250010.31,251443.19,13058
2023-12-25 13:00:00,251644.36,252761.65,251644.36,252257.14,11551
2023-12-25 14:00:00,251981.91,253868.61,248088.12,251055.1,13090
2023-12-25 15:00:00,252274.35,256463.62,252274.35,252363.62,9580
2023-12-25 16:00:00,250809.68,250809.68,249808.44,250309.06,15400
2023-12-25 17:00:00,250097.93,250097.93,248063.09,249719.69,15246
2023-12-25 18:00:00,249903.94,249903.94,248235.41,249405.13,9363
2023-12-25 19:00:00,248985.26,250690.67,247503.53,249905.36,9909
2023-12-25 20:00:00,249787.61,250604.97,248062.39,250104.76,7734
2023-12-25 21:00:00,249991.74,250776.08,249494.53,249994.52,8800
2023-12-25 22:00:00,250293.77,251969.31,249511.28,250011.31,4720
2023-12-25 23:00:00,249535.83,249535.83,247901.61,249290.87,13784
2023-12-26 00:00:00,248351.91,248351.91,245916.63,248214.29,10004
2023-12-26 01:00:00,248411.95,249393.28,248397.69,248895.49,11829
2023-12-26 02:00:00,249018.11,250809.11,249018.11,249517.15,6959
2023-12-26 03:00:00,249119.65,251314.19,248174.77,250795.67,16800
2023-12-26 04:00:00,250682.56,250682.56,248109.99,250182.2,13085
2023-12-26 05:00:00,250273.69,251246.7,250273.69,250745.21,11146
2023-12-26 06:00:00,250564.16,250939.33,248237.83,250528.97,12073
2023-12-26 07:00:00,251140.06,254407.03,251140.06,251453.29,7063
2023-12-26 08:00:00,251568.63,252776.66,251013.79,252199.88,9945
2023-12-26 09:00:00,252846.44,253584.37,251117.85,252283.06,12046
2023-12-26 10:00:00,251845.6,252444.26,251436.49,251940.38,7752
2023-12-26 11:00:00,252121.19,253131.69,252121.19,252626.44,8364
2023-12-26 12:00:00,253228.64,253984.1,252896.25,253038.12,6406
2023-12-26 13:00:00,253382.11,254587.01,249289.76,252394.99,14452
2023-12-26 14:00:00,251991.75,253424.73,251186.17,251296.8,12684
2023-12-26 15:00:00,251124.81,251569.05,249253.17,251066.92,8970
2023-12-26 16:00:00,251191.08,253266.68,250690.72,252236.75,6763
2023-12-26 17:00:00,252620.34,253865.97,251993.12,253062.58,14092
2023-12-26 18:00:00,252502.95,252657.7,249115.05,252094.23,14122
2023-12-26 19:00:00,251734.13,251734.13,250640.43,251142.71,10922
2023-12-26 20:00:00,250904.89,253028.01,250065.91,252125.78,11605
2023-12-26 21:00:00,251559.41,251559.41,250971.64,251195.9,9543
2023-12-26 22:00:00,251510.48,251855.48,249819.76,251589.28,12556
2023-12-26 23:00:00,251552.81,254322.1,250544.09,251097.54,11609
2023-12-27 00:00:00,251130.98,252782.24,250589.77,252352.18,11751
2023-12-27 01:00:00,252754.89,253051.76,251450.9,251703.03,11933
2023-12-27 02:00:00,251795.86,253632.95,250371.59,252567.7,9645
2023-12-27 03:00:00,252764.02,253151.68,252457.89,252646.38,11387
2023-12-27 04:00:00,252552.88,254166.33,252158.64,252776.01,17081
2023-12-27 05:00:00,251855.51,252100.62,247552.09,251179.53,14547
2023-12-27 06:00:00,250004.15,250004.15,248145.45,249505.14,9223
2023-12-27 07:00:00,249199.89,250626.17,247950.02,249444.43,12506
2023-12-27 08:00:00,249603.86,253452.83,249603.86,249745.74,13023
2023-12-27 09:00:00,249167.43,251679.53,248480.5,248978.45,11762
2023-12-27 10:00:00,248514.3,248514.3,247596.16,248282.33,12554
2023-12-27 11:00:00,248381.5,249230.61,248381.5,248879.26,9445
2023-12-27 12:00:00,249103.41,250834.77,249097.26,249444.62,9673
2023-12-27 13:00:00,249440.03,251691.34,248946.14,249445.03,12800
2023-12-27 14:00:00,250038.35,250601.25,250038.35,250146.86,10801
2023-12-27 15:00:00,249816.6,249816.6,247231.06,249317.96,8128
2023-12-27 16:00:00,249810.58,251094.14,246725.32,249164.5,10285
2023-12-27 17:00:00,249284.67,251046.26,249284.67,250545.17,11851
2023-12-27 18:00:00,250423.31,251147.96,248812.95,250646.66,9952
2023-12-27 19:00:00,250500.23,252350.38,250340.89,250789.41,10797
2023-12-27 20:00:00,251554.8,253544.64,251554.8,252598.73,5353
2023-12-27 21:00:00,253166.32,253265.87,251320.89,251455.22,8105
2023-12-27 22:00:00,250789.25,253477.89,249156.3,252073.4,9552
2023-12-27 23:00:00,252824.9,253431.89,252824.9,253331.57,14844
2023-12-28 00:00:00,252950.89,254419.68,252950.89,252980.1,15227
2023-12-28 01:00:00,253157.71,255756.51,251232.04,253567.33,8555
2023-12-28 02:00:00,253602.55,255559.79,250831.59,252698.41,10762
2023-12-28 03:00:00,252810.71,252810.71,251610.67,252114.9,6202
2023-12-28 04:00:00,252430.4,253706.89,251626.35,252396.43,10666
2023-12-28 05:00:00,252244.27,253491.02,251044.98,252985.05,9786
2023-12-28 06:00:00,253632.43,254780.28,252384.41,253797.43,11780
2023-12-28 07:00:00,253997.82,256689.05,253997.82,254921.73,13271
2023-12-28 08:00:00,255138.01,255220.21,251628.11,254710.79,8038
2023-12-28 09:00:00,254983.58,255876.74,254983.58,255494.57,6245
2023-12-28 10:00:00,255976.43,257200.23,254203.61,255035.63,12288
2023-12-28 11:00:00,255097.84,257105.59,255005.97,255584.76,14188
2023-12-28 12:00:00,255773.76,257261.21,254113.83,255557.89,8339
2023-12-28 13:00:00,255606.22,256126.75,255606.22,255719.32,10475
2023-12-28 14:00:00,255995.38,257057.49,254694.06,255852.31,8789
2023-12-28 15:00:00,255918.64,256233.11,253777.3,254390.85,7864
2023-12-28 16:00:00,253885.87,253885.87,252855.23,253393.23,9168
2023-12-28 17:00:00,253520.24,255332.89,251786.82,253408.71,8608
2023-12-28 18:00:00,253517.31,254538.63,251527.17,252031.23,8766
2023-12-28 19:00:00,252357.1,253190.38,252357.1,252685.01,13020
2023-12-28 20:00:00,252847.6,253846.33,252740.97,253339.65,7703
2023-12-28 21:00:00,253026.01,254431.03,251947.47,253537.47,8614
2023-12-28 22:00:00,253056.55,253056.55,252096.02,252601.22,7828
2023-12-28 23:00:00,253149.4,255345.56,253149.4,253656.72,15231
2023-12-29 00:00:00,254582.66,256155.76,254582.66,255169.49,15390
2023-12-29 01:00:00,255019.07,255789.83,254016.34,255130.25,12130
2023-12-29 02:00:00,255006.06,256242.88,254832.36,255380.73,9491
2023-12-29 03:00:00,254869.75,255976.5,254869.75,255380.51,11553
2023-12-29 04:00:00,255353.13,257655.5,252754.91,255636.8,13500
2023-12-29 05:00:00,255279.43,255881.62,254913.36,255370.88,10117
2023-12-29 06:00:00,255468.65,257423.38,254680.3,255190.68,6850
2023-12-29 07:00:00,255078.15,256163.43,252899.47,255753.49,13533
2023-12-29 08:00:00,256397.59,257924.5,256397.59,257409.68,17465
2023-12-29 09:00:00,257259.31,257259.31,255519.8,256031.87,12864
2023-12-29 10:00:00,255827.87,257769.87,255035.68,255758.87,7563
2023-12-29 11:00:00,254905.97,257437.73,254149.0,254658.32,9337
2023-12-29 12:00:00,255275.11,257032.97,255275.11,255786.68,11478
2023-12-29 13:00:00,255454.89,255454.89,253008.68,255148.41,7533
2023-12-29 14:00:00,254960.87,255749.7,251295.61,253878.98,12124
2023-12-29 15:00:00,254254.25,255891.99,254045.83,254308.79,9180
2023-12-29 16:00:00,255218.34,257943.02,255218.34,255574.92,11230
2023-12-29 17:00:00,255213.93,257264.44,254009.87,255930.67,8620
2023-12-29 18:00:00,255817.01,257266.43,254460.88,255906.43,9801
2023-12-29 19:00:00,255967.96,258443.34,255967.96,256041.57,10505
2023-12-29 20:00:00,256041.81,257381.37,255926.44,256961.34,14269
2023-12-29 21:00:00,256543.26,256543.26,255498.01,256031.2,9450
2023-12-29 22:00:00,255789.68,255789.68,254120.47,255757.06,12484
2023-12-29 23:00:00,255313.21,255583.75,254350.07,255229.63,8687
2023-12-30 00:00:00,255198.86,255198.86,251504.54,254174.0,8538
2023-12-30 01:00:00,253557.43,256614.54,253557.43,253839.21,10928
2023-12-30 02:00:00,254454.79,255047.57,254216.41,254648.06,12402
2023-12-30 03:00:00,254981.43,255494.32,252620.56,254988.36,11653
2023-12-30 04:00:00,255101.24,257468.34,254441.3,255371.59,9337
2023-12-30 05:00:00,255493.51,256212.87,252840.71,255347.03,11247
2023-12-30 06:00:00,255681.24,255805.81,255549.5,255618.53,15239
2023-12-30 07:00:00,255352.16,255352.16,254332.79,254842.47,9090
2023-12-30 08:00:00,254869.12,256856.28,252900.48,254495.29,6000
2023-12-30 09:00:00,255036.89,255070.12,252017.89,254561.0,7998
2023-12-30 10:00:00,254393.74,255199.3,254393.74,254689.92,14438
2023-12-30 11:00:00,254888.67,257751.4,251537.17,254849.58,5393
2023-12-30 12:00:00,254488.82,255151.66,254425.78,254642.37,10846
2023-12-30 13:00:00,254893.48,255059.67,251612.88,254261.34,11074
2023-12-30 14:00:00,255140.15,257473.42,255140.15,256658.6,6984
2023-12-30 15:00:00,257055.2,257686.1,256771.65,257171.76,8685
2023-12-30 16:00:00,257331.58,258570.59,256735.17,257269.7,8135
2023-12-30 17:00:00,257447.89,257447.89,256035.1,256849.84,7262
2023-12-30 18:00:00,256794.56,256794.56,255769.43,256281.99,11906
2023-12-30 19:00:00,256627.59,257509.54,255489.75,256001.75,12776
2023-12-30 20:00:00,256413.49,258135.77,255493.57,256068.89,17758
2023-12-30 21:00:00,255416.07,255416.07,254215.66,254428.48,9701
2023-12-30 22:00:00,254297.83,254297.83,251933.69,253136.49,11331
2023-12-30 23:00:00,253296.02,255133.35,250906.61,252646.6,8449
2023-12-31 00:00:00,253282.31,254471.85,252336.06,252841.74,8877
2023-12-31 01:00:00,253091.54,253606.15,252177.23,252682.59,4779
2023-12-31 02:00:00,253753.58,254371.6,253753.58,253863.88,12783
2023-12-31 03:00:00,254092.67,254630.57,251686.75,252687.58,15906
2023-12-31 04:00:00,252617.4,254062.9,250519.89,252150.78,10175
2023-12-31 05:00:00,252897.51,253911.13,252897.51,253404.32,9797
2023-12-31 06:00:00,253276.37,255503.06,252244.64,253519.71,11120
2023-12-31 07:00:00,253705.55,254508.84,253705.55,254213.98,5073
2023-12-31 08:00:00,254604.77,257521.36,254604.77,255783.69,11480
2023-12-31 09:00:00,256239.08,256373.17,253486.23,255126.3,13231
2023-12-31 10:00:00,255186.1,258003.35,253681.7,254972.85,10769
2023-12-31 11:00:00,255084.7,255084.7,254393.39,254695.34,11633
2023-12-31 12:00:00,253513.92,253513.92,252128.63,253126.44,8044
2023-12-31 13:00:00,253618.51,253618.51,252426.64,252932.5,15031
2023-12-31 14:00:00,253382.87,253910.02,253382.87,253678.53,9601
2023-12-31 15:00:00,253777.62,254442.62,253616.33,254124.58,10222
2023-12-31 16:00:00,254327.2,255295.64,253513.14,254610.22,8243
2023-12-31 17:00:00,254653.24,255685.03,253784.34,254292.93,9164
2023-12-31 18:00:00,254346.03,254451.94,253269.07,253776.62,8422
2023-12-31 19:00:00,253687.77,256479.83,253209.1,254788.31,10944
2023-12-31 20:00:00,254880.7,254880.7,251563.98,254371.96,5232
2023-12-31 21:00:00,254531.91,255108.62,254090.22,254599.42,9549
2023-12-31 22:00:00,254819.58,255223.74,253456.13,254714.31,9630
2023-12-31 23:00:00,254548.26,256348.94,254056.72,255837.26,11446
2024-01-01 00:00:00,256354.2,257410.95,254312.29,256520.69,8028
